1 419.964 4578009.020 5299217.810
2 419.948 4578026.810 5299219.010
3 417.578 4577866.010 5299077.550
4 417.470 4578010.810 5299227.370
5 419.912 4578003.090 5299217.410
6 419.863 4577997.160 5299217.010
7 413.935 4578014.190 5299239.290
8 416.869 4577863.660 5299072.330
9 417.721 4577863.890 5299083.130
10 414.121 4578006.770 5299237.300
11 416.577 4577995.310 5299226.340
12 419.880 4577991.360 5299218.230
13 413.701 4578010.760 5299244.250
14 414.339 4577754.600 5299078.630
15 413.950 4577760.590 5299076.110
16 416.210 4577849.140 5299090.550
17 415.912 4577849.120 5299071.250
18 414.471 4577750.820 5299078.660
19 414.582 4577745.670 5299078.400
20 414.458 4577754.340 5299079.610
21 414.362 4577759.620 5299079.960
22 419.403 4577974.050 5299222.540
23 415.938 4577799.600 5299145.210
24 415.877 4577805.070 5299147.080
25 416.910 4577834.600 5299108.250
26 416.103 4577811.660 5299127.630
27 417.999 4577855.410 5299105.470
28 413.940 4577998.640 5299237.160
29 414.572 4578005.460 5299247.560
30 418.112 4577980.090 5299225.090
31 416.372 4578003.910 5299254.160
32 417.649 4577914.410 5299324.130
33 414.045 4577752.110 5299073.870
34 414.225 4577747.210 5299072.800
35 414.083 4577751.350 5299073.740
36 414.038 4577772.270 5299067.490
37 415.239 4577779.980 5299068.640
38 415.922 4577817.730 5299091.590
39 415.896 4577831.660 5299069.940
40 414.601 4577781.920 5299062.220
41 413.879 4577728.460 5299070.740
42 414.532 4577740.890 5299077.080
43 413.902 4577726.490 5299073.370
44 415.081 4577745.070 5299086.180
45 415.656 4577762.640 5299105.500
46 415.875 4577784.670 5299097.670
47 415.200 4577768.240 5299112.650
48 416.030 4577792.390 5299192.690
49 415.690 4577758.400 5299161.490
50 419.243 4577968.280 5299223.970
51 416.020 4577798.010 5299184.180
52 416.900 4577815.930 5299159.990
53 417.261 4577834.950 5299126.670
54 416.730 4577812.110 5299178.430
55 416.113 4577791.850 5299204.450
56 416.470 4577807.800 5299196.350
57 416.294 4577995.810 5299255.900
58 413.690 4577976.500 5299244.780
59 416.233 4578000.480 5299259.110
60 418.195 4577915.290 5299326.860
61 417.308 4577918.270 5299322.870
62 414.007 4577744.330 5299064.630
63 414.113 4577777.590 5299061.600
64 415.989 4577797.140 5299058.650
65 413.920 4577731.740 5299054.510
66 413.475 4577713.410 5299072.740
67 412.625 4577670.550 5299032.980
68 412.578 4577666.530 5299032.440
69 412.763 4577652.970 5299028.230
70 412.384 4577656.350 5299030.590
71 412.357 4577662.510 5299031.910
72 413.240 4577699.050 5299068.790
73 413.524 4577701.460 5299072.210
74 414.810 4577711.130 5299078.500
75 414.975 4577723.760 5299082.380
76 415.207 4577776.700 5299225.630
77 414.948 4577730.580 5299085.280
78 415.724 4577756.740 5299118.260
79 415.450 4577767.940 5299123.080
80 415.710 4577762.150 5299147.050
81 415.719 4577780.220 5299204.810
82 415.954 4577781.340 5299201.900
83 415.305 4577743.680 5299149.030
84 416.029 4577784.350 5299190.060
85 415.750 4577757.870 5299162.980
86 415.116 4577775.550 5299230.350
87 415.319 4577787.700 5299232.220
88 414.910 4577765.810 5299228.750
89 416.008 4577795.040 5299236.880
90 413.590 4577950.500 5299244.330
91 418.880 4577954.560 5299229.550
92 417.270 4577811.940 5299188.420
93 419.347 4577818.570 5299167.940
94 422.887 4577819.170 5299211.640
95 416.343 4577810.200 5299234.150
96 416.142 4577962.910 5299277.000
97 417.468 4577923.610 5299321.530
98 416.420 4577916.640 5299316.840
99 416.451 4577912.470 5299318.150
100 412.930 4577644.870 5299027.180
101 413.259 4577662.250 5299021.290
102 412.735 4577654.540 5299025.100
103 413.003 4577650.410 5299023.640
104 412.787 4577640.910 5299035.360
105 412.783 4577643.790 5299035.650
106 412.843 4577646.090 5299036.550
107 414.317 4577730.130 5299047.850
108 412.873 4577701.940 5299069.270
109 414.143 4577694.810 5299035.320
110 413.206 4577699.070 5299068.520
111 413.759 4577677.150 5299037.310
112 413.316 4577689.570 5299068.170
113 413.380 4577690.990 5299061.500
114 412.640 4577670.100 5299036.360
115 412.467 4577661.950 5299035.960
116 412.789 4577651.790 5299037.320
117 412.428 4577661.350 5299035.870
118 413.730 4577694.290 5299070.190
119 413.560 4577686.960 5299070.240
120 413.916 4577696.460 5299071.380
121 414.963 4577699.170 5299083.510
122 414.945 4577720.230 5299083.960
123 415.044 4577768.090 5299220.250
124 414.934 4577764.440 5299223.680
125 415.301 4577748.420 5299131.150
126 415.270 4577736.520 5299154.110
127 415.225 4577741.890 5299143.630
128 415.698 4577735.800 5299157.270
129 415.168 4577740.610 5299147.050
130 415.511 4577769.850 5299203.140
131 416.000 4577738.430 5299159.150
132 415.701 4577757.200 5299170.650
133 415.584 4577734.440 5299160.610
134 415.111 4577772.230 5299251.130
135 415.340 4577781.320 5299261.220
136 415.267 4577785.160 5299247.800
137 414.872 4577759.300 5299227.810
138 415.013 4577753.810 5299238.400
139 415.027 4577764.610 5299252.840
140 416.434 4577814.540 5299253.980
141 415.990 4577935.980 5299245.580
142 423.350 4577827.380 5299219.110
143 413.694 4577917.520 5299272.530
144 415.690 4577913.880 5299279.710
145 415.806 4577910.480 5299289.660
146 416.122 4577911.730 5299315.820
147 416.122 4577909.080 5299316.670
148 416.586 4577902.110 5299318.920
149 418.101 4577903.540 5299330.640
150 417.991 4577897.890 5299334.880
151 412.935 4577634.870 5299028.000
152 412.893 4577637.980 5299035.370
153 412.865 4577639.080 5299026.550
154 413.239 4577653.030 5299020.580
155 412.900 4577635.050 5299026.170
156 412.952 4577632.880 5299027.740
157 412.727 4577640.410 5299038.760
158 412.723 4577645.670 5299039.510
159 413.566 4577690.590 5299055.320
160 413.610 4577674.300 5299040.680
161 413.301 4577683.570 5299066.900
162 413.350 4577684.970 5299060.220
163 412.746 4577650.210 5299041.090
164 412.736 4577665.320 5299039.140
165 412.643 4577660.980 5299038.540
166 412.634 4577656.810 5299038.840
167 413.928 4577669.770 5299050.240
168 414.520 4577679.430 5299071.610
169 414.911 4577688.830 5299079.910
170 414.684 4577679.370 5299101.580
171 414.960 4577669.090 5299091.430
172 414.680 4577682.910 5299101.680
173 414.754 4577694.670 5299133.120
174 414.607 4577676.860 5299104.090
175 414.957 4577684.100 5299145.400
176 414.886 4577682.530 5299135.920
177 415.001 4577765.070 5299219.770
178 415.013 4577716.140 5299149.260
179 414.443 4577722.260 5299167.620
180 415.022 4577741.550 5299174.080
181 414.684 4577723.520 5299170.780
182 415.322 4577679.250 5299154.190
183 414.993 4577683.200 5299149.840
184 415.029 4577771.450 5299259.380
185 415.308 4577780.430 5299266.650
186 415.880 4577796.140 5299263.670
187 415.181 4577778.670 5299279.620
188 414.899 4577752.780 5299226.870
189 415.049 4577750.970 5299237.970
190 415.055 4577762.020 5299254.230
191 416.000 4577808.100 5299265.870
192 417.948 4577825.780 5299260.890
193 419.570 4577899.760 5299257.960
194 423.067 4577851.850 5299247.130
195 413.290 4577898.390 5299278.940
196 416.149 4577904.700 5299314.410
197 416.633 4577899.970 5299319.610
198 415.964 4577895.390 5299327.070
199 412.879 4577629.630 5299034.310
200 413.104 4577628.820 5299019.940
201 412.975 4577630.550 5299027.420
202 412.764 4577636.090 5299051.730
203 412.957 4577644.290 5299048.820
204 414.190 4577675.200 5299056.030
205 413.739 4577664.220 5299051.670
206 414.290 4577667.400 5299073.400
207 415.013 4577670.950 5299087.370
208 414.669 4577673.900 5299102.090
209 414.686 4577665.060 5299090.550
210 414.770 4577670.670 5299099.090
211 414.700 4577670.200 5299118.160
212 412.810 4577623.590 5299034.980
213 412.910 4577628.570 5299049.380
214 414.776 4577674.420 5299125.870
215 414.958 4577680.790 5299144.730
216 414.737 4577665.120 5299123.200
217 415.019 4577730.570 5299198.840
218 415.103 4577727.260 5299212.560
219 414.247 4577713.000 5299165.230
220 414.840 4577719.620 5299185.880
221 415.648 4577672.210 5299152.760
222 415.245 4577680.200 5299155.670
223 414.657 4577685.140 5299167.820
224 415.262 4577760.990 5299268.120
225 415.058 4577761.820 5299262.800
226 415.237 4577775.090 5299281.300
227 415.990 4577783.620 5299293.460
228 415.042 4577726.410 5299215.230
229 414.720 4577737.790 5299254.160
230 414.996 4577739.740 5299258.270
231 414.365 4577801.060 5299308.440
232 417.521 4577871.550 5299274.560
233 415.699 4577883.890 5299321.940
234 416.041 4577888.620 5299329.350
235 405.201 4577404.020 5298978.270
236 405.942 4577392.790 5298975.360
237 412.891 4577624.150 5299030.980
238 412.737 4577616.090 5299033.930
239 412.990 4577627.860 5299026.340
240 412.876 4577624.710 5299026.980
241 413.541 4577638.440 5299057.110
242 413.688 4577643.000 5299057.770
243 413.313 4577635.410 5299056.460
244 413.095 4577627.790 5299052.820
245 413.752 4577646.870 5299059.940
246 414.130 4577662.740 5299062.340
247 414.553 4577657.680 5299076.350
248 414.460 4577661.120 5299089.300
249 414.720 4577666.910 5299101.400
250 414.751 4577660.290 5299121.920
251 412.738 4577621.990 5299049.950
252 413.040 4577626.140 5299052.600
253 412.675 4577614.840 5299050.050
254 412.763 4577608.860 5299050.900
255 414.836 4577657.190 5299130.860
256 414.707 4577654.520 5299144.090
257 414.763 4577653.960 5299121.360
258 415.030 4577724.320 5299211.800
259 415.004 4577697.490 5299242.990
260 414.831 4577703.830 5299186.490
261 415.140 4577675.570 5299179.560
262 415.236 4577671.250 5299157.310
263 414.788 4577673.700 5299177.400
264 415.086 4577664.090 5299189.220
265 415.338 4577747.820 5299272.980
266 412.690 4577771.450 5299303.250
267 412.643 4577778.350 5299308.860
268 415.128 4577756.200 5299314.640
269 415.055 4577705.100 5299251.430
270 415.267 4577737.340 5299264.630
271 416.710 4577804.930 5299333.830
272 417.040 4577788.620 5299351.560
273 415.700 4577855.300 5299312.700
274 416.565 4577889.880 5299333.220
275 405.359 4577415.240 5298981.170
276 405.390 4577389.550 5299014.220
277 406.680 4577363.640 5299046.770
278 406.978 4577378.210 5299011.070
279 407.791 4577386.910 5298973.830
280 407.443 4577358.080 5299045.150
281 412.742 4577601.680 5299031.870
282 412.809 4577596.150 5299028.300
283 412.749 4577608.780 5299032.840
284 412.578 4577617.210 5299025.920
285 412.821 4577624.370 5299025.910
286 413.089 4577625.330 5299019.490
287 413.227 4577557.880 5299021.380
288 413.339 4577568.030 5299026.160
289 413.189 4577557.550 5299023.670
290 413.182 4577556.540 5299023.490
291 413.203 4577556.320 5299024.980
292 414.485 4577637.280 5299063.500
293 413.607 4577630.040 5299057.710
294 414.852 4577650.780 5299070.440
295 414.818 4577652.260 5299075.350
296 414.977 4577643.210 5299085.880
297 414.888 4577648.270 5299087.760
298 414.464 4577655.230 5299088.620
299 414.590 4577654.850 5299105.190
300 414.627 4577650.010 5299143.520
301 414.684 4577649.090 5299148.010
302 413.228 4577620.920 5299058.000
303 413.130 4577613.980 5299053.940
304 412.781 4577607.980 5299047.100
305 413.000 4577597.790 5299044.790
306 412.944 4577610.260 5299053.420
307 412.781 4577607.520 5299050.730
308 413.235 4577593.740 5299044.570
309 412.944 4577585.650 5299034.660
310 414.750 4577648.640 5299117.090
311 414.690 4577648.330 5299135.080
312 414.786 4577645.970 5299121.500
313 414.418 4577695.610 5299261.290
314 415.070 4577682.600 5299235.700
315 415.022 4577662.350 5299195.900
316 415.322 4577658.450 5299187.810
317 414.966 4577645.200 5299160.090
318 414.996 4577640.560 5299159.180
319 415.206 4577660.220 5299180.920
320 414.417 4577729.570 5299306.070
321 414.734 4577720.070 5299300.060
322 414.923 4577717.770 5299298.930
323 416.508 4577778.730 5299344.670
324 415.960 4577763.210 5299317.110
325 414.262 4577731.630 5299330.240
326 413.340 4577696.110 5299263.940
327 417.673 4577797.940 5299362.770
328 417.140 4577766.480 5299359.180
329 417.808 4577891.140 5299337.100
330 405.529 4577426.470 5298984.080
331 405.330 4577400.870 5299017.370
332 405.484 4577375.080 5299050.180
333 406.309 4577349.060 5299082.480
334 407.760 4577372.610 5299009.530
335 409.041 4577380.610 5298972.200
336 409.310 4577352.220 5299043.450
337 406.874 4577343.560 5299080.770
338 412.712 4577602.150 5299028.500
339 412.743 4577599.120 5299028.070
340 413.345 4577565.810 5299018.510
341 413.421 4577567.800 5299014.880
342 413.246 4577582.890 5299028.470
343 412.787 4577597.180 5299021.520
344 412.642 4577611.750 5299022.550
345 413.187 4577623.070 5299017.410
346 413.384 4577558.470 5299018.000
347 413.254 4577556.880 5299021.240
348 413.502 4577557.850 5299014.050
349 413.213 4577536.770 5299025.380
350 413.187 4577573.480 5299027.250
351 413.324 4577567.590 5299027.850
352 413.302 4577565.070 5299027.330
353 413.385 4577548.360 5299023.740
354 413.168 4577554.600 5299037.380
355 413.231 4577543.510 5299035.500
356 413.376 4577539.800 5299037.180
357 414.266 4577629.380 5299062.270
358 414.649 4577632.380 5299067.720
359 414.270 4577624.830 5299061.620
360 414.985 4577641.990 5299085.690
361 414.975 4577643.050 5299086.960
362 414.816 4577643.760 5299092.210
363 414.813 4577643.150 5299096.420
364 414.820 4577644.650 5299101.850
365 414.990 4577641.970 5299152.080
366 414.694 4577646.070 5299142.700
367 414.799 4577645.200 5299147.180
368 414.239 4577613.370 5299060.010
369 413.645 4577613.800 5299056.990
370 413.304 4577594.300 5299049.190
371 413.151 4577596.960 5299050.800
372 412.982 4577600.260 5299051.270
373 413.084 4577608.250 5299054.790
374 413.350 4577593.060 5299049.000
375 413.554 4577590.010 5299052.110
376 413.135 4577583.010 5299042.910
377 414.912 4577641.210 5299111.430
378 415.038 4577637.790 5299114.790
379 414.914 4577628.530 5299129.070
380 416.485 4577638.830 5299286.440
381 416.420 4577658.640 5299269.030
382 414.020 4577676.820 5299250.930
383 415.077 4577664.290 5299226.730
384 414.860 4577656.070 5299212.090
385 415.132 4577634.110 5299217.060
386 415.347 4577641.730 5299190.510
387 415.047 4577637.190 5299159.900
388 415.019 4577642.960 5299171.290
389 415.225 4577642.160 5299184.270
390 416.100 4577701.980 5299300.550
391 414.304 4577725.180 5299331.760
392 414.348 4577717.610 5299305.070
393 414.637 4577715.310 5299303.940
394 414.524 4577718.200 5299337.660
395 414.496 4577753.370 5299345.890
396 417.676 4577743.920 5299382.430
397 414.595 4577721.420 5299339.260
398 416.400 4577658.690 5299284.810
399 416.478 4577638.020 5299289.270
400 415.101 4577662.650 5299303.680
401 419.150 4577757.440 5299390.530
402 405.596 4577437.710 5298986.990
403 405.364 4577412.210 5299020.530
404 405.299 4577386.510 5299053.580
405 405.242 4577360.610 5299086.130
406 405.868 4577334.490 5299118.180
407 408.676 4577366.650 5299007.900
408 411.652 4577374.570 5298970.640
409 410.165 4577346.670 5299041.860
410 408.308 4577337.790 5299079.010
411 406.507 4577329.030 5299116.390
412 412.587 4577600.110 5299021.130
413 413.485 4577566.680 5299012.060
414 413.361 4577575.570 5299016.380
415 413.277 4577584.430 5299018.650
416 413.167 4577611.100 5299017.670
417 413.564 4577559.340 5299011.090
418 413.552 4577550.170 5299012.840
419 413.519 4577545.410 5299022.270
420 413.391 4577532.790 5299024.880
421 413.361 4577535.320 5299028.910
422 413.409 4577532.630 5299026.200
423 413.204 4577568.260 5299039.590
424 413.271 4577559.270 5299038.200
425 413.216 4577545.480 5299035.830
426 412.781 4577554.420 5299044.750
427 413.226 4577539.200 5299040.800
428 413.456 4577532.470 5299035.970
429 413.497 4577531.940 5299039.170
430 414.643 4577626.080 5299066.670
431 414.902 4577641.120 5299091.780
432 414.898 4577640.490 5299096.040
433 414.951 4577628.000 5299133.390
434 414.097 4577609.410 5299059.480
435 413.338 4577593.750 5299052.680
436 412.960 4577599.930 5299053.620
437 413.651 4577591.210 5299054.170
438 413.643 4577585.570 5299051.470
439 413.731 4577589.730 5299053.940
440 413.379 4577581.730 5299050.860
441 414.895 4577622.950 5299132.800
442 415.057 4577625.840 5299113.160
443 414.862 4577623.470 5299128.470
444 416.514 4577629.680 5299283.800
445 416.630 4577623.940 5299272.690
446 416.620 4577637.870 5299276.930
447 411.780 4577652.390 5299247.180
448 416.359 4577631.530 5299261.390
449 415.088 4577635.810 5299222.720
450 415.378 4577630.770 5299215.870
451 415.241 4577634.870 5299187.530
452 415.191 4577611.760 5299166.360
453 415.295 4577631.440 5299186.040
454 415.172 4577607.370 5299166.730
455 415.288 4577688.930 5299311.360
456 415.426 4577671.990 5299318.020
457 414.892 4577712.430 5299338.340
458 415.316 4577670.450 5299323.360
459 417.693 4577734.380 5299383.770
460 416.673 4577709.970 5299362.190
461 416.487 4577629.240 5299285.350
462 416.120 4577614.360 5299290.800
463 415.411 4577637.930 5299298.320
464 415.296 4577648.290 5299311.210
465 416.577 4577685.000 5299402.590
466 405.591 4577448.940 5298989.890
467 405.776 4577423.540 5299023.690
468 405.155 4577397.950 5299056.990
469 405.213 4577372.140 5299089.780
470 405.235 4577346.140 5299122.090
471 405.234 4577319.910 5299153.880
472 411.608 4577360.970 5299006.360
473 413.585 4577369.060 5298969.220
474 413.980 4577365.430 5298959.610
475 413.995 4577359.900 5298954.060
476 414.020 4577367.690 5298949.670
477 412.158 4577341.380 5299040.310
478 410.733 4577332.370 5299077.360
479 408.193 4577323.370 5299114.560
480 405.289 4577314.470 5299151.990
481 413.411 4577571.930 5299000.310
482 413.652 4577551.580 5299010.160
483 413.625 4577538.160 5299014.400
484 413.484 4577529.780 5299024.510
485 413.478 4577529.610 5299025.820
486 413.518 4577527.780 5299024.270
487 413.263 4577566.920 5299048.520
488 413.375 4577558.940 5299047.320
489 412.473 4577550.780 5299047.220
490 412.850 4577545.300 5299048.780
491 413.563 4577533.310 5299044.530
492 413.588 4577528.070 5299038.520
493 413.720 4577527.250 5299043.530
494 415.012 4577619.370 5299111.910
495 414.846 4577610.780 5299143.150
496 414.083 4577590.810 5299056.680
497 414.145 4577584.880 5299055.830
498 414.819 4577616.670 5299134.460
499 414.799 4577618.790 5299124.030
500 416.615 4577619.850 5299271.840
501 415.743 4577602.230 5299287.280
502 415.900 4577603.070 5299284.400
503 416.467 4577622.900 5299261.310
504 416.207 4577634.900 5299256.300
505 415.725 4577620.450 5299211.380
506 415.288 4577604.040 5299174.360
507 415.608 4577612.260 5299196.290
508 415.206 4577605.200 5299166.450
509 415.281 4577600.660 5299181.630
510 415.399 4577690.660 5299334.160
511 416.567 4577706.750 5299360.570
512 415.355 4577668.920 5299328.700
513 415.485 4577646.300 5299318.150
514 417.427 4577706.210 5299369.670
515 416.429 4577617.490 5299291.890
516 414.880 4577603.530 5299296.340
517 415.603 4577641.270 5299316.700
518 416.422 4577684.030 5299398.340
519 406.712 4577454.060 5298991.220
520 406.109 4577434.880 5299026.840
521 405.677 4577409.380 5299060.390
522 405.123 4577383.690 5299093.450
523 405.168 4577357.780 5299125.990
524 404.974 4577331.670 5299158.040
525 405.244 4577305.340 5299189.590
526 412.379 4577355.680 5299004.910
527 413.630 4577362.660 5298967.560
528 414.050 4577353.260 5298961.950
529 414.261 4577332.660 5298937.790
530 413.801 4577335.310 5299038.890
531 412.157 4577327.090 5299075.710
532 410.741 4577318.080 5299112.860
533 409.245 4577308.880 5299150.080
534 405.306 4577299.850 5299187.570
535 414.851 4577519.720 5298985.380
536 413.524 4577529.170 5299013.270
537 413.747 4577518.570 5299024.960
538 413.598 4577516.820 5299037.880
539 413.855 4577504.570 5299036.180
540 413.821 4577509.140 5299047.860
541 414.128 4577546.600 5299052.810
542 414.321 4577535.310 5299053.790
543 413.853 4577522.090 5299045.220
544 414.514 4577590.020 5299140.230
545 414.478 4577590.720 5299135.160
546 416.604 4577610.710 5299257.790
547 416.749 4577608.970 5299263.820
548 416.032 4577592.510 5299281.360
549 416.898 4577598.130 5299269.800
550 416.210 4577608.290 5299252.420
551 415.920 4577613.020 5299210.490
552 415.049 4577584.030 5299183.170
553 413.690 4577525.190 5299170.460
554 413.771 4577522.150 5299170.670
555 415.884 4577666.360 5299359.650
556 415.536 4577655.730 5299339.350
557 416.140 4577665.580 5299380.940
558 415.542 4577574.760 5299303.740
559 415.540 4577554.290 5299311.450
560 415.997 4577617.330 5299320.820
561 416.461 4577679.110 5299399.420
562 408.514 4577459.450 5298992.620
563 407.707 4577439.750 5299028.140
564 406.899 4577420.820 5299063.800
565 405.099 4577395.220 5299097.090
566 405.198 4577369.430 5299129.900
567 405.069 4577343.420 5299162.190
568 404.989 4577317.200 5299194.000
569 405.258 4577290.760 5299225.290
570 413.730 4577321.050 5299074.380
571 413.872 4577349.560 5299003.410
572 414.090 4577318.250 5299048.860
573 414.100 4577339.620 5299014.750
574 413.852 4577342.960 5298981.670
575 414.444 4577326.010 5298941.270
576 414.874 4577311.080 5299073.610
577 414.075 4577316.330 5299060.750
578 414.199 4577275.740 5299145.470
579 412.805 4577312.800 5299111.120
580 410.463 4577303.680 5299148.320
581 409.061 4577294.250 5299185.550
582 405.406 4577285.220 5299223.150
583 414.182 4577515.480 5298996.000
584 414.319 4577492.450 5299030.550
585 414.880 4577509.800 5299019.160
586 414.695 4577493.450 5299023.020
587 413.845 4577507.120 5299049.900
588 413.793 4577504.360 5299037.650
589 414.000 4577491.740 5299035.980
590 414.020 4577510.720 5299110.700
591 414.041 4577503.870 5299072.250
592 413.902 4577497.810 5299071.380
593 413.830 4577488.930 5299098.320
594 413.771 4577485.970 5299099.510
595 413.780 4577482.930 5299098.220
596 414.010 4577523.270 5299162.710
597 414.110 4577509.720 5299123.440
598 416.948 4577600.600 5299261.390
599 415.633 4577556.740 5299291.340
600 415.577 4577581.870 5299278.910
601 416.789 4577594.070 5299268.630
602 415.830 4577592.640 5299232.140
603 413.340 4577570.820 5299208.300
604 414.209 4577564.310 5299203.150
605 414.585 4577536.800 5299195.660
606 415.250 4577534.860 5299189.630
607 414.730 4577495.440 5299184.450
608 414.845 4577496.940 5299185.240
609 415.619 4577546.330 5299291.930
610 415.630 4577544.640 5299297.810
611 415.644 4577503.140 5299312.830
612 415.577 4577502.930 5299338.210
613 414.812 4577532.200 5299347.700
614 415.802 4577627.950 5299386.230
615 414.930 4577566.360 5299363.720
616 415.875 4577606.550 5299373.280
617 416.648 4577680.080 5299403.670
618 409.947 4577464.630 5298993.950
619 409.218 4577444.950 5299029.540
620 407.414 4577425.390 5299065.120
621 407.015 4577406.760 5299100.750
622 404.910 4577381.060 5299133.800
623 405.221 4577355.170 5299166.360
624 405.007 4577329.050 5299198.400
625 405.040 4577302.730 5299229.950
626 405.267 4577276.190 5299261.000
627 413.659 4577306.800 5299109.860
628 414.030 4577290.640 5299135.520
629 414.207 4577280.680 5299149.210
630 414.310 4577290.670 5299110.900
631 414.000 4577299.270 5299047.530
632 413.624 4577333.460 5299002.950
633 413.615 4577296.570 5299028.210
634 413.690 4577301.750 5299019.570
635 414.520 4577315.260 5298961.290
636 413.949 4577292.990 5299070.780
637 414.091 4577292.610 5299094.280
638 413.820 4577294.080 5299058.440
639 413.159 4577272.110 5299139.250
640 413.620 4577263.810 5299160.440
641 413.091 4577298.380 5299146.470
642 410.803 4577289.080 5299183.690
643 409.025 4577279.610 5299221.010
644 405.961 4577270.590 5299258.730
645 414.844 4577501.290 5298993.580
646 414.342 4577491.280 5299030.400
647 414.776 4577491.490 5299021.080
648 414.134 4577487.500 5299037.280
649 414.879 4577482.740 5298996.940
650 414.072 4577466.550 5299091.070
651 413.953 4577465.930 5299088.890
652 413.983 4577465.780 5299089.880
653 414.299 4577466.110 5299093.880
654 413.789 4577491.750 5299070.500
655 413.994 4577486.950 5299041.250
656 414.016 4577488.700 5299093.140
657 414.017 4577466.770 5299090.020
658 413.914 4577466.200 5299087.030
659 413.760 4577481.210 5299074.660
660 413.870 4577476.730 5299105.510
661 414.038 4577471.890 5299104.790
662 414.341 4577467.060 5299104.060
663 414.381 4577507.790 5299138.140
664 414.943 4577481.000 5299179.860
665 415.289 4577575.430 5299244.790
666 415.330 4577562.290 5299223.120
667 410.561 4577529.590 5299203.810
668 410.636 4577521.590 5299203.670
669 410.520 4577510.690 5299199.220
670 414.440 4577481.480 5299182.210
671 410.340 4577491.300 5299192.380
672 415.620 4577518.640 5299283.920
673 415.628 4577504.880 5299307.000
674 415.700 4577498.420 5299311.500
675 415.655 4577500.150 5299305.680
676 415.644 4577485.000 5299332.510
677 414.651 4577506.090 5299362.170
678 414.569 4577527.990 5299366.400
679 415.750 4577585.870 5299392.060
680 412.834 4577469.460 5298995.200
681 410.316 4577449.920 5299030.860
682 409.609 4577430.350 5299066.580
683 407.628 4577411.030 5299102.100
684 406.682 4577392.700 5299137.700
685 404.937 4577366.900 5299170.500
686 405.148 4577340.910 5299202.810
687 404.952 4577314.690 5299234.610
688 405.111 4577288.260 5299265.910
689 405.244 4577261.610 5299296.710
690 413.589 4577292.390 5299145.270
691 413.900 4577275.700 5299166.650
692 413.559 4577275.030 5299172.410
693 413.930 4577265.360 5299186.470
694 413.966 4577267.910 5299188.390
695 413.840 4577283.340 5299100.770
696 413.935 4577286.910 5299043.500
697 412.780 4577293.940 5299008.430
698 413.790 4577287.540 5299060.830
699 413.915 4577286.260 5299077.070
700 413.800 4577289.570 5299058.870
701 413.245 4577254.960 5299145.260
702 413.537 4577236.050 5299184.360
703 413.574 4577239.850 5299196.210
704 413.085 4577283.690 5299181.700
705 411.303 4577274.480 5299219.070
706 408.898 4577264.980 5299256.480
707 406.001 4577255.960 5299294.310
708 414.851 4577480.340 5299002.740
709 414.436 4577481.500 5299036.450
710 414.260 4577480.950 5299040.410
711 415.090 4577476.810 5298998.980
712 414.750 4577474.360 5298996.420
713 413.973 4577463.820 5299090.700
714 414.183 4577463.380 5299093.520
715 413.757 4577484.890 5299068.560
716 413.910 4577481.860 5299044.190
717 413.911 4577466.610 5299084.180
718 413.856 4577474.730 5299073.720
719 413.732 4577436.150 5299107.030
720 414.017 4577449.050 5299099.700
721 413.580 4577435.240 5299108.890
722 413.820 4577454.520 5299121.730
723 413.958 4577448.880 5299116.780
724 414.416 4577450.270 5299125.990
725 415.090 4577475.040 5299178.600
726 415.493 4577517.960 5299229.300
727 415.600 4577511.590 5299214.120
728 414.599 4577500.920 5299207.460
729 410.110 4577481.310 5299192.210
730 414.240 4577485.610 5299203.790
731 409.970 4577471.340 5299190.040
732 415.571 4577459.020 5299308.210
733 415.639 4577512.790 5299282.210
734 415.648 4577496.370 5299293.160
735 413.759 4577451.600 5299308.460
736 413.758 4577447.020 5299312.340
737 413.854 4577455.890 5299297.420
738 413.717 4577454.670 5299303.290
739 415.676 4577459.510 5299325.130
740 415.636 4577471.760 5299335.020
741 414.360 4577509.950 5299386.750
742 413.839 4577501.510 5299400.140
743 412.888 4577454.510 5299032.080
744 411.248 4577435.060 5299067.970
745 409.425 4577415.740 5299103.640
746 408.108 4577396.670 5299139.080
747 406.536 4577378.640 5299174.650
748 405.046 4577352.730 5299207.200
749 405.076 4577326.650 5299239.270
750 404.884 4577300.320 5299270.810
751 405.145 4577273.790 5299301.860
752 405.237 4577247.040 5299332.410
753 413.519 4577277.620 5299180.550
754 413.373 4577242.020 5299209.090
755 413.799 4577263.970 5299190.580
756 413.883 4577267.690 5299191.560
757 413.420 4577243.270 5299226.480
758 413.633 4577273.600 5299053.570
759 413.983 4577239.750 5299235.830
760 414.137 4577231.310 5299187.940
761 414.330 4577236.610 5299200.480
762 413.220 4577236.880 5299213.990
763 413.430 4577212.120 5299257.570
764 413.231 4577268.990 5299216.940
765 411.805 4577259.880 5299254.440
766 408.653 4577250.350 5299291.940
767 405.811 4577241.320 5299329.880
768 414.884 4577459.100 5299033.240
769 413.861 4577449.570 5299091.840
770 414.063 4577467.450 5299064.530
771 413.871 4577467.440 5299078.480
772 413.930 4577468.270 5299072.780
773 413.990 4577442.600 5299088.020
774 413.954 4577440.510 5299092.520
775 413.892 4577439.460 5299095.780
776 414.060 4577440.560 5299089.980
777 413.582 4577433.370 5299109.500
778 413.751 4577434.480 5299107.890
779 413.786 4577435.270 5299107.010
780 413.763 4577435.730 5299105.840
781 413.766 4577437.250 5299105.980
782 413.827 4577438.250 5299099.000
783 413.639 4577433.750 5299111.430
784 414.409 4577445.260 5299135.220
785 413.723 4577435.250 5299121.110
786 413.810 4577433.370 5299127.420
787 414.490 4577463.320 5299180.240
788 414.840 4577441.970 5299159.150
789 415.398 4577510.150 5299228.710
790 415.240 4577483.060 5299206.240
791 415.620 4577467.030 5299207.970
792 409.900 4577451.340 5299189.690
793 414.351 4577427.060 5299272.040
794 415.042 4577425.940 5299270.410
795 414.929 4577423.790 5299270.130
796 415.631 4577472.150 5299281.420
797 413.760 4577436.880 5299278.470
798 413.752 4577448.240 5299281.830
799 413.772 4577442.840 5299279.200
800 413.808 4577455.140 5299291.460
801 413.806 4577452.490 5299286.070
802 413.780 4577431.000 5299279.710
803 413.735 4577428.440 5299277.760
804 414.531 4577425.070 5299271.880
805 414.325 4577421.200 5299271.570
806 413.790 4577441.430 5299314.530
807 413.899 4577455.640 5299295.430
808 413.920 4577449.340 5299334.190
809 414.030 4577459.990 5299383.880
810 412.765 4577439.340 5299069.190
811 411.945 4577420.210 5299105.080
812 408.873 4577401.140 5299140.690
813 407.600 4577382.330 5299175.900
814 406.662 4577364.580 5299211.610
815 405.155 4577338.570 5299243.910
816 405.003 4577312.390 5299275.720
817 404.815 4577285.960 5299307.020
818 405.175 4577259.320 5299337.810
819 405.191 4577230.390 5299368.220
820 413.450 4577262.860 5299215.820
821 413.109 4577243.360 5299251.730
822 412.989 4577253.120 5299233.980
823 413.160 4577246.360 5299244.160
824 413.184 4577234.730 5299260.790
825 413.380 4577224.150 5299255.780
826 413.470 4577190.270 5299275.960
827 413.290 4577208.370 5299272.010
828 413.524 4577191.390 5299237.210
829 412.950 4577171.600 5299286.870
830 413.154 4577254.300 5299252.170
831 412.305 4577245.280 5299289.820
832 409.142 4577235.710 5299327.410
833 405.595 4577224.720 5299365.600
834 415.060 4577443.570 5299070.350
835 415.335 4577437.830 5299093.070
836 415.376 4577431.330 5299108.750
837 413.824 4577433.740 5299106.420
838 413.878 4577435.310 5299104.650
839 413.970 4577436.360 5299101.910
840 413.699 4577432.260 5299113.960
841 413.918 4577422.670 5299141.430
842 413.836 4577424.500 5299135.920
843 413.682 4577430.040 5299119.370
844 413.722 4577425.930 5299130.270
845 413.642 4577427.950 5299124.810
846 414.101 4577420.070 5299149.760
847 414.032 4577420.670 5299146.890
848 414.253 4577422.810 5299151.960
849 414.848 4577445.330 5299174.600
850 414.706 4577433.620 5299158.480
851 414.170 4577419.480 5299152.630
852 415.555 4577458.170 5299246.380
853 415.420 4577438.610 5299202.970
854 410.030 4577439.410 5299185.480
855 415.697 4577426.580 5299267.280
856 413.777 4577411.540 5299270.040
857 413.796 4577453.820 5299288.760
858 413.799 4577425.880 5299282.770
859 413.792 4577423.420 5299280.840
860 413.840 4577418.940 5299277.010
861 413.935 4577435.430 5299314.780
862 413.891 4577424.790 5299309.590
863 413.916 4577429.680 5299313.080
864 414.091 4577413.370 5299349.520
865 414.036 4577414.500 5299354.120
866 412.930 4577424.180 5299106.320
867 411.415 4577405.360 5299142.200
868 408.746 4577386.610 5299177.390
869 407.542 4577368.000 5299212.480
870 406.678 4577350.520 5299248.560
871 405.263 4577324.410 5299280.610
872 404.929 4577298.130 5299312.180
873 404.745 4577271.590 5299343.220
874 405.150 4577241.950 5299373.460
875 405.167 4577213.750 5299404.020
876 413.380 4577248.090 5299251.090
877 413.348 4577234.450 5299273.580
878 413.660 4577223.910 5299269.770
879 413.697 4577214.460 5299298.680
880 413.180 4577197.190 5299311.320
881 413.480 4577155.260 5299306.600
882 413.077 4577239.590 5299287.410
883 412.781 4577230.680 5299325.190
884 408.856 4577219.140 5299363.040
885 405.486 4577208.130 5299401.320
886 415.030 4577428.050 5299107.460
887 415.458 4577418.340 5299140.110
888 415.417 4577424.840 5299124.430
889 414.210 4577418.000 5299151.110
890 414.170 4577418.040 5299149.110
891 414.780 4577426.880 5299158.260
892 414.910 4577429.860 5299159.310
893 414.950 4577415.900 5299157.070
894 415.388 4577429.270 5299203.470
895 414.150 4577419.700 5299197.640
896 415.630 4577397.320 5299219.260
897 415.470 4577398.760 5299222.790
898 413.840 4577406.780 5299266.350
899 413.866 4577410.530 5299275.180
900 414.015 4577406.750 5299270.510
901 413.865 4577401.710 5299267.340
902 413.872 4577421.290 5299304.710
903 413.859 4577419.580 5299298.950
904 413.837 4577419.820 5299292.950
905 413.815 4577422.000 5299287.350
906 413.825 4577412.590 5299280.830
907 414.123 4577411.940 5299324.380
908 413.978 4577391.840 5299353.870
909 413.917 4577409.020 5299143.450
910 410.627 4577390.610 5299178.770
911 408.581 4577372.090 5299213.530
912 407.456 4577353.520 5299249.400
913 406.637 4577336.460 5299285.510
914 405.381 4577310.250 5299317.310
915 404.854 4577283.870 5299348.640
916 404.504 4577253.500 5299378.710
917 405.120 4577224.580 5299409.110
918 405.168 4577197.100 5299439.830
919 413.310 4577233.320 5299286.360
920 412.979 4577225.260 5299296.590
921 413.350 4577210.110 5299315.550
922 412.997 4577221.080 5299304.750
923 413.653 4577210.570 5299330.400
924 414.206 4577151.310 5299316.510
925 415.390 4577149.020 5299320.490
926 413.940 4577177.490 5299322.480
927 419.965 4577145.350 5299329.970
928 412.999 4577224.890 5299322.640
929 411.054 4577214.220 5299360.780
930 407.888 4577202.580 5299398.670
931 405.558 4577191.530 5299437.050
932 414.782 4577412.520 5299144.560
933 415.540 4577405.350 5299171.470
934 415.360 4577413.590 5299203.540
935 410.000 4577402.730 5299183.390
936 415.280 4577392.970 5299210.690
937 415.614 4577393.160 5299220.450
938 415.530 4577391.080 5299233.160
939 413.897 4577389.880 5299266.550
940 413.858 4577395.860 5299265.960
941 413.878 4577397.810 5299266.420
942 413.846 4577407.250 5299297.350
943 413.819 4577402.280 5299300.730
944 413.847 4577410.850 5299292.550
945 413.839 4577412.700 5299286.830
946 413.853 4577384.420 5299269.060
947 414.118 4577396.520 5299320.040
948 413.815 4577396.480 5299302.310
949 413.868 4577390.490 5299301.920
950 414.151 4577384.680 5299338.550
951 414.013 4577377.530 5299345.480
952 414.090 4577374.550 5299350.400
953 414.120 4577372.310 5299364.360
954 414.090 4577374.010 5299353.150
955 412.450 4577358.200 5299370.120
956 414.054 4577366.990 5299370.560
957 412.804 4577393.980 5299179.870
958 410.122 4577375.880 5299214.510
959 408.411 4577357.220 5299250.470
960 407.305 4577339.040 5299286.330
961 406.596 4577322.400 5299322.470
962 405.524 4577296.080 5299354.020
963 404.745 4577265.040 5299383.960
964 404.331 4577235.410 5299414.210
965 405.000 4577207.210 5299444.760
966 405.113 4577180.460 5299475.630
967 413.240 4577218.550 5299321.630
968 414.236 4577207.750 5299339.370
969 419.530 4577186.670 5299341.150
970 420.080 4577152.840 5299330.560
971 419.950 4577168.590 5299374.340
972 420.210 4577169.250 5299336.340
973 420.060 4577137.800 5299361.810
974 412.440 4577208.670 5299358.240
975 410.054 4577197.770 5299396.370
976 406.919 4577186.030 5299434.300
977 405.670 4577174.710 5299472.660
978 415.636 4577377.950 5299247.130
979 414.966 4577397.150 5299180.840
980 412.781 4577395.770 5299193.080
981 415.213 4577386.190 5299214.690
982 415.840 4577380.410 5299242.470
983 415.749 4577387.160 5299231.390
984 414.670 4577385.270 5299222.050
985 415.560 4577380.210 5299254.470
986 414.520 4577380.140 5299258.470
987 413.871 4577392.870 5299266.260
988 413.846 4577393.490 5299302.110
989 413.918 4577380.070 5299273.200
990 413.915 4577377.300 5299278.530
991 414.100 4577385.730 5299311.080
992 413.874 4577384.950 5299299.600
993 413.868 4577380.460 5299295.610
994 414.300 4577368.300 5299335.790
995 414.145 4577364.210 5299331.210
996 413.993 4577366.190 5299366.170
997 414.090 4577372.510 5299352.360
998 414.040 4577357.290 5299362.110
999 411.950 4577356.200 5299370.080
1000 414.360 4577360.060 5299378.150
1001 414.340 4577362.100 5299376.190
1002 411.865 4577378.970 5299215.270
1003 409.588 4577360.630 5299251.450
1004 408.181 4577342.340 5299287.410
1005 407.220 4577324.560 5299323.260
1006 406.555 4577308.340 5299359.420
1007 405.177 4577276.540 5299389.190
1008 404.121 4577246.200 5299419.280
1009 404.101 4577217.320 5299449.700
1010 404.726 4577189.840 5299480.410
1011 404.982 4577163.810 5299511.440
1012 413.022 4577202.590 5299357.240
1013 413.231 4577196.250 5299366.050
1014 415.073 4577188.350 5299375.900
1015 413.680 4577181.770 5299393.070
1016 413.719 4577166.470 5299389.430
1017 413.411 4577162.010 5299412.160
1018 413.898 4577159.000 5299390.860
1019 420.085 4577140.510 5299362.580
1020 419.831 4577157.650 5299371.410
1021 418.354 4577128.570 5299368.480
1022 411.878 4577192.440 5299393.840
1023 409.057 4577181.320 5299431.960
1024 406.472 4577169.020 5299469.720
1025 405.023 4577157.760 5299508.220
1026 411.743 4577348.250 5299367.450
1027 414.941 4577370.220 5299250.710
1028 413.746 4577381.800 5299215.910
1029 415.159 4577383.000 5299221.890
1030 415.326 4577378.800 5299257.930
1031 413.892 4577376.420 5299284.470
1032 413.879 4577377.510 5299290.380
1033 414.088 4577365.450 5299269.360
1034 413.832 4577360.340 5299279.150
1035 413.991 4577365.900 5299307.800
1036 413.937 4577358.910 5299332.700
1037 413.890 4577350.830 5299362.490
1038 414.223 4577357.750 5299354.900
1039 414.680 4577351.130 5299378.880
1040 416.030 4577357.860 5299390.120
1041 416.760 4577357.820 5299392.120
1042 414.848 4577343.400 5299380.150
1043 411.077 4577363.300 5299252.170
1044 409.312 4577345.360 5299288.390
1045 407.996 4577327.460 5299324.350
1046 407.146 4577310.080 5299360.190
1047 406.175 4577288.080 5299394.440
1048 405.002 4577257.000 5299424.360
1049 403.716 4577227.370 5299454.610
1050 403.772 4577199.230 5299485.190
1051 404.426 4577172.460 5299516.060
1052 404.904 4577143.440 5299545.350
1053 412.803 4577186.620 5299392.840
1054 413.013 4577177.540 5299403.370
1055 412.584 4577171.090 5299419.790
1056 412.688 4577168.970 5299423.090
1057 414.226 4577127.260 5299452.960
1058 412.150 4577138.400 5299442.830
1059 413.617 4577156.800 5299428.780
1060 413.500 4577140.340 5299402.610
1061 417.860 4577128.150 5299370.140
1062 413.420 4577124.320 5299476.100
1063 411.370 4577176.220 5299429.440
1064 408.352 4577164.230 5299467.250
1065 406.191 4577151.760 5299505.020
1066 405.289 4577137.920 5299542.380
1067 412.573 4577343.140 5299363.750
1068 414.380 4577336.660 5299372.250
1069 414.170 4577336.200 5299369.740
1070 413.768 4577341.320 5299356.200
1071 412.460 4577365.670 5299252.760
1072 413.920 4577358.120 5299285.030
1073 413.663 4577357.450 5299279.520
1074 413.512 4577349.600 5299299.740
1075 414.090 4577352.200 5299308.940
1076 413.900 4577353.710 5299311.530
1077 413.326 4577344.600 5299331.180
1078 413.430 4577339.260 5299336.550
1079 413.860 4577342.520 5299351.840
1080 415.242 4577348.280 5299383.760
1081 422.530 4577351.890 5299401.800
1082 422.580 4577353.650 5299402.050
1083 417.390 4577333.930 5299385.700
1084 422.630 4577337.620 5299432.280
1085 422.621 4577337.290 5299430.140
1086 421.583 4577337.480 5299434.110
1087 410.339 4577347.630 5299289.070
1088 408.949 4577330.090 5299325.330
1089 407.906 4577312.590 5299361.290
1090 406.226 4577290.490 5299395.510
1091 405.650 4577267.820 5299429.450
1092 404.539 4577237.460 5299459.530
1093 403.565 4577208.540 5299489.930
1094 403.444 4577181.140 5299520.680
1095 404.383 4577152.200 5299550.100
1096 404.760 4577123.070 5299579.270
1097 412.584 4577170.670 5299428.440
1098 413.475 4577159.350 5299442.890
1099 412.985 4577154.280 5299454.190
1100 414.216 4577128.130 5299464.030
1101 413.044 4577149.550 5299463.470
1102 413.364 4577145.390 5299466.460
1103 413.390 4577128.290 5299478.170
1104 414.390 4577110.880 5299443.760
1105 414.285 4577122.700 5299461.080
1106 414.300 4577121.040 5299463.540
1107 414.319 4577110.640 5299439.890
1108 412.238 4577139.910 5299431.940
1109 414.380 4577108.340 5299443.890
1110 410.526 4577105.040 5299397.770
1111 413.442 4577119.780 5299480.630
1112 411.403 4577159.140 5299464.630
1113 407.852 4577146.790 5299502.370
1114 406.428 4577132.210 5299539.310
1115 405.300 4577118.070 5299576.550
1116 414.092 4577335.280 5299365.680
1117 414.099 4577328.450 5299373.080
1118 414.164 4577329.800 5299369.220
1119 413.730 4577336.450 5299355.740
1120 411.370 4577349.540 5299289.610
1121 412.837 4577347.870 5299301.130
1122 412.072 4577338.290 5299322.740
1123 413.460 4577338.830 5299333.780
1124 413.670 4577337.270 5299337.250
1125 413.760 4577335.520 5299351.740
1126 413.691 4577331.700 5299346.480
1127 414.508 4577326.260 5299375.340
1128 421.867 4577341.980 5299396.070
1129 422.972 4577346.530 5299414.990
1130 417.390 4577327.330 5299391.090
1131 422.640 4577335.170 5299429.730
1132 423.000 4577345.340 5299419.910
1133 420.800 4577337.060 5299435.770
1134 409.731 4577331.940 5299325.980
1135 408.510 4577314.830 5299362.290
1136 407.602 4577293.540 5299396.840
1137 405.905 4577270.850 5299430.910
1138 405.192 4577247.570 5299464.470
1139 403.951 4577217.920 5299494.700
1140 403.457 4577189.710 5299525.250
1141 403.499 4577161.010 5299554.860
1142 404.306 4577131.940 5299584.140
1143 404.624 4577102.470 5299613.120
1144 413.462 4577106.120 5299504.780
1145 412.705 4577153.640 5299463.540
1146 413.144 4577146.380 5299469.990
1147 413.532 4577124.810 5299505.380
1148 413.400 4577137.670 5299484.830
1149 413.530 4577130.500 5299494.710
1150 413.510 4577123.260 5299508.590
1151 412.949 4577124.860 5299511.260
1152 413.380 4577116.050 5299520.460
1153 413.358 4577115.040 5299523.200
1154 414.381 4577106.310 5299451.870
1155 413.451 4577097.510 5299467.470
1156 413.495 4577086.390 5299471.070
1157 414.357 4577108.450 5299438.610
1158 414.363 4577106.150 5299442.630
1159 411.225 4577100.490 5299397.480
1160 413.510 4577100.950 5299485.780
1161 411.674 4577141.610 5299499.610
1162 408.082 4577127.330 5299536.670
1163 406.653 4577112.660 5299573.590
1164 405.560 4577098.220 5299610.710
1165 413.808 4577326.180 5299362.620
1166 410.418 4577333.410 5299326.450
1167 411.666 4577331.910 5299337.150
1168 412.335 4577329.420 5299347.280
1169 414.751 4577317.770 5299377.560
1170 412.402 4577312.930 5299384.290
1171 422.230 4577324.060 5299407.040
1172 412.551 4577309.320 5299391.780
1173 422.502 4577329.650 5299429.400
1174 422.400 4577319.820 5299420.970
1175 413.910 4577326.790 5299451.590
1176 413.970 4577322.720 5299455.520
1177 409.388 4577316.280 5299362.900
1178 408.929 4577296.280 5299398.040
1179 407.314 4577274.380 5299432.570
1180 405.300 4577251.220 5299466.310
1181 404.308 4577227.310 5299499.480
1182 403.509 4577198.380 5299529.870
1183 403.474 4577169.730 5299559.590
1184 403.636 4577140.880 5299589.040
1185 404.190 4577111.680 5299618.180
1186 404.497 4577082.330 5299647.100
1187 413.498 4577095.270 5299506.630
1188 413.600 4577087.910 5299499.470
1189 413.000 4577136.070 5299498.380
1190 412.790 4577121.150 5299517.650
1191 412.688 4577118.600 5299522.960
1192 412.520 4577113.350 5299531.920
1193 412.610 4577111.320 5299533.880
1194 413.470 4577106.810 5299534.310
1195 413.409 4577074.700 5299455.340
1196 413.531 4577085.210 5299481.620
1197 413.409 4577063.880 5299449.930
1198 413.554 4577081.310 5299491.500
1199 411.772 4577122.390 5299534.000
1200 408.443 4577107.860 5299570.970
1201 406.874 4577093.110 5299607.890
1202 405.838 4577078.380 5299644.880
1203 409.750 4577317.310 5299363.310
1204 411.536 4577304.470 5299396.760
1205 414.640 4577298.960 5299412.600
1206 414.652 4577296.270 5299425.240
1207 413.964 4577319.970 5299454.770
1208 413.550 4577314.350 5299447.880
1209 413.877 4577308.350 5299489.220
1210 409.482 4577298.300 5299398.920
1211 408.871 4577277.550 5299434.070
1212 406.873 4577255.210 5299468.300
1213 405.183 4577231.360 5299501.590
1214 403.617 4577207.050 5299534.500
1215 403.489 4577178.540 5299564.350
1216 403.494 4577149.750 5299593.920
1217 403.797 4577120.750 5299623.230
1218 404.091 4577091.420 5299652.220
1219 404.560 4577061.960 5299681.010
1220 413.523 4577071.200 5299524.740
1221 412.798 4577116.950 5299532.790
1222 412.572 4577102.300 5299551.530
1223 413.536 4577095.520 5299554.630
1224 412.295 4577092.890 5299570.910
1225 412.660 4577080.490 5299581.360
1226 413.402 4577044.620 5299499.440
1227 411.654 4577103.170 5299568.380
1228 408.797 4577088.400 5299605.270
1229 407.099 4577073.560 5299642.170
1230 406.473 4577058.530 5299679.050
1231 410.495 4577299.990 5299399.660
1232 413.360 4577292.440 5299442.500
1233 412.227 4577289.810 5299427.550
1234 412.950 4577284.330 5299448.360
1235 413.093 4577295.280 5299480.410
1236 412.741 4577281.470 5299453.180
1237 413.113 4577293.180 5299487.220
1238 413.950 4577304.060 5299493.210
1239 413.799 4577305.260 5299497.800
1240 412.896 4577284.650 5299484.750
1241 410.131 4577280.110 5299435.290
1242 408.658 4577258.800 5299470.100
1243 406.023 4577235.570 5299503.770
1244 404.885 4577211.550 5299536.890
1245 403.474 4577187.330 5299569.110
1246 403.490 4577158.690 5299598.820
1247 403.527 4577129.770 5299628.250
1248 403.805 4577100.620 5299657.410
1249 404.035 4577071.160 5299686.270
1250 404.635 4577041.580 5299715.970
1251 413.961 4577066.660 5299595.490
1252 412.596 4577097.820 5299567.200
1253 412.390 4577090.170 5299574.640
1254 412.108 4577082.690 5299588.960
1255 412.366 4577071.960 5299604.820
1256 414.008 4577054.700 5299612.210
1257 413.031 4577012.390 5299628.150
1258 411.506 4577083.950 5299602.770
1259 409.152 4577068.940 5299639.570
1260 407.319 4577054.010 5299676.460
1261 406.012 4577037.810 5299713.770
1262 411.278 4577282.440 5299436.410
1263 412.746 4577286.600 5299477.960
1264 413.065 4577275.140 5299458.350
1265 413.330 4577295.820 5299507.070
1266 412.893 4577267.190 5299485.570
1267 413.167 4577287.450 5299538.570
1268 412.675 4577263.780 5299608.340
1269 410.198 4577261.900 5299471.650
1270 407.808 4577239.370 5299505.740
1271 405.436 4577216.040 5299539.290
1272 404.552 4577191.850 5299571.550
1273 403.357 4577167.610 5299603.730
1274 403.486 4577138.840 5299633.300
1275 403.539 4577109.790 5299662.590
1276 403.805 4577080.490 5299691.590
1277 403.858 4577050.600 5299721.290
1278 404.313 4577021.200 5299750.920
1279 412.394 4577078.710 5299601.620
1280 412.260 4577065.340 5299618.610
1281 412.292 4577062.500 5299622.420
1282 412.270 4577060.210 5299626.520
1283 413.467 4577045.250 5299636.880
1284 412.444 4577027.650 5299652.670
1285 412.624 4577007.030 5299655.690
1286 412.065 4576995.310 5299680.110
1287 411.362 4577064.720 5299637.150
1288 409.504 4577049.480 5299673.880
1289 407.371 4577033.020 5299710.990
1290 405.999 4577017.070 5299748.480
1291 411.687 4577264.890 5299473.160
1292 413.070 4577257.190 5299501.170
1293 412.730 4577260.470 5299489.140
1294 412.931 4577248.210 5299514.990
1295 413.580 4577247.380 5299532.240
1296 413.200 4577231.860 5299549.450
1297 412.621 4577265.420 5299570.710
1298 412.625 4577262.720 5299601.210
1299 412.575 4577256.930 5299610.580
1300 412.565 4577248.260 5299615.530
1301 409.535 4577242.820 5299507.530
1302 407.548 4577220.100 5299541.450
1303 405.488 4577196.320 5299573.960
1304 404.247 4577172.130 5299606.200
1305 403.238 4577147.900 5299638.340
1306 403.476 4577118.990 5299667.770
1307 403.563 4577089.810 5299696.920
1308 403.654 4577059.740 5299726.670
1309 403.722 4577030.050 5299756.310
1310 404.313 4577000.830 5299785.880
1311 412.192 4577059.580 5299636.030
1312 412.170 4577051.420 5299642.870
1313 412.091 4577041.630 5299661.120
1314 412.159 4577016.370 5299671.570
1315 412.042 4577029.960 5299676.100
1316 412.126 4577011.420 5299698.160
1317 412.057 4576990.860 5299698.320
1318 412.013 4576988.110 5299711.530
1319 412.042 4576981.060 5299721.040
1320 411.214 4577045.500 5299671.540
1321 409.591 4577028.340 5299708.300
1322 407.395 4577012.010 5299745.510
1323 406.041 4576996.310 5299783.180
1324 412.123 4577246.290 5299509.350
1325 413.133 4577235.940 5299540.840
1326 412.999 4577244.120 5299523.610
1327 413.066 4577240.030 5299532.220
1328 413.095 4577229.370 5299548.130
1329 413.713 4577233.390 5299557.230
1330 413.553 4577228.840 5299571.070
1331 413.170 4577227.910 5299556.800
1332 413.720 4577221.590 5299577.800
1333 413.111 4577220.020 5299571.480
1334 413.082 4577216.080 5299578.830
1335 412.934 4577249.640 5299634.760
1336 412.815 4577235.230 5299618.740
1337 413.064 4577206.860 5299609.360
1338 412.926 4577242.900 5299641.180
1339 412.929 4577253.890 5299652.100
1340 409.430 4577223.940 5299543.500
1341 407.555 4577200.490 5299576.220
1342 405.334 4577176.550 5299608.620
1343 403.942 4577152.410 5299640.850
1344 403.156 4577128.180 5299672.960
1345 403.498 4577099.140 5299702.250
1346 403.508 4577068.870 5299732.050
1347 403.519 4577038.990 5299761.740
1348 403.602 4577009.490 5299791.330
1349 404.104 4576980.450 5299820.830
1350 411.990 4577040.460 5299670.440
1351 412.330 4577020.560 5299692.350
1352 413.213 4577013.850 5299700.130
1353 413.480 4577012.390 5299702.210
1354 412.136 4577006.670 5299708.490
1355 412.141 4576998.510 5299720.940
1356 412.700 4577002.040 5299722.030
1357 412.052 4576989.910 5299728.680
1358 412.011 4576972.310 5299731.240
1359 412.165 4576983.740 5299739.220
1360 412.550 4576981.660 5299743.690
1361 412.467 4576980.090 5299747.220
1362 412.034 4576964.720 5299742.460
1363 411.553 4577024.070 5299705.770
1364 409.637 4577007.200 5299742.710
1365 407.438 4576990.980 5299780.030
1366 405.833 4576975.530 5299817.880
1367 412.525 4577227.910 5299545.620
1368 413.141 4577223.970 5299564.140
1369 413.052 4577212.140 5299586.170
1370 412.943 4577213.320 5299577.330
1371 413.022 4577208.190 5299593.520
1372 412.993 4577204.250 5299600.860
1373 412.963 4577200.300 5299608.210
1374 412.950 4577237.030 5299634.080
1375 412.983 4577204.270 5299615.510
1376 412.924 4577239.170 5299657.980
1377 412.960 4577221.050 5299692.990
1378 412.917 4577190.380 5299763.500
1379 412.890 4577201.440 5299759.490
1380 413.003 4577226.420 5299714.540
1381 412.989 4577241.030 5299708.180
1382 409.276 4577204.430 5299578.340
1383 407.493 4577180.810 5299610.960
1384 405.215 4577156.780 5299643.280
1385 403.678 4577132.680 5299675.500
1386 403.102 4577108.460 5299707.570
1387 403.441 4577078.000 5299737.430
1388 403.463 4577047.920 5299767.180
1389 403.415 4577018.240 5299796.820
1390 403.513 4576988.940 5299826.350
1391 403.350 4576960.070 5299855.790
1392 412.000 4577018.930 5299704.220
1393 412.354 4577008.280 5299717.330
1394 412.676 4576996.020 5299734.680
1395 412.180 4576985.770 5299737.760
1396 412.336 4576982.860 5299741.530
1397 412.640 4576983.070 5299749.210
1398 412.570 4576977.530 5299751.620
1399 412.409 4576974.350 5299757.420
1400 412.416 4576972.150 5299760.230
1401 412.580 4576971.320 5299763.510
1402 412.023 4576969.320 5299760.460
1403 412.024 4576946.950 5299760.050
1404 412.012 4576962.100 5299772.360
1405 412.020 4576959.040 5299777.440
1406 412.135 4576935.340 5299772.130
1407 411.979 4576950.510 5299789.810
1408 412.167 4576923.790 5299793.870
1409 412.142 4576921.630 5299798.880
1410 412.240 4576906.290 5299822.400
1411 411.603 4577002.630 5299739.990
1412 409.686 4576986.050 5299777.130
1413 407.485 4576969.930 5299814.530
1414 405.605 4576955.970 5299853.040
1415 412.329 4577208.380 5299580.490
1416 412.791 4577197.260 5299606.530
1417 412.934 4577196.360 5299615.550
1418 412.977 4577209.610 5299664.650
1419 412.875 4577188.470 5299630.240
1420 412.845 4577184.530 5299637.580
1421 412.912 4577207.830 5299676.860
1422 412.919 4577177.990 5299658.420
1423 412.947 4577184.880 5299692.260
1424 412.872 4577175.270 5299681.360
1425 412.895 4577173.540 5299753.850
1426 412.999 4577208.330 5299707.600
1427 412.944 4577193.480 5299701.590
1428 412.914 4577157.910 5299748.310
1429 412.948 4577175.300 5299775.520
1430 412.919 4577155.150 5299763.550
1431 412.960 4577173.910 5299787.160
1432 412.998 4577190.750 5299783.580
1433 414.120 4577221.090 5299779.830
1434 413.190 4577191.200 5299808.510
1435 409.088 4577184.820 5299613.160
1436 407.433 4577161.140 5299645.700
1437 405.119 4577137.010 5299677.940
1438 403.512 4577112.960 5299710.150
1439 403.069 4577087.130 5299742.810
1440 403.391 4577056.860 5299772.620
1441 403.419 4577026.980 5299802.310
1442 403.301 4576997.490 5299831.900
1443 403.362 4576968.390 5299861.370
1444 404.143 4576938.520 5299885.050
1445 412.010 4576997.390 5299738.000
1446 412.354 4576987.780 5299747.130
1447 412.540 4576978.950 5299757.470
1448 412.580 4576973.790 5299765.060
1449 412.580 4576969.280 5299765.480
1450 412.280 4576966.340 5299768.110
1451 412.890 4576961.480 5299782.850
1452 412.530 4576963.570 5299777.880
1453 412.042 4576954.870 5299785.330
1454 413.040 4576959.380 5299788.810
1455 411.990 4576951.330 5299791.670
1456 412.210 4576947.700 5299798.620
1457 412.067 4576944.570 5299799.830
1458 412.141 4576927.860 5299804.390
1459 412.269 4576911.610 5299822.500
1460 412.253 4576904.990 5299843.630
1461 412.262 4576901.870 5299850.810
1462 412.217 4576894.210 5299843.200
1463 411.637 4576981.180 5299774.210
1464 409.768 4576964.900 5299811.540
1465 405.774 4576951.460 5299850.000
1466 405.264 4576934.970 5299882.670
1467 412.153 4577188.750 5299615.320
1468 412.815 4577180.580 5299644.930
1469 412.639 4577181.210 5299635.730
1470 412.786 4577176.640 5299652.270
1471 412.858 4577173.890 5299672.820
1472 412.756 4577172.690 5299659.620
1473 412.727 4577168.750 5299666.960
1474 412.919 4577161.860 5299691.640
1475 412.608 4577152.970 5299696.340
1476 412.920 4577167.940 5299685.960
1477 412.956 4577165.720 5299715.750
1478 412.579 4577149.030 5299703.680
1479 412.715 4577142.670 5299721.580
1480 412.894 4577144.050 5299749.350
1481 412.911 4577147.590 5299760.590
1482 412.970 4577169.350 5299785.460
1483 412.894 4577142.670 5299768.700
1484 412.970 4577149.190 5299773.490
1485 413.382 4577168.180 5299834.320
1486 414.080 4577202.680 5299803.520
1487 414.110 4577210.850 5299793.660
1488 414.100 4577216.990 5299785.760
1489 413.666 4577160.930 5299851.800
1490 414.363 4577186.380 5299836.630
1491 408.915 4577165.220 5299647.970
1492 407.372 4577141.460 5299680.450
1493 404.949 4577117.240 5299712.600
1494 403.619 4577091.810 5299745.500
1495 403.052 4577065.790 5299778.050
1496 403.346 4577035.720 5299807.800
1497 403.373 4577006.030 5299837.440
1498 403.199 4576976.740 5299866.970
1499 403.353 4576946.780 5299890.560
1500 404.503 4576916.970 5299914.300
1501 412.020 4576975.850 5299771.770
1502 412.171 4576966.180 5299779.570
1503 412.763 4576958.230 5299791.600
1504 412.504 4576952.830 5299799.070
1505 412.370 4576949.120 5299803.640
1506 412.168 4576944.060 5299805.080
1507 412.233 4576917.320 5299820.310
1508 412.150 4576922.250 5299815.680
1509 412.490 4576935.710 5299827.410
1510 412.548 4576910.120 5299844.010
1511 412.260 4576885.160 5299860.830
1512 412.356 4576907.240 5299848.260
1513 412.298 4576904.360 5299852.500
1514 412.254 4576897.290 5299857.580
1515 412.267 4576891.870 5299860.430
1516 411.660 4576959.720 5299808.420
1517 408.594 4576947.510 5299847.370
1518 405.820 4576931.060 5299880.050
1519 404.995 4576913.560 5299912.180
1520 411.977 4577169.120 5299650.160
1521 412.697 4577164.810 5299674.300
1522 412.487 4577165.150 5299664.930
1523 412.638 4577156.920 5299688.990
1524 412.336 4577149.100 5299694.130
1525 412.668 4577160.860 5299681.650
1526 412.549 4577145.090 5299711.020
1527 412.298 4577145.080 5299701.430
1528 412.520 4577141.140 5299718.370
1529 412.490 4577137.200 5299725.710
1530 412.771 4577134.370 5299739.170
1531 412.477 4577132.740 5299733.160
1532 412.889 4577130.990 5299751.070
1533 412.928 4577126.320 5299758.860
1534 412.889 4577138.450 5299782.850
1535 413.350 4577152.520 5299849.500
1536 413.390 4577153.330 5299847.930
1537 413.095 4577131.320 5299855.090
1538 413.101 4577116.590 5299844.440
1539 413.115 4577094.520 5299923.110
1540 413.149 4577150.490 5299874.960
1541 414.896 4577195.520 5299853.190
1542 415.128 4577189.430 5299857.890
1543 408.745 4577145.620 5299682.790
1544 407.310 4577121.780 5299715.190
1545 404.877 4577096.230 5299748.030
1546 403.581 4577070.590 5299780.970
1547 403.079 4577044.460 5299813.300
1548 403.303 4577014.580 5299842.990
1549 403.341 4576985.090 5299872.570
1550 403.215 4576955.070 5299896.100
1551 403.372 4576925.170 5299919.750
1552 404.519 4576895.430 5299943.560
1553 412.030 4576954.290 5299805.540
1554 412.368 4576939.950 5299817.680
1555 411.850 4576923.940 5299842.710
1556 412.506 4576938.350 5299822.870
1557 411.932 4576936.560 5299838.200
1558 411.880 4576922.410 5299844.180
1559 412.229 4576919.900 5299846.660
1560 412.537 4576914.600 5299847.050
1561 412.327 4576883.910 5299867.040
1562 412.307 4576888.580 5299865.360
1563 412.325 4576886.360 5299868.690
1564 412.248 4576910.830 5299856.900
1565 412.254 4576906.290 5299856.470
1566 412.248 4576904.610 5299858.940
1567 412.198 4576896.350 5299863.420
1568 410.169 4576943.290 5299844.520
1569 408.115 4576927.650 5299877.780
1570 406.604 4576909.820 5299909.840
1571 404.857 4576892.240 5299941.700
1572 411.793 4577149.490 5299685.000
1573 412.260 4577141.070 5299708.730
1574 412.222 4577137.050 5299716.030
1575 412.184 4577133.040 5299723.330
1576 412.463 4577128.280 5299740.610
1577 412.181 4577128.650 5299730.810
1578 412.450 4577123.830 5299748.070
1579 412.437 4577119.370 5299755.520
1580 412.423 4577114.920 5299762.970
1581 412.410 4577110.460 5299770.420
1582 412.802 4577111.790 5299778.800
1583 413.051 4577114.960 5299807.230
1584 413.257 4577106.910 5299823.040
1585 413.133 4577095.690 5299817.300
1586 413.077 4577098.430 5299923.430
1587 414.045 4577155.300 5299892.040
1588 413.068 4577139.170 5299869.230
1589 413.102 4577122.980 5299850.820
1590 413.086 4577095.380 5299846.550
1591 413.194 4577077.900 5299852.100
1592 413.086 4577099.120 5299848.460
1593 413.130 4577092.200 5299921.940
1594 413.090 4577096.840 5299924.290
1595 413.063 4577100.100 5299924.880
1596 413.096 4577091.970 5299925.270
1597 413.090 4577106.670 5299925.280
1598 413.112 4577111.180 5299924.340
1599 413.072 4577128.850 5299917.370
1600 415.402 4577151.130 5299916.930
1601 414.549 4577153.080 5299903.280
1602 415.379 4577154.020 5299917.950
1603 414.980 4577163.160 5299890.860
1604 415.204 4577193.110 5299858.640
1605 413.087 4577126.610 5299925.050
1606 408.569 4577126.010 5299717.610
1607 407.555 4577100.870 5299750.690
1608 404.993 4577075.070 5299783.690
1609 403.485 4577049.370 5299816.450
1610 403.086 4577023.120 5299848.540
1611 403.262 4576993.440 5299878.170
1612 403.220 4576963.370 5299901.630
1613 403.226 4576933.410 5299925.220
1614 403.463 4576903.560 5299948.930
1615 404.131 4576873.880 5299972.810
1616 411.660 4576939.050 5299841.690
1617 412.322 4576919.080 5299850.090
1618 412.231 4576916.200 5299854.330
1619 412.209 4576913.310 5299858.580
1620 412.278 4576880.410 5299872.320
1621 412.261 4576888.000 5299872.600
1622 412.211 4576909.600 5299858.720
1623 412.088 4576900.830 5299866.410
1624 412.288 4576872.430 5299880.830
1625 412.340 4576873.360 5299875.840
1626 409.585 4576924.010 5299875.340
1627 407.929 4576906.550 5299907.810
1628 406.681 4576888.740 5299939.640
1629 405.027 4576871.020 5299971.100
1630 411.222 4576169.460 5299662.960
1631 411.814 4577129.850 5299719.830
1632 412.178 4577124.260 5299738.290
1633 412.175 4577119.870 5299745.770
1634 412.172 4577115.480 5299753.250
1635 412.169 4577111.090 5299760.730
1636 412.166 4577106.710 5299768.210
1637 412.397 4577106.000 5299777.870
1638 412.383 4577101.550 5299785.320
1639 412.370 4577097.090 5299792.770
1640 412.357 4577092.630 5299800.220
1641 412.343 4577088.180 5299807.670
1642 413.124 4577086.190 5299821.860
1643 413.190 4577075.570 5299836.830
1644 413.140 4577081.310 5299831.910
1645 413.130 4577069.550 5299849.640
1646 413.180 4577070.450 5299843.740
1647 413.114 4577069.790 5299857.930
1648 413.069 4577117.590 5299911.580
1649 413.076 4577089.510 5299858.040
1650 413.118 4577087.560 5299919.590
1651 413.092 4577093.600 5299933.040
1652 413.149 4577074.570 5299924.730
1653 413.064 4577116.550 5299944.800
1654 415.450 4577152.640 5299920.680
1655 415.538 4577170.810 5299913.350
1656 415.499 4577177.040 5299910.180
1657 415.524 4577143.510 5299939.220
1658 413.128 4577095.530 5299959.100
1659 408.868 4577105.270 5299753.210
1660 407.814 4577079.740 5299786.520
1661 404.927 4577053.910 5299819.340
1662 403.296 4577028.140 5299851.910
1663 403.134 4577001.790 5299883.780
1664 403.257 4576971.660 5299907.170
1665 403.192 4576941.640 5299930.690
1666 403.246 4576911.740 5299954.340
1667 403.641 4576881.950 5299978.120
1668 403.743 4576852.330 5300002.070
1669 411.297 4576920.320 5299872.880
1670 412.440 4576873.180 5299885.840
1671 411.893 4576914.500 5299877.020
1672 411.752 4576874.020 5299901.620
1673 412.650 4576865.080 5299891.700
1674 409.607 4576903.090 5299905.640
1675 407.818 4576885.700 5299937.870
1676 406.600 4576867.880 5299969.220
1677 405.931 4576849.600 5300000.290
1678 411.222 4576226.930 5299875.420
1679 411.222 4576191.570 5299751.220
1680 411.222 4576187.340 5299704.640
1681 411.222 4576136.150 5299665.880
1682 411.451 4577109.250 5299755.500
1683 412.163 4577102.320 5299775.680
1684 412.160 4577097.930 5299783.160
1685 412.157 4577093.540 5299790.640
1686 412.154 4577089.150 5299798.120
1687 412.151 4577084.760 5299805.600
1688 412.330 4577083.720 5299815.120
1689 412.317 4577079.260 5299822.570
1690 412.290 4577070.350 5299837.470
1691 412.303 4577074.810 5299830.020
1692 413.160 4577064.300 5299852.640
1693 412.277 4577065.890 5299844.920
1694 413.130 4577062.190 5299858.600
1695 413.040 4577061.230 5299866.210
1696 413.215 4577066.680 5299874.270
1697 413.141 4577072.560 5299905.720
1698 413.166 4577061.840 5299874.170
1699 413.016 4577056.220 5299872.020
1700 413.280 4577059.540 5299901.040
1701 413.190 4577058.890 5299905.060
1702 413.113 4577058.750 5299914.460
1703 413.062 4577076.410 5299946.340
1704 412.870 4577065.330 5299955.940
1705 413.183 4577059.440 5299929.900
1706 413.018 4577117.330 5299955.680
1707 415.292 4577126.850 5299968.560
1708 418.172 4577166.330 5299944.550
1709 417.179 4577137.490 5299972.920
1710 413.000 4577095.590 5299985.930
1711 413.102 4577091.470 5299988.390
1712 413.070 4577093.290 5299984.770
1713 413.097 4577076.010 5299960.710
1714 413.086 4577061.660 5299964.240
1715 413.096 4577050.070 5299970.120
1716 409.191 4577084.250 5299789.250
1717 408.073 4577058.610 5299822.350
1718 405.079 4577032.730 5299854.990
1719 403.136 4577006.610 5299887.010
1720 403.174 4576979.960 5299912.700
1721 403.228 4576949.880 5299936.160
1722 403.169 4576919.920 5299959.740
1723 403.298 4576890.070 5299983.460
1724 403.935 4576860.340 5300007.310
1725 403.965 4576829.230 5300031.580
1726 411.982 4576824.810 5299956.300
1727 411.174 4576899.530 5299903.430
1728 411.978 4576879.660 5299910.360
1729 412.399 4576868.210 5299910.240
1730 412.217 4576871.540 5299912.450
1731 412.920 4576844.490 5299925.350
1732 411.980 4576831.500 5299949.240
1733 411.970 4576831.800 5299965.140
1734 409.520 4576882.490 5299935.980
1735 407.539 4576865.160 5299967.580
1736 406.146 4576846.620 5299998.340
1737 405.722 4576827.050 5300029.890
1738 411.222 4576202.380 5299795.250
1739 411.222 4576226.380 5299826.650
1740 411.222 4576191.560 5299889.580
1741 411.000 4576174.850 5299772.760
1742 411.222 4576124.310 5299709.820
1743 411.813 4577088.310 5299791.710
1744 412.149 4577080.370 5299813.080
1745 412.146 4577075.980 5299820.560
1746 412.140 4577067.200 5299835.520
1747 412.143 4577071.590 5299828.040
1748 412.263 4577061.440 5299852.380
1749 412.137 4577062.810 5299842.990
1750 412.250 4577056.980 5299859.830
1751 412.237 4577052.520 5299867.280
1752 413.360 4577059.040 5299887.960
1753 413.420 4577059.240 5299895.330
1754 413.173 4577054.930 5299878.900
1755 412.125 4577045.250 5299872.910
1756 412.223 4577048.070 5299874.730
1757 412.927 4577050.750 5299876.150
1758 413.287 4577048.140 5299905.210
1759 413.256 4577045.830 5299915.540
1760 413.190 4577046.140 5299919.340
1761 413.181 4577044.630 5299906.040
1762 413.142 4577059.900 5299948.950
1763 413.140 4577040.510 5299926.740
1764 413.101 4577041.240 5299968.680
1765 415.129 4577117.360 5299982.000
1766 420.206 4577153.380 5299984.450
1767 415.016 4577092.100 5300017.030
1768 413.156 4577087.900 5299986.580
1769 413.177 4577082.910 5299984.060
1770 413.123 4577070.960 5299983.130
1771 413.086 4577033.810 5299985.530
1772 413.080 4577039.220 5299987.620
1773 409.565 4577063.230 5299825.300
1774 408.230 4577037.450 5299858.160
1775 404.601 4577010.980 5299889.940
1776 403.556 4576985.230 5299916.260
1777 403.227 4576958.120 5299941.630
1778 403.123 4576928.110 5299965.150
1779 403.113 4576898.200 5299988.800
1780 403.355 4576868.410 5300012.580
1781 403.675 4576837.330 5300037.010
1782 404.645 4576806.120 5300061.100
1783 412.174 4576822.880 5299960.700
1784 412.088 4576796.710 5300008.460
1785 410.974 4576879.150 5299934.030
1786 412.297 4576868.160 5299913.950
1787 411.866 4576834.230 5299943.000
1788 412.130 4576837.150 5299973.740
1789 412.140 4576839.310 5299964.770
1790 412.154 4576821.200 5299974.410
1791 411.984 4576832.480 5299983.720
1792 412.093 4576801.520 5300006.590
1793 411.490 4576813.110 5300004.830
1794 409.399 4576862.310 5299965.870
1795 408.241 4576844.030 5299996.660
1796 405.986 4576824.650 5300028.020
1797 405.615 4576804.170 5300058.880
1798 411.000 4576174.850 5299822.760
1799 411.222 4576149.770 5299862.710
1800 411.535 4576124.850 5299872.760
1801 411.000 4576124.850 5299772.760
1802 411.222 4576082.310 5299734.250
1803 412.130 4577067.370 5299827.920
1804 412.134 4577058.420 5299850.470
1805 412.131 4577054.030 5299857.950
1806 412.128 4577049.640 5299865.430
1807 412.360 4577044.460 5299871.800
1808 412.494 4577040.030 5299885.620
1809 413.018 4577038.900 5299903.360
1810 412.878 4577034.420 5299910.340
1811 413.109 4577026.390 5299958.270
1812 412.710 4577024.270 5299940.470
1813 412.657 4577023.810 5299935.700
1814 412.525 4577020.670 5299932.080
1815 413.109 4577031.620 5299971.540
1816 412.405 4577001.030 5299984.600
1817 412.142 4576986.820 5300005.470
1818 412.234 4576986.190 5300008.240
1819 414.847 4577087.020 5300021.710
1820 418.528 4577116.560 5300015.230
1821 415.970 4577092.810 5300025.670
1822 412.430 4577005.510 5299984.150
1823 412.236 4576984.090 5300011.140
1824 412.156 4576989.870 5300007.630
1825 412.226 4576982.910 5300012.760
1826 413.111 4577060.150 5300000.630
1827 413.130 4577030.370 5299995.600
1828 409.791 4577042.160 5299861.320
1829 408.254 4577015.440 5299892.940
1830 404.629 4576990.160 5299919.580
1831 403.795 4576963.580 5299945.460
1832 403.276 4576936.290 5299970.550
1833 403.100 4576906.330 5299994.140
1834 403.131 4576876.480 5300017.860
1835 403.184 4576845.480 5300042.470
1836 403.546 4576814.310 5300066.720
1837 404.917 4576783.020 5300090.610
1838 411.947 4576780.400 5300017.100
1839 412.018 4576783.880 5300013.180
1840 411.981 4576799.850 5300010.000
1841 411.940 4576784.990 5300019.360
1842 410.770 4576859.290 5299964.050
1843 411.548 4576840.090 5299975.730
1844 411.227 4576847.500 5299972.650
1845 410.630 4576837.120 5299992.140
1846 411.440 4576818.670 5300001.420
1847 411.360 4576807.470 5300013.230
1848 409.762 4576841.350 5299994.910
1849 407.663 4576822.560 5300026.400
1850 406.438 4576802.030 5300056.440
1851 405.126 4576780.950 5300088.080
1852 411.000 4576124.850 5299822.760
1853 411.222 4576101.160 5299853.570
1854 411.515 4576074.850 5299872.760
1855 411.000 4576074.850 5299772.760
1856 411.222 4576032.930 5299739.000
1857 412.061 4577046.370 5299864.100
1858 412.165 4577033.490 5299888.000
1859 412.889 4577036.860 5299902.070
1860 412.843 4577032.460 5299909.070
1861 412.605 4577019.960 5299958.390
1862 412.491 4577019.100 5299934.830
1863 412.559 4577016.420 5299929.440
1864 412.517 4577004.290 5299979.910
1865 411.267 4576997.450 5299982.050
1866 412.383 4577000.160 5299988.960
1867 411.915 4576985.170 5300002.200
1868 412.151 4576984.480 5300007.080
1869 411.873 4576984.380 5299998.890
1870 411.831 4576981.920 5299997.060
1871 411.929 4576979.680 5300010.000
1872 412.074 4576980.610 5300012.560
1873 412.079 4576977.890 5300016.700
1874 415.397 4577069.700 5300047.740
1875 416.299 4577075.130 5300049.850
1876 412.050 4576999.130 5300006.040
1877 412.125 4576996.220 5300011.980
1878 412.202 4576982.230 5300013.750
1879 412.307 4577030.740 5300019.700
1880 412.492 4577026.580 5300032.610
1881 412.214 4576979.260 5300018.130
1882 408.817 4577019.960 5299895.960
1883 408.194 4576995.140 5299922.940
1884 404.283 4576968.840 5299949.130
1885 403.328 4576941.610 5299974.160
1886 403.248 4576914.450 5299999.480
1887 402.971 4576884.550 5300023.130
1888 402.918 4576853.630 5300047.930
1889 403.023 4576822.550 5300072.360
1890 403.400 4576791.300 5300096.420
1891 404.785 4576759.920 5300120.120
1892 411.979 4576777.310 5300020.460
1893 411.755 4576765.480 5300026.740
1894 411.834 4576789.580 5300021.600
1895 411.950 4576784.770 5300024.340
1896 410.770 4576838.450 5299993.000
1897 411.005 4576810.560 5300022.780
1898 408.924 4576820.410 5300024.710
1899 407.880 4576800.150 5300054.300
1900 407.134 4576778.670 5300085.280
1901 405.367 4576757.790 5300117.610
1902 411.028 4576074.850 5299822.760
1903 411.222 4576052.220 5299860.530
1904 411.222 4576008.130 5299883.440
1905 411.000 4576024.850 5299772.760
1906 411.222 4575986.240 5299739.220
1907 412.351 4577013.660 5299957.990
1908 411.702 4577023.990 5299898.600
1909 412.388 4577010.730 5299951.410
1910 412.321 4577011.800 5299929.380
1911 411.552 4576995.190 5299980.620
1912 412.093 4576997.120 5299978.770
1913 411.920 4576995.900 5299990.490
1914 411.800 4576981.190 5299994.610
1915 411.803 4576977.230 5299998.530
1916 411.801 4576978.110 5299997.280
1917 411.827 4576973.610 5300003.720
1918 411.835 4576972.650 5300005.100
1919 412.245 4576979.020 5300018.580
1920 411.963 4576976.240 5300015.480
1921 412.089 4576977.690 5300016.970
1922 413.139 4577041.000 5300052.020
1923 412.640 4577024.950 5300046.000
1924 418.126 4577061.620 5300061.720
1925 412.286 4576997.880 5300023.130
1926 412.303 4576989.850 5300032.560
1927 412.491 4577022.420 5300034.580
1928 412.371 4576994.230 5300028.500
1929 412.409 4577012.020 5300059.470
1930 409.343 4577000.100 5299926.280
1931 408.009 4576974.080 5299952.810
1932 404.288 4576946.850 5299977.710
1933 403.305 4576920.090 5300003.260
1934 403.045 4576892.620 5300028.400
1935 402.877 4576861.770 5300053.380
1936 402.727 4576830.790 5300078.010
1937 402.922 4576799.620 5300102.250
1938 403.247 4576768.290 5300126.120
1939 404.262 4576736.810 5300149.630
1940 411.772 4576768.570 5300028.410
1941 411.814 4576764.010 5300029.420
1942 411.516 4576750.760 5300037.660
1943 410.951 4576801.390 5300035.690
1944 410.043 4576818.100 5300022.880
1945 409.065 4576798.210 5300052.090
1946 408.150 4576776.650 5300082.810
1947 406.796 4576755.430 5300114.830
1948 405.487 4576734.640 5300147.200
1949 411.555 4576746.480 5300050.970
1950 411.444 4576739.590 5300054.170
1951 411.000 4576024.850 5299822.760
1952 411.222 4575987.610 5299865.240
1953 411.222 4575970.730 5299781.150
1954 411.229 4575703.820 5299752.040
1955 411.229 4575666.210 5299736.020
1956 411.229 4575616.720 5299736.850
1957 412.178 4577002.350 5299956.160
1958 411.884 4577004.570 5299929.230
1959 411.833 4576984.970 5299962.880
1960 411.967 4576989.610 5299978.210
1961 411.926 4576983.750 5299967.410
1962 411.745 4576980.850 5299990.000
1963 411.775 4576975.920 5299997.630
1964 411.771 4576968.250 5300004.600
1965 411.810 4576972.300 5300002.810
1966 411.825 4576971.490 5300008.510
1967 411.760 4576965.410 5300008.250
1968 412.374 4576976.700 5300021.910
1969 411.979 4576976.010 5300015.790
1970 415.318 4577039.530 5300067.870
1971 412.850 4577014.870 5300070.480
1972 417.999 4577049.310 5300074.840
1973 412.348 4576966.820 5300048.500
1974 412.308 4576980.490 5300034.110
1975 412.490 4576997.460 5300073.530
1976 412.322 4576999.470 5300045.370
1977 412.284 4576994.040 5300067.220
1978 409.305 4576979.220 5299956.410
1979 406.374 4576952.040 5299981.230
1980 404.674 4576925.790 5300007.070
1981 403.281 4576898.350 5300032.150
1982 403.032 4576869.920 5300058.830
1983 402.728 4576839.000 5300083.630
1984 402.588 4576807.940 5300108.080
1985 402.831 4576776.690 5300132.140
1986 403.113 4576745.270 5300155.820
1987 404.408 4576713.710 5300179.150
1988 412.506 4576784.150 5300047.910
1989 409.993 4576796.160 5300049.680
1990 412.550 4576760.380 5300070.340
1991 409.192 4576774.580 5300080.260
1992 408.190 4576753.350 5300112.360
1993 406.676 4576732.230 5300144.490
1994 405.639 4576711.350 5300176.670
1995 411.197 4576730.590 5300052.110
1996 410.999 4576722.170 5300047.010
1997 411.439 4576734.170 5300059.170
1998 411.834 4576746.670 5300069.590
1999 410.721 4576714.570 5300042.000
2000 411.222 4575969.900 5299820.290
2001 411.222 4575922.020 5299790.360
2002 411.222 4575872.580 5299785.890
2003 411.223 4575823.370 5299789.420
2004 411.224 4575773.680 5299785.820
2005 411.227 4575724.680 5299786.500
2006 411.001 4575674.850 5299772.760
2007 411.000 4575624.850 5299772.760
2008 411.229 4575567.440 5299738.270
2009 411.000 4575574.850 5299772.760
2010 411.863 4576983.900 5299959.640
2011 411.872 4576978.060 5299973.530
2012 411.873 4576969.040 5299985.170
2013 412.060 4576965.710 5300000.970
2014 412.066 4576962.790 5300011.910
2015 412.360 4576962.930 5300017.420
2016 411.845 4576939.590 5300028.310
2017 411.870 4576936.620 5300034.970
2018 412.349 4576966.820 5300049.090
2019 413.106 4576999.400 5300074.520
2020 415.390 4577029.850 5300080.590
2021 417.451 4577041.100 5300083.590
2022 412.371 4576983.000 5300058.630
2023 412.348 4576949.210 5300067.760
2024 412.340 4576970.120 5300050.650
2025 412.365 4576951.950 5300068.060
2026 412.570 4576986.310 5300082.340
2027 412.314 4576988.890 5300062.330
2028 408.200 4576957.060 5299984.630
2029 405.974 4576931.370 5300010.800
2030 404.951 4576904.270 5300036.020
2031 403.326 4576875.440 5300062.420
2032 403.018 4576847.220 5300089.260
2033 402.590 4576816.220 5300113.880
2034 402.366 4576785.100 5300138.160
2035 402.677 4576753.760 5300162.020
2036 402.932 4576722.260 5300185.530
2037 404.164 4576690.600 5300208.660
2038 410.715 4576772.410 5300077.500
2039 412.340 4576751.780 5300082.280
2040 409.313 4576751.200 5300109.820
2041 407.885 4576730.080 5300142.080
2042 406.923 4576708.730 5300173.920
2043 405.128 4576688.060 5300206.150
2044 411.360 4576722.750 5300053.780
2045 411.438 4576733.250 5300063.320
2046 411.754 4576739.460 5300077.850
2047 412.580 4576737.900 5300103.050
2048 410.797 4576700.930 5300054.360
2049 410.765 4576695.170 5300061.390
2050 409.792 4576697.410 5300034.160
2051 411.222 4575926.530 5299830.210
2052 411.023 4575874.850 5299822.760
2053 411.000 4575824.850 5299822.760
2054 411.001 4575774.850 5299822.760
2055 411.000 4575724.850 5299822.760
2056 411.000 4575674.850 5299822.760
2057 411.000 4575624.850 5299822.760
2058 411.229 4575535.000 5299768.790
2059 411.000 4575574.850 5299822.760
2060 410.998 4576961.660 5299987.720
2061 411.820 4576946.730 5300015.210
2062 411.834 4576945.590 5300017.680
2063 411.826 4576941.780 5300021.230
2064 411.794 4576937.400 5300028.720
2065 411.820 4576936.690 5300030.970
2066 411.790 4576925.800 5300053.290
2067 411.952 4576930.420 5300042.600
2068 411.836 4576933.770 5300035.830
2069 412.135 4576931.980 5300056.400
2070 412.126 4576936.540 5300059.140
2071 411.712 4576923.970 5300050.470
2072 411.708 4576923.340 5300053.770
2073 412.310 4576924.240 5300056.760
2074 413.393 4576982.370 5300097.760
2075 414.904 4577016.640 5300097.810
2076 413.430 4576987.930 5300094.610
2077 414.844 4577020.570 5300105.470
2078 415.408 4576996.780 5300122.690
2079 412.412 4576942.510 5300079.910
2080 412.379 4576966.110 5300076.940
2081 412.361 4576951.300 5300069.080
2082 412.380 4576954.280 5300068.980
2083 412.309 4576969.950 5300079.360
2084 412.302 4576958.090 5300089.700
2085 413.275 4576977.150 5300100.920
2086 412.342 4576937.670 5300090.260
2087 412.176 4576907.020 5300101.440
2088 412.331 4576922.660 5300106.310
2089 408.148 4576936.700 5300014.370
2090 405.505 4576910.020 5300039.780
2091 404.709 4576881.120 5300066.110
2092 403.342 4576853.110 5300093.120
2093 402.988 4576824.530 5300119.690
2094 402.480 4576793.450 5300144.130
2095 402.158 4576762.260 5300168.240
2096 402.681 4576730.830 5300191.910
2097 402.727 4576699.250 5300215.230
2098 404.317 4576667.500 5300238.170
2099 410.720 4576748.980 5300107.060
2100 411.550 4576732.350 5300114.510
2101 412.010 4576727.620 5300118.870
2102 411.602 4576721.530 5300128.780
2103 411.316 4576717.740 5300137.440
2104 411.763 4576713.820 5300138.700
2105 409.029 4576727.870 5300139.590
2106 408.172 4576706.380 5300171.450
2107 406.860 4576685.220 5300203.340
2108 405.063 4576664.770 5300235.620
2109 411.690 4576702.190 5300085.430
2110 411.385 4576713.880 5300103.380
2111 411.855 4576708.900 5300128.900
2112 412.050 4576717.570 5300121.700
2113 411.686 4576670.030 5300085.820
2114 411.160 4576682.730 5300054.080
2115 413.220 4576676.460 5300069.980
2116 409.604 4576695.610 5300030.460
2117 411.220 4575901.230 5299870.370
2118 411.319 4575974.850 5299922.760
2119 411.199 4575999.370 5299933.250
2120 411.000 4575874.850 5299872.760
2121 411.000 4575824.850 5299872.760
2122 411.000 4575774.850 5299872.760
2123 411.000 4575724.850 5299872.760
2124 411.000 4575674.850 5299872.760
2125 411.000 4575624.850 5299872.760
2126 411.230 4575527.610 5299813.190
2127 411.000 4575574.850 5299872.760
2128 411.231 4575501.160 5299852.120
2129 411.185 4576941.620 5300017.650
2130 411.791 4576931.930 5300036.550
2131 411.732 4576925.160 5300047.120
2132 411.756 4576930.500 5300038.790
2133 412.130 4576924.000 5300070.760
2134 412.042 4576928.710 5300072.060
2135 412.410 4576931.930 5300074.900
2136 412.439 4576930.830 5300103.610
2137 411.684 4576921.020 5300052.070
2138 411.730 4576921.460 5300055.560
2139 411.798 4576920.710 5300057.930
2140 411.890 4576919.680 5300060.180
2141 412.427 4576919.540 5300067.710
2142 412.417 4576917.430 5300069.900
2143 412.200 4576907.000 5300098.970
2144 412.230 4576902.870 5300103.380
2145 412.230 4576894.060 5300106.020
2146 415.102 4576995.030 5300120.700
2147 418.387 4576992.420 5300130.270
2148 417.675 4576995.940 5300131.720
2149 412.343 4576954.510 5300089.630
2150 412.150 4576960.430 5300091.210
2151 413.279 4576974.540 5300102.500
2152 412.204 4576897.660 5300108.670
2153 412.256 4576899.860 5300105.780
2154 412.437 4576934.990 5300101.790
2155 412.222 4576904.650 5300104.650
2156 412.256 4576920.810 5300108.800
2157 412.452 4576927.930 5300110.250
2158 412.297 4576921.550 5300111.960
2159 412.494 4576926.010 5300112.690
2160 407.946 4576915.450 5300043.330
2161 405.732 4576886.620 5300069.670
2162 405.074 4576859.150 5300097.080
2163 403.371 4576830.190 5300123.470
2164 402.947 4576801.830 5300150.120
2165 402.345 4576770.670 5300174.380
2166 401.943 4576739.410 5300198.310
2167 402.688 4576707.900 5300221.800
2168 402.558 4576676.240 5300244.930
2169 404.012 4576644.400 5300267.680
2170 410.699 4576725.620 5300136.910
2171 412.010 4576705.140 5300146.490
2172 411.154 4576717.340 5300140.850
2173 411.615 4576698.600 5300159.110
2174 411.597 4576700.700 5300152.390
2175 411.316 4576697.950 5300163.770
2176 409.577 4576703.970 5300168.910
2177 408.212 4576682.680 5300200.820
2178 407.059 4576661.720 5300232.770
2179 405.295 4576641.490 5300265.100
2180 411.296 4576683.840 5300160.070
2181 411.468 4576705.000 5300120.080
2182 411.565 4576662.570 5300096.070
2183 408.791 4576655.510 5300067.540
2184 408.920 4576666.750 5300052.810
2185 408.910 4576671.240 5300024.880
2186 408.983 4576675.770 5300017.770
2187 411.210 4575905.340 5299918.920
2188 411.199 4575934.880 5299938.330
2189 411.001 4575974.850 5299972.760
2190 411.199 4576001.110 5299980.750
2191 411.000 4575874.850 5299922.760
2192 411.000 4575824.850 5299922.760
2193 411.000 4575774.850 5299922.760
2194 411.000 4575724.850 5299922.760
2195 411.000 4575674.850 5299922.760
2196 411.000 4575624.850 5299922.760
2197 411.000 4575524.850 5299872.760
2198 411.000 4575574.850 5299922.760
2199 411.231 4575487.210 5299897.050
2200 411.210 4576920.500 5300046.620
2201 412.780 4576917.230 5300086.150
2202 411.850 4576918.200 5300058.660
2203 412.205 4576916.900 5300065.590
2204 412.320 4576914.490 5300071.090
2205 411.671 4576897.540 5300113.630
2206 411.915 4576894.380 5300117.630
2207 412.337 4576895.190 5300102.280
2208 412.234 4576893.040 5300105.280
2209 412.094 4576891.730 5300109.200
2210 415.677 4576969.750 5300122.000
2211 419.541 4576983.180 5300144.350
2212 415.340 4576959.160 5300119.380
2213 411.871 4576895.170 5300118.240
2214 411.500 4576900.250 5300115.760
2215 411.776 4576896.480 5300119.240
2216 412.982 4576933.600 5300122.440
2217 411.844 4576908.400 5300122.150
2218 412.377 4576916.710 5300118.730
2219 412.510 4576927.180 5300118.880
2220 411.781 4576903.180 5300124.490
2221 411.924 4576906.840 5300124.140
2222 413.502 4576939.230 5300131.960
2223 411.981 4576893.970 5300118.800
2224 412.064 4576878.080 5300135.580
2225 408.092 4576891.800 5300073.030
2226 406.409 4576864.970 5300100.890
2227 404.729 4576835.990 5300127.340
2228 403.400 4576807.420 5300153.700
2229 402.903 4576779.130 5300180.550
2230 402.184 4576747.900 5300204.620
2231 401.743 4576716.570 5300228.390
2232 402.645 4576684.970 5300251.690
2233 402.373 4576653.220 5300274.640
2234 403.421 4576621.290 5300297.200
2235 410.817 4576701.530 5300166.160
2236 411.331 4576683.610 5300179.130
2237 411.119 4576672.890 5300182.570
2238 412.130 4576656.400 5300188.660
2239 411.875 4576654.980 5300200.090
2240 410.127 4576680.060 5300198.220
2241 408.320 4576658.980 5300230.190
2242 407.255 4576638.230 5300262.200
2243 405.406 4576618.210 5300294.570
2244 411.210 4576648.820 5300164.520
2245 411.083 4576632.950 5300171.550
2246 411.130 4576657.090 5300148.660
2247 411.600 4576653.780 5300108.590
2248 408.798 4576642.420 5300086.430
2249 408.700 4576620.540 5300026.430
2250 411.000 4575924.850 5299972.760
2251 411.000 4575974.850 5300022.760
2252 411.199 4576002.650 5300029.190
2253 411.057 4575874.850 5299972.760
2254 411.269 4575824.850 5299972.760
2255 411.000 4575774.850 5299972.760
2256 411.000 4575724.850 5299972.760
2257 411.000 4575674.850 5299972.760
2258 411.000 4575624.850 5299972.760
2259 411.000 4575574.850 5299972.760
2260 411.000 4575524.850 5299922.760
2261 411.403 4575474.850 5299922.760
2262 410.578 4576896.630 5300076.160
2263 412.063 4576892.390 5300117.580
2264 412.156 4576889.460 5300102.710
2265 412.031 4576887.150 5300105.910
2266 412.072 4576880.170 5300127.110
2267 411.958 4576875.290 5300133.420
2268 415.968 4576961.980 5300140.100
2269 417.021 4576968.620 5300154.920
2270 414.030 4576946.850 5300137.170
2271 411.856 4576895.760 5300120.170
2272 411.836 4576899.920 5300123.770
2273 411.917 4576902.290 5300125.640
2274 412.964 4576922.970 5300130.810
2275 412.031 4576905.270 5300126.140
2276 413.691 4576925.770 5300140.150
2277 411.979 4576887.020 5300124.380
2278 412.180 4576883.220 5300137.290
2279 412.191 4576881.520 5300139.460
2280 412.086 4576875.800 5300138.530
2281 411.999 4576865.000 5300140.490
2282 408.590 4576870.440 5300104.470
2283 406.550 4576841.560 5300131.040
2284 404.348 4576813.130 5300157.330
2285 403.383 4576784.480 5300184.190
2286 402.855 4576756.430 5300210.990
2287 401.994 4576725.120 5300234.870
2288 401.596 4576693.720 5300258.460
2289 402.552 4576662.040 5300281.580
2290 402.207 4576630.210 5300304.340
2291 403.142 4576598.190 5300326.710
2292 411.435 4576626.070 5300192.880
2293 410.929 4576677.440 5300195.420
2294 411.188 4576669.000 5300202.130
2295 412.067 4576649.790 5300218.250
2296 411.202 4576658.640 5300214.340
2297 411.678 4576633.690 5300215.230
2298 411.385 4576647.320 5300225.750
2299 411.689 4576624.380 5300242.640
2300 410.507 4576656.160 5300227.550
2301 408.785 4576635.290 5300259.570
2302 407.074 4576614.730 5300291.630
2303 405.517 4576594.920 5300324.050
2304 411.052 4576624.410 5300172.790
2305 411.501 4576636.600 5300127.790
2306 409.354 4576634.800 5300112.300
2307 408.700 4576594.360 5300048.230
2308 411.000 4575924.850 5300022.760
2309 411.197 4575969.800 5300053.240
2310 411.403 4575874.850 5300022.760
2311 411.589 4575824.850 5300022.760
2312 411.000 4575774.850 5300022.760
2313 411.000 4575724.850 5300022.760
2314 411.000 4575674.850 5300022.760
2315 411.000 4575624.850 5300022.760
2316 411.000 4575574.850 5300022.760
2317 411.000 4575524.850 5300022.760
2318 411.000 4575524.850 5299972.760
2319 411.233 4575484.280 5299944.460
2320 411.892 4576875.540 5300107.800
2321 411.902 4576863.030 5300130.590
2322 411.854 4576858.250 5300135.040
2323 414.951 4576954.030 5300165.470
2324 415.524 4576933.900 5300159.800
2325 412.101 4576894.650 5300130.460
2326 413.650 4576922.150 5300140.100
2327 412.196 4576885.650 5300139.080
2328 412.120 4576889.410 5300134.290
2329 412.153 4576879.820 5300141.630
2330 412.108 4576872.200 5300146.190
2331 411.961 4576859.680 5300147.290
2332 412.101 4576865.090 5300151.570
2333 412.163 4576867.490 5300152.160
2334 408.783 4576846.780 5300134.510
2335 406.518 4576818.590 5300160.810
2336 404.511 4576789.930 5300187.890
2337 403.366 4576761.650 5300214.700
2338 402.807 4576733.730 5300241.420
2339 401.814 4576702.350 5300265.120
2340 401.471 4576670.880 5300288.540
2341 402.434 4576639.110 5300311.470
2342 402.001 4576607.200 5300334.040
2343 403.034 4576577.650 5300353.070
2344 411.488 4576617.180 5300234.900
2345 411.460 4576614.320 5300200.050
2346 411.595 4576617.590 5300219.430
2347 411.540 4576600.340 5300191.690
2348 410.986 4576653.350 5300224.680
2349 411.807 4576634.410 5300236.610
2350 411.447 4576639.460 5300234.830
2351 411.499 4576627.550 5300246.640
2352 411.542 4576609.480 5300242.140
2353 411.531 4576613.960 5300253.280
2354 411.663 4576617.290 5300255.490
2355 410.569 4576632.260 5300256.880
2356 409.255 4576611.590 5300288.950
2357 406.973 4576591.240 5300321.060
2358 405.386 4576575.150 5300349.840
2359 411.241 4576601.040 5300184.550
2360 408.700 4576585.050 5300082.300
2361 410.921 4576578.010 5300201.940
2362 411.113 4576575.260 5300208.830
2363 411.000 4575924.850 5300072.760
2364 411.185 4575949.800 5300094.740
2365 411.232 4575874.850 5300072.760
2366 411.349 4575824.850 5300072.760
2367 411.002 4575774.850 5300072.760
2368 411.000 4575724.850 5300072.760
2369 411.000 4575674.850 5300072.760
2370 411.000 4575624.850 5300072.760
2371 411.000 4575574.850 5300072.760
2372 411.000 4575524.850 5300072.760
2373 411.000 4575474.850 5300022.760
2374 411.248 4575477.630 5299987.040
2375 411.359 4576851.640 5300137.740
2376 415.662 4576920.010 5300190.080
2377 415.397 4576917.730 5300174.050
2378 415.703 4576915.150 5300193.590
2379 413.057 4576886.810 5300152.580
2380 412.524 4576870.500 5300154.660
2381 412.094 4576839.630 5300166.200
2382 412.212 4576861.920 5300155.280
2383 412.260 4576834.220 5300177.190
2384 412.127 4576839.120 5300170.860
2385 412.664 4576865.360 5300158.200
2386 408.988 4576823.690 5300164.050
2387 406.150 4576795.130 5300191.400
2388 404.719 4576766.960 5300218.470
2389 403.349 4576738.680 5300245.050
2390 402.759 4576711.030 5300271.850
2391 401.597 4576679.570 5300295.370
2392 401.368 4576648.030 5300318.610
2393 402.231 4576616.180 5300341.360
2394 401.901 4576586.780 5300360.490
2395 402.825 4576557.110 5300379.420
2396 405.248 4576554.290 5300377.050
2397 411.473 4576592.590 5300230.230
2398 411.199 4576563.250 5300226.580
2399 410.905 4576629.270 5300253.960
2400 411.538 4576620.390 5300258.010
2401 411.435 4576592.110 5300275.060
2402 411.480 4576605.140 5300276.550
2403 410.358 4576608.360 5300286.200
2404 409.651 4576587.900 5300318.330
2405 407.024 4576572.290 5300346.140
2406 408.700 4576524.910 5300169.940
2407 408.980 4576547.860 5300218.790
2408 408.700 4576505.700 5300172.540
2409 411.038 4576309.020 5300146.390
2410 411.000 4575924.850 5300122.760
2411 411.178 4575950.830 5300142.620
2412 411.000 4575874.850 5300122.760
2413 411.000 4575824.850 5300122.760
2414 411.000 4575774.850 5300122.760
2415 411.000 4575724.850 5300122.760
2416 411.000 4575674.850 5300122.760
2417 411.000 4575624.850 5300122.760
2418 411.000 4575574.850 5300122.760
2419 411.000 4575524.850 5300122.760
2420 411.000 4575474.850 5300072.760
2421 411.312 4575432.070 5300003.430
2422 411.000 4575474.850 5300122.760
2423 411.299 4576828.450 5300167.070
2424 415.686 4576910.290 5300197.110
2425 415.712 4576900.570 5300204.140
2426 415.690 4576898.800 5300205.270
2427 412.333 4576807.450 5300207.080
2428 412.841 4576812.550 5300211.830
2429 413.443 4576813.640 5300217.450
2430 415.556 4576916.300 5300179.210
2431 414.137 4576878.580 5300170.250
2432 413.373 4576860.330 5300176.890
2433 411.956 4576829.310 5300183.520
2434 412.950 4576840.590 5300179.840
2435 412.942 4576849.680 5300181.650
2436 414.003 4576869.650 5300179.030
2437 409.015 4576799.970 5300194.670
2438 406.004 4576771.990 5300222.030
2439 404.745 4576743.690 5300248.710
2440 403.325 4576715.680 5300275.530
2441 402.724 4576688.340 5300302.280
2442 401.363 4576656.800 5300325.620
2443 401.234 4576625.190 5300348.690
2444 402.178 4576595.890 5300367.910
2445 401.754 4576566.360 5300386.950
2446 402.833 4576536.580 5300405.780
2447 405.185 4576533.530 5300403.860
2448 406.959 4576551.000 5300374.300
2449 404.716 4576512.970 5300430.390
2450 410.964 4576548.000 5300244.710
2451 410.905 4576605.200 5300283.230
2452 411.260 4576586.340 5300286.960
2453 411.839 4576595.800 5300285.680
2454 410.511 4576584.460 5300315.530
2455 409.224 4576569.630 5300342.680
2456 410.614 4576532.260 5300254.790
2457 409.113 4576532.020 5300238.510
2458 408.700 4576493.440 5300190.950
2459 407.670 4576374.850 5300172.760
2460 409.838 4576324.850 5300172.760
2461 411.039 4576276.490 5300184.380
2462 411.078 4576016.210 5300194.430
2463 411.116 4575980.100 5300180.250
2464 411.000 4575924.850 5300172.760
2465 411.000 4575874.850 5300172.760
2466 411.000 4575824.850 5300172.760
2467 411.000 4575774.850 5300172.760
2468 411.000 4575724.850 5300172.760
2469 411.000 4575674.850 5300172.760
2470 411.000 4575624.850 5300172.760
2471 411.000 4575574.850 5300172.760
2472 411.000 4575524.850 5300172.760
2473 411.000 4575424.850 5300072.760
2474 411.319 4575395.660 5300037.560
2475 411.000 4575474.850 5300172.760
2476 411.000 4575424.850 5300122.760
2477 403.904 4576492.720 5300456.780
2478 411.264 4576804.480 5300197.710
2479 412.500 4576806.940 5300210.640
2480 411.823 4576803.760 5300205.490
2481 412.908 4576793.200 5300237.370
2482 415.690 4576894.900 5300201.560
2483 415.470 4576895.600 5300206.350
2484 415.750 4576896.100 5300208.810
2485 416.290 4576900.100 5300208.880
2486 412.244 4576819.510 5300196.170
2487 414.253 4576833.630 5300229.120
2488 415.350 4576886.920 5300199.130
2489 413.644 4576857.880 5300189.000
2490 413.980 4576868.380 5300192.320
2491 413.930 4576835.640 5300234.770
2492 414.447 4576840.070 5300236.660
2493 417.200 4576815.350 5300251.420
2494 421.850 4576827.280 5300255.630
2495 420.106 4576908.380 5300213.980
2496 408.743 4576776.660 5300225.330
2497 405.930 4576748.410 5300252.170
2498 404.378 4576720.370 5300279.240
2499 403.312 4576692.900 5300306.010
2500 402.671 4576665.640 5300332.710
2501 401.136 4576634.020 5300355.870
2502 401.244 4576605.020 5300375.340
2503 402.049 4576575.600 5300394.460
2504 401.631 4576545.940 5300413.400
2505 402.639 4576516.040 5300432.140
2506 406.754 4576529.910 5300401.590
2507 408.650 4576547.850 5300371.640
2508 406.702 4576509.240 5300428.270
2509 406.576 4576489.230 5300454.640
2510 411.512 4576572.210 5300306.800
2511 411.320 4576539.030 5300266.640
2512 410.700 4576522.960 5300270.370
2513 411.548 4576566.260 5300317.600
2514 410.983 4576581.120 5300312.500
2515 410.181 4576566.940 5300339.200
2516 408.910 4576506.890 5300274.090
2517 408.700 4576488.890 5300212.600
2518 407.683 4576424.850 5300222.760
2519 407.742 4576374.850 5300222.760
2520 407.996 4576324.850 5300222.760
2521 410.061 4576274.850 5300222.760
2522 411.038 4576244.010 5300222.400
2523 411.039 4576142.380 5300235.440
2524 411.039 4576109.090 5300204.290
2525 411.051 4576063.570 5300206.690
2526 411.000 4576024.850 5300222.760
2527 411.000 4575974.850 5300222.760
2528 411.000 4575924.850 5300222.760
2529 411.000 4575874.850 5300222.760
2530 411.000 4575824.850 5300222.760
2531 411.000 4575774.850 5300222.760
2532 411.000 4575724.850 5300222.760
2533 411.000 4575674.850 5300222.760
2534 411.000 4575624.850 5300222.760
2535 411.000 4575574.850 5300222.760
2536 411.000 4575524.850 5300222.760
2537 411.319 4575370.580 5300078.660
2538 411.000 4575474.850 5300222.760
2539 411.000 4575424.850 5300172.760
2540 411.000 4575374.850 5300122.760
2541 402.863 4576472.860 5300483.140
2542 402.221 4576495.500 5300458.490
2543 411.287 4576781.020 5300228.400
2544 412.833 4576778.640 5300262.090
2545 412.827 4576774.310 5300268.270
2546 415.158 4576888.170 5300205.890
2547 414.848 4576882.220 5300201.870
2548 415.970 4576892.030 5300212.740
2549 416.700 4576903.180 5300210.670
2550 414.611 4576841.090 5300230.090
2551 414.209 4576872.150 5300197.830
2552 414.860 4576839.550 5300239.830
2553 414.619 4576843.080 5300236.430
2554 422.301 4576818.790 5300267.430
2555 422.381 4576816.850 5300270.240
2556 423.410 4576839.280 5300255.830
2557 423.800 4576907.890 5300221.010
2558 424.100 4576911.910 5300220.080
2559 429.430 4576957.670 5300266.940
2560 409.202 4576752.790 5300255.360
2561 405.958 4576724.770 5300282.720
2562 404.226 4576697.480 5300309.760
2563 403.277 4576669.830 5300336.140
2564 402.607 4576642.940 5300363.140
2565 401.433 4576614.010 5300382.650
2566 401.236 4576584.860 5300402.000
2567 401.927 4576555.310 5300421.020
2568 401.514 4576525.530 5300439.850
2569 406.297 4576470.150 5300480.940
2570 408.454 4576526.320 5300399.330
2571 410.242 4576544.720 5300369.020
2572 408.441 4576505.410 5300426.100
2573 408.381 4576485.540 5300452.360
2574 411.507 4576568.630 5300309.970
2575 411.363 4576510.470 5300288.580
2576 411.415 4576561.510 5300323.760
2577 410.638 4576564.310 5300335.450
2578 407.707 4576474.850 5300272.760
2579 407.755 4576424.850 5300272.760
2580 407.815 4576374.850 5300272.760
2581 407.874 4576324.850 5300272.760
2582 409.061 4576274.850 5300272.760
2583 411.037 4576211.840 5300260.690
2584 411.039 4576173.620 5300271.670
2585 410.485 4576124.850 5300272.760
2586 410.589 4576074.850 5300272.760
2587 411.000 4576024.850 5300272.760
2588 411.000 4575974.850 5300272.760
2589 410.990 4575924.850 5300272.760
2590 410.999 4575874.850 5300272.760
2591 411.000 4575824.850 5300272.760
2592 411.000 4575774.850 5300272.760
2593 410.997 4575724.850 5300272.760
2594 410.909 4575674.850 5300272.760
2595 410.489 4575624.850 5300272.760
2596 410.485 4575574.850 5300272.760
2597 410.737 4575524.850 5300272.760
2598 411.451 4575327.430 5300098.440
2599 410.436 4575474.850 5300272.760
2600 410.754 4575424.850 5300222.760
2601 410.794 4575374.850 5300172.760
2602 410.884 4575324.850 5300122.760
2603 403.074 4576447.340 5300513.820
2604 401.801 4576474.960 5300484.850
2605 401.450 4576505.110 5300466.300
2606 410.719 4576756.870 5300258.330
2607 412.885 4576752.800 5300280.460
2608 421.489 4576768.510 5300311.810
2609 420.650 4576742.040 5300326.170
2610 420.180 4576735.710 5300345.060
2611 415.870 4576883.970 5300216.600
2612 424.300 4576903.830 5300224.940
2613 416.410 4576865.710 5300231.290
2614 423.844 4576860.170 5300251.120
2615 423.024 4576838.380 5300283.190
2616 422.440 4576808.360 5300308.310
2617 421.781 4576793.620 5300320.580
2618 423.177 4576850.570 5300273.450
2619 424.219 4576906.830 5300226.520
2620 429.946 4576949.460 5300272.680
2621 421.520 4576786.020 5300327.930
2622 424.350 4576789.850 5300329.860
2623 408.753 4576728.830 5300285.920
2624 405.960 4576701.760 5300313.250
2625 403.734 4576674.020 5300339.580
2626 403.217 4576647.280 5300366.670
2627 402.574 4576623.060 5300390.030
2628 401.601 4576593.990 5300409.430
2629 401.362 4576564.690 5300428.650
2630 401.762 4576535.020 5300447.570
2631 406.475 4576444.560 5300511.550
2632 407.274 4576467.170 5300478.510
2633 410.085 4576522.850 5300397.150
2634 410.233 4576541.570 5300366.150
2635 409.947 4576501.800 5300424.050
2636 409.625 4576482.140 5300450.270
2637 410.357 4576524.850 5300322.760
2638 411.470 4576541.640 5300346.710
2639 410.100 4576474.850 5300322.760
2640 407.828 4576424.850 5300322.760
2641 407.887 4576374.850 5300322.760
2642 407.947 4576324.850 5300322.760
2643 408.014 4576274.850 5300322.760
2644 409.967 4576224.850 5300322.760
2645 410.082 4576174.850 5300322.760
2646 409.485 4576124.850 5300322.760
2647 409.888 4576074.850 5300322.760
2648 410.485 4576024.850 5300322.760
2649 410.483 4575974.850 5300322.760
2650 410.485 4575924.850 5300322.760
2651 410.485 4575874.850 5300322.760
2652 410.492 4575824.850 5300322.760
2653 410.478 4575774.850 5300322.760
2654 410.485 4575724.850 5300322.760
2655 410.169 4575674.850 5300322.760
2656 410.000 4575624.850 5300322.760
2657 410.000 4575574.850 5300322.760
2658 409.880 4575524.850 5300322.760
2659 411.472 4575279.180 5300103.730
2660 411.476 4575248.320 5300142.720
2661 409.452 4575474.850 5300322.760
2662 410.717 4575424.850 5300272.760
2663 410.689 4575374.850 5300222.760
2664 410.729 4575324.850 5300172.760
2665 403.262 4576421.910 5300544.570
2666 401.869 4576449.730 5300515.770
2667 401.389 4576484.690 5300492.760
2668 401.763 4576514.730 5300474.120
2669 412.834 4576744.690 5300302.930
2670 410.422 4576732.620 5300288.900
2671 419.390 4576740.090 5300323.130
2672 412.183 4576712.320 5300330.740
2673 411.925 4576709.180 5300329.640
2674 411.627 4576705.280 5300330.480
2675 411.697 4576703.100 5300333.850
2676 420.818 4576768.580 5300344.770
2677 419.972 4576730.520 5300356.970
2678 412.662 4576710.670 5300341.830
2679 417.889 4576725.140 5300365.130
2680 424.142 4576888.090 5300233.800
2681 423.510 4576865.200 5300257.570
2682 426.850 4576840.360 5300289.400
2683 427.134 4576809.860 5300318.410
2684 426.983 4576859.670 5300274.580
2685 430.026 4576941.350 5300278.570
2686 424.063 4576775.510 5300346.160
2687 408.765 4576705.690 5300316.460
2688 405.694 4576677.920 5300342.770
2689 403.759 4576651.600 5300370.190
2690 403.100 4576627.900 5300393.890
2691 402.448 4576603.190 5300416.910
2692 401.835 4576573.980 5300436.200
2693 401.573 4576544.520 5300455.310
2694 406.549 4576419.190 5300542.340
2695 407.839 4576441.290 5300508.870
2696 409.144 4576464.500 5300476.330
2697 406.496 4576394.100 5300573.380
2698 410.129 4576519.240 5300394.720
2699 409.973 4576497.950 5300421.740
2700 409.831 4576478.430 5300447.900
2701 410.180 4576474.850 5300372.760
2702 409.927 4576424.850 5300372.760
2703 407.960 4576374.850 5300372.760
2704 408.019 4576324.850 5300372.760
2705 408.078 4576274.850 5300372.760
2706 408.559 4576224.850 5300372.760
2707 409.241 4576174.850 5300372.760
2708 408.658 4576124.850 5300372.760
2709 408.888 4576074.850 5300372.760
2710 409.782 4576024.850 5300372.760
2711 410.000 4575974.850 5300372.760
2712 409.659 4575924.850 5300372.760
2713 409.592 4575874.850 5300372.760
2714 410.000 4575824.850 5300372.760
2715 410.000 4575774.850 5300372.760
2716 409.724 4575724.850 5300372.760
2717 409.485 4575674.850 5300372.760
2718 409.747 4575624.850 5300372.760
2719 408.049 4575574.850 5300372.760
2720 409.185 4575524.850 5300372.760
2721 411.478 4575248.730 5300178.130
2722 409.586 4575474.850 5300372.760
2723 410.997 4575274.850 5300172.760
2724 410.550 4575424.850 5300322.760
2725 410.783 4575374.850 5300272.760
2726 410.824 4575324.850 5300222.760
2727 413.627 4574966.160 5300044.040
2728 413.634 4574982.900 5300080.670
2729 403.411 4576396.620 5300575.440
2730 401.925 4576424.500 5300546.690
2731 401.405 4576459.470 5300523.720
2732 401.731 4576494.440 5300500.680
2733 401.772 4576524.360 5300481.960
2734 410.687 4576709.360 5300319.440
2735 412.245 4576697.320 5300352.010
2736 411.562 4576702.520 5300331.160
2737 411.929 4576700.800 5300340.870
2738 412.118 4576693.820 5300354.380
2739 411.967 4576691.220 5300353.690
2740 411.913 4576690.020 5300355.300
2741 420.977 4576731.040 5300393.470
2742 412.629 4576699.170 5300356.820
2743 430.003 4576933.250 5300284.470
2744 417.535 4576726.540 5300409.970
2745 407.266 4576681.480 5300345.680
2746 405.919 4576655.590 5300373.440
2747 405.069 4576632.700 5300397.740
2748 402.967 4576608.150 5300420.880
2749 402.257 4576583.310 5300443.800
2750 402.009 4576553.960 5300462.980
2751 406.294 4576369.190 5300604.550
2752 409.741 4576461.510 5300473.840
2753 408.133 4576415.770 5300539.540
2754 409.518 4576438.350 5300506.460
2755 408.088 4576390.710 5300570.590
2756 408.798 4576474.850 5300422.760
2757 409.741 4576459.080 5300471.900
2758 410.003 4576424.850 5300422.760
2759 409.614 4576374.850 5300422.760
2760 408.091 4576324.850 5300422.760
2761 408.151 4576274.850 5300422.760
2762 408.210 4576224.850 5300422.760
2763 409.000 4576174.850 5300422.760
2764 408.597 4576124.850 5300422.760
2765 408.403 4576074.850 5300422.760
2766 409.408 4576024.850 5300422.760
2767 410.000 4575974.850 5300422.760
2768 409.922 4575924.850 5300422.760
2769 409.729 4575874.850 5300422.760
2770 409.859 4575824.850 5300422.760
2771 409.857 4575774.850 5300422.760
2772 409.392 4575724.850 5300422.760
2773 409.001 4575674.850 5300422.760
2774 409.279 4575624.850 5300422.760
2775 409.276 4575574.850 5300422.760
2776 410.414 4575524.850 5300422.760
2777 413.342 4575034.150 5300143.810
2778 411.484 4575234.040 5300218.080
2779 410.702 4575474.850 5300422.760
2780 410.657 4575424.850 5300372.760
2781 411.026 4575274.850 5300222.760
2782 411.111 4575374.850 5300322.760
2783 410.921 4575324.850 5300272.760
2784 412.648 4575164.410 5300191.520
2785 412.662 4575127.590 5300165.960
2786 412.457 4575171.190 5300228.380
2787 413.634 4574917.680 5300031.770
2788 412.963 4574924.850 5300072.760
2789 413.565 4574991.200 5300119.620
2790 405.954 4576344.470 5300635.870
2791 403.536 4576371.420 5300606.380
2792 401.993 4576399.270 5300577.620
2793 401.421 4576434.240 5300554.680
2794 401.789 4576469.220 5300531.670
2795 401.972 4576504.190 5300508.620
2796 401.974 4576533.950 5300489.750
2797 410.427 4576684.800 5300348.390
2798 412.257 4576694.060 5300357.060
2799 411.693 4576685.280 5300355.500
2800 419.963 4576715.670 5300414.670
2801 412.727 4576675.320 5300426.560
2802 419.500 4576680.090 5300463.340
2803 412.660 4576672.250 5300428.980
2804 417.486 4576675.960 5300462.010
2805 407.730 4576659.230 5300376.400
2806 406.183 4576637.180 5300401.330
2807 405.017 4576613.060 5300424.800
2808 402.783 4576588.050 5300447.600
2809 402.124 4576563.430 5300470.690
2810 407.884 4576365.950 5300601.880
2811 409.689 4576435.100 5300503.710
2812 409.574 4576412.660 5300536.990
2813 409.543 4576387.600 5300568.040
2814 409.922 4576424.850 5300472.760
2815 409.826 4576374.850 5300472.760
2816 408.805 4576324.850 5300472.760
2817 407.539 4576341.500 5300633.410
2818 408.223 4576274.850 5300472.760
2819 408.282 4576224.850 5300472.760
2820 409.000 4576174.850 5300472.760
2821 408.597 4576124.850 5300472.760
2822 408.403 4576074.850 5300472.760
2823 409.091 4576024.850 5300472.760
2824 409.538 4575974.850 5300472.760
2825 410.000 4575924.850 5300472.760
2826 409.597 4575874.850 5300472.760
2827 409.091 4575824.850 5300472.760
2828 409.109 4575774.850 5300472.760
2829 408.612 4575724.850 5300472.760
2830 408.770 4575674.850 5300472.760
2831 409.176 4575624.850 5300472.760
2832 409.095 4575574.850 5300472.760
2833 409.372 4575524.850 5300472.760
2834 412.893 4575080.550 5300161.750
2835 413.074 4575024.850 5300172.760
2836 411.543 4575249.010 5300248.800
2837 407.052 4575474.850 5300472.760
2838 410.889 4575424.850 5300422.760
2839 411.170 4575374.850 5300372.760
2840 411.194 4575274.850 5300272.760
2841 410.830 4575324.850 5300322.760
2842 411.909 4575124.850 5300222.760
2843 412.362 4575163.410 5300267.210
2844 413.791 4574868.500 5300039.360
2845 413.480 4574874.850 5300072.760
2846 413.005 4574924.850 5300122.760
2847 416.116 4574974.850 5300172.760
2848 405.652 4576293.130 5300691.620
2849 405.833 4576318.760 5300663.700
2850 403.661 4576346.340 5300637.410
2851 402.066 4576374.040 5300608.540
2852 401.437 4576409.020 5300585.640
2853 401.848 4576444.010 5300562.670
2854 402.001 4576478.980 5300539.650
2855 402.020 4576513.930 5300516.530
2856 401.996 4576543.560 5300497.570
2857 411.047 4576662.620 5300379.160
2858 411.869 4576637.580 5300427.330
2859 411.878 4576635.100 5300430.470
2860 412.246 4576639.240 5300431.560
2861 412.170 4576672.320 5300424.980
2862 411.880 4576644.930 5300414.010
2863 412.008 4576640.230 5300426.870
2864 412.544 4576666.880 5300436.640
2865 412.754 4576663.590 5300443.500
2866 417.655 4576667.620 5300455.560
2867 409.997 4576641.250 5300404.590
2868 406.910 4576617.690 5300428.510
2869 404.739 4576592.710 5300451.340
2870 403.135 4576568.020 5300474.380
2871 409.462 4576362.950 5300599.410
2872 409.638 4576409.280 5300534.100
2873 409.587 4576384.270 5300565.160
2874 409.810 4576374.850 5300522.760
2875 409.681 4576324.850 5300522.760
2876 409.275 4576338.750 5300631.130
2877 407.672 4576315.700 5300661.060
2878 408.651 4576274.850 5300522.760
2879 407.704 4576290.050 5300688.870
2880 405.634 4576267.610 5300719.640
2881 408.355 4576224.850 5300522.760
2882 409.000 4576174.850 5300522.760
2883 408.932 4576124.850 5300522.760
2884 408.863 4576074.850 5300522.760
2885 409.000 4576024.850 5300522.760
2886 409.403 4575974.850 5300522.760
2887 410.000 4575924.850 5300522.760
2888 409.597 4575874.850 5300522.760
2889 409.000 4575824.850 5300522.760
2890 409.001 4575774.850 5300522.760
2891 408.651 4575724.850 5300522.760
2892 409.247 4575674.850 5300522.760
2893 410.053 4575624.850 5300522.760
2894 408.991 4575574.850 5300522.760
2895 407.197 4575524.850 5300522.760
2896 412.570 4575074.850 5300222.760
2897 412.812 4575024.850 5300222.760
2898 411.783 4575220.930 5300289.210
2899 407.846 4575474.850 5300522.760
2900 410.924 4575424.850 5300472.760
2901 411.238 4575374.850 5300422.760
2902 411.345 4575324.850 5300372.760
2903 410.960 4575274.850 5300322.760
2904 412.114 4575175.890 5300301.660
2905 411.976 4575124.850 5300272.760
2906 413.914 4574824.850 5300072.760
2907 413.198 4574874.850 5300122.760
2908 412.803 4574924.850 5300172.760
2909 413.139 4574974.850 5300222.760
2910 405.432 4576242.260 5300747.810
2911 403.385 4576295.510 5300693.770
2912 403.527 4576320.900 5300665.570
2913 402.138 4576348.810 5300639.460
2914 401.453 4576383.800 5300616.600
2915 401.907 4576418.790 5300593.670
2916 402.023 4576453.770 5300570.680
2917 401.975 4576488.730 5300547.600
2918 401.913 4576523.680 5300524.460
2919 403.229 4576547.930 5300501.110
2920 411.411 4576645.090 5300407.650
2921 411.807 4576631.280 5300431.280
2922 412.016 4576635.270 5300433.160
2923 412.396 4576642.240 5300434.630
2924 412.078 4576649.860 5300437.100
2925 412.025 4576656.260 5300441.920
2926 412.180 4576659.970 5300444.770
2927 414.665 4576663.880 5300450.110
2928 410.580 4576621.880 5300431.860
2929 406.837 4576597.170 5300454.920
2930 404.794 4576572.510 5300478.000
2931 403.224 4576270.180 5300722.030
2932 409.538 4576359.800 5300596.640
2933 408.780 4576372.040 5300568.970
2934 409.729 4576324.850 5300572.760
2935 409.491 4576335.900 5300628.560
2936 409.492 4576334.090 5300627.200
2937 409.330 4576312.710 5300658.480
2938 409.585 4576274.850 5300572.760
2939 409.321 4576286.900 5300686.050
2940 407.618 4576264.580 5300716.860
2941 408.583 4576224.850 5300572.760
2942 407.429 4576239.370 5300745.080
2943 409.343 4576174.850 5300572.760
2944 409.329 4576124.850 5300572.760
2945 409.515 4576074.850 5300572.760
2946 409.515 4576024.850 5300572.760
2947 409.850 4575974.850 5300572.760
2948 410.000 4575924.850 5300572.760
2949 409.764 4575874.850 5300572.760
2950 409.355 4575824.850 5300572.760
2951 407.300 4575774.850 5300572.760
2952 408.575 4575724.850 5300572.760
2953 408.702 4575674.850 5300572.760
2954 409.273 4575624.850 5300572.760
2955 409.377 4575574.850 5300572.760
2956 411.102 4575524.850 5300572.760
2957 412.317 4575074.850 5300272.760
2958 412.427 4575024.850 5300272.760
2959 411.104 4575224.850 5300322.760
2960 411.227 4575474.850 5300572.760
2961 410.651 4575424.850 5300522.760
2962 411.180 4575374.850 5300472.760
2963 411.256 4575324.850 5300422.760
2964 411.433 4575274.850 5300372.760
2965 411.615 4575174.850 5300322.760
2966 411.911 4575124.850 5300322.760
2967 413.620 4574824.850 5300122.760
2968 413.069 4574874.850 5300172.760
2969 412.788 4574924.850 5300222.760
2970 412.055 4574974.850 5300272.760
2971 404.444 4576217.250 5300776.280
2972 403.037 4576244.940 5300750.380
2973 401.894 4576298.450 5300696.420
2974 402.022 4576323.630 5300667.940
2975 401.468 4576358.580 5300647.560
2976 401.964 4576393.580 5300624.670
2977 402.034 4576428.560 5300601.710
2978 401.930 4576463.530 5300578.670
2979 401.841 4576498.490 5300555.570
2980 402.978 4576527.740 5300527.760
2981 404.819 4576552.200 5300504.560
2982 411.373 4576625.890 5300435.030
2983 412.297 4576645.110 5300438.760
2984 411.976 4576652.660 5300444.610
2985 410.067 4576601.190 5300458.150
2986 406.967 4576576.860 5300481.500
2987 401.812 4576273.270 5300724.910
2988 405.295 4576193.130 5300802.260
2989 409.591 4576324.850 5300622.760
2990 409.445 4576309.660 5300655.620
2991 409.552 4576274.850 5300622.760
2992 409.390 4576283.710 5300682.960
2993 409.264 4576261.340 5300713.860
2994 409.508 4576224.850 5300622.760
2995 409.150 4576236.130 5300741.990
2996 407.031 4576214.660 5300773.720
2997 409.646 4576174.850 5300622.760
2998 406.818 4576190.360 5300799.740
2999 409.918 4576124.850 5300622.760
3000 410.515 4576074.850 5300622.760
3001 410.515 4576024.850 5300622.760
3002 410.515 4575974.850 5300622.760
3003 410.526 4575924.850 5300622.760
3004 410.343 4575874.850 5300622.760
3005 405.893 4575824.850 5300622.760
3006 406.500 4575774.850 5300622.760
3007 406.497 4575724.850 5300622.760
3008 408.259 4575674.850 5300622.760
3009 408.945 4575624.850 5300622.760
3010 410.616 4575574.850 5300622.760
3011 411.366 4575524.850 5300622.760
3012 412.377 4575074.850 5300322.760
3013 412.050 4575024.850 5300322.760
3014 411.516 4575224.850 5300372.760
3015 411.536 4575474.850 5300622.760
3016 410.985 4575424.850 5300572.760
3017 411.060 4575374.850 5300522.760
3018 411.425 4575324.850 5300472.760
3019 411.620 4575274.850 5300422.760
3020 411.846 4575174.850 5300372.760
3021 412.081 4575124.850 5300372.760
3022 414.126 4574774.850 5300122.760
3023 413.905 4574824.850 5300172.760
3024 413.370 4574874.850 5300222.760
3025 413.050 4574924.850 5300272.760
3026 411.419 4574974.850 5300322.760
3027 405.405 4576168.680 5300827.920
3028 403.101 4576219.890 5300778.880
3029 401.890 4576248.090 5300753.390
3030 401.389 4576308.990 5300705.910
3031 401.423 4576333.780 5300676.730
3032 402.016 4576368.360 5300655.660
3033 402.045 4576403.360 5300632.740
3034 401.885 4576438.330 5300609.740
3035 401.769 4576473.290 5300586.670
3036 402.996 4576502.640 5300558.950
3037 404.746 4576531.690 5300530.970
3038 406.847 4576556.380 5300507.940
3039 411.158 4576605.080 5300461.220
3040 409.856 4576580.770 5300484.650
3041 401.400 4576284.200 5300735.080
3042 402.688 4576195.990 5300804.910
3043 405.625 4576143.650 5300852.940
3044 409.421 4576274.850 5300672.760
3045 409.318 4576258.100 5300710.600
3046 409.389 4576224.850 5300672.760
3047 409.262 4576232.930 5300738.660
3048 408.667 4576211.600 5300770.710
3049 410.882 4576174.850 5300672.760
3050 408.895 4576186.800 5300796.870
3051 407.767 4576165.590 5300825.300
3052 411.368 4576124.850 5300672.760
3053 411.865 4576074.850 5300672.760
3054 408.531 4576139.980 5300849.920
3055 411.886 4576024.850 5300672.760
3056 411.515 4575974.850 5300672.760
3057 411.515 4575924.850 5300672.760
3058 410.793 4575874.850 5300672.760
3059 409.457 4575824.850 5300672.760
3060 407.378 4575774.850 5300672.760
3061 409.708 4575724.850 5300672.760
3062 409.395 4575674.850 5300672.760
3063 408.942 4575624.850 5300672.760
3064 411.349 4575574.850 5300672.760
3065 411.610 4575524.850 5300672.760
3066 412.179 4575074.850 5300372.760
3067 411.298 4575024.850 5300372.760
3068 411.817 4575224.850 5300422.760
3069 411.760 4575474.850 5300672.760
3070 411.222 4575424.850 5300622.760
3071 410.959 4575374.850 5300572.760
3072 411.243 4575324.850 5300522.760
3073 411.825 4575274.850 5300472.760
3074 411.665 4575174.850 5300422.760
3075 411.633 4575124.850 5300422.760
3076 414.121 4574774.850 5300172.760
3077 413.505 4574724.850 5300172.760
3078 413.637 4574824.850 5300222.760
3079 413.353 4574874.850 5300272.760
3080 412.775 4574924.850 5300322.760
3081 410.914 4574974.850 5300372.760
3082 407.910 4576118.250 5300877.500
3083 402.853 4576171.930 5300830.780
3084 401.988 4576222.910 5300781.870
3085 401.373 4576259.410 5300764.260
3086 401.809 4576319.480 5300715.330
3087 401.909 4576343.920 5300685.500
3088 402.044 4576378.150 5300663.770
3089 401.819 4576413.130 5300640.810
3090 401.709 4576448.100 5300617.780
3091 402.951 4576477.480 5300590.090
3092 404.573 4576506.700 5300562.270
3093 406.346 4576535.600 5300534.150
3094 409.698 4576560.130 5300510.980
3095 411.149 4576584.590 5300487.660
3096 401.717 4576295.040 5300745.170
3097 401.975 4576199.270 5300807.950
3098 402.859 4576147.550 5300856.290
3099 409.654 4576224.850 5300722.760
3100 409.262 4576208.620 5300767.460
3101 411.403 4576174.850 5300722.760
3102 409.188 4576183.310 5300793.800
3103 408.685 4576161.360 5300822.390
3104 412.000 4576124.850 5300722.760
3105 412.399 4576074.850 5300722.760
3106 408.722 4576134.750 5300846.610
3107 408.134 4576113.840 5300873.910
3108 412.978 4576024.850 5300722.760
3109 412.515 4575974.850 5300722.760
3110 412.237 4575924.850 5300722.760
3111 409.915 4575874.850 5300722.760
3112 409.648 4575824.850 5300722.760
3113 409.444 4575774.850 5300722.760
3114 409.419 4575724.850 5300722.760
3115 409.503 4575674.850 5300722.760
3116 408.839 4575624.850 5300722.760
3117 411.428 4575574.850 5300722.760
3118 411.578 4575524.850 5300722.760
3119 411.414 4575074.850 5300422.760
3120 411.877 4575024.850 5300422.760
3121 411.958 4575224.850 5300472.760
3122 411.768 4575474.850 5300722.760
3123 411.375 4575424.850 5300672.760
3124 411.012 4575374.850 5300622.760
3125 411.379 4575324.850 5300572.760
3126 411.757 4575274.850 5300522.760
3127 411.719 4575174.850 5300472.760
3128 411.326 4575124.850 5300472.760
3129 414.061 4574774.850 5300222.760
3130 416.588 4574724.850 5300222.760
3131 413.556 4574824.850 5300272.760
3132 412.758 4574874.850 5300322.760
3133 412.613 4574874.850 5300372.760
3134 412.562 4574924.850 5300372.760
3135 408.535 4574974.850 5300422.760
3136 402.876 4576122.970 5300881.570
3137 408.065 4576093.960 5300903.310
3138 401.887 4576175.630 5300834.030
3139 401.252 4576234.620 5300793.430
3140 401.599 4576270.600 5300775.000
3141 401.721 4576330.040 5300724.820
3142 401.861 4576354.090 5300694.300
3143 401.749 4576387.930 5300671.880
3144 401.684 4576422.900 5300648.880
3145 402.884 4576452.240 5300621.180
3146 404.360 4576481.590 5300593.460
3147 406.552 4576510.700 5300565.520
3148 409.214 4576539.100 5300536.990
3149 411.234 4576563.830 5300513.890
3150 401.709 4576305.990 5300755.350
3151 401.320 4576211.310 5300819.420
3152 401.796 4576151.990 5300860.110
3153 409.744 4576174.850 5300772.760
3154 409.136 4576157.190 5300819.330
3155 411.674 4576124.850 5300772.760
3156 412.029 4576074.850 5300772.760
3157 409.109 4576129.550 5300843.180
3158 408.797 4576107.390 5300869.940
3159 408.475 4576089.300 5300899.690
3160 412.574 4576024.850 5300772.760
3161 408.860 4576065.990 5300926.590
3162 412.990 4575974.850 5300772.760
3163 412.816 4575924.850 5300772.760
3164 409.833 4575874.850 5300772.760
3165 409.685 4575824.850 5300772.760
3166 409.775 4575774.850 5300772.760
3167 409.076 4575724.850 5300772.760
3168 409.276 4575674.850 5300772.760
3169 411.350 4575624.850 5300772.760
3170 411.557 4575574.850 5300772.760
3171 411.436 4575524.850 5300772.760
3172 412.146 4575074.850 5300472.760
3173 410.737 4575024.850 5300472.760
3174 411.660 4575224.850 5300522.760
3175 411.429 4575474.850 5300772.760
3176 411.388 4575424.850 5300722.760
3177 410.989 4575374.850 5300672.760
3178 411.405 4575324.850 5300622.760
3179 411.595 4575274.850 5300572.760
3180 411.394 4575174.850 5300522.760
3181 411.777 4575124.850 5300522.760
3182 413.656 4574774.850 5300272.760
3183 413.940 4574725.190 5300260.620
3184 412.885 4574824.850 5300322.760
3185 413.719 4574781.090 5300320.060
3186 413.710 4574834.680 5300385.990
3187 413.216 4574874.850 5300422.760
3188 409.879 4574974.850 5300472.760
3189 412.674 4574924.850 5300422.760
3190 407.879 4576070.540 5300929.920
3191 401.728 4576128.350 5300886.200
3192 403.662 4576098.990 5300907.510
3193 401.386 4576188.010 5300845.400
3194 401.518 4576246.170 5300804.840
3195 401.716 4576281.940 5300785.880
3196 401.794 4576340.590 5300734.310
3197 401.739 4576364.260 5300703.090
3198 401.659 4576397.710 5300679.990
3199 402.792 4576427.010 5300652.270
3200 404.121 4576456.340 5300624.550
3201 406.608 4576485.610 5300596.750
3202 409.331 4576514.290 5300568.460
3203 411.391 4576542.600 5300539.740
3204 401.779 4576316.920 5300765.520
3205 401.648 4576223.220 5300830.750
3206 401.451 4576164.700 5300871.390
3207 410.641 4576124.850 5300822.760
3208 411.683 4576074.850 5300822.760
3209 409.132 4576100.950 5300865.890
3210 408.942 4576082.250 5300895.750
3211 412.058 4576024.850 5300822.760
3212 409.150 4576058.860 5300923.160
3213 408.817 4576041.290 5300956.720
3214 412.552 4575974.850 5300822.760
3215 412.649 4575924.850 5300822.760
3216 411.445 4575874.850 5300822.760
3217 409.625 4575824.850 5300822.760
3218 409.633 4575774.850 5300822.760
3219 409.376 4575724.850 5300822.760
3220 408.700 4575674.850 5300822.760
3221 411.465 4575624.850 5300822.760
3222 411.528 4575574.850 5300822.760
3223 411.437 4575524.850 5300822.760
3224 411.790 4575074.850 5300522.760
3225 408.871 4575024.850 5300522.760
3226 410.956 4574974.850 5300522.760
3227 411.390 4575224.850 5300572.760
3228 411.178 4575474.850 5300822.760
3229 411.057 4575424.850 5300772.760
3230 410.506 4575374.850 5300722.760
3231 411.289 4575324.850 5300672.760
3232 411.011 4575274.850 5300622.760
3233 411.801 4575174.850 5300572.760
3234 411.192 4575124.850 5300572.760
3235 413.816 4574752.970 5300291.840
3236 413.770 4574723.710 5300262.550
3237 413.714 4574780.500 5300322.970
3238 413.690 4574807.970 5300354.150
3239 413.440 4574860.110 5300418.700
3240 410.618 4574829.960 5300390.100
3241 413.469 4574881.930 5300444.040
3242 413.576 4574924.850 5300472.760
3243 409.565 4574940.380 5300515.210
3244 413.214 4574902.390 5300470.560
3245 412.271 4574942.860 5300523.890
3246 412.183 4574963.780 5300550.040
3247 403.167 4576075.470 5300933.870
3248 408.004 4576045.720 5300960.000
3249 401.517 4576141.390 5300897.380
3250 401.653 4576104.710 5300912.280
3251 401.780 4576200.280 5300856.670
3252 401.812 4576257.880 5300816.400
3253 402.305 4576293.250 5300796.740
3254 402.813 4576351.130 5300743.790
3255 402.588 4576374.420 5300711.890
3256 402.694 4576401.790 5300683.360
3257 403.883 4576431.100 5300655.640
3258 406.492 4576460.310 5300627.810
3259 409.252 4576489.250 5300599.730
3260 411.057 4576517.940 5300571.390
3261 403.488 4576327.850 5300775.690
3262 401.916 4576235.270 5300842.220
3263 401.912 4576177.330 5300882.590
3264 408.030 4576020.900 5300990.090
3265 408.785 4576016.590 5300986.850
3266 411.031 4576074.850 5300872.760
3267 409.244 4576075.200 5300891.780
3268 411.485 4576024.850 5300872.760
3269 409.438 4576051.720 5300919.750
3270 409.031 4576034.380 5300953.180
3271 411.536 4575974.850 5300872.760
3272 411.683 4575924.850 5300872.760
3273 411.841 4575874.850 5300872.760
3274 410.191 4575824.850 5300872.760
3275 409.440 4575774.850 5300872.760
3276 409.053 4575724.850 5300872.760
3277 410.310 4575674.850 5300872.760
3278 409.814 4575624.850 5300872.760
3279 408.963 4575574.850 5300872.760
3280 410.252 4575524.850 5300872.760
3281 409.999 4575074.850 5300572.760
3282 409.841 4575024.850 5300572.760
3283 410.443 4575032.200 5300613.900
3284 412.140 4574984.200 5300576.590
3285 411.523 4575224.850 5300622.760
3286 410.399 4575474.850 5300872.760
3287 412.518 4575424.850 5300822.760
3288 410.577 4575374.850 5300772.760
3289 410.989 4575324.850 5300722.760
3290 410.429 4575274.850 5300672.760
3291 411.683 4575174.850 5300622.760
3292 411.951 4575124.850 5300622.760
3293 410.886 4574748.610 5300296.720
3294 410.921 4574720.150 5300266.990
3295 410.753 4574775.920 5300327.680
3296 410.671 4574803.190 5300358.670
3297 410.374 4574855.880 5300422.090
3298 407.880 4574825.070 5300394.330
3299 410.437 4574877.300 5300447.660
3300 412.413 4574922.190 5300497.550
3301 410.312 4574897.820 5300473.990
3302 409.776 4574938.580 5300526.860
3303 409.762 4574959.400 5300552.960
3304 401.516 4576081.070 5300938.360
3305 403.173 4576050.650 5300964.020
3306 402.044 4576154.390 5300908.500
3307 401.584 4576118.090 5300923.360
3308 401.984 4576212.660 5300868.040
3309 403.009 4576269.580 5300827.950
3310 403.995 4576304.560 5300807.590
3311 404.111 4576354.620 5300746.840
3312 402.989 4576378.210 5300715.100
3313 403.806 4576405.870 5300686.740
3314 406.386 4576435.020 5300658.880
3315 408.948 4576463.930 5300630.790
3316 410.726 4576492.980 5300602.800
3317 404.507 4576331.040 5300778.580
3318 402.574 4576247.310 5300853.680
3319 402.057 4576190.050 5300893.860
3320 403.257 4576025.840 5300994.170
3321 407.980 4575996.080 5301020.170
3322 408.927 4576009.890 5300983.180
3323 408.756 4575991.880 5301016.980
3324 408.807 4575967.180 5301047.110
3325 411.000 4576024.850 5300922.760
3326 409.243 4576027.450 5300949.640
3327 410.846 4575974.850 5300922.760
3328 410.485 4575924.850 5300922.760
3329 410.641 4575874.850 5300922.760
3330 412.289 4575824.850 5300922.760
3331 409.514 4575774.850 5300922.760
3332 408.908 4575724.850 5300922.760
3333 408.789 4575674.850 5300922.760
3334 408.057 4575624.850 5300922.760
3335 404.906 4575574.850 5300922.760
3336 407.655 4575524.850 5300922.760
3337 412.285 4575074.850 5300622.760
3338 409.961 4575032.460 5300634.870
3339 412.217 4575025.860 5300629.780
3340 412.267 4575004.930 5300603.270
3341 409.778 4574979.900 5300579.320
3342 411.503 4575224.850 5300672.760
3343 410.824 4575474.850 5300922.760
3344 411.903 4575424.850 5300872.760
3345 412.357 4575374.850 5300822.760
3346 410.577 4575324.850 5300772.760
3347 410.151 4575274.850 5300722.760
3348 411.621 4575174.850 5300672.760
3349 410.084 4575064.500 5300673.890
3350 411.471 4575124.850 5300672.760
3351 411.945 4575074.850 5300672.760
3352 411.892 4575124.850 5300722.760
3353 410.192 4575096.230 5300714.110
3354 408.113 4574744.210 5300301.650
3355 408.163 4574716.580 5300271.450
3356 408.014 4574771.260 5300332.460
3357 407.940 4574798.280 5300363.300
3358 407.730 4574851.480 5300425.620
3359 404.468 4574820.780 5300398.080
3360 407.696 4574872.560 5300451.480
3361 409.827 4574917.910 5300500.650
3362 407.575 4574893.220 5300477.700
3363 407.197 4574934.400 5300530.230
3364 407.128 4574955.200 5300556.340
3365 401.648 4576094.780 5300949.350
3366 401.532 4576056.050 5300968.400
3367 402.131 4576167.440 5300919.680
3368 402.176 4576131.440 5300934.420
3369 402.139 4576225.030 5300879.400
3370 403.767 4576281.270 5300839.490
3371 404.674 4576307.460 5300810.330
3372 405.523 4576358.180 5300749.970
3373 405.076 4576382.030 5300718.360
3374 405.894 4576409.760 5300689.970
3375 408.666 4576438.640 5300661.870
3376 410.395 4576467.690 5300633.950
3377 405.782 4576334.340 5300781.580
3378 403.420 4576259.330 5300865.120
3379 401.660 4576202.750 5300905.130
3380 401.548 4576031.030 5300998.440
3381 403.736 4576001.020 5301024.310
3382 407.923 4575971.270 5301050.260
3383 408.953 4575942.500 5301077.260
3384 409.067 4576003.180 5300979.520
3385 408.829 4575985.390 5301013.180
3386 408.842 4575960.910 5301043.200
3387 408.990 4575936.450 5301073.230
3388 410.468 4575974.850 5300972.760
3389 410.000 4575924.850 5300972.760
3390 410.043 4575874.850 5300972.760
3391 411.141 4575824.850 5300972.760
3392 408.958 4575774.850 5300972.760
3393 409.395 4575724.850 5300972.760
3394 407.818 4575674.850 5300972.760
3395 409.091 4575624.850 5300972.760
3396 406.056 4575574.850 5300972.760
3397 409.946 4575524.850 5300972.760
3398 411.410 4575474.850 5300972.760
3399 412.136 4575046.490 5300656.530
3400 409.782 4575021.330 5300632.520
3401 409.839 4575000.550 5300605.970
3402 407.074 4574975.840 5300582.570
3403 411.435 4575224.850 5300722.760
3404 411.553 4575424.850 5300922.760
3405 410.632 4575374.850 5300872.760
3406 410.838 4575324.850 5300822.760
3407 410.648 4575274.850 5300772.760
3408 409.689 4575424.850 5300972.760
3409 410.933 4575174.850 5300722.760
3410 409.381 4575126.310 5300755.460
3411 412.075 4575067.030 5300683.350
3412 412.013 4575087.500 5300710.230
3413 411.820 4575106.450 5300735.630
3414 405.212 4574739.980 5300306.420
3415 405.460 4574713.040 5300275.860
3416 404.964 4574766.910 5300336.970
3417 404.716 4574793.850 5300367.530
3418 404.220 4574847.720 5300428.640
3419 404.077 4574811.190 5300406.570
3420 404.180 4574868.450 5300454.800
3421 407.285 4574913.670 5300504.070
3422 404.140 4574889.170 5300480.960
3423 404.060 4574930.620 5300533.270
3424 404.020 4574951.340 5300559.430
3425 408.932 4575917.900 5301108.480
3426 402.307 4576108.500 5300960.330
3427 401.498 4576069.710 5300979.510
3428 401.208 4576180.480 5300930.860
3429 402.204 4576144.830 5300945.500
3430 403.110 4576237.390 5300890.760
3431 405.097 4576283.880 5300842.070
3432 406.249 4576310.490 5300813.190
3433 407.300 4576361.490 5300752.860
3434 406.859 4576385.620 5300721.410
3435 408.398 4576413.370 5300692.960
3436 410.097 4576442.420 5300665.120
3437 407.304 4576337.350 5300784.300
3438 404.999 4576262.170 5300867.800
3439 402.888 4576215.450 5300916.390
3440 401.347 4576044.630 5301009.680
3441 401.565 4576006.010 5301028.480
3442 404.212 4575976.200 5301054.460
3443 407.864 4575946.460 5301080.360
3444 408.899 4575978.900 5301009.390
3445 408.874 4575954.630 5301039.290
3446 409.024 4575930.400 5301069.200
3447 409.080 4575911.830 5301104.150
3448 409.077 4575887.220 5301135.080
3449 410.001 4575924.850 5301022.760
3450 410.000 4575874.850 5301022.760
3451 411.452 4575824.850 5301022.760
3452 412.904 4575774.850 5301022.760
3453 409.676 4575724.850 5301022.760
3454 408.961 4575674.850 5301022.760
3455 408.786 4575624.850 5301022.760
3456 409.544 4575574.850 5301022.760
3457 410.013 4575524.850 5301022.760
3458 410.126 4575474.850 5301022.760
3459 409.706 4575041.910 5300659.230
3460 407.092 4575017.010 5300635.590
3461 407.111 4574996.390 5300609.110
3462 403.980 4574972.070 5300585.590
3463 410.123 4575224.850 5300772.760
3464 411.285 4575374.850 5300922.760
3465 410.802 4575324.850 5300872.760
3466 411.020 4575274.850 5300822.760
3467 409.644 4575424.850 5301022.760
3468 410.718 4575374.850 5300972.760
3469 410.378 4575174.850 5300772.760
3470 411.447 4575174.850 5300822.760
3471 411.904 4575131.160 5300769.280
3472 409.642 4575062.440 5300685.980
3473 409.578 4575082.910 5300712.760
3474 409.430 4575102.400 5300738.590
3475 404.294 4574730.910 5300316.850
3476 404.366 4574704.150 5300286.950
3477 404.221 4574757.670 5300346.760
3478 404.149 4574784.430 5300376.670
3479 404.004 4574837.950 5300436.480
3480 404.078 4574801.580 5300415.090
3481 403.973 4574858.520 5300462.760
3482 404.100 4574909.890 5300507.120
3483 403.942 4574879.090 5300489.040
3484 403.879 4574920.240 5300541.600
3485 403.847 4574940.810 5300567.890
3486 407.131 4575922.490 5301112.240
3487 408.843 4575893.310 5301139.710
3488 402.277 4576122.220 5300971.320
3489 402.104 4576083.360 5300990.610
3490 402.682 4576193.510 5300942.020
3491 400.735 4576158.200 5300956.590
3492 404.897 4576240.460 5300893.540
3493 405.963 4576286.650 5300844.800
3494 407.371 4576313.210 5300815.750
3495 408.707 4576364.620 5300755.620
3496 408.690 4576389.000 5300724.290
3497 409.831 4576417.180 5300696.310
3498 409.215 4576340.250 5300786.950
3499 406.408 4576265.170 5300870.630
3500 404.639 4576218.740 5300919.280
3501 401.895 4576058.220 5301020.900
3502 401.196 4576019.560 5301039.840
3503 401.586 4575980.990 5301058.520
3504 403.555 4575951.400 5301084.610
3505 409.145 4575922.610 5301067.380
3506 409.029 4575905.420 5301099.520
3507 408.914 4575880.460 5301129.860
3508 408.910 4575862.590 5301166.000
3509 410.000 4575874.850 5301072.760
3510 409.597 4575824.850 5301072.760
3511 413.026 4575774.850 5301072.760
3512 408.637 4575724.850 5301072.760
3513 408.667 4575674.850 5301072.760
3514 407.490 4575624.850 5301072.760
3515 409.674 4575574.850 5301072.760
3516 409.844 4575524.850 5301072.760
3517 409.700 4575474.850 5301072.760
3518 407.064 4575037.520 5300662.150
3519 403.920 4575013.010 5300638.410
3520 403.950 4574992.540 5300612.000
3521 403.816 4574961.390 5300594.170
3522 411.179 4575224.850 5300822.760
3523 410.694 4575324.850 5300922.760
3524 410.936 4575274.850 5300872.760
3525 411.392 4575324.850 5300972.760
3526 409.760 4575424.850 5301072.760
3527 410.064 4575374.850 5301022.760
3528 411.774 4575155.150 5300803.440
3529 411.739 4575178.080 5300838.330
3530 409.391 4575125.860 5300772.670
3531 407.041 4575058.010 5300688.720
3532 407.019 4575078.470 5300715.320
3533 406.955 4575098.470 5300741.450
3534 404.012 4574721.760 5300327.400
3535 403.990 4574695.160 5300298.170
3536 404.034 4574748.370 5300356.630
3537 404.056 4574774.970 5300385.860
3538 404.100 4574828.180 5300444.320
3539 407.560 4574796.790 5300419.470
3540 404.013 4574848.600 5300470.720
3541 403.910 4574899.670 5300515.320
3542 403.927 4574869.020 5300497.130
3543 403.753 4574909.860 5300549.930
3544 403.667 4574930.280 5300576.340
3545 402.899 4575927.900 5301116.970
3546 406.551 4575898.520 5301144.120
3547 409.270 4575868.700 5301170.920
3548 408.965 4575838.140 5301197.060
3549 400.228 4576135.920 5300982.310
3550 402.242 4576097.020 5301001.730
3551 405.468 4576197.030 5300945.010
3552 402.477 4576171.570 5300967.660
3553 406.944 4576243.680 5300896.460
3554 408.047 4576289.080 5300847.200
3555 409.645 4576315.880 5300818.280
3556 409.851 4576368.200 5300758.510
3557 409.776 4576392.690 5300727.410
3558 410.064 4576343.710 5300789.600
3559 408.280 4576267.850 5300873.160
3560 407.479 4576222.190 5300922.290
3561 402.206 4576071.820 5301032.130
3562 401.686 4576033.080 5301051.180
3563 401.045 4575994.480 5301070.000
3564 401.607 4575955.970 5301088.560
3565 409.612 4575873.470 5301115.940
3566 408.590 4575855.490 5301160.180
3567 408.550 4575830.730 5301190.690
3568 409.595 4575824.850 5301122.760
3569 409.552 4575774.850 5301122.760
3570 408.964 4575724.850 5301122.760
3571 408.877 4575674.850 5301122.760
3572 407.283 4575624.850 5301122.760
3573 409.187 4575574.850 5301122.760
3574 409.816 4575524.850 5301122.760
3575 409.560 4575474.850 5301122.760
3576 403.890 4575033.490 5300664.820
3577 403.669 4575001.710 5300647.180
3578 403.743 4574981.550 5300620.670
3579 403.580 4574950.700 5300602.740
3580 411.375 4575224.850 5300872.760
3581 411.641 4575199.340 5300874.250
3582 410.660 4575274.850 5300922.760
3583 410.984 4575274.850 5300972.760
3584 410.495 4575224.850 5300922.760
3585 411.140 4575324.850 5301022.760
3586 409.565 4575424.850 5301122.760
3587 410.051 4575374.850 5301072.760
3588 409.213 4575148.860 5300807.090
3589 409.097 4575171.190 5300841.970
3590 406.850 4575120.650 5300776.010
3591 403.860 4575053.960 5300691.230
3592 403.830 4575074.430 5300717.640
3593 403.800 4575094.900 5300744.050
3594 407.777 4574717.120 5300332.730
3595 407.886 4574690.100 5300304.480
3596 407.749 4574743.960 5300361.380
3597 407.664 4574770.500 5300390.320
3598 407.386 4574822.880 5300448.570
3599 410.957 4574791.680 5300424.150
3600 407.428 4574843.690 5300474.670
3601 403.840 4574889.440 5300523.530
3602 407.472 4574864.290 5300500.960
3603 407.538 4574905.400 5300553.590
3604 407.562 4574925.820 5300580.020
3605 413.842 4574424.850 5300422.760
3606 413.962 4574374.850 5300472.760
3607 413.900 4574324.850 5300522.760
3608 413.742 4574274.850 5300522.760
3609 414.077 4574186.720 5300622.790
3610 401.998 4575933.110 5301121.510
3611 403.112 4575904.410 5301149.320
3612 405.287 4575874.540 5301176.000
3613 408.926 4575844.220 5301202.250
3614 409.360 4575813.940 5301228.320
3615 402.263 4576149.630 5300993.290
3616 400.629 4576110.660 5301012.830
3617 407.214 4576200.710 5300948.120
3618 405.757 4576175.330 5300970.750
3619 408.520 4576246.620 5300899.120
3620 410.068 4576291.510 5300849.610
3621 410.258 4576319.220 5300820.700
3622 410.956 4576348.250 5300809.650
3623 410.566 4576324.850 5300822.760
3624 409.579 4576270.410 5300875.600
3625 408.317 4576225.390 5300925.080
3626 401.031 4576085.390 5301043.350
3627 402.171 4576046.620 5301062.530
3628 401.478 4576007.940 5301081.460
3629 400.894 4575969.400 5301100.160
3630 409.238 4575824.850 5301172.760
3631 408.945 4575806.300 5301221.450
3632 409.498 4575774.850 5301172.760
3633 408.841 4575724.850 5301172.760
3634 408.868 4575674.850 5301172.760
3635 408.249 4575624.850 5301172.760
3636 406.932 4575574.850 5301172.760
3637 410.163 4575524.850 5301172.760
3638 409.361 4575474.850 5301172.760
3639 403.596 4575021.870 5300673.680
3640 403.523 4574990.270 5300656.180
3641 403.552 4574970.550 5300629.340
3642 407.497 4574946.030 5300606.480
3643 410.547 4575274.850 5301022.760
3644 411.308 4575251.110 5301030.910
3645 411.480 4575216.190 5300912.290
3646 408.940 4575192.410 5300877.540
3647 411.337 4575241.010 5300990.930
3648 411.388 4575229.640 5300951.280
3649 410.252 4575324.850 5301072.760
3650 409.561 4575424.850 5301172.760
3651 410.075 4575374.850 5301122.760
3652 406.678 4575142.610 5300810.720
3653 406.535 4575164.250 5300845.650
3654 403.656 4575115.910 5300779.030
3655 403.523 4575042.040 5300700.180
3656 403.450 4575062.200 5300726.690
3657 403.377 4575082.360 5300753.190
3658 411.342 4574712.180 5300338.400
3659 411.546 4574684.720 5300311.190
3660 411.306 4574739.260 5300366.440
3661 411.150 4574765.720 5300395.070
3662 410.618 4574817.210 5300453.120
3663 413.716 4574786.570 5300428.850
3664 410.756 4574838.460 5300478.880
3665 407.477 4574884.990 5300527.160
3666 410.897 4574859.240 5300505.050
3667 411.131 4574900.670 5300557.490
3668 411.231 4574921.090 5300583.940
3669 413.813 4574574.850 5300322.760
3670 411.942 4574524.850 5300372.760
3671 413.373 4574474.850 5300422.760
3672 413.830 4574424.850 5300472.760
3673 413.681 4574374.850 5300522.760
3674 413.284 4574324.850 5300572.760
3675 413.309 4574274.850 5300572.760
3676 413.376 4574224.850 5300572.760
3677 414.033 4574221.860 5300647.430
3678 409.548 4575786.760 5301260.450
3679 401.019 4575946.110 5301132.840
3680 401.753 4575910.240 5301154.470
3681 403.008 4575880.910 5301181.670
3682 404.968 4575850.650 5301207.950
3683 408.798 4575819.940 5301233.720
3684 406.043 4576153.620 5300996.490
3685 402.378 4576124.310 5301023.940
3686 407.696 4576204.160 5300951.040
3687 406.922 4576179.230 5300973.960
3688 409.166 4576249.320 5300901.590
3689 410.440 4576294.730 5300851.800
3690 410.942 4576327.050 5300854.030
3691 410.357 4576273.750 5300877.890
3692 408.851 4576228.210 5300927.580
3693 402.481 4576098.990 5301054.580
3694 401.411 4576060.120 5301073.870
3695 402.136 4576021.410 5301092.930
3696 401.269 4575982.800 5301111.740
3697 409.464 4575774.850 5301222.760
3698 409.276 4575779.520 5301254.040
3699 409.253 4575724.850 5301222.760
3700 408.469 4575674.850 5301222.760
3701 407.213 4575624.850 5301222.760
3702 407.309 4575574.850 5301222.760
3703 410.462 4575524.850 5301222.760
3704 409.447 4575474.850 5301222.760
3705 403.495 4575010.360 5300682.690
3706 407.290 4574985.590 5300659.790
3707 407.448 4574966.290 5300632.710
3708 411.147 4574941.090 5300610.440
3709 410.996 4575274.850 5301072.760
3710 411.190 4575260.600 5301071.060
3711 408.891 4575244.340 5301032.710
3712 408.741 4575210.700 5300914.520
3713 406.373 4575185.370 5300880.910
3714 408.822 4575234.150 5300993.020
3715 408.768 4575223.120 5300953.550
3716 410.166 4575324.850 5301122.760
3717 409.445 4575424.850 5301222.760
3718 410.080 4575374.850 5301172.760
3719 403.512 4575136.910 5300814.020
3720 403.368 4575157.920 5300849.000
3721 403.308 4575102.850 5300787.600
3722 403.467 4575030.110 5300709.140
3723 403.438 4575049.970 5300735.740
3724 403.410 4575069.820 5300762.340
3725 413.940 4574707.150 5300344.200
3726 414.130 4574679.210 5300318.070
3727 414.162 4574674.850 5300322.760
3728 414.005 4574734.500 5300371.580
3729 413.888 4574760.920 5300399.870
3730 413.868 4574724.850 5300372.760
3731 413.787 4574760.510 5300405.050
3732 413.320 4574811.570 5300457.640
3733 413.452 4574770.140 5300427.830
3734 413.522 4574794.900 5300441.040
3735 413.325 4574833.200 5300483.110
3736 413.370 4574827.080 5300478.760
3737 410.957 4574880.260 5300531.030
3738 413.335 4574854.130 5300509.190
3739 413.285 4574895.770 5300561.520
3740 413.234 4574916.160 5300588.030
3741 414.468 4574624.850 5300322.760
3742 412.147 4574574.850 5300372.760
3743 412.883 4574524.850 5300422.760
3744 413.597 4574474.850 5300472.760
3745 413.346 4574424.850 5300522.760
3746 413.317 4574374.850 5300572.760
3747 413.194 4574324.850 5300622.760
3748 412.909 4574274.850 5300622.760
3749 414.000 4574231.850 5300683.800
3750 409.386 4575792.650 5301265.670
3751 409.589 4575759.650 5301292.650
3752 401.245 4575959.080 5301144.130
3753 401.213 4575922.820 5301165.510
3754 401.799 4575887.380 5301187.420
3755 402.477 4575857.460 5301214.060
3756 404.783 4575826.890 5301240.010
3757 406.530 4576157.750 5300999.800
3758 405.697 4576128.310 5301027.190
3759 408.814 4576207.120 5300953.560
3760 407.075 4576182.940 5300977.010
3761 410.334 4576252.770 5300903.980
3762 410.916 4576297.880 5300894.650
3763 410.390 4576231.780 5300930.070
3764 410.575 4576428.140 5301184.620
3765 410.584 4576396.950 5301145.610
3766 405.350 4576103.000 5301057.890
3767 402.579 4576073.680 5301085.230
3768 401.786 4576034.860 5301104.380
3769 402.101 4575996.210 5301123.340
3770 409.420 4575752.840 5301286.710
3771 409.453 4575724.850 5301272.760
3772 408.030 4575674.850 5301272.760
3773 407.401 4575624.850 5301272.760
3774 407.534 4575574.850 5301272.760
3775 408.905 4575524.850 5301272.760
3776 410.746 4575474.850 5301272.760
3777 407.297 4575005.930 5300685.970
3778 410.792 4574980.790 5300663.430
3779 411.083 4574961.760 5300636.300
3780 412.900 4574935.870 5300614.630
3781 410.631 4575274.850 5301122.760
3782 411.070 4575270.950 5301110.810
3783 408.901 4575254.140 5301072.500
3784 405.682 4575238.010 5301034.450
3785 406.191 4575205.080 5300916.840
3786 403.224 4575178.920 5300883.990
3787 405.842 4575227.530 5300995.100
3788 406.010 4575216.640 5300955.870
3789 410.479 4575324.850 5301172.760
3790 410.637 4575424.850 5301272.760
3791 410.269 4575374.850 5301222.760
3792 403.240 4575123.340 5300822.010
3793 403.171 4575143.820 5300856.420
3794 403.434 4575089.780 5300796.180
3795 407.262 4575025.850 5300712.340
3796 407.149 4575045.590 5300738.980
3797 406.964 4575065.240 5300765.670
3798 414.145 4574674.850 5300372.760
3799 412.335 4574724.850 5300422.760
3800 413.117 4574774.850 5300472.760
3801 413.188 4574824.850 5300522.760
3802 413.223 4574875.420 5300534.990
3803 413.433 4574856.140 5300519.150
3804 413.171 4574874.850 5300572.760
3805 412.704 4574917.560 5300597.540
3806 414.941 4574624.850 5300372.760
3807 411.661 4574574.850 5300422.760
3808 412.987 4574524.850 5300472.760
3809 412.961 4574474.850 5300522.760
3810 413.389 4574424.850 5300572.760
3811 413.104 4574374.850 5300622.760
3812 412.783 4574324.850 5300672.760
3813 412.856 4574274.850 5300672.760
3814 413.864 4574240.950 5300721.450
3815 409.441 4575732.590 5301324.880
3816 405.386 4575799.180 5301271.440
3817 409.431 4575765.440 5301297.670
3818 410.308 4576424.850 5301222.760
3819 410.568 4576455.390 5301221.860
3820 402.042 4575972.060 5301155.440
3821 401.294 4575935.360 5301176.520
3822 401.379 4575899.520 5301198.180
3823 401.663 4575864.510 5301220.380
3824 402.481 4575834.080 5301246.500
3825 406.665 4576161.730 5301002.980
3826 406.077 4576132.440 5301030.550
3827 410.458 4576210.790 5300956.150
3828 408.787 4576186.030 5300979.560
3829 410.589 4576359.810 5301113.660
3830 410.822 4576244.300 5300978.930
3831 410.190 4576374.850 5301172.760
3832 405.623 4576107.140 5301061.310
3833 405.007 4576077.690 5301088.600
3834 402.683 4576048.360 5301115.870
3835 402.161 4576009.590 5301134.900
3836 409.321 4575726.210 5301319.420
3837 409.254 4575700.790 5301353.090
3838 409.452 4575674.850 5301322.760
3839 408.355 4575624.850 5301322.760
3840 406.623 4575574.850 5301322.760
3841 408.780 4575524.850 5301322.760
3842 409.095 4575474.850 5301322.760
3843 410.844 4575001.750 5300689.030
3844 412.536 4574976.350 5300666.880
3845 412.894 4574956.970 5300640.090
3846 412.770 4574924.850 5300622.760
3847 412.741 4574950.280 5300634.760
3848 410.963 4575276.600 5301151.470
3849 408.909 4575264.520 5301112.040
3850 405.492 4575248.280 5301073.850
3851 402.732 4575231.490 5301036.190
3852 403.080 4575199.930 5300918.970
3853 403.103 4575164.310 5300890.830
3854 402.848 4575220.970 5300997.110
3855 402.964 4575210.450 5300958.040
3856 410.931 4575283.440 5301192.770
3857 410.532 4575324.850 5301222.760
3858 408.840 4575424.850 5301322.760
3859 410.818 4575374.850 5301272.760
3860 403.458 4575109.750 5300830.020
3861 403.482 4575129.710 5300863.850
3862 407.061 4575086.010 5300798.590
3863 410.809 4575021.290 5300715.770
3864 410.612 4575040.900 5300742.460
3865 410.266 4575060.340 5300769.260
3866 412.694 4574674.850 5300422.760
3867 413.642 4574724.850 5300472.760
3868 412.967 4574774.850 5300522.760
3869 412.630 4574824.850 5300572.760
3870 412.547 4574874.850 5300622.760
3871 412.585 4574624.850 5300422.760
3872 412.115 4574574.850 5300472.760
3873 411.919 4574524.850 5300522.760
3874 412.704 4574474.850 5300572.760
3875 412.961 4574424.850 5300622.760
3876 413.246 4574374.850 5300672.760
3877 413.038 4574324.850 5300722.760
3878 413.014 4574274.850 5300722.760
3879 413.713 4574255.170 5300755.460
3880 409.004 4575673.930 5301386.520
3881 409.210 4575676.400 5301387.500
3882 409.148 4575738.280 5301329.710
3883 409.318 4575706.470 5301357.850
3884 402.080 4575806.010 5301277.440
3885 406.147 4575771.530 5301302.910
3886 410.136 4576374.850 5301222.760
3887 410.566 4576434.280 5301261.610
3888 402.345 4575985.020 5301166.730
3889 401.738 4575947.900 5301187.540
3890 401.503 4575911.640 5301208.920
3891 401.534 4575876.230 5301230.850
3892 401.230 4575841.650 5301253.330
3893 408.780 4576164.960 5301005.570
3894 406.472 4576136.420 5301033.780
3895 410.492 4576189.820 5300982.260
3896 410.644 4576314.180 5301094.160
3897 410.345 4576324.850 5301122.760
3898 410.508 4576224.850 5301022.760
3899 410.753 4576274.640 5301067.220
3900 410.804 4576248.570 5301025.030
3901 410.049 4576324.850 5301172.760
3902 406.275 4576111.130 5301064.600
3903 405.168 4576081.850 5301092.080
3904 404.609 4576052.330 5301119.260
3905 402.791 4576023.040 5301146.520
3906 409.287 4575674.850 5301372.760
3907 407.936 4575624.850 5301372.760
3908 405.845 4575574.850 5301372.760
3909 408.220 4575524.850 5301372.760
3910 408.327 4575474.850 5301372.760
3911 409.482 4575424.850 5301372.760
3912 412.708 4574997.070 5300692.600
3913 412.672 4574969.500 5300675.400
3914 412.538 4574924.850 5300672.760
3915 411.137 4575285.670 5301234.440
3916 408.679 4575269.940 5301152.680
3917 408.498 4575276.130 5301193.730
3918 405.302 4575258.830 5301113.120
3919 402.616 4575242.010 5301075.260
3920 402.415 4575218.900 5301039.940
3921 403.035 4575184.800 5300925.240
3922 403.506 4575149.680 5300897.690
3923 402.621 4575207.540 5301001.710
3924 402.828 4575196.170 5300963.480
3925 410.228 4575324.850 5301272.760
3926 409.166 4575374.850 5301322.760
3927 409.316 4575374.850 5301372.760
3928 407.150 4575106.340 5300831.950
3929 407.216 4575126.330 5300865.530
3930 410.347 4575081.960 5300801.180
3931 412.747 4575016.430 5300719.430
3932 412.534 4575035.880 5300746.180
3933 412.090 4575055.060 5300773.100
3934 411.894 4574674.850 5300472.760
3935 412.669 4574724.850 5300522.760
3936 412.809 4574774.850 5300572.760
3937 412.564 4574824.850 5300622.760
3938 412.242 4574874.850 5300672.760
3939 412.212 4574624.850 5300472.760
3940 411.547 4574574.850 5300522.760
3941 411.794 4574524.850 5300572.760
3942 412.414 4574474.850 5300622.760
3943 413.287 4574424.850 5300672.760
3944 413.108 4574374.850 5300722.760
3945 412.613 4574324.850 5300772.760
3946 413.630 4574287.720 5300779.270
3947 408.984 4575651.010 5301417.600
3948 409.213 4575681.150 5301391.400
3949 406.847 4575743.910 5301334.410
3950 409.155 4575711.810 5301362.300
3951 402.080 4575812.910 5301283.540
3952 402.361 4575777.970 5301308.410
3953 409.977 4576324.850 5301222.760
3954 410.168 4576374.850 5301272.760
3955 410.560 4576405.940 5301302.750
3956 403.338 4575997.910 5301177.960
3957 402.341 4575960.440 5301198.560
3958 401.595 4575923.750 5301219.650
3959 401.268 4575887.920 5301241.310
3960 401.704 4575852.930 5301263.530
3961 410.509 4576168.870 5301008.370
3962 408.827 4576139.670 5301036.430
3963 410.235 4576174.850 5301022.760
3964 410.377 4576274.850 5301122.760
3965 410.346 4576224.850 5301072.760
3966 410.177 4576274.850 5301172.760
3967 408.879 4576114.400 5301067.320
3968 406.080 4576085.850 5301095.430
3969 404.767 4576056.450 5301122.760
3970 404.125 4576026.940 5301149.890
3971 409.977 4576274.850 5301222.760
3972 409.024 4575624.850 5301422.760
3973 404.670 4575574.850 5301422.760
3974 408.127 4575524.850 5301422.760
3975 409.220 4575474.850 5301422.760
3976 409.462 4575424.850 5301422.760
3977 412.422 4574974.850 5300722.760
3978 412.054 4574924.850 5300722.760
3979 410.634 4575296.750 5301293.100
3980 410.686 4575291.810 5301274.840
3981 408.471 4575279.340 5301235.020
3982 405.035 4575264.020 5301153.740
3983 404.793 4575269.610 5301194.580
3984 402.500 4575252.530 5301114.330
3985 402.208 4575230.270 5301078.170
3986 402.354 4575206.310 5301043.700
3987 403.530 4575169.640 5300931.530
3988 407.276 4575145.790 5300899.420
3989 402.746 4575194.080 5301006.310
3990 403.138 4575181.860 5300968.920
3991 409.548 4575324.850 5301322.760
3992 409.344 4575374.850 5301422.760
3993 409.704 4575324.850 5301372.760
3994 410.409 4575102.680 5300834.040
3995 410.424 4575122.700 5300867.340
3996 412.094 4575077.710 5300803.930
3997 412.277 4575024.850 5300772.760
3998 408.839 4575374.850 5301472.760
3999 412.281 4574674.850 5300522.760
4000 412.085 4574724.850 5300572.760
4001 412.194 4574774.850 5300622.760
4002 411.848 4574824.850 5300672.760
4003 412.051 4574874.850 5300722.760
4004 412.015 4574624.850 5300522.760
4005 411.960 4574574.850 5300572.760
4006 411.276 4574524.850 5300622.760
4007 411.609 4574474.850 5300672.760
4008 413.133 4574424.850 5300722.760
4009 412.755 4574374.850 5300772.760
4010 413.245 4574316.320 5300813.930
4011 409.177 4575685.900 5301395.290
4012 408.737 4575626.640 5301448.540
4013 408.970 4575656.130 5301421.810
4014 403.089 4575749.960 5301339.400
4015 407.387 4575716.770 5301366.280
4016 402.080 4575824.770 5301293.830
4017 402.038 4575784.160 5301313.750
4018 410.011 4576324.850 5301272.760
4019 410.201 4576374.850 5301322.760
4020 410.554 4576377.710 5301344.010
4021 403.998 4576001.530 5301181.220
4022 403.604 4575972.780 5301209.390
4023 402.339 4575935.860 5301230.390
4024 401.751 4575899.590 5301251.750
4025 400.922 4575864.200 5301273.700
4026 410.444 4576143.520 5301039.380
4027 410.000 4576174.850 5301072.760
4028 410.351 4576224.850 5301122.760
4029 410.289 4576224.850 5301172.760
4030 410.373 4576118.200 5301070.430
4031 408.938 4576089.150 5301098.210
4032 405.848 4576060.410 5301126.130
4033 404.433 4576030.980 5301153.380
4034 409.830 4576274.850 5301272.760
4035 410.107 4576224.850 5301222.760
4036 408.508 4575603.130 5301480.130
4037 403.993 4575574.850 5301472.760
4038 408.594 4575524.850 5301472.760
4039 408.994 4575474.850 5301472.760
4040 409.197 4575424.850 5301472.760
4041 411.489 4574974.850 5300772.760
4042 411.503 4574924.850 5300772.760
4043 410.550 4575294.460 5301316.610
4044 408.019 4575285.070 5301275.490
4045 404.630 4575273.660 5301235.540
4046 402.260 4575257.580 5301154.920
4047 402.020 4575262.630 5301195.520
4048 402.001 4575241.640 5301116.400
4049 401.962 4575218.530 5301081.090
4050 406.009 4575201.920 5301044.990
4051 407.260 4575164.180 5300933.790
4052 410.428 4575141.610 5300901.280
4053 406.470 4575190.130 5301007.540
4054 406.871 4575177.580 5300970.350
4055 410.354 4575295.430 5301357.960
4056 409.265 4575324.850 5301422.760
4057 410.183 4575295.210 5301399.320
4058 412.066 4575098.920 5300836.220
4059 411.964 4575119.050 5300869.190
4060 411.702 4575090.870 5300835.420
4061 411.889 4575074.850 5300822.760
4062 411.651 4575024.850 5300822.760
4063 408.687 4575324.850 5301472.760
4064 408.966 4575374.850 5301522.760
4065 411.363 4574674.850 5300572.760
4066 411.930 4574724.850 5300622.760
4067 411.579 4574774.850 5300672.760
4068 412.013 4574824.850 5300722.760
4069 411.764 4574874.850 5300772.760
4070 410.980 4574624.850 5300572.760
4071 411.847 4574574.850 5300622.760
4072 411.374 4574524.850 5300672.760
4073 412.546 4574474.850 5300722.760
4074 411.821 4574424.850 5300772.760
4075 412.465 4574374.850 5300822.760
4076 412.893 4574336.150 5300854.130
4077 407.778 4575689.980 5301398.410
4078 408.897 4575661.260 5301426.010
4079 408.710 4575631.910 5301452.860
4080 401.960 4575755.420 5301343.970
4081 404.444 4575722.170 5301370.560
4082 402.080 4575836.620 5301304.100
4083 401.452 4575796.610 5301324.130
4084 410.044 4576324.850 5301322.760
4085 411.252 4576374.850 5301372.760
4086 410.404 4576397.260 5301398.250
4087 410.404 4576402.960 5301428.940
4088 404.421 4576005.160 5301184.480
4089 404.065 4575977.100 5301213.270
4090 403.534 4575947.650 5301240.830
4091 402.232 4575911.290 5301262.220
4092 401.772 4575875.440 5301283.860
4093 410.375 4576124.850 5301072.760
4094 410.000 4576174.850 5301122.760
4095 410.000 4576174.850 5301172.760
4096 410.300 4576092.890 5301101.480
4097 408.887 4576063.710 5301128.940
4098 405.655 4576034.860 5301156.730
4099 409.887 4576274.850 5301322.760
4100 409.908 4576224.850 5301272.760
4101 410.466 4576174.850 5301222.760
4102 408.368 4575580.170 5301512.130
4103 408.464 4575608.350 5301484.420
4104 408.291 4575524.850 5301522.760
4105 408.639 4575474.850 5301522.760
4106 408.478 4575424.850 5301522.760
4107 411.265 4574974.850 5300822.760
4108 411.615 4574924.850 5300822.760
4109 407.770 4575288.550 5301316.850
4110 404.249 4575279.000 5301276.080
4111 401.780 4575267.680 5301236.110
4112 401.902 4575246.540 5301156.680
4113 401.803 4575251.450 5301196.960
4114 401.570 4575230.750 5301118.480
4115 405.576 4575213.060 5301082.610
4116 409.351 4575197.370 5301046.360
4117 410.273 4575158.290 5300936.240
4118 411.847 4575137.490 5300903.140
4119 411.718 4575113.600 5300878.230
4120 411.586 4575138.110 5300919.420
4121 409.749 4575185.970 5301008.860
4122 410.024 4575173.020 5300971.890
4123 407.678 4575288.830 5301357.960
4124 409.945 4575293.340 5301440.630
4125 407.603 4575288.360 5301399.070
4126 411.702 4575074.850 5300872.760
4127 411.346 4575024.850 5300872.760
4128 409.570 4575291.500 5301499.570
4129 409.582 4575289.490 5301481.810
4130 408.990 4575324.850 5301522.760
4131 408.124 4575374.850 5301572.760
4132 411.639 4574674.850 5300622.760
4133 411.617 4574724.850 5300672.760
4134 410.468 4574774.850 5300722.760
4135 411.276 4574824.850 5300772.760
4136 411.589 4574874.850 5300822.760
4137 412.231 4574624.850 5300622.760
4138 412.772 4574574.850 5300672.760
4139 411.645 4574524.850 5300722.760
4140 410.969 4574474.850 5300772.760
4141 412.510 4574424.850 5300822.760
4142 412.053 4574374.850 5300872.760
4143 412.155 4574357.580 5300894.260
4144 412.068 4574311.150 5300903.150
4145 408.277 4575557.600 5301544.400
4146 405.468 4575694.530 5301401.830
4147 407.975 4575665.690 5301429.440
4148 408.605 4575637.180 5301457.170
4149 401.358 4575768.440 5301354.430
4150 401.901 4575725.990 5301373.580
4151 402.080 4575848.450 5301314.360
4152 401.156 4575809.040 5301334.500
4153 410.075 4576324.850 5301372.760
4154 410.521 4576352.540 5301386.390
4155 410.404 4576363.640 5301433.290
4156 410.404 4576392.730 5301472.600
4157 405.462 4576008.440 5301187.430
4158 405.064 4575981.320 5301217.040
4159 404.303 4575953.340 5301245.720
4160 403.835 4575922.520 5301272.260
4161 402.170 4575886.710 5301294.050
4162 409.919 4576274.850 5301372.760
4163 410.403 4576124.850 5301122.760
4164 410.403 4576124.850 5301172.760
4165 410.237 4576067.340 5301132.340
4166 408.784 4576038.110 5301159.550
4167 409.469 4576224.850 5301322.760
4168 410.886 4576174.850 5301272.760
4169 410.405 4576124.850 5301222.760
4170 408.321 4575613.570 5301488.700
4171 408.288 4575585.230 5301516.300
4172 410.404 4576371.120 5301517.550
4173 408.090 4575524.850 5301572.760
4174 408.327 4575474.850 5301572.760
4175 408.388 4575424.850 5301572.760
4176 408.140 4575374.850 5301622.760
4177 411.216 4574974.850 5300872.760
4178 411.455 4574924.850 5300872.760
4179 409.550 4575289.700 5301551.120
4180 403.972 4575283.210 5301317.070
4181 401.540 4575272.730 5301276.710
4182 401.704 4575256.350 5301237.240
4183 401.622 4575235.510 5301158.440
4184 401.674 4575240.270 5301198.400
4185 405.067 4575224.120 5301119.740
4186 409.009 4575207.450 5301084.200
4187 411.286 4575192.680 5301047.730
4188 411.490 4575152.590 5300938.600
4189 411.656 4575124.850 5300922.760
4190 411.490 4575181.770 5301010.160
4191 411.508 4575168.510 5300973.380
4192 411.483 4575152.710 5300964.560
4193 404.380 4575282.670 5301357.930
4194 407.485 4575286.810 5301440.160
4195 404.794 4575281.700 5301398.790
4196 411.170 4575074.850 5300922.760
4197 411.156 4575024.850 5300922.760
4198 409.230 4575284.050 5301522.800
4199 407.285 4575283.970 5301481.170
4200 408.912 4575324.850 5301572.760
4201 408.624 4575324.850 5301622.760
4202 412.378 4574674.850 5300672.760
4203 408.573 4574724.850 5300722.760
4204 410.602 4574774.850 5300772.760
4205 410.652 4574824.850 5300822.760
4206 411.487 4574874.850 5300872.760
4207 412.042 4574624.850 5300672.760
4208 411.307 4574574.850 5300722.760
4209 412.742 4574524.850 5300772.760
4210 412.282 4574474.850 5300822.760
4211 412.205 4574424.850 5300872.760
4212 411.159 4574374.850 5300922.760
4213 412.144 4574346.690 5300924.790
4214 408.151 4575562.420 5301548.410
4215 408.078 4575531.370 5301573.280
4216 401.715 4575697.930 5301404.390
4217 405.381 4575670.510 5301433.100
4218 407.991 4575641.770 5301460.760
4219 401.249 4575781.460 5301364.890
4220 401.318 4575740.280 5301384.730
4221 402.080 4575860.320 5301324.640
4222 401.446 4575821.470 5301344.860
4223 410.497 4576323.800 5301427.030
4224 410.404 4576330.140 5301470.420
4225 408.275 4576011.590 5301190.360
4226 407.329 4575984.910 5301220.270
4227 406.675 4575958.760 5301250.380
4228 404.656 4575928.450 5301277.470
4229 403.050 4575898.160 5301304.060
4230 409.940 4576274.850 5301422.760
4231 409.759 4576224.850 5301372.760
4232 411.000 4576074.850 5301172.760
4233 410.184 4576041.610 5301163.040
4234 410.883 4576174.850 5301322.760
4235 410.905 4576124.850 5301272.760
4236 411.000 4576074.850 5301222.760
4237 410.036 4576324.850 5301522.760
4238 410.404 4576294.880 5301505.810
4239 407.852 4575618.170 5301492.330
4240 408.089 4575590.290 5301520.470
4241 410.404 4576354.430 5301563.680
4242 407.972 4575506.840 5301603.630
4243 407.923 4575483.010 5301634.530
4244 407.935 4575474.850 5301622.760
4245 408.319 4575424.850 5301622.760
4246 407.624 4575374.850 5301672.760
4247 408.409 4575324.850 5301672.760
4248 411.130 4574974.850 5300922.760
4249 411.091 4574924.850 5300922.760
4250 409.209 4575279.300 5301562.580
4251 401.300 4575277.780 5301317.300
4252 401.605 4575261.250 5301277.520
4253 401.726 4575245.020 5301238.370
4254 405.231 4575230.180 5301159.320
4255 405.282 4575235.660 5301199.030
4256 408.514 4575217.380 5301121.030
4257 411.169 4575201.580 5301085.830
4258 411.066 4575186.150 5301056.760
4259 411.177 4575167.900 5301027.400
4260 411.368 4575124.850 5300972.760
4261 411.156 4575171.950 5301009.560
4262 401.594 4575276.720 5301357.960
4263 405.186 4575280.220 5301439.640
4264 401.888 4575275.660 5301398.620
4265 410.836 4575074.850 5300972.760
4266 410.795 4575024.850 5300972.760
4267 407.092 4575280.080 5301522.040
4268 405.542 4575278.160 5301480.450
4269 409.390 4575278.910 5301601.220
4270 409.203 4575282.600 5301629.200
4271 409.181 4575273.320 5301602.220
4272 411.603 4574674.850 5300722.760
4273 408.794 4574724.850 5300772.760
4274 410.308 4574774.850 5300822.760
4275 410.540 4574824.850 5300872.760
4276 411.388 4574874.850 5300922.760
4277 412.069 4574624.850 5300722.760
4278 412.650 4574574.850 5300772.760
4279 412.515 4574524.850 5300822.760
4280 412.358 4574474.850 5300872.760
4281 411.729 4574424.850 5300922.760
4282 411.951 4574371.710 5300948.290
4283 408.430 4575567.240 5301552.400
4284 408.027 4575536.750 5301577.710
4285 401.400 4575712.120 5301415.030
4286 401.834 4575674.470 5301436.120
4287 405.169 4575646.640 5301464.490
4288 401.169 4575794.490 5301375.360
4289 401.235 4575753.880 5301395.290
4290 402.080 4575871.630 5301334.440
4291 401.506 4575833.920 5301355.240
4292 410.464 4576293.080 5301466.450
4293 410.066 4576014.880 5301193.790
4294 409.136 4575988.820 5301223.950
4295 407.989 4575963.150 5301254.160
4296 407.413 4575933.990 5301282.320
4297 404.751 4575902.990 5301308.760
4298 409.794 4576224.850 5301422.760
4299 410.597 4576174.850 5301372.760
4300 410.593 4576024.850 5301222.760
4301 410.843 4576124.850 5301322.760
4302 411.000 4576074.850 5301272.760
4303 409.888 4576324.850 5301572.760
4304 410.404 4576260.360 5301541.700
4305 410.426 4576266.940 5301508.980
4306 404.848 4575622.920 5301496.000
4307 407.572 4575594.780 5301524.060
4308 410.405 4576335.100 5301609.670
4309 407.978 4575512.410 5301608.160
4310 407.973 4575488.630 5301639.060
4311 407.916 4575459.380 5301665.580
4312 407.747 4575424.850 5301672.760
4313 407.824 4575374.850 5301722.760
4314 407.976 4575324.850 5301722.760
4315 408.891 4575274.850 5301672.760
4316 410.775 4574974.850 5300972.760
4317 411.004 4574924.850 5300972.760
4318 407.077 4575274.540 5301561.610
4319 401.507 4575266.160 5301317.800
4320 401.778 4575249.780 5301278.330
4321 405.462 4575240.580 5301238.820
4322 408.543 4575224.640 5301160.230
4323 408.342 4575230.780 5301199.660
4324 410.382 4575212.350 5301152.110
4325 410.810 4575210.210 5301122.400
4326 410.901 4575196.490 5301105.390
4327 411.145 4575174.850 5301072.760
4328 411.145 4575124.850 5301022.760
4329 401.476 4575264.310 5301357.760
4330 402.182 4575274.590 5301439.270
4331 401.445 4575262.460 5301397.730
4332 410.642 4575074.850 5301022.760
4333 410.653 4575024.850 5301022.760
4334 405.903 4575275.690 5301521.200
4335 402.476 4575273.530 5301479.930
4336 409.054 4575267.010 5301641.810
4337 407.057 4575268.200 5301601.090
4338 408.898 4575260.380 5301681.350
4339 408.892 4574674.850 5300772.760
4340 410.897 4574724.850 5300822.760
4341 409.888 4574774.850 5300872.760
4342 410.254 4574824.850 5300922.760
4343 411.062 4574874.850 5300972.760
4344 411.682 4574624.850 5300772.760
4345 412.381 4574574.850 5300822.760
4346 412.234 4574524.850 5300872.760
4347 411.984 4574474.850 5300922.760
4348 411.130 4574424.850 5300972.760
4349 411.774 4574398.500 5300984.430
4350 407.672 4575361.770 5301788.210
4351 407.038 4575571.550 5301555.900
4352 407.865 4575542.120 5301582.130
4353 401.178 4575726.310 5301425.690
4354 401.383 4575688.110 5301446.430
4355 402.115 4575651.010 5301467.850
4356 401.187 4575807.530 5301385.830
4357 401.026 4575767.510 5301405.860
4358 404.607 4575877.090 5301339.220
4359 402.417 4575845.870 5301365.180
4360 409.825 4576224.850 5301472.760
4361 410.051 4575992.850 5301228.020
4362 409.409 4575968.450 5301258.980
4363 408.813 4575938.230 5301286.070
4364 407.544 4575908.110 5301313.380
4365 410.095 4576174.850 5301422.760
4366 410.295 4576124.850 5301372.760
4367 410.597 4576024.850 5301272.760
4368 410.960 4576074.850 5301322.760
4369 409.995 4576274.850 5301572.760
4370 410.414 4576238.230 5301549.740
4371 409.802 4576224.850 5301522.760
4372 402.306 4575627.540 5301499.570
4373 404.450 4575599.310 5301527.590
4374 410.403 4576315.320 5301655.600
4375 409.841 4576274.850 5301622.760
4376 407.899 4575517.970 5301612.690
4377 407.966 4575494.240 5301643.580
4378 408.001 4575464.990 5301670.070
4379 407.937 4575435.930 5301696.780
4380 407.903 4575410.260 5301726.460
4381 407.828 4575386.020 5301757.340
4382 410.400 4576295.640 5301701.540
4383 407.736 4575324.850 5301772.760
4384 408.499 4575274.850 5301722.760
4385 407.938 4575249.060 5301751.370
4386 408.820 4575252.130 5301720.580
4387 410.560 4574974.850 5301022.760
4388 410.923 4574924.850 5301022.760
4389 405.529 4575269.530 5301560.650
4390 401.830 4575254.540 5301318.290
4391 405.513 4575244.630 5301278.680
4392 408.408 4575235.760 5301239.280
4393 410.886 4575218.830 5301161.180
4394 410.609 4575225.710 5301200.340
4395 410.740 4575193.610 5301155.460
4396 411.025 4575174.850 5301122.760
4397 410.642 4575124.850 5301072.760
4398 401.670 4575251.860 5301357.560
4399 401.415 4575260.600 5301437.700
4400 401.510 4575249.190 5301396.830
4401 410.492 4575074.850 5301072.760
4402 410.408 4575024.850 5301072.760
4403 402.770 4575272.470 5301520.590
4404 401.384 4575259.100 5301477.200
4405 406.972 4575261.630 5301640.540
4406 405.154 4575263.030 5301600.060
4407 406.869 4575254.860 5301679.950
4408 412.230 4574674.850 5300822.760
4409 410.580 4574724.850 5300872.760
4410 409.908 4574774.850 5300922.760
4411 410.693 4574824.850 5300972.760
4412 410.358 4574874.850 5301022.760
4413 412.153 4574624.850 5300822.760
4414 412.129 4574574.850 5300872.760
4415 411.997 4574524.850 5300922.760
4416 410.900 4574474.850 5300972.760
4417 411.715 4574423.830 5301020.070
4418 407.606 4575337.520 5301819.070
4419 407.714 4575367.650 5301792.510
4420 403.987 4575575.800 5301559.240
4421 407.408 4575546.700 5301585.880
4422 400.985 4575740.520 5301436.360
4423 401.132 4575701.750 5301456.760
4424 401.363 4575664.100 5301477.830
4425 401.848 4575820.100 5301395.930
4426 400.929 4575781.130 5301416.430
4427 407.152 4575882.290 5301343.740
4428 404.477 4575851.240 5301369.720
4429 410.000 4576174.850 5301472.760
4430 410.116 4575973.890 5301264.090
4431 409.664 4575943.910 5301291.390
4432 409.633 4575911.820 5301316.780
4433 410.000 4576124.850 5301422.760
4434 410.079 4575976.630 5301285.980
4435 410.350 4576074.850 5301372.760
4436 410.407 4576024.850 5301322.760
4437 410.252 4576224.850 5301572.760
4438 410.000 4576174.850 5301522.760
4439 401.344 4575640.090 5301509.240
4440 402.496 4575604.080 5301531.300
4441 409.601 4576274.850 5301672.760
4442 409.836 4576224.850 5301622.760
4443 409.988 4576274.850 5301722.760
4444 407.290 4575522.500 5301616.440
4445 407.114 4575498.590 5301647.220
4446 408.057 4575470.600 5301674.550
4447 408.051 4575441.500 5301701.190
4448 407.983 4575416.140 5301731.000
4449 407.881 4575391.900 5301761.750
4450 410.398 4576275.930 5301747.500
4451 410.741 4576274.850 5301772.760
4452 410.398 4576256.260 5301793.480
4453 407.646 4575313.270 5301849.940
4454 407.763 4575324.850 5301822.760
4455 407.812 4575274.850 5301772.760
4456 408.043 4575245.470 5301759.930
4457 406.817 4575247.050 5301719.160
4458 410.353 4574974.850 5301072.760
4459 410.511 4574924.850 5301072.760
4460 402.464 4575265.530 5301559.880
4461 405.607 4575248.190 5301318.560
4462 408.205 4575238.910 5301279.050
4463 410.741 4575230.820 5301239.770
4464 410.664 4575207.700 5301202.730
4465 410.262 4575174.850 5301172.760
4466 410.373 4575124.850 5301122.760
4467 405.385 4575246.090 5301357.690
4468 401.350 4575246.510 5301436.090
4469 405.247 4575243.040 5301396.780
4470 409.882 4575074.850 5301122.760
4471 410.119 4575024.850 5301122.760
4472 401.354 4575256.900 5301517.630
4473 401.190 4575243.840 5301475.360
4474 404.749 4575256.440 5301639.460
4475 402.158 4575258.600 5301599.170
4476 404.334 4575249.760 5301678.850
4477 403.944 4575242.530 5301718.130
4478 411.411 4574674.850 5300872.760
4479 410.711 4574724.850 5300922.760
4480 410.975 4574774.850 5300972.760
4481 409.978 4574824.850 5301022.760
4482 409.763 4574874.850 5301072.760
4483 412.096 4574624.850 5300872.760
4484 412.070 4574574.850 5300922.760
4485 411.055 4574524.850 5300972.760
4486 411.177 4574474.850 5301022.760
4487 411.633 4574431.300 5301059.210
4488 407.619 4575343.420 5301823.260
4489 407.746 4575374.660 5301798.280
4490 402.686 4575580.620 5301563.030
4491 404.269 4575551.440 5301589.710
4492 400.707 4575754.740 5301447.020
4493 400.861 4575715.420 5301467.100
4494 401.084 4575677.200 5301487.840
4495 404.352 4575825.410 5301400.240
4496 401.188 4575794.340 5301426.670
4497 409.358 4575886.170 5301347.170
4498 406.843 4575856.560 5301374.180
4499 410.000 4576124.850 5301472.760
4500 410.157 4575949.650 5301296.850
4501 409.914 4575917.290 5301322.130
4502 410.000 4576074.850 5301422.760
4503 410.000 4575974.850 5301322.760
4504 410.004 4576024.850 5301372.760
4505 410.000 4576174.850 5301572.760
4506 410.000 4576124.850 5301522.760
4507 401.047 4575652.640 5301518.910
4508 401.325 4575616.080 5301540.640
4509 409.651 4576224.850 5301672.760
4510 410.000 4576174.850 5301622.760
4511 409.569 4576224.850 5301722.760
4512 404.394 4575527.430 5301620.480
4513 404.587 4575503.560 5301651.370
4514 407.591 4575474.750 5301678.050
4515 408.163 4575447.080 5301705.600
4516 408.055 4575422.400 5301736.040
4517 407.925 4575398.530 5301767.160
4518 409.267 4576224.850 5301772.760
4519 410.398 4576236.640 5301839.470
4520 410.397 4576200.850 5301924.180
4521 410.397 4576169.730 5301963.260
4522 410.397 4576175.310 5301986.550
4523 410.397 4576139.940 5302021.910
4524 410.397 4576100.340 5302052.220
4525 410.732 4576074.850 5302072.760
4526 407.613 4575319.180 5301854.020
4527 407.291 4575292.440 5301876.460
4528 407.316 4575274.850 5301872.760
4529 407.799 4575274.850 5301822.760
4530 408.778 4575239.130 5301801.050
4531 408.273 4575230.710 5301798.280
4532 406.296 4575238.790 5301758.440
4533 409.845 4574974.850 5301122.760
4534 409.258 4574924.850 5301122.760
4535 401.227 4575250.120 5301556.840
4536 408.092 4575241.010 5301318.860
4537 410.462 4575233.120 5301279.430
4538 410.563 4575215.820 5301251.650
4539 409.662 4575174.850 5301222.760
4540 410.109 4575124.850 5301172.760
4541 408.024 4575239.640 5301357.860
4542 408.134 4575236.270 5301396.750
4543 404.998 4575240.460 5301435.900
4544 409.576 4575074.850 5301172.760
4545 409.164 4575024.850 5301172.760
4546 401.030 4575241.160 5301514.630
4547 404.799 4575237.440 5301474.990
4548 401.852 4575251.660 5301638.470
4549 401.100 4575243.340 5301596.050
4550 401.546 4575244.730 5301677.760
4551 403.855 4575232.730 5301757.270
4552 401.240 4575237.790 5301717.050
4553 411.848 4574674.850 5300922.760
4554 411.180 4574724.850 5300972.760
4555 410.156 4574774.850 5301022.760
4556 409.795 4574824.850 5301072.760
4557 409.511 4574874.850 5301122.760
4558 411.866 4574624.850 5300922.760
4559 411.332 4574574.850 5300972.760
4560 411.348 4574524.850 5301022.760
4561 411.035 4574474.850 5301072.760
4562 411.387 4574439.250 5301099.530
4563 407.679 4575350.800 5301829.400
4564 406.118 4575379.830 5301802.660
4565 407.548 4575326.940 5301860.530
4566 401.306 4575592.060 5301572.040
4567 402.860 4575556.710 5301593.960
4568 400.373 4575768.580 5301457.410
4569 400.277 4575729.070 5301477.430
4570 400.704 4575690.310 5301497.840
4571 406.631 4575830.890 5301404.670
4572 404.109 4575799.580 5301430.760
4573 409.709 4575891.690 5301352.470
4574 409.188 4575860.650 5301377.680
4575 410.000 4576074.850 5301472.760
4576 410.193 4575922.750 5301327.480
4577 410.000 4576024.850 5301422.760
4578 410.000 4575974.850 5301372.760
4579 410.000 4576124.850 5301572.760
4580 410.000 4576074.850 5301522.760
4581 400.595 4575665.200 5301528.580
4582 401.026 4575628.090 5301549.990
4583 409.872 4576174.850 5301672.760
4584 410.000 4576124.850 5301622.760
4585 409.419 4576174.850 5301722.760
4586 402.869 4575532.810 5301624.890
4587 409.439 4576174.850 5301772.760
4588 402.928 4575508.900 5301655.810
4589 404.978 4575479.740 5301682.290
4590 407.498 4575451.000 5301708.960
4591 407.053 4575426.890 5301739.860
4592 406.419 4575403.360 5301771.260
4593 410.397 4576221.220 5301879.900
4594 409.392 4576174.850 5301822.760
4595 409.379 4576174.850 5301922.760
4596 409.401 4576124.850 5301972.760
4597 409.515 4576074.850 5302022.760
4598 410.397 4576053.500 5302068.790
4599 407.305 4575298.480 5301880.590
4600 407.429 4575272.220 5301903.430
4601 407.839 4575224.850 5301872.760
4602 408.147 4575223.040 5301849.060
4603 408.313 4575219.910 5301838.160
4604 406.423 4575225.330 5301797.090
4605 409.531 4574974.850 5301172.760
4606 410.364 4574924.850 5301172.760
4607 401.038 4575234.570 5301553.760
4608 410.320 4575233.800 5301319.160
4609 410.342 4575221.270 5301300.620
4610 409.664 4575174.850 5301272.760
4611 409.847 4575124.850 5301222.760
4612 410.122 4575233.100 5301358.020
4613 410.198 4575229.340 5301396.700
4614 408.009 4575233.880 5301435.720
4615 408.982 4575074.850 5301222.760
4616 409.718 4575024.850 5301222.760
4617 404.592 4575234.210 5301513.310
4618 407.991 4575230.580 5301474.600
4619 400.974 4575236.560 5301635.260
4620 401.046 4575227.980 5301592.900
4621 400.847 4575229.780 5301674.470
4622 404.092 4575220.300 5301796.100
4623 401.276 4575226.660 5301756.120
4624 400.720 4575223.000 5301713.680
4625 411.506 4574674.850 5300972.760
4626 410.864 4574724.850 5301022.760
4627 410.810 4574774.850 5301072.760
4628 410.874 4574824.850 5301122.760
4629 410.470 4574874.850 5301172.760
4630 411.109 4574624.850 5300972.760
4631 411.438 4574574.850 5301022.760
4632 410.785 4574524.850 5301072.760
4633 411.443 4574481.100 5301121.660
4634 406.042 4575356.310 5301834.050
4635 402.979 4575386.110 5301807.990
4636 407.495 4575306.110 5301886.680
4637 405.351 4575332.790 5301865.450
4638 401.005 4575603.540 5301581.060
4639 401.367 4575568.110 5301603.100
4640 403.857 4575773.740 5301461.280
4641 400.238 4575742.430 5301487.540
4642 399.816 4575703.400 5301507.840
4643 409.040 4575835.200 5301408.250
4644 406.853 4575805.210 5301435.150
4645 410.058 4575897.210 5301357.780
4646 409.650 4575866.280 5301382.980
4647 410.000 4576024.850 5301472.760
4648 409.954 4575924.850 5301372.760
4649 409.824 4575974.850 5301422.760
4650 410.000 4576074.850 5301572.760
4651 410.000 4576024.850 5301522.760
4652 399.348 4575677.730 5301538.240
4653 400.489 4575640.090 5301559.330
4654 410.000 4576124.850 5301672.760
4655 409.936 4576074.850 5301622.760
4656 409.997 4576124.850 5301722.760
4657 401.272 4575544.150 5301634.150
4658 409.984 4576124.850 5301772.760
4659 401.053 4575520.190 5301665.210
4660 402.986 4575485.000 5301686.740
4661 404.804 4575455.950 5301713.240
4662 404.479 4575432.470 5301744.650
4663 403.989 4575409.290 5301776.320
4664 409.086 4576174.850 5301872.760
4665 409.686 4576124.850 5301822.760
4666 409.000 4576124.850 5301922.760
4667 408.957 4576074.850 5301972.760
4668 409.183 4576024.850 5302022.760
4669 410.112 4576024.850 5302072.760
4670 410.397 4576010.420 5302093.840
4671 407.432 4575285.650 5301913.070
4672 407.405 4575278.300 5301907.520
4673 407.370 4575250.960 5301929.600
4674 407.704 4575224.850 5301922.760
4675 408.500 4575204.570 5301896.140
4676 408.144 4575206.250 5301877.150
4677 406.427 4575214.410 5301836.710
4678 410.118 4574974.850 5301222.760
4679 410.114 4574924.850 5301222.760
4680 404.502 4575228.470 5301552.740
4681 410.237 4575223.200 5301349.550
4682 409.254 4575174.850 5301322.760
4683 409.193 4575124.850 5301272.760
4684 410.178 4575220.320 5301397.830
4685 409.913 4575227.070 5301435.510
4686 409.073 4575074.850 5301272.760
4687 409.705 4575024.850 5301272.760
4688 407.948 4575226.860 5301511.910
4689 409.791 4575223.400 5301474.180
4690 410.110 4575222.870 5301446.100
4691 401.054 4575221.380 5301632.030
4692 404.523 4575222.600 5301592.190
4693 401.062 4575214.790 5301671.170
4694 404.265 4575209.130 5301835.410
4695 401.312 4575215.520 5301795.190
4696 400.648 4575211.750 5301752.330
4697 401.070 4575208.200 5301710.300
4698 411.020 4574674.850 5301022.760
4699 410.822 4574724.850 5301072.760
4700 410.644 4574774.850 5301122.760
4701 409.927 4574824.850 5301172.760
4702 410.382 4574874.850 5301222.760
4703 411.308 4574624.850 5301022.760
4704 411.195 4574574.850 5301072.760
4705 410.829 4574524.850 5301122.760
4706 411.196 4574481.380 5301157.910
4707 402.241 4575362.930 5301839.650
4708 400.434 4575392.800 5301813.670
4709 405.241 4575311.840 5301891.190
4710 400.827 4575339.750 5301871.320
4711 400.388 4575614.980 5301590.070
4712 400.689 4575579.610 5301612.320
4713 407.073 4575779.520 5301465.620
4714 403.392 4575747.960 5301491.740
4715 400.503 4575716.280 5301517.670
4716 409.623 4575840.980 5301413.570
4717 408.744 4575809.740 5301438.810
4718 410.110 4575871.910 5301388.280
4719 409.597 4575974.850 5301472.760
4720 409.377 4575924.850 5301422.760
4721 409.920 4576024.850 5301572.760
4722 409.597 4575974.850 5301522.760
4723 400.544 4575690.140 5301547.800
4724 398.899 4575652.060 5301568.650
4725 409.953 4576074.850 5301672.760
4726 409.415 4576024.850 5301622.760
4727 410.000 4576074.850 5301722.760
4728 400.276 4575555.680 5301643.590
4729 409.689 4576074.850 5301772.760
4730 399.941 4575531.760 5301674.850
4731 400.733 4575496.230 5301696.270
4732 402.943 4575461.090 5301717.670
4733 403.492 4575438.330 5301749.670
4734 402.483 4575415.570 5301781.670
4735 409.140 4576124.850 5301872.760
4736 409.323 4576074.850 5301822.760
4737 408.597 4576074.850 5301922.760
4738 408.515 4576024.850 5301972.760
4739 409.000 4575974.850 5302022.760
4740 410.397 4575965.140 5302087.880
4741 404.933 4575291.160 5301917.100
4742 405.178 4575270.050 5301942.670
4743 407.308 4575264.610 5301938.980
4744 407.343 4575257.290 5301933.770
4745 407.288 4575230.190 5301956.160
4746 408.360 4575190.950 5301944.700
4747 407.880 4575192.920 5301916.280
4748 406.296 4575201.650 5301875.770
4749 409.464 4574974.850 5301272.760
4750 409.853 4574924.850 5301272.760
4751 407.670 4575221.980 5301551.650
4752 408.926 4575174.850 5301372.760
4753 408.558 4575124.850 5301322.760
4754 409.292 4575174.850 5301422.760
4755 408.950 4575074.850 5301322.760
4756 409.302 4575024.850 5301322.760
4757 409.640 4575219.090 5301510.430
4758 409.570 4575216.130 5301494.290
4759 409.464 4575174.850 5301472.760
4760 404.426 4575216.590 5301630.780
4761 407.622 4575216.850 5301591.430
4762 404.534 4575209.680 5301670.010
4763 404.372 4575197.090 5301874.440
4764 401.348 4575204.390 5301834.270
4765 400.575 4575200.510 5301790.980
4766 400.896 4575196.840 5301748.520
4767 404.545 4575202.310 5301708.960
4768 410.993 4574674.850 5301072.760
4769 410.490 4574724.850 5301122.760
4770 410.537 4574774.850 5301172.760
4771 410.588 4574824.850 5301222.760
4772 410.068 4574874.850 5301272.760
4773 411.195 4574624.850 5301072.760
4774 410.914 4574574.850 5301122.760
4775 410.733 4574524.850 5301172.760
4776 410.975 4574498.770 5301193.540
4777 399.052 4575370.040 5301845.670
4778 399.213 4575402.930 5301822.300
4779 401.279 4575318.760 5301896.650
4780 398.609 4575347.280 5301877.670
4781 398.765 4575626.380 5301599.050
4782 400.159 4575591.110 5301621.560
4783 408.360 4575784.270 5301469.360
4784 406.969 4575753.930 5301496.280
4785 402.678 4575722.180 5301522.210
4786 410.205 4575846.750 5301418.890
4787 409.389 4575815.650 5301444.140
4788 409.000 4575874.850 5301422.760
4789 409.000 4575924.850 5301472.760
4790 409.426 4575974.850 5301572.760
4791 409.000 4575924.850 5301522.760
4792 402.869 4575696.340 5301552.620
4793 399.866 4575663.990 5301577.930
4794 409.384 4576024.850 5301672.760
4795 409.000 4575974.850 5301622.760
4796 409.571 4576024.850 5301722.760
4797 400.006 4575567.240 5301653.040
4798 409.198 4576024.850 5301772.760
4799 399.860 4575543.370 5301684.530
4800 399.620 4575507.830 5301706.110
4801 400.582 4575472.270 5301727.330
4802 400.061 4575449.160 5301758.980
4803 399.509 4575426.040 5301790.640
4804 408.682 4576074.850 5301872.760
4805 409.000 4576024.850 5301822.760
4806 408.021 4576024.850 5301922.760
4807 408.603 4575974.850 5301972.760
4808 409.327 4575924.850 5302022.760
4809 410.397 4575918.030 5302072.430
4810 401.270 4575297.910 5301922.050
4811 402.110 4575276.850 5301947.280
4812 405.361 4575249.170 5301968.390
4813 407.232 4575243.870 5301965.100
4814 407.262 4575236.700 5301960.310
4815 407.316 4575209.310 5301982.640
4816 407.928 4575180.510 5301953.910
4817 406.104 4575189.100 5301914.910
4818 408.534 4574974.850 5301322.760
4819 409.742 4574924.850 5301322.760
4820 409.279 4575215.140 5301550.490
4821 408.472 4575112.580 5301389.540
4822 408.271 4575124.850 5301422.760
4823 409.331 4575074.850 5301372.760
4824 408.899 4575024.850 5301372.760
4825 409.618 4575174.850 5301522.760
4826 408.824 4575124.850 5301472.760
4827 407.331 4575211.450 5301629.440
4828 409.273 4575210.800 5301590.630
4829 407.462 4575204.180 5301668.770
4830 404.451 4575185.190 5301913.510
4831 401.384 4575193.250 5301873.340
4832 400.503 4575189.260 5301829.630
4833 400.722 4575185.480 5301786.750
4834 404.584 4575191.970 5301747.320
4835 407.392 4575195.920 5301707.500
4836 410.775 4574674.850 5301122.760
4837 410.422 4574724.850 5301172.760
4838 410.346 4574774.850 5301222.760
4839 410.381 4574824.850 5301272.760
4840 409.946 4574874.850 5301322.760
4841 410.999 4574624.850 5301122.760
4842 410.656 4574574.850 5301172.760
4843 410.809 4574528.600 5301224.210
4844 399.001 4575379.820 5301853.960
4845 399.201 4575413.260 5301831.100
4846 398.789 4575326.070 5301902.410
4847 398.996 4575356.710 5301885.620
4848 398.552 4575637.840 5301608.060
4849 398.766 4575602.580 5301630.770
4850 409.030 4575790.320 5301474.710
4851 408.146 4575758.860 5301500.170
4852 406.687 4575728.330 5301526.930
4853 410.032 4575821.560 5301449.480
4854 409.000 4575874.850 5301472.760
4855 409.000 4575924.850 5301572.760
4856 409.000 4575874.850 5301522.760
4857 406.174 4575702.590 5301557.470
4858 402.318 4575670.380 5301582.930
4859 409.000 4575974.850 5301672.760
4860 409.000 4575924.850 5301622.760
4861 409.000 4575974.850 5301722.760
4862 399.051 4575578.780 5301662.490
4863 409.000 4575974.850 5301772.760
4864 399.363 4575554.980 5301694.220
4865 399.796 4575519.500 5301716.020
4866 399.334 4575483.900 5301737.380
4867 399.346 4575460.350 5301768.620
4868 399.273 4575436.800 5301799.860
4869 408.593 4576024.850 5301872.760
4870 409.000 4575974.850 5301822.760
4871 408.590 4575974.850 5301922.760
4872 409.278 4575924.850 5301972.760
4873 409.926 4575874.850 5302022.760
4874 410.397 4575872.100 5302054.490
4875 400.320 4575304.850 5301927.140
4876 399.143 4575283.630 5301951.870
4877 402.466 4575255.920 5301972.570
4878 405.872 4575228.250 5301994.060
4879 407.217 4575223.090 5301991.150
4880 407.268 4575216.050 5301986.770
4881 407.360 4575194.700 5302002.930
4882 407.555 4575173.280 5301991.720
4883 407.388 4575173.290 5302020.580
4884 407.693 4575165.440 5301990.930
4885 405.943 4575175.390 5301952.100
4886 409.078 4574974.850 5301372.760
4887 409.707 4574924.850 5301372.760
4888 408.406 4575174.850 5301572.760
4889 408.347 4575081.360 5301428.640
4890 408.641 4575024.850 5301422.760
4891 407.506 4575074.850 5301472.760
4892 407.787 4575124.850 5301522.760
4893 408.889 4575206.040 5301628.030
4894 409.159 4575198.370 5301667.460
4895 407.214 4575174.850 5301622.760
4896 403.893 4575170.250 5301950.310
4897 401.420 4575182.120 5301912.410
4898 400.431 4575178.020 5301868.270
4899 400.548 4575174.110 5301824.970
4900 404.585 4575180.830 5301785.480
4901 407.393 4575186.520 5301745.950
4902 409.120 4575189.200 5301705.970
4903 410.442 4574674.850 5301172.760
4904 410.227 4574724.850 5301222.760
4905 410.044 4574774.850 5301272.760
4906 410.020 4574824.850 5301322.760
4907 409.919 4574874.850 5301372.760
4908 410.589 4574624.850 5301172.760
4909 410.299 4574574.850 5301222.760
4910 410.732 4574520.770 5301257.740
4911 402.824 4575234.970 5301997.830
4912 399.246 4575389.710 5301862.340
4913 399.741 4575423.610 5301839.920
4914 399.035 4575335.460 5301910.360
4915 399.271 4575366.160 5301893.580
4916 402.269 4575644.360 5301613.190
4917 399.642 4575614.100 5301640.010
4918 409.698 4575796.360 5301480.060
4919 408.869 4575765.220 5301505.590
4920 408.078 4575733.430 5301530.970
4921 409.526 4575824.850 5301472.760
4922 409.000 4575874.850 5301572.760
4923 408.931 4575824.850 5301522.760
4924 408.038 4575707.800 5301561.600
4925 406.143 4575676.630 5301587.820
4926 409.000 4575924.850 5301672.760
4927 409.055 4575874.850 5301622.760
4928 409.000 4575924.850 5301722.760
4929 400.398 4575590.350 5301671.960
4930 409.000 4575924.850 5301772.760
4931 400.858 4575566.610 5301703.900
4932 399.682 4575531.180 5301725.940
4933 399.787 4575495.630 5301747.500
4934 399.774 4575471.620 5301778.310
4935 399.745 4575447.620 5301809.120
4936 409.000 4575974.850 5301872.760
4937 409.346 4575924.850 5301822.760
4938 409.403 4575924.850 5301922.760
4939 409.875 4575874.850 5301972.760
4940 410.397 4575828.500 5302032.210
4941 400.320 4575314.210 5301935.100
4942 399.137 4575292.960 5301959.850
4943 399.318 4575262.420 5301976.610
4944 402.922 4575215.190 5302021.930
4945 406.291 4575209.800 5302017.250
4946 407.222 4575205.750 5302013.720
4947 407.293 4575200.220 5302008.330
4948 407.357 4575168.230 5302034.000
4949 407.656 4575158.980 5302040.000
4950 407.648 4575147.330 5302041.380
4951 407.540 4575150.090 5302027.880
4952 405.598 4575159.970 5301988.910
4953 403.250 4575154.550 5301986.930
4954 408.524 4574974.850 5301422.760
4955 409.299 4574924.850 5301422.760
4956 407.631 4575124.850 5301572.760
4957 408.362 4575049.930 5301467.580
4958 407.740 4575024.850 5301472.760
4959 408.494 4575074.850 5301522.760
4960 409.316 4575174.850 5301672.760
4961 408.389 4575124.850 5301622.760
4962 400.994 4575165.810 5301948.730
4963 400.358 4575166.770 5301906.920
4964 400.374 4575162.750 5301863.200
4965 404.718 4575169.480 5301823.580
4966 407.314 4575175.450 5301783.980
4967 409.019 4575180.750 5301744.490
4968 408.857 4575174.850 5301722.760
4969 410.198 4574674.850 5301222.760
4970 410.190 4574724.850 5301272.760
4971 409.974 4574774.850 5301322.760
4972 409.979 4574824.850 5301372.760
4973 409.651 4574874.850 5301422.760
4974 410.228 4574624.850 5301222.760
4975 410.059 4574574.850 5301272.760
4976 410.501 4574532.000 5301286.560
4977 399.495 4575241.210 5302001.340
4978 399.766 4575399.610 5301870.730
4979 400.068 4575433.980 5301848.760
4980 399.269 4575344.880 5301918.340
4981 399.755 4575375.600 5301901.530
4982 405.451 4575650.540 5301618.060
4983 402.209 4575620.330 5301644.980
4984 409.593 4575771.560 5301511.010
4985 408.912 4575740.080 5301536.450
4986 408.915 4575774.850 5301522.760
4987 409.000 4575824.850 5301572.760
4988 408.994 4575714.660 5301567.080
4989 407.988 4575681.850 5301591.970
4990 409.403 4575874.850 5301672.760
4991 409.515 4575824.850 5301622.760
4992 409.188 4575874.850 5301722.760
4993 402.337 4575596.000 5301676.520
4994 409.018 4575874.850 5301772.760
4995 402.529 4575571.710 5301708.100
4996 400.470 4575542.860 5301735.850
4997 400.044 4575507.380 5301757.660
4998 400.037 4575482.920 5301788.030
4999 400.034 4575458.450 5301818.390
5000 409.403 4575924.850 5301872.760
5001 409.486 4575874.850 5301822.760
5002 410.000 4575874.850 5301922.760
5003 410.397 4575814.660 5301986.580
5004 400.320 4575323.610 5301943.100
5005 399.265 4575302.330 5301967.860
5006 399.191 4575271.710 5301984.590
5007 399.671 4575219.990 5302026.080
5008 404.796 4575188.210 5302049.630
5009 406.466 4575178.610 5302042.670
5010 407.416 4575148.200 5302069.570
5011 407.498 4575135.190 5302065.050
5012 405.306 4575144.350 5302025.670
5013 402.630 4575138.740 5302023.530
5014 400.568 4575149.500 5301985.060
5015 407.749 4574974.850 5301472.760
5016 408.798 4574924.850 5301472.760
5017 408.920 4575074.850 5301572.760
5018 407.633 4575018.100 5301506.180
5019 408.897 4575074.850 5301622.760
5020 408.818 4575124.850 5301672.760
5021 400.117 4575151.760 5301943.620
5022 400.200 4575151.390 5301901.420
5023 404.680 4575158.110 5301861.660
5024 407.522 4575163.940 5301821.870
5025 408.791 4575169.700 5301782.360
5026 408.851 4575124.850 5301722.760
5027 410.053 4574674.850 5301272.760
5028 409.911 4574724.850 5301322.760
5029 409.709 4574774.850 5301372.760
5030 409.735 4574824.850 5301422.760
5031 409.550 4574874.850 5301472.760
5032 410.107 4574624.850 5301272.760
5033 410.458 4574558.100 5301314.530
5034 399.244 4575250.460 5302009.340
5035 400.080 4575409.520 5301879.130
5036 400.917 4575444.330 5301857.580
5037 399.653 4575354.300 5301926.310
5038 400.062 4575385.050 5301909.490
5039 407.834 4575655.730 5301622.180
5040 405.977 4575626.450 5301649.870
5041 409.753 4575746.720 5301541.930
5042 409.034 4575774.850 5301572.760
5043 409.961 4575721.530 5301572.550
5044 408.980 4575688.810 5301597.340
5045 409.995 4575824.850 5301672.760
5046 409.515 4575774.850 5301622.760
5047 409.485 4575824.850 5301722.760
5048 406.042 4575601.760 5301681.210
5049 409.031 4575824.850 5301772.760
5050 405.935 4575577.150 5301712.610
5051 403.286 4575547.490 5301739.740
5052 400.205 4575519.120 5301767.800
5053 400.585 4575494.190 5301797.730
5054 400.742 4575469.260 5301827.660
5055 409.933 4575874.850 5301872.760
5056 409.000 4575824.850 5301822.760
5057 410.000 4575824.850 5301922.760
5058 410.386 4575791.610 5301948.790
5059 400.320 4575333.000 5301951.090
5060 399.463 4575311.700 5301975.860
5061 399.263 4575281.050 5301992.620
5062 399.298 4575229.210 5302034.080
5063 399.721 4575198.790 5302056.750
5064 403.776 4575166.950 5302081.950
5065 407.105 4575157.430 5302076.290
5066 407.330 4575128.690 5302104.500
5067 407.290 4575118.730 5302101.460
5068 405.087 4575129.030 5302062.580
5069 402.047 4575123.080 5302060.200
5070 400.142 4575133.190 5302021.380
5071 399.876 4575136.740 5301980.310
5072 408.574 4574974.850 5301522.760
5073 409.096 4574924.850 5301522.760
5074 408.667 4575024.850 5301572.760
5075 407.663 4574986.720 5301545.160
5076 408.681 4575024.850 5301622.760
5077 408.822 4575074.850 5301672.760
5078 399.976 4575137.670 5301938.490
5079 404.678 4575146.360 5301899.620
5080 407.357 4575152.360 5301859.740
5081 409.019 4575157.970 5301820.030
5082 408.490 4575124.850 5301772.760
5083 409.004 4575074.850 5301722.760
5084 409.760 4574674.850 5301322.760
5085 409.790 4574724.850 5301372.760
5086 409.526 4574774.850 5301422.760
5087 409.542 4574824.850 5301472.760
5088 409.301 4574874.850 5301522.760
5089 409.923 4574624.850 5301322.760
5090 410.335 4574556.680 5301359.470
5091 399.261 4575259.780 5302017.380
5092 399.264 4575238.500 5302042.140
5093 400.991 4575419.400 5301887.510
5094 402.293 4575447.370 5301860.020
5095 399.861 4575363.720 5301934.290
5096 400.996 4575394.470 5301917.440
5097 408.925 4575662.720 5301627.400
5098 407.849 4575631.660 5301654.060
5099 409.664 4575727.060 5301575.960
5100 410.045 4575695.760 5301602.700
5101 410.000 4575774.850 5301672.760
5102 408.912 4575724.850 5301622.760
5103 409.472 4575774.850 5301722.760
5104 407.893 4575606.730 5301685.270
5105 409.033 4575774.850 5301772.760
5106 407.942 4575581.910 5301716.570
5107 406.190 4575552.680 5301744.130
5108 403.189 4575523.300 5301771.400
5109 402.777 4575497.880 5301800.740
5110 402.410 4575472.200 5301829.920
5111 409.515 4575824.850 5301872.760
5112 409.000 4575774.850 5301822.760
5113 410.380 4575787.590 5301904.920
5114 400.320 4575342.400 5301959.080
5115 399.460 4575321.070 5301983.870
5116 399.368 4575290.400 5302000.640
5117 399.051 4575217.390 5302072.530
5118 398.969 4575208.060 5302064.610
5119 399.237 4575177.590 5302087.410
5120 403.690 4575140.720 5302112.090
5121 407.070 4575114.000 5302126.210
5122 407.220 4575110.420 5302122.560
5123 404.110 4575103.010 5302129.710
5124 404.758 4575112.670 5302098.980
5125 401.408 4575106.880 5302096.610
5126 399.716 4575116.880 5302057.710
5127 399.635 4575121.720 5302017.000
5128 399.752 4575123.950 5301975.560
5129 408.382 4574924.850 5301572.760
5130 407.381 4574956.520 5301585.040
5131 408.358 4574974.850 5301622.760
5132 408.490 4575024.850 5301672.760
5133 404.300 4575132.800 5301936.420
5134 407.267 4575139.900 5301897.310
5135 408.655 4575146.130 5301857.640
5136 408.477 4575124.850 5301822.760
5137 408.115 4575074.850 5301772.760
5138 408.374 4575024.850 5301722.760
5139 399.528 4575110.230 5302012.620
5140 409.310 4574674.850 5301372.760
5141 408.214 4574724.850 5301422.760
5142 408.751 4574774.850 5301472.760
5143 409.108 4574824.850 5301522.760
5144 409.025 4574874.850 5301572.760
5145 409.390 4574624.850 5301372.760
5146 410.305 4574557.990 5301398.240
5147 399.273 4575269.100 5302025.420
5148 399.178 4575247.800 5302050.190
5149 402.379 4575422.710 5301890.230
5150 404.079 4575450.640 5301862.650
5151 400.763 4575373.120 5301942.250
5152 401.977 4575397.550 5301920.030
5153 410.078 4575669.700 5301632.600
5154 408.994 4575638.580 5301659.370
5155 410.078 4575670.990 5301634.250
5156 410.000 4575724.850 5301672.760
5157 409.455 4575724.850 5301722.760
5158 409.043 4575613.260 5301690.400
5159 408.935 4575724.850 5301772.760
5160 409.099 4575588.090 5301721.570
5161 407.998 4575557.290 5301748.030
5162 406.722 4575528.260 5301775.690
5163 405.583 4575502.140 5301804.230
5164 404.061 4575475.490 5301832.480
5165 408.933 4575724.850 5301822.760
5166 410.354 4575759.220 5301869.660
5167 400.320 4575351.770 5301967.060
5168 400.357 4575330.420 5301991.870
5169 399.260 4575299.740 5302008.670
5170 398.991 4575226.740 5302080.450
5171 398.893 4575196.280 5302102.920
5172 398.708 4575186.900 5302095.140
5173 398.440 4575156.400 5302118.080
5174 403.050 4575121.460 5302141.060
5175 402.815 4575101.780 5302143.240
5176 402.580 4575099.340 5302131.420
5177 399.290 4575100.570 5302094.030
5178 399.394 4575106.700 5302053.700
5179 403.816 4575118.860 5301973.640
5180 407.381 4574929.070 5301626.770
5181 408.387 4574974.850 5301672.760
5182 407.167 4575126.700 5301933.830
5183 408.410 4575132.850 5301894.790
5184 408.521 4575124.850 5301872.760
5185 408.532 4575074.850 5301822.760
5186 408.438 4575024.850 5301772.760
5187 408.046 4574974.850 5301722.760
5188 399.304 4575096.510 5302049.690
5189 403.329 4575105.070 5302010.920
5190 409.391 4574674.850 5301422.760
5191 408.965 4574724.850 5301472.760
5192 408.579 4574774.850 5301522.760
5193 408.953 4574824.850 5301572.760
5194 408.883 4574874.850 5301622.760
5195 409.697 4574624.850 5301422.760
5196 410.293 4574584.630 5301425.050
5197 410.272 4574578.420 5301479.550
5198 399.059 4575278.420 5302033.460
5199 398.856 4575257.090 5302058.250
5200 398.841 4575236.090 5302088.380
5201 404.221 4575426.090 5301893.020
5202 406.061 4575453.740 5301865.150
5203 401.961 4575377.020 5301945.450
5204 403.622 4575400.530 5301922.530
5205 410.156 4575645.510 5301664.670
5206 408.524 4575674.850 5301672.760
5207 408.802 4575674.850 5301722.760
5208 410.207 4575619.800 5301695.540
5209 408.469 4575674.850 5301772.760
5210 410.269 4575594.280 5301726.570
5211 409.164 4575563.210 5301752.960
5212 408.056 4575532.750 5301779.560
5213 407.373 4575506.050 5301807.420
5214 406.118 4575478.550 5301834.860
5215 408.563 4575674.850 5301822.760
5216 410.323 4575709.400 5301866.480
5217 401.722 4575355.820 5301970.450
5218 401.501 4575334.670 5301995.490
5219 400.200 4575309.080 5302016.690
5220 398.862 4575205.690 5302110.710
5221 398.891 4575172.010 5302130.750
5222 398.420 4575135.200 5302148.750
5223 402.180 4575096.800 5302168.790
5224 400.131 4575081.140 5302161.920
5225 399.710 4575089.210 5302122.990
5226 399.153 4575091.690 5302090.390
5227 406.836 4575112.630 5301971.310
5228 407.100 4574909.730 5301672.920
5229 407.872 4574874.850 5301672.760
5230 408.470 4575120.050 5301931.000
5231 408.406 4575120.130 5301917.610
5232 408.695 4575074.850 5301872.760
5233 407.986 4574924.850 5301722.760
5234 407.619 4575024.850 5301822.760
5235 408.317 4574974.850 5301772.760
5236 399.080 4575082.790 5302086.760
5237 402.922 4575090.820 5302048.050
5238 406.499 4575098.890 5302008.910
5239 399.912 4575062.430 5302194.400
5240 409.885 4574674.850 5301472.760
5241 409.376 4574724.850 5301522.760
5242 409.018 4574774.850 5301572.760
5243 408.815 4574824.850 5301622.760
5244 410.287 4574613.660 5301459.940
5245 410.109 4574601.320 5301511.360
5246 398.955 4575215.090 5302118.510
5247 400.028 4575287.730 5302041.500
5248 399.843 4575266.380 5302066.310
5249 399.817 4575245.430 5302096.310
5250 405.867 4575429.380 5301895.740
5251 407.284 4575457.240 5301867.960
5252 404.119 4575380.800 5301948.560
5253 405.291 4575403.520 5301925.060
5254 408.436 4575624.850 5301722.760
5255 408.094 4575624.850 5301772.760
5256 410.341 4575569.120 5301757.890
5257 409.233 4575538.440 5301784.450
5258 407.348 4575510.840 5301811.330
5259 407.465 4575482.190 5301837.680
5260 408.706 4575624.850 5301822.760
5261 410.332 4575662.270 5301851.610
5262 403.668 4575359.780 5301973.770
5263 403.301 4575338.860 5301999.070
5264 401.288 4575313.540 5302020.550
5265 399.119 4575187.780 5302143.530
5266 398.578 4575150.880 5302161.180
5267 398.400 4575114.000 5302179.420
5268 400.146 4575077.600 5302201.590
5269 399.764 4575064.110 5302155.470
5270 399.201 4575066.670 5302118.590
5271 408.378 4574824.850 5301672.760
5272 408.160 4575105.820 5301968.750
5273 407.525 4574895.830 5301720.780
5274 406.620 4574874.850 5301722.760
5275 408.327 4575074.850 5301922.760
5276 407.460 4575024.850 5301872.760
5277 408.393 4574924.850 5301772.760
5278 408.224 4574974.850 5301822.760
5279 402.523 4575076.670 5302084.250
5280 407.842 4575092.150 5302006.690
5281 406.340 4575084.150 5302046.130
5282 408.143 4575085.050 5302016.190
5283 399.463 4575046.140 5302227.320
5284 399.678 4575046.830 5302187.370
5285 410.117 4574674.850 5301522.760
5286 409.174 4574724.850 5301572.760
5287 408.346 4574774.850 5301622.760
5288 409.916 4574624.850 5301522.760
5289 409.937 4574579.420 5301554.430
5290 399.976 4575224.490 5302126.310
5291 401.079 4575292.410 5302045.610
5292 400.818 4575271.180 5302070.470
5293 401.110 4575249.890 5302100.190
5294 407.307 4575432.850 5301898.600
5295 404.599 4575460.810 5301870.840
5296 405.434 4575384.580 5301951.670
5297 406.509 4575406.430 5301927.510
5298 410.082 4575574.850 5301772.760
5299 410.419 4575544.120 5301789.340
5300 408.142 4575515.660 5301815.260
5301 404.613 4575485.860 5301840.530
5302 407.989 4575574.850 5301822.760
5303 410.246 4575615.210 5301851.790
5304 405.065 4575363.710 5301977.070
5305 404.643 4575342.980 5302002.590
5306 402.903 4575317.960 5302024.390
5307 400.032 4575203.540 5302156.310
5308 398.876 4575166.740 5302173.750
5309 398.264 4575129.740 5302191.620
5310 398.380 4575092.800 5302210.080
5311 399.662 4575058.610 5302233.500
5312 400.131 4575050.560 5302150.420
5313 402.963 4575061.010 5302116.320
5314 407.272 4574774.850 5301672.760
5315 408.543 4574824.850 5301722.760
5316 408.298 4575074.850 5301972.760
5317 407.136 4574866.230 5301761.050
5318 407.888 4575024.850 5301922.760
5319 407.789 4574974.850 5301872.760
5320 408.230 4574924.850 5301822.760
5321 406.186 4575069.650 5302081.390
5322 407.811 4575076.850 5302044.030
5323 407.707 4575074.850 5302022.760
5324 399.677 4575038.000 5302257.600
5325 399.264 4575031.680 5302220.440
5326 399.444 4575034.450 5302182.250
5327 408.158 4574724.850 5301672.760
5328 410.002 4574674.850 5301572.760
5329 408.840 4574724.850 5301622.760
5330 409.582 4574624.850 5301572.760
5331 409.931 4574590.740 5301589.780
5332 399.500 4575000.480 5302286.240
5333 401.092 4575228.420 5302129.760
5334 402.418 4575297.070 5302049.700
5335 401.841 4575275.970 5302074.620
5336 401.936 4575254.340 5302104.060
5337 407.625 4575436.450 5301901.570
5338 410.011 4575466.550 5301897.870
5339 407.670 4575412.070 5301932.410
5340 406.756 4575388.200 5301954.630
5341 407.430 4575409.490 5301930.090
5342 407.272 4575524.850 5301822.760
5343 410.243 4575493.450 5301888.670
5344 410.251 4575571.750 5301871.590
5345 406.695 4575367.420 5301980.180
5346 406.748 4575346.830 5302005.860
5347 404.240 4575322.300 5302028.150
5348 401.410 4575207.080 5302159.430
5349 399.979 4575182.590 5302186.310
5350 398.633 4575145.700 5302203.970
5351 397.950 4575108.610 5302222.050
5352 398.361 4575071.600 5302240.750
5353 398.341 4575051.080 5302271.930
5354 399.692 4575014.150 5302293.780
5355 403.371 4575045.140 5302148.300
5356 406.493 4575054.730 5302113.880
5357 407.996 4574774.850 5301722.760
5358 407.879 4574824.850 5301772.760
5359 406.255 4574853.490 5301807.930
5360 408.566 4575024.850 5301972.760
5361 407.828 4574874.850 5301822.760
5362 408.116 4574974.850 5301922.760
5363 408.263 4574924.850 5301872.760
5364 407.780 4575061.950 5302078.230
5365 408.190 4575057.280 5302061.500
5366 408.201 4575024.850 5302022.760
5367 399.432 4575017.450 5302253.110
5368 399.565 4575018.330 5302214.070
5369 403.696 4575028.700 5302180.010
5370 399.807 4574986.100 5302277.730
5371 407.913 4574724.850 5301722.760
5372 409.454 4574674.850 5301672.760
5373 409.594 4574674.850 5301622.760
5374 409.715 4574633.160 5301606.940
5375 399.615 4574987.020 5302321.680
5376 402.709 4575232.340 5302133.200
5377 403.816 4575301.630 5302053.700
5378 403.358 4575280.640 5302078.670
5379 404.784 4575258.740 5302107.870
5380 409.804 4575434.010 5301935.790
5381 407.682 4575392.030 5301957.860
5382 410.258 4575530.680 5301891.240
5383 407.651 4575371.370 5301983.630
5384 409.743 4575401.970 5301974.180
5385 407.598 4575350.950 5302009.590
5386 406.671 4575326.300 5302031.610
5387 403.084 4575210.610 5302162.540
5388 401.566 4575185.910 5302189.230
5389 399.926 4575161.650 5302216.310
5390 398.390 4575124.660 5302234.180
5391 397.636 4575087.480 5302252.480
5392 397.323 4575066.350 5302282.910
5393 398.321 4575028.810 5302302.350
5394 406.730 4575039.330 5302146.150
5395 407.935 4575047.720 5302111.100
5396 408.084 4574774.850 5301772.760
5397 407.939 4574824.850 5301822.760
5398 406.344 4574845.120 5301856.820
5399 407.425 4574974.850 5301972.760
5400 407.829 4574874.850 5301872.760
5401 407.772 4574924.850 5301922.760
5402 408.183 4575037.710 5302105.340
5403 408.476 4575024.850 5302072.760
5404 408.332 4574974.850 5302022.760
5405 399.929 4574969.980 5302309.560
5406 399.686 4575002.220 5302245.900
5407 403.997 4575011.790 5302211.450
5408 406.796 4575022.700 5302177.810
5409 404.205 4574982.350 5302275.150
5410 406.780 4574724.850 5301772.760
5411 409.248 4574674.850 5301722.760
5412 409.146 4574624.850 5301672.760
5413 409.469 4574614.390 5301644.780
5414 398.301 4575007.310 5302333.480
5415 399.566 4574970.170 5302352.300
5416 405.704 4575236.290 5302136.630
5417 406.593 4575305.780 5302057.350
5418 406.312 4575284.850 5302082.320
5419 406.532 4575262.790 5302111.370
5420 411.035 4575424.850 5301972.760
5421 409.642 4575378.900 5302016.030
5422 407.535 4575330.600 5302035.620
5423 404.546 4575214.220 5302165.690
5424 403.546 4575189.210 5302192.140
5425 401.763 4575164.760 5302219.040
5426 399.874 4575140.700 5302246.300
5427 398.147 4575103.630 5302264.400
5428 397.904 4575082.590 5302294.620
5429 397.009 4575045.210 5302313.350
5430 407.980 4575032.720 5302143.620
5431 407.902 4574774.850 5301822.760
5432 406.471 4574824.850 5301872.760
5433 408.319 4574924.850 5301972.760
5434 408.027 4574874.850 5301922.760
5435 408.788 4575019.940 5302099.430
5436 408.614 4574974.850 5302072.760
5437 407.228 4574924.850 5302022.760
5438 407.753 4575015.770 5302175.180
5439 400.050 4574953.870 5302341.390
5440 404.765 4574965.040 5302306.220
5441 404.445 4574995.910 5302243.460
5442 406.816 4575005.110 5302208.910
5443 405.227 4574977.660 5302271.880
5444 406.249 4574724.850 5301822.760
5445 408.598 4574674.850 5301772.760
5446 409.035 4574624.850 5301722.760
5447 409.444 4574590.400 5301687.150
5448 396.695 4575024.370 5302344.140
5449 398.281 4574987.050 5302363.680
5450 399.400 4574949.410 5302387.160
5451 406.513 4575239.990 5302139.820
5452 407.498 4575310.260 5302061.640
5453 407.345 4575289.420 5302086.700
5454 407.219 4575267.130 5302115.500
5455 409.634 4575371.220 5302058.530
5456 407.917 4575324.850 5302072.760
5457 406.919 4575217.650 5302168.650
5458 405.006 4575192.640 5302195.130
5459 404.089 4575167.850 5302221.770
5460 401.936 4575143.650 5302248.890
5461 399.821 4575119.760 5302276.300
5462 399.768 4575098.810 5302306.300
5463 397.661 4575061.550 5302324.830
5464 407.577 4574993.850 5302195.900
5465 408.529 4574996.700 5302144.230
5466 408.008 4574774.850 5301872.760
5467 406.467 4574821.920 5301900.180
5468 406.835 4574874.850 5301972.760
5469 406.408 4574824.850 5301922.760
5470 407.732 4574974.850 5302122.760
5471 408.486 4574924.850 5302072.760
5472 407.759 4574874.850 5302022.760
5473 407.453 4574997.300 5302205.840
5474 407.618 4574992.620 5302208.820
5475 399.200 4574928.650 5302422.010
5476 399.522 4574933.470 5302376.570
5477 405.323 4574947.730 5302337.290
5478 405.663 4574958.800 5302301.980
5479 407.139 4574989.600 5302241.140
5480 407.259 4574974.050 5302269.430
5481 408.537 4574724.850 5301872.760
5482 408.290 4574674.850 5301822.760
5483 409.361 4574624.850 5301772.760
5484 409.380 4574577.240 5301731.410
5485 397.418 4575040.510 5302355.050
5486 396.381 4575002.950 5302374.210
5487 398.300 4574965.780 5302398.050
5488 398.400 4574944.430 5302432.400
5489 407.380 4575243.880 5302143.550
5490 408.240 4575292.010 5302088.390
5491 409.444 4575277.250 5302142.320
5492 409.637 4575348.090 5302099.800
5493 407.545 4575221.230 5302172.070
5494 407.152 4575195.960 5302197.980
5495 405.591 4575171.120 5302224.600
5496 404.584 4575146.570 5302251.450
5497 402.073 4575122.570 5302278.760
5498 402.190 4575101.490 5302308.620
5499 399.715 4575077.860 5302336.300
5500 408.221 4574973.950 5302189.210
5501 408.236 4574974.850 5302172.760
5502 406.797 4574783.040 5301931.290
5503 407.749 4574824.850 5301972.760
5504 408.052 4574724.850 5301922.760
5505 408.394 4574924.850 5302122.760
5506 407.561 4574874.850 5302072.760
5507 407.716 4574824.850 5302022.760
5508 407.634 4574982.150 5302238.300
5509 408.330 4574974.850 5302222.760
5510 408.360 4574971.010 5302239.200
5511 399.000 4574907.890 5302456.870
5512 398.994 4574913.080 5302411.750
5513 404.093 4574926.960 5302372.260
5514 406.095 4574939.890 5302332.040
5515 407.716 4574954.100 5302298.820
5516 407.622 4574969.220 5302266.090
5517 408.695 4574674.850 5301872.760
5518 409.132 4574624.850 5301822.760
5519 408.979 4574574.850 5301772.760
5520 409.331 4574553.880 5301774.760
5521 407.719 4574674.850 5301922.760
5522 398.500 4574923.240 5302466.900
5523 399.663 4575056.920 5302366.300
5524 397.175 4575019.470 5302385.270
5525 396.887 4574981.430 5302408.410
5526 397.392 4574959.910 5302442.600
5527 407.786 4575227.400 5302184.100
5528 409.317 4575258.170 5302177.370
5529 409.635 4575322.940 5302139.510
5530 407.701 4575199.390 5302201.220
5531 407.554 4575174.320 5302227.350
5532 406.103 4575149.710 5302254.160
5533 405.010 4575125.360 5302281.190
5534 405.393 4575104.150 5302310.920
5535 402.308 4575080.440 5302338.500
5536 407.717 4574924.850 5302172.760
5537 406.549 4574757.940 5301974.430
5538 407.158 4574724.850 5301972.760
5539 408.285 4574874.850 5302122.760
5540 407.628 4574824.850 5302072.760
5541 407.686 4574774.850 5302022.760
5542 407.823 4574964.380 5302262.750
5543 408.271 4574924.850 5302222.760
5544 408.397 4574955.100 5302260.970
5545 398.817 4574887.120 5302491.730
5546 398.466 4574892.680 5302446.930
5547 402.916 4574906.180 5302407.220
5548 405.519 4574919.270 5302367.150
5549 408.167 4574934.140 5302328.210
5550 407.970 4574947.720 5302294.500
5551 409.528 4574624.850 5301872.760
5552 408.752 4574574.850 5301822.760
5553 409.263 4574546.840 5301816.800
5554 408.289 4574624.850 5301922.760
5555 406.551 4574674.850 5301972.760
5556 397.897 4574938.400 5302476.800
5557 398.600 4574902.050 5302501.390
5558 402.424 4575060.020 5302368.780
5559 399.610 4575035.970 5302396.300
5560 397.547 4574997.540 5302419.110
5561 397.920 4574975.610 5302452.950
5562 408.575 4575224.850 5302222.760
5563 409.301 4575250.460 5302223.430
5564 408.071 4575177.600 5302230.410
5565 407.859 4575152.830 5302256.820
5566 406.509 4575128.400 5302283.790
5567 406.851 4575107.090 5302313.420
5568 405.779 4575082.990 5302340.680
5569 408.122 4574874.850 5302172.760
5570 407.168 4574874.850 5302222.760
5571 406.420 4574721.260 5302006.150
5572 407.540 4574824.850 5302122.760
5573 407.591 4574774.850 5302072.760
5574 407.210 4574674.850 5302022.760
5575 405.959 4574690.510 5302044.300
5576 408.104 4574941.330 5302290.170
5577 408.172 4574924.850 5302272.760
5578 408.366 4574936.230 5302288.980
5579 407.970 4574874.850 5302272.760
5580 398.505 4574866.360 5302526.580
5581 397.938 4574872.290 5302482.110
5582 401.731 4574885.340 5302442.150
5583 405.060 4574898.610 5302402.230
5584 407.683 4574913.190 5302363.120
5585 408.308 4574926.190 5302322.890
5586 408.821 4574574.850 5301872.760
5587 409.081 4574518.000 5301857.290
5588 408.364 4574574.850 5301922.760
5589 407.784 4574624.850 5301972.760
5590 398.708 4574880.860 5302535.880
5591 398.293 4574953.680 5302486.780
5592 398.402 4574916.880 5302510.990
5593 406.162 4575063.100 5302371.220
5594 402.537 4575040.920 5302399.610
5595 399.348 4575013.610 5302429.780
5596 399.086 4574991.260 5302463.250
5597 409.308 4575211.670 5302245.620
5598 408.320 4575156.010 5302259.750
5599 409.213 4575177.440 5302274.530
5600 408.024 4575131.460 5302286.390
5601 408.102 4575110.080 5302315.950
5602 407.195 4575085.840 5302343.090
5603 409.172 4575224.850 5302372.760
5604 408.542 4575203.620 5302350.510
5605 407.540 4574824.850 5302172.760
5606 405.940 4574824.850 5302222.760
5607 407.820 4574724.850 5302072.760
5608 407.873 4574774.850 5302122.760
5609 406.161 4574624.850 5302022.760
5610 406.697 4574674.850 5302072.760
5611 407.236 4574688.620 5302094.240
5612 407.788 4574824.850 5302272.760
5613 408.373 4574918.240 5302317.570
5614 408.022 4574874.850 5302322.760
5615 398.332 4574842.100 5302558.770
5616 397.410 4574851.890 5302517.290
5617 400.521 4574864.430 5302477.040
5618 404.580 4574877.840 5302437.250
5619 407.365 4574892.190 5302398.020
5620 408.061 4574905.390 5302357.950
5621 408.869 4574520.640 5301890.450
5622 408.770 4574524.850 5301922.760
5623 407.086 4574574.850 5301972.760
5624 408.635 4574434.880 5301918.610
5625 398.555 4574856.560 5302567.890
5626 398.907 4574895.370 5302545.190
5627 398.824 4574968.900 5302496.730
5628 398.666 4574931.750 5302520.620
5629 407.535 4575066.590 5302373.980
5630 406.539 4575045.820 5302402.880
5631 402.460 4575018.710 5302433.270
5632 402.394 4574996.230 5302466.750
5633 408.672 4575180.720 5302309.040
5634 408.391 4575134.570 5302289.190
5635 408.351 4575113.110 5302318.630
5636 408.181 4575088.780 5302345.560
5637 408.494 4575217.350 5302395.620
5638 407.195 4575174.850 5302372.760
5639 407.216 4574774.850 5302172.760
5640 405.568 4574774.850 5302222.760
5641 406.990 4574724.850 5302122.760
5642 407.372 4574574.850 5302022.760
5643 405.674 4574624.850 5302072.760
5644 406.861 4574674.850 5302122.760
5645 407.651 4574774.850 5302272.760
5646 407.722 4574824.850 5302322.760
5647 408.140 4574897.410 5302352.650
5648 408.003 4574874.850 5302372.760
5649 398.159 4574817.840 5302590.960
5650 397.720 4574827.710 5302549.680
5651 399.332 4574843.460 5302511.880
5652 404.050 4574856.920 5302472.170
5653 407.018 4574871.020 5302432.810
5654 408.043 4574884.520 5302392.960
5655 408.590 4574480.470 5301917.860
5656 406.832 4574524.850 5301972.760
5657 408.589 4574449.790 5301955.340
5658 398.401 4574832.270 5302599.910
5659 398.762 4574871.040 5302577.020
5660 399.038 4574909.820 5302554.460
5661 402.314 4574974.570 5302500.670
5662 398.562 4574946.550 5302530.200
5663 408.253 4575070.210 5302376.840
5664 407.864 4575051.430 5302406.640
5665 406.368 4575023.830 5302436.780
5666 406.219 4575001.340 5302470.340
5667 408.075 4575124.850 5302322.760
5668 408.312 4575091.740 5302348.130
5669 408.265 4575073.860 5302379.760
5670 408.478 4575207.360 5302442.250
5671 407.162 4575174.850 5302422.760
5672 407.978 4575124.850 5302372.760
5673 408.460 4575246.350 5302645.150
5674 407.252 4574524.850 5302022.760
5675 406.701 4574724.850 5302172.760
5676 406.479 4574724.850 5302222.760
5677 406.875 4574691.130 5302144.190
5678 405.768 4574574.850 5302072.760
5679 407.069 4574624.850 5302122.760
5680 407.408 4574724.850 5302272.760
5681 407.377 4574774.850 5302322.760
5682 407.018 4574824.850 5302372.760
5683 408.202 4574876.480 5302387.670
5684 397.986 4574793.580 5302623.150
5685 398.030 4574803.530 5302582.070
5686 399.979 4574819.950 5302544.760
5687 403.562 4574835.880 5302507.020
5688 406.600 4574849.640 5302467.470
5689 407.984 4574863.420 5302427.840
5690 397.813 4574769.320 5302655.330
5691 407.241 4574474.850 5301972.760
5692 409.714 4574424.850 5301972.760
5693 398.247 4574807.980 5302631.920
5694 398.094 4574783.690 5302663.940
5695 398.617 4574846.710 5302608.860
5696 398.652 4574885.450 5302586.130
5697 398.300 4574924.190 5302563.680
5698 406.041 4574980.480 5302504.790
5699 402.227 4574953.010 5302534.620
5700 408.310 4575057.320 5302410.580
5701 407.586 4575029.690 5302440.790
5702 407.345 4575007.140 5302474.410
5703 408.195 4575074.730 5302381.980
5704 408.198 4575063.250 5302414.540
5705 408.462 4575200.810 5302488.420
5706 408.460 4575222.980 5302524.440
5707 407.175 4575174.850 5302472.760
5708 407.496 4575124.850 5302422.760
5709 408.460 4575228.350 5302612.920
5710 408.460 4575197.570 5302635.700
5711 406.359 4575442.930 5303295.640
5712 406.761 4575424.850 5303272.760
5713 406.828 4574474.850 5302022.760
5714 406.131 4574524.850 5302072.760
5715 405.809 4574678.690 5302190.360
5716 406.529 4574674.850 5302222.760
5717 407.503 4574624.850 5302172.760
5718 406.153 4574574.850 5302122.760
5719 406.643 4574674.850 5302272.760
5720 407.360 4574724.850 5302322.760
5721 407.345 4574774.850 5302372.760
5722 407.891 4574824.850 5302422.760
5723 408.212 4574855.260 5302422.510
5724 398.340 4574779.350 5302614.470
5725 400.688 4574796.430 5302577.630
5726 403.873 4574812.760 5302540.210
5727 406.241 4574828.080 5302502.020
5728 407.829 4574842.020 5302462.530
5729 397.640 4574745.060 5302687.520
5730 398.650 4574755.170 5302646.860
5731 408.572 4574417.730 5301993.550
5732 407.482 4575256.590 5302836.710
5733 407.481 4575256.880 5302788.530
5734 397.940 4574759.390 5302695.950
5735 397.892 4574740.660 5302724.270
5736 398.472 4574822.380 5302640.700
5737 398.327 4574798.050 5302672.540
5738 398.266 4574861.090 5302617.790
5739 397.878 4574899.800 5302595.180
5740 402.183 4574929.220 5302566.910
5741 407.058 4574987.170 5302509.440
5742 405.851 4574959.880 5302539.300
5743 408.196 4575035.650 5302444.880
5744 408.100 4575041.780 5302449.080
5745 408.132 4575012.870 5302478.460
5746 408.040 4575074.850 5302422.760
5747 408.461 4575230.760 5302566.700
5748 406.961 4575174.850 5302522.760
5749 405.511 4575124.850 5302472.760
5750 406.686 4575174.850 5302622.760
5751 406.740 4575424.850 5303322.760
5752 406.359 4575398.690 5303277.420
5753 406.880 4574424.850 5302022.760
5754 406.808 4574474.850 5302072.760
5755 407.437 4574524.850 5302122.760
5756 404.622 4574636.220 5302216.050
5757 407.327 4574574.850 5302172.760
5758 406.625 4574624.850 5302272.760
5759 407.485 4574674.850 5302322.760
5760 397.844 4574721.930 5302752.590
5761 397.680 4574726.560 5302715.850
5762 407.227 4574724.850 5302372.760
5763 406.817 4574774.850 5302422.760
5764 408.097 4574833.670 5302457.130
5765 401.389 4574772.890 5302610.480
5766 404.302 4574789.610 5302573.380
5767 406.281 4574805.290 5302535.480
5768 407.753 4574820.400 5302497.080
5769 398.960 4574730.990 5302679.250
5770 402.073 4574749.400 5302643.370
5771 408.523 4574389.410 5302034.420
5772 397.796 4574703.200 5302780.920
5773 407.482 4575256.770 5302882.300
5774 404.946 4575224.850 5302822.760
5775 407.481 4575224.440 5302787.790
5776 407.481 4575264.410 5302927.930
5777 398.181 4574773.720 5302704.380
5778 398.065 4574754.770 5302732.690
5779 397.879 4574836.730 5302649.450
5780 397.493 4574812.370 5302681.120
5781 397.456 4574875.420 5302626.670
5782 401.530 4574905.170 5302598.660
5783 405.746 4574934.650 5302570.390
5784 408.005 4574993.580 5302513.920
5785 406.751 4574967.620 5302544.580
5786 408.085 4575028.720 5302470.520
5787 408.066 4575018.900 5302482.700
5788 404.282 4575074.850 5302472.760
5789 406.695 4575174.850 5302572.760
5790 405.186 4575124.850 5302522.760
5791 408.460 4575148.390 5302627.880
5792 408.770 4575124.850 5302622.760
5793 397.948 4574735.820 5302761.010
5794 397.831 4574716.870 5302789.330
5795 406.238 4575374.850 5303272.760
5796 406.359 4575351.140 5303275.320
5797 406.359 4575404.540 5303325.130
5798 406.221 4574424.850 5302072.760
5799 407.265 4574474.850 5302122.760
5800 407.469 4574524.850 5302172.760
5801 405.479 4574589.990 5302235.190
5802 406.084 4574574.850 5302272.760
5803 407.154 4574624.850 5302322.760
5804 407.404 4574674.850 5302372.760
5805 397.719 4574708.060 5302744.190
5806 398.748 4574712.670 5302707.560
5807 406.823 4574724.850 5302422.760
5808 407.943 4574774.850 5302472.760
5809 408.083 4574811.780 5302491.560
5810 404.719 4574766.430 5302606.520
5811 406.500 4574782.470 5302568.920
5812 407.538 4574798.100 5302530.920
5813 402.783 4574726.080 5302676.360
5814 405.099 4574743.330 5302639.720
5815 408.515 4574357.320 5302072.740
5816 397.747 4574684.470 5302809.240
5817 397.759 4574689.550 5302772.520
5818 406.245 4575224.850 5302872.760
5819 407.482 4575195.390 5302828.420
5820 406.480 4575224.850 5302922.760
5821 407.481 4575264.460 5302973.580
5822 407.478 4575268.070 5303020.600
5823 397.107 4574788.000 5302712.780
5824 397.120 4574768.840 5302741.100
5825 397.034 4574851.030 5302658.170
5826 396.612 4574826.650 5302689.660
5827 400.919 4574882.470 5302631.160
5828 405.070 4574910.800 5302602.310
5829 406.580 4574940.740 5302574.290
5830 407.951 4575000.490 5302518.730
5831 407.852 4574974.820 5302549.500
5832 407.880 4574996.640 5302530.660
5833 407.563 4575024.850 5302522.760
5834 404.118 4575074.850 5302522.760
5835 404.543 4575124.850 5302572.760
5836 408.468 4575102.600 5302614.380
5837 397.714 4574697.920 5302817.650
5838 397.133 4574749.680 5302769.420
5839 397.146 4574730.520 5302797.740
5840 406.039 4575374.850 5303322.760
5841 406.360 4575353.430 5303317.850
5842 406.359 4575397.980 5303367.550
5843 407.378 4574424.850 5302122.760
5844 407.533 4574474.850 5302172.760
5845 406.269 4574374.850 5302122.760
5846 406.417 4574524.850 5302222.760
5847 405.854 4574544.810 5302256.550
5848 407.091 4574574.850 5302322.760
5849 407.022 4574624.850 5302372.760
5850 406.913 4574674.850 5302422.760
5851 398.537 4574694.350 5302735.880
5852 402.565 4574708.200 5302704.910
5853 407.030 4574724.850 5302472.760
5854 408.000 4574774.850 5302522.760
5855 407.783 4574789.940 5302525.750
5856 406.698 4574759.570 5302602.310
5857 407.557 4574775.760 5302564.730
5858 405.536 4574720.590 5302673.140
5859 406.842 4574736.820 5302635.800
5860 406.479 4574324.850 5302122.760
5861 408.503 4574311.380 5302088.460
5862 397.699 4574665.730 5302837.560
5863 397.799 4574671.050 5302800.850
5864 398.325 4574676.030 5302764.190
5865 407.479 4575282.380 5303064.710
5866 407.471 4575290.380 5303108.870
5867 406.672 4575174.850 5302872.760
5868 407.418 4575157.510 5302838.420
5869 406.401 4575174.850 5302922.760
5870 406.503 4575224.850 5302972.760
5871 406.550 4575224.850 5303022.760
5872 396.190 4574802.260 5302721.160
5873 396.325 4574782.880 5302749.480
5874 400.257 4574858.650 5302662.960
5875 399.552 4574833.530 5302693.770
5876 404.477 4574889.680 5302635.750
5877 406.309 4574916.990 5302606.330
5878 407.881 4574946.240 5302577.830
5879 407.804 4574982.760 5302554.920
5880 404.948 4575024.850 5302572.760
5881 408.451 4575083.080 5302585.370
5882 397.159 4574711.360 5302826.060
5883 397.598 4574678.970 5302845.970
5884 396.460 4574763.500 5302777.790
5885 396.595 4574744.110 5302806.100
5886 397.481 4574660.020 5302874.290
5887 407.414 4575269.300 5303152.380
5888 407.335 4575274.850 5303172.760
5889 407.332 4575285.690 5303196.300
5890 406.542 4575298.820 5303246.650
5891 406.359 4575358.220 5303356.580
5892 406.358 4575372.890 5303410.690
5893 407.153 4574424.850 5302172.760
5894 406.855 4574474.850 5302222.760
5895 406.944 4574374.850 5302172.760
5896 405.379 4574502.540 5302283.310
5897 407.018 4574524.850 5302322.760
5898 406.868 4574574.850 5302372.760
5899 406.957 4574624.850 5302422.760
5900 406.062 4574674.850 5302472.760
5901 402.342 4574690.360 5302733.470
5902 405.383 4574703.180 5302701.930
5903 407.399 4574724.850 5302522.760
5904 407.782 4574768.040 5302559.910
5905 407.550 4574753.330 5302598.470
5906 407.074 4574714.620 5302669.620
5907 407.472 4574731.080 5302632.340
5908 406.925 4574324.850 5302172.760
5909 408.475 4574284.180 5302130.300
5910 397.651 4574647.000 5302865.880
5911 397.839 4574652.550 5302829.180
5912 398.113 4574657.710 5302792.500
5913 402.117 4574672.440 5302761.990
5914 406.335 4575224.850 5303072.760
5915 406.523 4575224.850 5303122.760
5916 407.567 4575122.160 5302869.560
5917 407.210 4575124.850 5302922.760
5918 406.739 4575174.850 5302972.760
5919 406.640 4575174.850 5303022.760
5920 397.201 4574638.070 5302907.590
5921 398.907 4574808.890 5302725.060
5922 398.852 4574788.650 5302752.780
5923 403.782 4574866.260 5302667.750
5924 403.001 4574840.240 5302697.770
5925 406.167 4574897.450 5302640.710
5926 407.680 4574922.770 5302610.080
5927 407.890 4574952.460 5302581.820
5928 407.653 4574974.850 5302572.760
5929 405.395 4575024.850 5302622.760
5930 408.440 4575049.550 5302621.950
5931 408.112 4575104.830 5302729.490
5932 396.730 4574724.730 5302834.420
5933 397.172 4574692.200 5302854.380
5934 398.834 4574768.940 5302780.940
5935 398.843 4574749.660 5302809.410
5936 397.185 4574673.040 5302882.700
5937 406.589 4575224.850 5303172.760
5938 406.717 4575224.850 5303222.760
5939 407.111 4575269.880 5303240.850
5940 406.388 4575292.800 5303285.150
5941 406.357 4575321.290 5303385.990
5942 406.373 4575316.300 5303349.660
5943 405.176 4575324.850 5303422.760
5944 406.359 4575383.730 5303453.040
5945 406.359 4575350.910 5303487.020
5946 406.901 4574424.850 5302222.760
5947 405.308 4574474.850 5302272.760
5948 407.262 4574374.850 5302222.760
5949 407.249 4574324.850 5302222.760
5950 404.986 4574455.820 5302299.120
5951 405.511 4574474.850 5302322.760
5952 406.972 4574524.850 5302372.760
5953 406.899 4574574.850 5302422.760
5954 406.814 4574624.850 5302472.760
5955 407.166 4574674.850 5302522.760
5956 405.218 4574685.840 5302730.750
5957 406.885 4574697.710 5302698.660
5958 407.667 4574724.850 5302572.760
5959 407.748 4574746.020 5302593.980
5960 407.509 4574709.560 5302666.650
5961 407.622 4574724.240 5302628.210
5962 407.191 4574674.850 5302572.760
5963 406.862 4574274.850 5302172.760
5964 408.289 4574243.550 5302152.630
5965 396.921 4574616.120 5302940.890
5966 397.464 4574625.590 5302899.610
5967 397.879 4574634.050 5302857.510
5968 397.902 4574639.390 5302820.820
5969 401.911 4574654.010 5302790.190
5970 405.050 4574668.360 5302759.480
5971 406.518 4575174.850 5303072.760
5972 406.491 4575174.850 5303122.760
5973 407.651 4575083.340 5302900.420
5974 407.611 4575074.850 5302922.760
5975 407.357 4575124.850 5302972.760
5976 406.939 4575124.850 5303022.760
5977 396.882 4574650.560 5302915.560
5978 396.579 4574628.080 5302948.430
5979 402.340 4574815.220 5302728.780
5980 401.979 4574794.210 5302755.960
5981 405.864 4574874.290 5302672.820
5982 405.433 4574847.190 5302701.920
5983 407.650 4574904.920 5302645.480
5984 407.815 4574929.150 5302614.230
5985 406.086 4574974.850 5302622.760
5986 408.520 4575043.070 5302652.770
5987 408.112 4575075.160 5302705.850
5988 408.424 4575038.170 5302686.910
5989 408.112 4575077.940 5302771.480
5990 398.847 4574730.280 5302837.810
5991 396.865 4574705.350 5302862.740
5992 401.689 4574774.230 5302784.000
5993 401.454 4574755.080 5302812.650
5994 397.000 4574685.970 5302891.050
5995 406.397 4575174.850 5303172.760
5996 406.805 4575174.850 5303222.760
5997 406.553 4575224.850 5303272.760
5998 406.370 4575294.730 5303324.510
5999 405.311 4575274.850 5303372.760
6000 406.016 4575274.850 5303422.760
6001 406.356 4575323.400 5303457.420
6002 405.735 4575323.340 5303560.260
6003 406.988 4574274.850 5302222.760
6004 406.306 4574424.850 5302272.760
6005 406.511 4574374.850 5302272.760
6006 407.155 4574324.850 5302272.760
6007 405.521 4574424.850 5302322.760
6008 407.012 4574474.850 5302372.760
6009 407.093 4574524.850 5302422.760
6010 406.406 4574574.850 5302472.760
6011 406.885 4574624.850 5302522.760
6012 406.678 4574680.910 5302727.760
6013 407.465 4574693.130 5302695.940
6014 407.638 4574715.900 5302621.700
6015 407.645 4574703.390 5302663.020
6016 406.856 4574624.850 5302572.760
6017 407.643 4574674.850 5302622.760
6018 408.146 4574212.180 5302190.690
6019 396.641 4574594.180 5302974.190
6020 397.276 4574604.180 5302933.350
6021 397.631 4574613.150 5302891.670
6022 397.690 4574621.070 5302849.130
6023 401.694 4574635.510 5302818.350
6024 404.921 4574649.780 5302787.550
6025 406.466 4574663.890 5302756.730
6026 406.618 4575124.850 5303072.760
6027 406.077 4575124.850 5303122.760
6028 396.275 4574605.600 5302981.300
6029 407.707 4575049.430 5302928.830
6030 407.621 4575074.850 5302972.760
6031 407.888 4575024.850 5302922.760
6032 407.425 4575074.850 5303022.760
6033 396.674 4574662.980 5302923.500
6034 396.348 4574639.990 5302955.950
6035 405.185 4574821.670 5302732.570
6036 404.718 4574799.820 5302759.160
6037 407.405 4574882.250 5302677.840
6038 406.989 4574854.280 5302706.160
6039 407.960 4574913.010 5302650.640
6040 407.833 4574930.200 5302624.400
6041 402.634 4574974.850 5302672.760
6042 402.959 4575024.850 5302722.760
6043 408.107 4575035.080 5302774.090
6044 408.114 4575007.110 5302815.550
6045 401.208 4574735.760 5302841.180
6046 398.851 4574710.900 5302866.220
6047 404.357 4574779.520 5302787.070
6048 404.077 4574760.480 5302815.870
6049 398.853 4574691.520 5302894.620
6050 406.880 4575124.850 5303172.760
6051 407.139 4575124.850 5303222.760
6052 406.303 4575174.850 5303272.760
6053 405.976 4575224.850 5303322.760
6054 406.032 4575224.850 5303372.760
6055 405.819 4575274.850 5303472.760
6056 406.287 4575224.850 5303422.760
6057 406.199 4575296.390 5303494.030
6058 406.025 4575294.210 5303530.700
6059 405.525 4575290.040 5303594.110
6060 405.362 4575274.850 5303572.760
6061 405.490 4575303.820 5303636.670
6062 406.904 4574224.850 5302222.760
6063 406.977 4574274.850 5302272.760
6064 405.039 4574406.300 5302302.670
6065 405.356 4574357.360 5302309.360
6066 405.207 4574321.190 5302341.750
6067 406.733 4574424.850 5302372.760
6068 407.005 4574474.850 5302422.760
6069 406.731 4574524.850 5302472.760
6070 406.092 4574574.850 5302522.760
6071 407.397 4574676.830 5302725.300
6072 407.844 4574687.490 5302692.580
6073 406.876 4574574.850 5302572.760
6074 407.564 4574674.850 5302672.760
6075 407.195 4574624.850 5302622.760
6076 408.022 4574167.090 5302208.610
6077 396.362 4574572.230 5303007.490
6078 397.089 4574582.770 5302967.080
6079 397.383 4574592.240 5302925.820
6080 397.508 4574600.680 5302883.700
6081 401.461 4574617.060 5302846.540
6082 404.771 4574631.070 5302815.520
6083 406.316 4574645.130 5302784.640
6084 407.323 4574660.240 5302754.490
6085 407.859 4574123.370 5302229.750
6086 406.251 4575074.850 5303072.760
6087 404.676 4575074.850 5303122.760
6088 396.022 4574617.010 5302988.400
6089 395.972 4574583.110 5303014.170
6090 395.669 4574560.630 5303047.040
6091 407.628 4575024.850 5302972.760
6092 407.875 4575002.340 5302932.560
6093 402.962 4575024.850 5303022.760
6094 398.769 4574668.640 5302927.090
6095 398.685 4574645.840 5302959.610
6096 406.817 4574828.420 5302736.550
6097 406.439 4574805.630 5302762.490
6098 407.830 4574890.710 5302683.170
6099 407.482 4574861.680 5302710.570
6100 407.477 4574924.850 5302672.760
6101 404.834 4574974.850 5302722.760
6102 401.586 4574974.850 5302772.760
6103 403.665 4574974.850 5302822.760
6104 407.759 4574977.420 5302855.760
6105 403.782 4574741.150 5302844.490
6106 400.961 4574716.430 5302869.710
6107 406.206 4574784.940 5302790.200
6108 406.081 4574765.920 5302819.110
6109 400.713 4574697.120 5302898.250
6110 406.647 4575074.850 5303172.760
6111 407.246 4575074.850 5303222.760
6112 406.273 4575124.850 5303272.760
6113 406.224 4575174.850 5303322.760
6114 405.391 4575174.850 5303372.760
6115 406.161 4575224.850 5303472.760
6116 404.626 4575174.850 5303422.760
6117 405.723 4575224.850 5303522.760
6118 405.536 4575224.850 5303572.760
6119 402.842 4575274.850 5303622.760
6120 403.517 4575288.370 5303680.800
6121 405.352 4575250.530 5303688.730
6122 405.543 4575224.850 5303622.760
6123 404.956 4575228.980 5303754.400
6124 404.955 4575238.310 5303797.280
6125 404.956 4575218.040 5303830.500
6126 406.871 4574224.850 5302272.760
6127 407.117 4574274.850 5302322.760
6128 406.777 4574374.850 5302372.760
6129 405.367 4574322.320 5302389.930
6130 406.906 4574424.850 5302422.760
6131 407.182 4574474.850 5302472.760
6132 406.626 4574524.850 5302522.760
6133 405.271 4574524.850 5302572.760
6134 408.013 4574671.770 5302722.240
6135 406.854 4574574.850 5302622.760
6136 407.347 4574624.850 5302672.760
6137 407.042 4574174.850 5302272.760
6138 396.082 4574550.280 5303040.790
6139 396.902 4574561.350 5303000.820
6140 397.135 4574571.340 5302959.980
6141 397.326 4574580.290 5302918.280
6142 400.944 4574596.390 5302881.020
6143 404.583 4574612.420 5302843.550
6144 406.131 4574626.160 5302812.390
6145 407.329 4574641.390 5302782.300
6146 408.174 4574655.670 5302751.690
6147 407.731 4574078.570 5302245.960
6148 406.950 4574124.850 5302272.760
6149 407.454 4574029.780 5302252.580
6150 395.823 4574541.680 5303075.100
6151 402.540 4575024.850 5303072.760
6152 402.783 4575024.850 5303122.760
6153 398.601 4574623.100 5302992.170
6154 395.696 4574594.020 5303020.850
6155 395.370 4574571.030 5303053.300
6156 408.078 4574982.170 5302905.320
6157 408.070 4574952.250 5302897.830
6158 407.628 4574974.850 5302972.760
6159 403.472 4574974.850 5303022.760
6160 400.600 4574674.450 5302930.790
6161 400.487 4574651.920 5302963.420
6162 407.446 4574835.340 5302740.610
6163 407.207 4574811.630 5302765.910
6164 407.239 4574874.850 5302722.760
6165 403.949 4574924.850 5302722.760
6166 402.650 4574924.850 5302772.760
6167 403.306 4574924.850 5302822.760
6168 403.403 4574924.850 5302872.760
6169 405.935 4574746.510 5302847.770
6170 403.486 4574721.830 5302873.110
6171 407.150 4574790.570 5302793.450
6172 407.231 4574771.620 5302822.510
6173 403.186 4574702.520 5302901.740
6174 404.600 4575024.850 5303172.760
6175 407.990 4575024.850 5303222.760
6176 405.364 4575074.850 5303272.760
6177 406.362 4575124.850 5303322.760
6178 405.194 4575124.850 5303372.760
6179 404.499 4575174.850 5303472.760
6180 403.285 4575124.850 5303422.760
6181 403.774 4575174.850 5303522.760
6182 403.132 4575174.850 5303572.760
6183 405.331 4575232.710 5303657.390
6184 403.086 4575174.850 5303622.760
6185 405.002 4575214.830 5303692.660
6186 405.016 4575220.400 5303713.960
6187 402.628 4575174.850 5303772.760
6188 404.956 4575174.980 5303831.150
6189 406.793 4574224.850 5302322.760
6190 406.427 4574274.850 5302372.760
6191 406.294 4574324.850 5302422.760
6192 404.821 4574361.850 5302413.920
6193 406.691 4574424.850 5302472.760
6194 406.045 4574474.850 5302522.760
6195 405.507 4574474.850 5302572.760
6196 406.701 4574524.850 5302622.760
6197 407.459 4574624.850 5302722.760
6198 407.110 4574574.850 5302672.760
6199 406.651 4574174.850 5302322.760
6200 395.978 4574522.720 5303103.160
6201 396.196 4574531.190 5303068.730
6202 396.715 4574539.940 5303034.550
6203 396.887 4574550.440 5302994.130
6204 397.144 4574559.900 5302952.850
6205 400.423 4574575.320 5302915.240
6206 404.523 4574591.880 5302878.180
6207 405.889 4574607.280 5302840.230
6208 407.289 4574622.260 5302809.910
6209 408.439 4574636.650 5302779.340
6210 407.223 4574624.850 5302772.760
6211 406.654 4574074.850 5302272.760
6212 406.898 4574124.850 5302322.760
6213 407.502 4574045.920 5302282.380
6214 406.889 4574024.850 5302272.760
6215 407.410 4573994.830 5302261.790
6216 395.578 4574552.200 5303081.490
6217 395.787 4574533.370 5303109.670
6218 403.411 4574974.850 5303072.760
6219 403.541 4574974.850 5303122.760
6220 400.374 4574629.540 5302996.150
6221 398.518 4574600.310 5303024.690
6222 398.437 4574577.470 5303057.180
6223 403.537 4574924.850 5302922.760
6224 403.666 4574924.850 5302972.760
6225 408.000 4574924.850 5303022.760
6226 403.112 4574680.080 5302934.360
6227 403.037 4574657.840 5302967.120
6228 407.269 4574824.850 5302772.760
6229 404.688 4574874.850 5302772.760
6230 403.342 4574874.850 5302822.760
6231 403.250 4574874.850 5302872.760
6232 407.285 4574752.190 5302851.240
6233 405.786 4574727.110 5302876.430
6234 407.257 4574778.100 5302824.200
6235 405.633 4574707.720 5302905.090
6236 406.456 4574974.850 5303172.760
6237 409.048 4574974.850 5303222.760
6238 404.416 4575024.850 5303272.760
6239 406.424 4575074.850 5303322.760
6240 405.784 4575074.850 5303372.760
6241 403.184 4575124.850 5303472.760
6242 403.871 4575074.850 5303422.760
6243 403.079 4575124.850 5303522.760
6244 403.052 4575124.850 5303572.760
6245 403.166 4575174.850 5303672.760
6246 403.141 4575124.850 5303622.760
6247 402.858 4575174.850 5303722.760
6248 403.592 4575124.850 5303772.760
6249 404.956 4575140.650 5303798.130
6250 406.841 4574224.850 5302372.760
6251 407.172 4574274.850 5302422.760
6252 405.029 4574324.850 5302472.760
6253 404.788 4574364.040 5302460.240
6254 405.666 4574424.850 5302522.760
6255 406.384 4574424.850 5302572.760
6256 406.696 4574474.850 5302622.760
6257 406.822 4574524.850 5302672.760
6258 407.260 4574574.850 5302722.760
6259 406.850 4574174.850 5302372.760
6260 396.132 4574503.770 5303131.220
6261 396.310 4574512.110 5303096.660
6262 396.734 4574520.720 5303062.360
6263 396.640 4574529.530 5303028.290
6264 396.962 4574539.510 5302987.430
6265 399.895 4574553.790 5302949.130
6266 404.454 4574570.450 5302912.250
6267 406.025 4574586.810 5302874.990
6268 407.176 4574603.270 5302837.630
6269 408.646 4574617.280 5302806.750
6270 407.034 4574574.850 5302772.760
6271 406.650 4574074.850 5302322.760
6272 406.852 4574124.850 5302372.760
6273 406.309 4574024.850 5302322.760
6274 405.672 4573974.850 5302322.760
6275 407.368 4573966.060 5302302.690
6276 398.410 4574558.870 5303085.540
6277 398.375 4574540.270 5303113.890
6278 395.995 4574514.540 5303137.850
6279 404.694 4574924.850 5303072.760
6280 406.155 4574924.850 5303122.760
6281 402.961 4574635.820 5303000.030
6282 400.263 4574607.040 5303028.800
6283 400.154 4574584.440 5303061.390
6284 403.382 4574874.850 5302922.760
6285 404.166 4574874.850 5302972.760
6286 408.372 4574874.850 5303022.760
6287 405.619 4574685.550 5302937.840
6288 405.604 4574663.650 5302970.760
6289 405.522 4574824.850 5302822.760
6290 403.175 4574824.850 5302872.760
6291 407.334 4574732.760 5302879.980
6292 406.931 4574774.850 5302872.760
6293 407.380 4574713.330 5302908.720
6294 407.879 4574924.850 5303172.760
6295 408.878 4574924.850 5303222.760
6296 407.866 4574974.850 5303272.760
6297 405.382 4575024.850 5303322.760
6298 403.681 4575024.850 5303372.760
6299 403.779 4575074.850 5303472.760
6300 403.184 4575024.850 5303422.760
6301 403.526 4575074.850 5303522.760
6302 403.394 4575074.850 5303572.760
6303 403.017 4575124.850 5303672.760
6304 403.280 4575074.850 5303622.760
6305 402.905 4575124.850 5303722.760
6306 404.950 4575093.140 5303792.470
6307 404.918 4575050.060 5303833.950
6308 404.619 4575161.610 5303904.500
6309 404.619 4575191.060 5303934.620
6310 406.928 4574224.850 5302422.760
6311 406.675 4574274.850 5302472.760
6312 404.771 4574339.720 5302503.960
6313 404.874 4574374.850 5302522.760
6314 406.548 4574374.850 5302572.760
6315 406.423 4574424.850 5302622.760
6316 406.592 4574474.850 5302672.760
6317 406.867 4574524.850 5302722.760
6318 406.889 4574174.850 5302422.760
6319 396.286 4574484.810 5303159.280
6320 396.425 4574493.020 5303124.600
6321 396.753 4574501.490 5303090.170
6322 396.740 4574510.190 5303055.980
6323 396.780 4574519.120 5303022.000
6324 399.381 4574532.320 5302983.070
6325 404.374 4574548.100 5302945.650
6326 406.146 4574564.920 5302908.850
6327 407.100 4574582.830 5302872.490
6328 408.756 4574598.090 5302834.290
6329 406.603 4574574.850 5302822.760
6330 407.060 4574524.850 5302772.760
6331 406.553 4574074.850 5302372.760
6332 406.754 4574124.850 5302422.760
6333 406.272 4574024.850 5302372.760
6334 406.655 4573974.850 5302372.760
6335 407.300 4573924.130 5302324.920
6336 407.273 4573891.480 5302360.610
6337 396.203 4574495.720 5303166.040
6338 396.412 4574476.890 5303194.220
6339 400.368 4574565.850 5303089.780
6340 400.563 4574547.260 5303118.170
6341 398.331 4574521.670 5303142.250
6342 408.209 4574874.850 5303072.760
6343 407.186 4574874.850 5303122.760
6344 405.588 4574642.040 5303003.860
6345 402.889 4574613.630 5303032.820
6346 402.820 4574591.280 5303065.510
6347 404.963 4574824.850 5302922.760
6348 405.199 4574824.850 5302972.760
6349 408.192 4574824.850 5303022.760
6350 407.362 4574691.350 5302941.520
6351 407.344 4574669.700 5302974.550
6352 404.088 4574774.850 5302922.760
6353 407.356 4574724.850 5302922.760
6354 408.396 4574874.850 5303172.760
6355 407.331 4574874.850 5303222.760
6356 406.953 4574924.850 5303272.760
6357 405.728 4574974.850 5303322.760
6358 403.954 4574974.850 5303372.760
6359 404.517 4575024.850 5303472.760
6360 403.237 4574974.850 5303422.760
6361 404.804 4575024.850 5303522.760
6362 405.127 4575024.850 5303572.760
6363 403.209 4575074.850 5303672.760
6364 403.783 4575024.850 5303622.760
6365 403.184 4575074.850 5303722.760
6366 404.925 4575058.570 5303798.100
6367 403.731 4575024.850 5303822.760
6368 404.619 4575115.750 5303920.160
6369 404.618 4575162.170 5303960.800
6370 404.620 4575080.320 5303953.710
6371 404.626 4575044.620 5303945.820
6372 396.441 4574465.860 5303187.340
6373 406.918 4574224.850 5302472.760
6374 405.740 4574274.850 5302522.760
6375 404.399 4574313.530 5302546.590
6376 404.858 4574324.850 5302572.760
6377 406.611 4574374.850 5302622.760
6378 406.548 4574424.850 5302672.760
6379 406.608 4574474.850 5302722.760
6380 406.713 4574174.850 5302472.760
6381 396.539 4574473.930 5303152.540
6382 396.772 4574482.270 5303117.990
6383 396.840 4574490.840 5303083.660
6384 396.965 4574499.660 5303049.580
6385 398.879 4574510.910 5303017.060
6386 404.319 4574525.910 5302979.180
6387 406.251 4574541.580 5302941.660
6388 407.005 4574560.560 5302906.180
6389 408.419 4574577.680 5302869.250
6390 407.160 4574524.850 5302822.760
6391 406.453 4574474.850 5302772.760
6392 406.482 4574074.850 5302422.760
6393 406.540 4574124.850 5302472.760
6394 406.178 4574024.850 5302422.760
6395 406.538 4573974.850 5302422.760
6396 406.199 4573924.850 5302372.760
6397 407.192 4573863.340 5302401.950
6398 396.620 4574458.060 5303222.410
6399 398.286 4574503.050 5303170.580
6400 398.232 4574484.540 5303198.990
6401 403.149 4574572.770 5303093.980
6402 403.448 4574554.260 5303122.440
6403 400.740 4574528.670 5303146.550
6404 408.229 4574824.850 5303072.760
6405 406.725 4574824.850 5303122.760
6406 407.323 4574648.420 5303007.810
6407 405.577 4574620.200 5303036.830
6408 405.570 4574598.160 5303069.650
6409 405.211 4574774.850 5302972.760
6410 403.507 4574774.850 5303022.760
6411 407.309 4574673.700 5302982.100
6412 406.635 4574724.850 5302972.760
6413 406.665 4574824.850 5303172.760
6414 407.198 4574824.850 5303222.760
6415 409.913 4574874.850 5303272.760
6416 406.175 4574924.850 5303322.760
6417 403.306 4574924.850 5303372.760
6418 403.454 4574974.850 5303472.760
6419 403.509 4574924.850 5303422.760
6420 404.462 4574974.850 5303522.760
6421 404.864 4574974.850 5303572.760
6422 403.434 4575024.850 5303672.760
6423 403.173 4574974.850 5303622.760
6424 403.427 4575024.850 5303722.760
6425 403.195 4575024.850 5303772.760
6426 404.923 4575000.800 5303833.880
6427 404.608 4575117.540 5303970.020
6428 404.620 4575136.340 5304012.040
6429 404.619 4575043.210 5303986.530
6430 404.629 4575012.170 5303945.850
6431 406.335 4573924.850 5302422.760
6432 396.595 4574446.900 5303215.400
6433 396.653 4574454.840 5303180.470
6434 406.815 4574224.850 5302522.760
6435 404.237 4574285.050 5302587.680
6436 406.351 4574324.850 5302622.760
6437 406.223 4574374.850 5302672.760
6438 406.265 4574424.850 5302722.760
6439 406.766 4574174.850 5302522.760
6440 396.792 4574463.040 5303145.800
6441 396.940 4574471.490 5303111.350
6442 397.150 4574480.190 5303077.150
6443 399.403 4574491.910 5303044.890
6444 404.288 4574503.850 5303012.800
6445 406.395 4574518.510 5302974.680
6446 406.890 4574536.430 5302938.520
6447 408.058 4574554.900 5302902.710
6448 407.042 4574524.850 5302872.760
6449 406.699 4574474.850 5302822.760
6450 406.240 4574424.850 5302772.760
6451 406.444 4574074.850 5302472.760
6452 406.528 4574124.850 5302522.760
6453 406.176 4574024.850 5302472.760
6454 405.509 4573974.850 5302472.760
6455 405.403 4573874.850 5302422.760
6456 409.539 4573824.850 5302422.760
6457 398.168 4574466.190 5303227.500
6458 396.732 4574436.650 5303256.240
6459 396.844 4574415.240 5303290.070
6460 400.916 4574510.030 5303174.910
6461 401.074 4574491.620 5303203.420
6462 405.761 4574579.770 5303098.230
6463 405.913 4574561.370 5303126.800
6464 403.721 4574535.740 5303150.910
6465 404.726 4574774.850 5303072.760
6466 405.118 4574774.850 5303122.760
6467 407.309 4574626.860 5303040.890
6468 407.301 4574605.040 5303073.800
6469 403.453 4574724.850 5303022.760
6470 407.054 4574674.850 5303022.760
6471 407.207 4574774.850 5303172.760
6472 406.688 4574774.850 5303222.760
6473 406.911 4574824.850 5303272.760
6474 410.220 4574874.850 5303322.760
6475 407.480 4574874.850 5303372.760
6476 403.246 4574924.850 5303472.760
6477 407.288 4574874.850 5303422.760
6478 404.958 4574924.850 5303522.760
6479 404.129 4574924.850 5303572.760
6480 403.097 4574974.850 5303672.760
6481 402.796 4574924.850 5303622.760
6482 403.289 4574974.850 5303722.760
6483 403.642 4574974.850 5303772.760
6484 404.898 4574955.570 5303835.190
6485 404.134 4575074.850 5304022.760
6486 404.637 4575110.870 5304054.750
6487 403.998 4575024.850 5304022.760
6488 404.623 4574966.060 5303961.710
6489 404.263 4575148.820 5304234.490
6490 404.204 4575180.320 5304265.180
6491 404.204 4575196.100 5304299.660
6492 405.783 4573924.850 5302472.760
6493 396.658 4574425.520 5303249.300
6494 396.721 4574404.140 5303283.190
6495 396.768 4574435.750 5303208.410
6496 396.811 4574443.820 5303173.610
6497 406.348 4574224.850 5302572.760
6498 404.402 4574257.510 5302629.390
6499 406.006 4574324.850 5302672.760
6500 406.322 4574374.850 5302722.760
6501 406.281 4574174.850 5302572.760
6502 397.040 4574452.140 5303139.040
6503 397.335 4574460.730 5303104.730
6504 399.918 4574472.910 5303072.720
6505 404.349 4574485.030 5303040.720
6506 406.576 4574495.640 5303007.850
6507 406.824 4574512.640 5302971.120
6508 407.671 4574529.740 5302934.420
6509 406.944 4574524.850 5302922.760
6510 406.985 4574474.850 5302872.760
6511 406.453 4574424.850 5302822.760
6512 406.051 4574374.850 5302772.760
6513 406.370 4574074.850 5302522.760
6514 406.694 4574124.850 5302572.760
6515 406.283 4574024.850 5302522.760
6516 406.146 4573974.850 5302522.760
6517 405.084 4573874.850 5302472.760
6518 407.153 4573834.460 5302442.780
6519 406.214 4573824.850 5302472.760
6520 401.214 4574473.520 5303232.100
6521 398.113 4574444.500 5303261.120
6522 398.070 4574422.960 5303294.840
6523 396.956 4574393.820 5303323.890
6524 403.991 4574517.160 5303179.330
6525 404.237 4574498.930 5303207.970
6526 407.273 4574586.770 5303102.480
6527 407.194 4574568.500 5303131.150
6528 406.031 4574542.980 5303155.360
6529 403.467 4574724.850 5303072.760
6530 406.461 4574724.850 5303122.760
6531 406.993 4574624.850 5303072.760
6532 404.772 4574674.850 5303072.760
6533 407.119 4574724.850 5303172.760
6534 406.674 4574724.850 5303222.760
6535 406.461 4574774.850 5303272.760
6536 406.858 4574824.850 5303322.760
6537 406.714 4574824.850 5303372.760
6538 407.487 4574874.850 5303472.760
6539 414.617 4574824.850 5303422.760
6540 404.579 4574874.850 5303522.760
6541 403.565 4574874.850 5303572.760
6542 402.870 4574924.850 5303672.760
6543 402.725 4574874.850 5303622.760
6544 403.227 4574924.850 5303722.760
6545 403.544 4574924.850 5303772.760
6546 403.601 4574924.850 5303822.760
6547 404.899 4574939.110 5303877.020
6548 404.899 4574916.390 5303894.060
6549 404.299 4575126.580 5304192.940
6550 404.534 4575070.800 5304079.360
6551 404.463 4575024.850 5304072.760
6552 403.221 4574974.850 5304022.760
6553 404.622 4574919.980 5303966.180
6554 404.215 4575124.850 5304222.760
6555 404.105 4575124.850 5304272.760
6556 404.203 4575158.800 5304332.050
6557 404.021 4575124.850 5304322.760
6558 405.194 4573924.850 5302522.760
6559 397.068 4574372.410 5303357.720
6560 396.784 4574382.750 5303317.090
6561 396.775 4574414.390 5303242.370
6562 396.782 4574393.030 5303276.330
6563 396.830 4574424.590 5303201.420
6564 397.140 4574432.800 5303166.730
6565 406.516 4574224.850 5302622.760
6566 405.461 4574274.850 5302672.760
6567 406.048 4574324.850 5302722.760
6568 406.336 4574174.850 5302622.760
6569 397.520 4574441.270 5303132.310
6570 400.426 4574453.910 5303100.550
6571 404.392 4574466.210 5303068.640
6572 406.583 4574477.150 5303035.940
6573 406.806 4574489.120 5303003.930
6574 407.347 4574505.010 5302966.480
6575 407.243 4574474.850 5302922.760
6576 406.493 4574424.850 5302872.760
6577 406.218 4574374.850 5302822.760
6578 406.016 4574324.850 5302772.760
6579 406.354 4574074.850 5302572.760
6580 406.554 4574124.850 5302622.760
6581 406.077 4574024.850 5302572.760
6582 406.293 4573974.850 5302572.760
6583 405.663 4573874.850 5302522.760
6584 405.986 4573824.850 5302522.760
6585 407.124 4573795.380 5302468.110
6586 407.522 4573774.850 5302472.760
6587 397.999 4574379.880 5303362.280
6588 404.453 4574481.150 5303236.890
6589 401.217 4574451.500 5303265.480
6590 401.244 4574429.780 5303299.060
6591 398.033 4574401.430 5303328.570
6592 406.144 4574524.490 5303183.880
6593 406.223 4574506.470 5303212.680
6594 407.221 4574573.800 5303134.600
6595 407.074 4574550.230 5303159.830
6596 405.983 4574674.850 5303122.760
6597 406.292 4574624.850 5303122.760
6598 407.010 4574674.850 5303172.760
6599 406.639 4574674.850 5303222.760
6600 406.259 4574724.850 5303272.760
6601 406.278 4574774.850 5303322.760
6602 407.950 4574774.850 5303372.760
6603 412.702 4574824.850 5303472.760
6604 414.520 4574774.850 5303422.760
6605 408.932 4574824.850 5303522.760
6606 408.611 4574824.850 5303572.760
6607 402.700 4574874.850 5303672.760
6608 407.133 4574824.850 5303622.760
6609 403.158 4574874.850 5303722.760
6610 403.623 4574874.850 5303772.760
6611 403.631 4574874.850 5303822.760
6612 404.851 4574877.650 5303875.780
6613 404.302 4575080.490 5304176.580
6614 404.358 4575043.430 5304117.630
6615 404.420 4574974.850 5304072.760
6616 403.200 4574924.850 5304022.760
6617 402.926 4574874.850 5303972.760
6618 404.626 4574873.760 5303948.350
6619 404.121 4575074.850 5304222.760
6620 404.144 4575074.850 5304272.760
6621 404.203 4575181.830 5304418.610
6622 404.203 4575187.070 5304391.120
6623 404.203 4575129.090 5304359.500
6624 403.813 4575074.850 5304322.760
6625 404.203 4575149.480 5304447.460
6626 405.463 4573924.850 5302572.760
6627 397.180 4574351.000 5303391.550
6628 396.848 4574361.370 5303350.990
6629 396.790 4574371.680 5303310.290
6630 396.804 4574403.270 5303235.440
6631 396.777 4574381.940 5303269.470
6632 397.240 4574413.450 5303194.420
6633 397.705 4574421.800 5303159.880
6634 404.462 4574236.740 5302674.610
6635 406.133 4574274.850 5302722.760
6636 406.568 4574174.850 5302672.760
6637 400.943 4574434.910 5303128.390
6638 404.423 4574447.400 5303096.560
6639 406.562 4574458.660 5303064.030
6640 406.788 4574470.840 5303032.130
6641 407.085 4574480.630 5302998.810
6642 406.714 4574474.850 5302972.760
6643 406.703 4574424.850 5302922.760
6644 406.533 4574374.850 5302872.760
6645 406.060 4574324.850 5302822.760
6646 405.677 4574274.850 5302772.760
6647 406.274 4574074.850 5302622.760
6648 405.715 4574124.850 5302672.760
6649 405.850 4574024.850 5302622.760
6650 405.685 4573974.850 5302622.760
6651 405.820 4573874.850 5302572.760
6652 405.685 4573824.850 5302572.760
6653 405.325 4573774.850 5302522.760
6654 407.131 4573760.190 5302499.560
6655 401.327 4574386.320 5303366.220
6656 397.970 4574358.320 5303395.990
6657 396.917 4574334.360 5303420.410
6658 406.264 4574489.050 5303241.840
6659 404.150 4574458.940 5303270.110
6660 403.881 4574437.160 5303303.620
6661 401.282 4574408.080 5303332.660
6662 406.946 4574531.840 5303188.430
6663 406.778 4574514.040 5303217.400
6664 406.885 4574574.850 5303172.760
6665 405.144 4574624.850 5303172.760
6666 406.237 4574624.850 5303222.760
6667 406.546 4574674.850 5303272.760
6668 405.805 4574724.850 5303322.760
6669 408.774 4574724.850 5303372.760
6670 414.636 4574774.850 5303472.760
6671 416.134 4574724.850 5303422.760
6672 415.004 4574774.850 5303522.760
6673 412.632 4574774.850 5303572.760
6674 403.493 4574824.850 5303672.760
6675 411.082 4574774.850 5303622.760
6676 403.233 4574824.850 5303722.760
6677 403.471 4574824.850 5303772.760
6678 404.314 4574824.850 5303822.760
6679 404.747 4574838.180 5303876.190
6680 404.650 4574841.060 5303915.830
6681 404.305 4575041.930 5304181.420
6682 404.317 4575043.690 5304152.870
6683 403.848 4574974.850 5304122.760
6684 404.013 4574924.850 5304072.760
6685 403.164 4574874.850 5304022.760
6686 402.758 4574824.850 5303972.760
6687 404.299 4575024.130 5304222.030
6688 404.171 4575024.850 5304272.760
6689 404.203 4575143.530 5304403.700
6690 403.891 4575074.850 5304372.760
6691 404.196 4575024.850 5304322.760
6692 404.203 4575103.020 5304451.940
6693 405.815 4573924.850 5302622.760
6694 396.911 4574339.980 5303384.880
6695 396.797 4574350.320 5303344.250
6696 396.653 4574317.720 5303449.270
6697 396.767 4574323.040 5303413.590
6698 396.751 4574360.610 5303303.490
6699 397.122 4574392.150 5303228.510
6700 397.003 4574370.840 5303262.600
6701 397.890 4574402.340 5303187.460
6702 401.462 4574415.890 5303156.200
6703 404.594 4574220.590 5302721.920
6704 406.370 4574174.850 5302722.760
6705 404.470 4574428.600 5303124.490
6706 406.523 4574440.180 5303092.130
6707 406.733 4574452.570 5303060.320
6708 407.032 4574462.680 5303027.180
6709 406.970 4574424.850 5302972.760
6710 406.297 4574374.850 5302922.760
6711 406.152 4574324.850 5302872.760
6712 405.484 4574274.850 5302822.760
6713 404.921 4574224.850 5302772.760
6714 406.552 4574074.850 5302672.760
6715 406.295 4574124.850 5302722.760
6716 406.231 4574024.850 5302672.760
6717 405.874 4573974.850 5302672.760
6718 405.633 4573874.850 5302622.760
6719 405.952 4573824.850 5302622.760
6720 405.596 4573774.850 5302622.760
6721 405.440 4573774.850 5302572.760
6722 407.110 4573741.510 5302544.960
6723 397.758 4574324.350 5303453.250
6724 403.387 4574393.600 5303370.650
6725 401.380 4574364.570 5303399.770
6726 397.864 4574341.300 5303424.600
6727 406.560 4574497.000 5303246.820
6728 406.134 4574466.520 5303274.830
6729 406.049 4574444.560 5303308.200
6730 403.629 4574415.430 5303337.170
6731 407.169 4574524.850 5303222.760
6732 405.622 4574574.850 5303222.760
6733 406.384 4574624.850 5303272.760
6734 406.154 4574674.850 5303322.760
6735 409.932 4574674.850 5303372.760
6736 413.587 4574724.850 5303472.760
6737 421.110 4574674.850 5303422.760
6738 414.326 4574724.850 5303522.760
6739 414.942 4574724.850 5303572.760
6740 409.746 4574774.850 5303672.760
6741 411.831 4574724.850 5303622.760
6742 402.619 4574774.850 5303722.760
6743 402.566 4574774.850 5303772.760
6744 403.000 4574774.850 5303822.760
6745 404.112 4574774.850 5303872.760
6746 402.750 4574774.850 5303922.760
6747 403.503 4574974.850 5304172.760
6748 403.697 4574924.850 5304122.760
6749 404.271 4574874.850 5304072.760
6750 403.157 4574824.850 5304022.760
6751 403.010 4574774.850 5303972.760
6752 403.579 4574974.850 5304222.760
6753 404.035 4574974.850 5304272.760
6754 404.155 4575074.850 5304422.760
6755 403.715 4575024.850 5304372.760
6756 403.928 4574974.850 5304322.760
6757 404.203 4575055.390 5304462.020
6758 396.390 4574301.080 5303478.130
6759 405.712 4573924.850 5302672.760
6760 396.804 4574328.960 5303378.210
6761 396.724 4574339.280 5303337.520
6762 396.624 4574306.090 5303442.300
6763 396.744 4574311.700 5303406.760
6764 396.884 4574349.540 5303296.690
6765 397.776 4574381.060 5303221.610
6766 397.662 4574359.770 5303255.760
6767 401.982 4574396.830 5303183.990
6768 404.521 4574409.740 5303152.380
6769 404.979 4574203.960 5302769.080
6770 406.139 4574174.850 5302772.760
6771 406.508 4574421.720 5303120.230
6772 406.654 4574434.300 5303088.520
6773 406.932 4574444.740 5303055.550
6774 406.687 4574424.850 5303022.760
6775 406.415 4574374.850 5302972.760
6776 406.023 4574324.850 5302922.760
6777 405.750 4574274.850 5302872.760
6778 405.543 4574224.850 5302822.760
6779 406.187 4574074.850 5302722.760
6780 406.504 4574124.850 5302772.760
6781 406.049 4574024.850 5302722.760
6782 405.848 4573974.850 5302722.760
6783 405.586 4573874.850 5302672.760
6784 405.678 4573824.850 5302672.760
6785 405.385 4573774.850 5302672.760
6786 406.286 4573724.850 5302622.760
6787 407.087 4573714.030 5302586.690
6788 396.127 4574284.440 5303506.990
6789 397.653 4574307.450 5303481.940
6790 401.368 4574329.820 5303456.540
6791 405.940 4574400.660 5303374.960
6792 403.159 4574371.780 5303404.130
6793 401.373 4574347.130 5303428.110
6794 406.444 4574474.230 5303279.620
6795 406.385 4574452.180 5303312.910
6796 405.989 4574422.680 5303341.630
6797 407.379 4574524.850 5303272.760
6798 408.034 4574574.850 5303272.760
6799 407.670 4574624.850 5303322.760
6800 408.592 4574624.850 5303372.760
6801 420.308 4574674.850 5303472.760
6802 422.737 4574624.850 5303422.760
6803 418.283 4574674.850 5303522.760
6804 414.423 4574674.850 5303572.760
6805 409.967 4574724.850 5303672.760
6806 414.502 4574674.850 5303622.760
6807 402.961 4574724.850 5303722.760
6808 404.028 4574724.850 5303772.760
6809 403.969 4574724.850 5303822.760
6810 402.515 4574724.850 5303872.760
6811 403.417 4574724.850 5303922.760
6812 404.112 4574924.850 5304172.760
6813 404.123 4574874.850 5304122.760
6814 404.424 4574824.850 5304072.760
6815 403.662 4574774.850 5304022.760
6816 403.708 4574724.850 5303972.760
6817 403.581 4574924.850 5304222.760
6818 403.251 4574924.850 5304272.760
6819 403.956 4575024.850 5304422.760
6820 403.964 4574974.850 5304372.760
6821 402.952 4574924.850 5304322.760
6822 404.204 4575010.000 5304467.650
6823 396.481 4574289.150 5303471.010
6824 395.863 4574267.800 5303535.850
6825 396.338 4574272.200 5303499.720
6826 405.454 4573924.850 5302722.760
6827 396.698 4574317.950 5303371.550
6828 396.766 4574328.240 5303330.780
6829 396.683 4574294.430 5303435.310
6830 396.701 4574300.370 5303399.940
6831 397.548 4574338.490 5303289.900
6832 401.729 4574376.070 5303218.470
6833 401.482 4574354.420 5303252.420
6834 404.575 4574390.800 5303180.220
6835 406.500 4574403.160 5303148.280
6836 404.837 4574190.780 5302816.170
6837 406.608 4574416.050 5303116.740
6838 406.803 4574426.800 5303083.930
6839 406.789 4574424.850 5303072.760
6840 406.665 4574374.850 5303022.760
6841 406.151 4574324.850 5302972.760
6842 405.774 4574274.850 5302922.760
6843 405.266 4574224.850 5302872.760
6844 405.758 4574074.850 5302772.760
6845 406.114 4574124.850 5302822.760
6846 406.083 4574024.850 5302772.760
6847 405.615 4573974.850 5302772.760
6848 405.242 4573874.850 5302722.760
6849 405.411 4573824.850 5302722.760
6850 404.997 4573774.850 5302722.760
6851 405.925 4573724.850 5302672.760
6852 407.039 4573691.250 5302628.720
6853 395.600 4574251.160 5303564.710
6854 397.548 4574290.580 5303510.640
6855 397.443 4574273.730 5303539.360
6856 401.364 4574312.620 5303485.030
6857 403.526 4574336.280 5303460.400
6858 406.344 4574408.100 5303379.500
6859 405.910 4574378.650 5303408.300
6860 403.341 4574353.930 5303432.210
6861 405.778 4574474.850 5303322.760
6862 406.356 4574430.230 5303346.260
6863 408.405 4574524.850 5303322.760
6864 408.306 4574574.850 5303322.760
6865 412.216 4574574.850 5303372.760
6866 424.089 4574624.850 5303472.760
6867 424.176 4574574.850 5303422.760
6868 423.626 4574624.850 5303522.760
6869 421.485 4574624.850 5303572.760
6870 405.631 4574674.850 5303672.760
6871 412.930 4574624.850 5303622.760
6872 403.784 4574674.850 5303722.760
6873 404.508 4574674.850 5303772.760
6874 404.297 4574674.850 5303822.760
6875 405.175 4574674.850 5303872.760
6876 404.010 4574674.850 5303922.760
6877 404.299 4574874.850 5304172.760
6878 403.565 4574824.850 5304122.760
6879 403.951 4574774.850 5304072.760
6880 403.463 4574724.850 5304022.760
6881 403.608 4574674.850 5303972.760
6882 404.443 4574874.850 5304222.760
6883 403.611 4574874.850 5304272.760
6884 403.531 4574974.850 5304422.760
6885 403.446 4574924.850 5304372.760
6886 404.651 4574874.850 5304322.760
6887 404.193 4574964.140 5304486.170
6888 396.623 4574277.170 5303463.860
6889 396.195 4574255.260 5303528.430
6890 396.562 4574259.910 5303492.420
6891 405.381 4573924.850 5302772.760
6892 396.647 4574306.930 5303364.870
6893 397.434 4574317.200 5303324.050
6894 396.705 4574282.790 5303428.340
6895 396.761 4574289.040 5303393.110
6896 401.237 4574332.790 5303286.370
6897 404.562 4574370.710 5303215.110
6898 404.563 4574348.790 5303248.900
6899 406.496 4574384.480 5303176.250
6900 406.569 4574397.690 5303144.880
6901 404.216 4574197.250 5302865.680
6902 404.182 4574174.850 5302872.760
6903 406.714 4574408.900 5303112.320
6904 406.547 4574374.850 5303072.760
6905 406.223 4574324.850 5303022.760
6906 406.000 4574274.850 5302972.760
6907 405.352 4574224.850 5302922.760
6908 405.409 4574074.850 5302822.760
6909 405.707 4574124.850 5302872.760
6910 405.370 4574024.850 5302822.760
6911 405.810 4573974.850 5302822.760
6912 406.089 4573874.850 5302772.760
6913 405.934 4573824.850 5302772.760
6914 395.855 4574233.570 5303593.670
6915 396.051 4574238.310 5303557.140
6916 405.720 4573774.850 5302772.760
6917 405.259 4573724.850 5302722.760
6918 407.040 4573677.290 5302668.090
6919 397.337 4574256.860 5303568.070
6920 397.685 4574239.070 5303596.920
6921 401.359 4574295.470 5303513.550
6922 401.354 4574278.330 5303542.080
6923 403.713 4574318.780 5303488.710
6924 405.912 4574342.610 5303464.210
6925 406.136 4574424.850 5303372.760
6926 406.354 4574385.990 5303412.750
6927 405.910 4574360.510 5303436.170
6928 408.610 4574474.850 5303372.760
6929 415.978 4574524.850 5303372.760
6930 426.562 4574574.850 5303472.760
6931 425.732 4574524.850 5303422.760
6932 424.370 4574574.850 5303522.760
6933 421.669 4574574.850 5303572.760
6934 403.877 4574624.850 5303672.760
6935 413.113 4574574.850 5303622.760
6936 404.473 4574624.850 5303722.760
6937 405.050 4574624.850 5303772.760
6938 405.155 4574624.850 5303822.760
6939 405.763 4574624.850 5303872.760
6940 402.176 4574624.850 5303922.760
6941 404.191 4574964.540 5304528.290
6942 404.145 4574824.850 5304172.760
6943 404.317 4574774.850 5304122.760
6944 403.498 4574724.850 5304072.760
6945 403.349 4574674.850 5304022.760
6946 401.918 4574624.850 5303972.760
6947 404.036 4574824.850 5304222.760
6948 403.619 4574824.850 5304272.760
6949 403.741 4574924.850 5304422.760
6950 404.395 4574874.850 5304372.760
6951 403.863 4574824.850 5304322.760
6952 403.566 4574924.850 5304472.760
6953 396.709 4574265.210 5303456.730
6954 396.501 4574242.640 5303520.970
6955 396.713 4574247.630 5303485.130
6956 406.056 4573924.850 5302822.760
6957 397.320 4574295.920 5303358.200
6958 400.992 4574311.450 5303320.530
6959 396.875 4574271.140 5303421.350
6960 397.372 4574277.720 5303386.290
6961 404.569 4574326.900 5303282.730
6962 406.388 4574364.990 5303211.520
6963 406.301 4574342.670 5303245.090
6964 406.535 4574379.170 5303172.920
6965 406.636 4574390.840 5303140.620
6966 404.079 4574196.640 5302915.380
6967 403.991 4574174.850 5302922.760
6968 406.779 4574374.850 5303122.760
6969 406.502 4574324.850 5303072.760
6970 406.092 4574274.850 5303022.760
6971 405.447 4574224.850 5302972.760
6972 405.584 4574074.850 5302872.760
6973 405.917 4574124.850 5302922.760
6974 405.171 4574024.850 5302872.760
6975 405.933 4573974.850 5302872.760
6976 405.870 4573874.850 5302822.760
6977 405.780 4573824.850 5302822.760
6978 396.110 4574215.980 5303622.620
6979 396.041 4574220.760 5303586.050
6980 396.441 4574225.380 5303549.520
6981 405.871 4573774.850 5302822.760
6982 405.375 4573724.850 5302772.760
6983 407.014 4573668.550 5302712.100
6984 401.349 4574261.190 5303570.610
6985 401.540 4574243.410 5303599.500
6986 398.030 4574221.290 5303625.790
6987 398.372 4574203.520 5303654.670
6988 403.899 4574301.370 5303517.060
6989 404.085 4574283.980 5303545.430
6990 405.917 4574324.940 5303492.390
6991 406.385 4574349.330 5303468.240
6992 404.811 4574424.850 5303422.760
6993 406.368 4574367.500 5303440.390
6994 417.467 4574474.850 5303422.760
6995 424.952 4574524.850 5303472.760
6996 423.598 4574524.850 5303522.760
6997 415.286 4574524.850 5303572.760
6998 403.627 4574574.850 5303672.760
6999 408.631 4574524.850 5303622.760
7000 404.983 4574574.850 5303722.760
7001 403.726 4574574.850 5303772.760
7002 404.644 4574574.850 5303822.760
7003 404.504 4574574.850 5303872.760
7004 402.625 4574574.850 5303922.760
7005 403.995 4574924.850 5304522.760
7006 404.193 4574929.840 5304559.180
7007 404.007 4574935.570 5304636.070
7008 404.093 4574923.890 5304607.540
7009 403.521 4574774.850 5304172.760
7010 402.473 4574724.850 5304122.760
7011 403.086 4574574.850 5303972.760
7012 403.291 4574674.850 5304072.760
7013 403.271 4574624.850 5304022.760
7014 403.521 4574774.850 5304222.760
7015 403.372 4574774.850 5304272.760
7016 403.324 4574774.850 5304322.760
7017 403.395 4574874.850 5304422.760
7018 403.713 4574824.850 5304372.760
7019 403.017 4574874.850 5304472.760
7020 396.990 4574253.250 5303449.590
7021 396.717 4574230.050 5303513.520
7022 397.104 4574235.350 5303477.830
7023 405.872 4573924.850 5302872.760
7024 400.744 4574290.070 5303354.660
7025 404.573 4574305.610 5303316.950
7026 397.423 4574259.510 5303414.380
7027 400.949 4574271.990 5303382.840
7028 406.222 4574320.390 5303278.690
7029 406.492 4574360.190 5303208.510
7030 406.475 4574337.520 5303241.880
7031 406.563 4574372.580 5303168.790
7032 404.281 4574193.300 5302965.310
7033 406.499 4574324.850 5303122.760
7034 406.182 4574274.850 5303072.760
7035 405.817 4574224.850 5303022.760
7036 405.828 4574074.850 5302922.760
7037 405.966 4574124.850 5302972.760
7038 405.455 4574024.850 5302922.760
7039 405.252 4573974.850 5302922.760
7040 405.527 4573874.850 5302872.760
7041 405.631 4573824.850 5302872.760
7042 396.365 4574198.390 5303651.580
7043 396.031 4574203.210 5303614.960
7044 396.233 4574207.880 5303578.390
7045 396.721 4574212.470 5303541.920
7046 405.675 4573774.850 5302872.760
7047 405.616 4573724.850 5302822.760
7048 405.210 4573674.850 5302772.760
7049 406.976 4573639.410 5302752.640
7050 404.038 4574928.820 5304684.610
7051 398.715 4574185.740 5303683.530
7052 404.270 4574266.580 5303573.790
7053 404.276 4574248.730 5303602.670
7054 401.724 4574225.660 5303628.410
7055 401.904 4574207.920 5303657.330
7056 405.921 4574307.390 5303520.640
7057 405.925 4574289.850 5303548.910
7058 406.405 4574331.440 5303496.270
7059 405.613 4574374.850 5303472.760
7060 411.772 4574424.850 5303472.760
7061 422.209 4574474.850 5303472.760
7062 421.918 4574474.850 5303522.760
7063 411.361 4574474.850 5303572.760
7064 403.866 4574524.850 5303672.760
7065 407.013 4574474.850 5303622.760
7066 402.243 4574524.850 5303722.760
7067 403.197 4574524.850 5303772.760
7068 405.271 4574524.850 5303822.760
7069 399.077 4574168.010 5303712.430
7070 403.819 4574524.850 5303872.760
7071 402.390 4574524.850 5303972.760
7072 402.407 4574524.850 5303922.760
7073 402.759 4574874.850 5304522.760
7074 402.933 4574874.850 5304572.760
7075 403.537 4574874.850 5304622.760
7076 403.735 4574874.850 5304672.760
7077 402.323 4574724.850 5304172.760
7078 402.759 4574547.640 5303998.410
7079 401.890 4574674.850 5304122.760
7080 403.561 4574589.420 5304023.680
7081 404.292 4574624.850 5304072.760
7082 403.522 4574724.850 5304222.760
7083 403.505 4574724.850 5304272.760
7084 403.553 4574724.850 5304322.760
7085 403.600 4574774.850 5304372.760
7086 403.405 4574824.850 5304422.760
7087 403.437 4574824.850 5304472.760
7088 397.475 4574241.310 5303442.460
7089 397.218 4574217.460 5303506.070
7090 397.527 4574223.110 5303470.550
7091 405.945 4573924.850 5302922.760
7092 404.571 4574284.240 5303351.130
7093 406.140 4574299.030 5303312.920
7094 401.154 4574253.910 5303411.020
7095 404.515 4574266.130 5303379.300
7096 406.468 4574314.900 5303275.290
7097 406.517 4574354.240 5303204.790
7098 406.505 4574331.170 5303237.920
7099 406.346 4574324.850 5303172.760
7100 404.353 4574189.930 5303015.230
7101 406.241 4574274.850 5303122.760
7102 405.926 4574224.850 5303072.760
7103 405.980 4574074.850 5302972.760
7104 405.962 4574124.850 5303022.760
7105 405.563 4574024.850 5302972.760
7106 404.969 4573974.850 5302972.760
7107 405.922 4573874.850 5302922.760
7108 405.494 4573824.850 5302922.760
7109 396.620 4574180.810 5303680.540
7110 396.021 4574185.660 5303643.870
7111 396.025 4574190.370 5303607.260
7112 396.611 4574195.000 5303570.740
7113 397.332 4574199.570 5303534.320
7114 396.875 4574163.220 5303709.490
7115 405.606 4573724.850 5302872.760
7116 405.849 4573774.850 5302922.760
7117 405.580 4573674.850 5302822.760
7118 406.956 4573624.850 5302772.760
7119 406.869 4573611.380 5302794.040
7120 403.654 4574874.850 5304722.760
7121 403.930 4574919.620 5304733.480
7122 402.083 4574190.170 5303686.240
7123 405.927 4574272.310 5303577.170
7124 405.868 4574254.340 5303606.000
7125 404.271 4574230.930 5303631.570
7126 404.260 4574213.150 5303660.500
7127 406.425 4574313.690 5303524.390
7128 406.287 4574324.850 5303522.760
7129 406.444 4574295.970 5303552.530
7130 408.522 4574374.850 5303522.760
7131 420.520 4574424.850 5303522.760
7132 409.632 4574424.850 5303572.760
7133 402.225 4574474.850 5303672.760
7134 402.686 4574424.850 5303622.760
7135 402.187 4574474.850 5303722.760
7136 401.673 4574474.850 5303772.760
7137 402.774 4574474.850 5303822.760
7138 402.299 4574172.510 5303715.200
7139 399.461 4574150.350 5303741.370
7140 402.749 4574474.850 5303872.760
7141 402.479 4574499.100 5303985.930
7142 402.817 4574474.850 5303922.760
7143 403.678 4574824.850 5304522.760
7144 403.708 4574824.850 5304572.760
7145 402.522 4574824.850 5304622.760
7146 403.360 4574824.850 5304672.760
7147 400.542 4574674.850 5304172.760
7148 403.156 4574524.850 5304022.760
7149 403.227 4574624.850 5304122.760
7150 403.455 4574574.850 5304072.760
7151 404.407 4574602.920 5304068.700
7152 400.320 4574674.850 5304222.760
7153 401.206 4574674.850 5304272.760
7154 402.803 4574674.850 5304322.760
7155 403.082 4574724.850 5304372.760
7156 403.789 4574774.850 5304422.760
7157 403.782 4574774.850 5304472.760
7158 403.195 4574824.850 5304722.760
7159 401.358 4574235.840 5303439.200
7160 397.578 4574204.900 5303498.640
7161 401.563 4574217.760 5303467.380
7162 405.080 4573924.850 5302972.760
7163 406.048 4574277.560 5303347.080
7164 406.457 4574293.490 5303309.530
7165 404.459 4574248.020 5303407.480
7166 406.036 4574259.490 5303375.300
7167 406.507 4574308.170 5303271.130
7168 406.542 4574324.850 5303222.760
7169 406.354 4574274.850 5303172.760
7170 404.503 4574172.910 5303061.550
7171 405.910 4574224.850 5303122.760
7172 406.165 4574074.850 5303022.760
7173 405.498 4574124.850 5303072.760
7174 404.107 4574154.070 5303107.750
7175 405.590 4574024.850 5303022.760
7176 405.360 4573974.850 5303022.760
7177 405.674 4573874.850 5302972.760
7178 405.242 4573824.850 5302972.760
7179 396.011 4574168.110 5303672.780
7180 395.817 4574172.870 5303636.130
7181 396.501 4574177.530 5303599.560
7182 397.269 4574182.130 5303563.090
7183 397.630 4574186.700 5303526.730
7184 397.130 4574145.630 5303738.450
7185 396.000 4574150.560 5303701.690
7186 405.809 4573674.850 5302872.760
7187 405.636 4573724.850 5302922.760
7188 405.564 4573774.850 5302972.760
7189 405.060 4573624.850 5302822.760
7190 405.568 4573624.850 5302872.760
7191 403.554 4574874.850 5304772.760
7192 403.897 4574898.960 5304778.870
7193 404.248 4574195.340 5303689.400
7194 406.461 4574278.250 5303580.670
7195 406.418 4574260.150 5303609.450
7196 405.795 4574236.430 5303634.870
7197 405.712 4574218.560 5303663.760
7198 405.742 4574324.850 5303572.760
7199 408.690 4574374.850 5303572.760
7200 400.180 4574424.850 5303672.760
7201 401.786 4574374.850 5303622.760
7202 401.367 4574424.850 5303722.760
7203 401.978 4574424.850 5303772.760
7204 398.964 4574132.760 5303769.360
7205 402.659 4574424.850 5303822.760
7206 404.293 4574177.680 5303718.390
7207 402.561 4574154.990 5303744.250
7208 398.481 4574115.240 5303797.400
7209 404.606 4574424.850 5303872.760
7210 402.608 4574474.850 5304022.760
7211 402.799 4574450.500 5303973.990
7212 403.577 4574424.850 5303922.760
7213 403.799 4574774.850 5304522.760
7214 403.810 4574774.850 5304572.760
7215 403.483 4574774.850 5304622.760
7216 402.931 4574774.850 5304672.760
7217 402.021 4574624.850 5304172.760
7218 402.164 4574524.850 5304072.760
7219 403.578 4574583.550 5304113.680
7220 402.564 4574624.850 5304222.760
7221 401.433 4574624.850 5304272.760
7222 402.027 4574624.850 5304322.760
7223 402.802 4574674.850 5304372.760
7224 403.344 4574724.850 5304422.760
7225 403.965 4574724.850 5304472.760
7226 402.363 4574824.850 5304772.760
7227 403.642 4574774.850 5304722.760
7228 404.403 4574229.900 5303435.650
7229 401.754 4574199.690 5303495.560
7230 404.348 4574211.790 5303463.830
7231 405.405 4573924.850 5303022.760
7232 406.435 4574271.920 5303343.660
7233 406.503 4574286.720 5303305.380
7234 406.025 4574241.420 5303403.520
7235 406.401 4574253.910 5303371.930
7236 406.613 4574274.850 5303272.760
7237 405.977 4574274.300 5303237.430
7238 406.060 4574224.850 5303172.760
7239 405.609 4574174.850 5303122.760
7240 405.615 4574074.850 5303072.760
7241 404.563 4574124.850 5303122.760
7242 405.748 4574024.850 5303072.760
7243 405.600 4573974.850 5303072.760
7244 404.929 4573874.850 5303022.760
7245 404.761 4573824.850 5303022.760
7246 395.609 4574155.370 5303665.000
7247 396.391 4574160.060 5303628.380
7248 397.206 4574164.690 5303591.860
7249 397.588 4574169.290 5303555.450
7250 401.927 4574181.620 5303523.740
7251 396.505 4574128.130 5303766.520
7252 395.990 4574133.010 5303730.600
7253 395.880 4574110.620 5303794.600
7254 395.401 4574137.870 5303693.870
7255 405.527 4573674.850 5302922.760
7256 405.670 4573724.850 5302972.760
7257 405.516 4573774.850 5303022.760
7258 406.718 4573576.740 5302827.210
7259 406.666 4573563.110 5302792.470
7260 408.891 4573574.850 5302872.760
7261 405.413 4573624.850 5302922.760
7262 403.005 4574824.850 5304822.760
7263 403.893 4574871.270 5304819.370
7264 403.687 4574934.620 5304915.290
7265 403.687 4574952.180 5304950.370
7266 405.628 4574200.630 5303692.630
7267 406.035 4574274.850 5303622.760
7268 406.356 4574242.110 5303638.280
7269 406.283 4574224.130 5303667.140
7270 403.429 4574324.850 5303622.760
7271 399.730 4574374.850 5303672.760
7272 400.913 4574374.850 5303722.760
7273 402.229 4574374.850 5303772.760
7274 402.218 4574137.070 5303772.020
7275 404.249 4574374.850 5303822.760
7276 405.622 4574182.920 5303721.620
7277 404.409 4574160.230 5303747.510
7278 401.905 4574119.320 5303799.890
7279 398.012 4574097.830 5303825.510
7280 405.471 4574374.850 5303872.760
7281 403.078 4574474.850 5304072.760
7282 404.487 4574424.850 5304022.760
7283 402.834 4574401.150 5303966.080
7284 404.693 4574374.850 5303922.760
7285 403.621 4574724.850 5304522.760
7286 403.642 4574724.850 5304572.760
7287 403.512 4574724.850 5304622.760
7288 403.007 4574724.850 5304672.760
7289 401.549 4574574.850 5304172.760
7290 403.356 4574524.850 5304122.760
7291 400.944 4574548.290 5304149.310
7292 402.303 4574574.850 5304222.760
7293 403.206 4574474.850 5304122.760
7294 402.300 4574574.850 5304272.760
7295 402.605 4574574.850 5304322.760
7296 402.466 4574624.850 5304372.760
7297 403.831 4574674.850 5304422.760
7298 403.125 4574674.850 5304472.760
7299 403.122 4574774.850 5304772.760
7300 403.008 4574724.850 5304722.760
7301 397.556 4574080.440 5303853.630
7302 395.255 4574093.120 5303822.670
7303 406.012 4574223.360 5303431.740
7304 404.263 4574193.680 5303492.000
7305 406.002 4574205.290 5303459.960
7306 404.622 4573924.850 5303072.760
7307 406.484 4574265.060 5303339.510
7308 406.501 4574269.200 5303318.400
7309 406.368 4574235.900 5303400.200
7310 406.445 4574247.090 5303367.820
7311 404.319 4574231.200 5303260.230
7312 406.190 4574224.850 5303222.760
7313 405.767 4574174.850 5303172.760
7314 404.294 4574128.790 5303150.920
7315 405.830 4574074.850 5303122.760
7316 405.011 4574024.850 5303122.760
7317 405.505 4573974.850 5303122.760
7318 404.009 4573874.850 5303072.760
7319 405.515 4573824.850 5303072.760
7320 396.282 4574142.590 5303657.200
7321 397.143 4574147.250 5303620.630
7322 397.547 4574151.870 5303584.170
7323 401.539 4574164.000 5303552.310
7324 404.140 4574175.570 5303520.180
7325 395.849 4574115.900 5303758.980
7326 395.193 4574120.360 5303722.740
7327 395.707 4574098.790 5303787.360
7328 396.172 4574125.110 5303686.020
7329 405.433 4573674.850 5302972.760
7330 405.528 4573724.850 5303022.760
7331 404.457 4573774.850 5303072.760
7332 405.528 4573624.850 5302972.760
7333 406.788 4573524.950 5302825.370
7334 404.520 4573524.850 5302872.760
7335 406.493 4573574.850 5302922.760
7336 402.913 4574774.850 5304822.760
7337 403.509 4574824.850 5304872.760
7338 403.863 4574848.410 5304862.290
7339 403.687 4574893.020 5304927.900
7340 402.888 4574924.850 5304972.760
7341 403.687 4574948.750 5304992.170
7342 406.209 4574206.090 5303695.960
7343 406.177 4574226.100 5303682.800
7344 405.341 4574274.850 5303672.760
7345 399.865 4574324.850 5303672.760
7346 399.972 4574324.850 5303722.760
7347 402.247 4574324.850 5303772.760
7348 404.376 4574142.100 5303775.120
7349 402.670 4574324.850 5303822.760
7350 406.232 4574188.310 5303724.940
7351 405.712 4574165.490 5303750.780
7352 404.387 4574124.210 5303802.880
7353 401.619 4574101.750 5303827.880
7354 400.411 4574324.850 5303872.760
7355 401.357 4574084.240 5303855.910
7356 403.198 4574424.850 5304072.760
7357 405.119 4574374.850 5304022.760
7358 403.066 4574374.850 5303972.760
7359 402.643 4574352.140 5303955.560
7360 402.650 4574324.850 5303922.760
7361 403.968 4574674.850 5304522.760
7362 403.689 4574674.850 5304572.760
7363 403.300 4574674.850 5304622.760
7364 402.388 4574674.850 5304672.760
7365 400.676 4574511.720 5304183.620
7366 404.155 4574524.850 5304222.760
7367 401.504 4574474.850 5304172.760
7368 402.191 4574424.850 5304122.760
7369 400.815 4574524.850 5304272.760
7370 400.952 4574524.850 5304322.760
7371 402.631 4574574.850 5304372.760
7372 403.275 4574624.850 5304422.760
7373 402.894 4574624.850 5304472.760
7374 403.417 4574724.850 5304772.760
7375 401.962 4574674.850 5304722.760
7376 397.111 4574063.020 5303881.730
7377 394.630 4574075.620 5303850.740
7378 395.566 4574081.680 5303815.730
7379 406.333 4574217.890 5303428.470
7380 405.944 4574187.230 5303488.190
7381 406.302 4574199.880 5303456.740
7382 405.698 4573924.850 5303122.760
7383 406.402 4574224.850 5303322.760
7384 406.407 4574229.130 5303396.140
7385 406.406 4574224.850 5303372.760
7386 405.379 4574192.260 5303289.460
7387 405.885 4574174.850 5303222.760
7388 404.472 4574107.540 5303196.060
7389 405.346 4574124.850 5303222.760
7390 405.911 4574074.850 5303172.760
7391 405.595 4574024.850 5303172.760
7392 405.229 4573974.850 5303172.760
7393 404.559 4573874.850 5303122.760
7394 405.351 4573824.850 5303122.760
7395 397.080 4574129.810 5303649.400
7396 397.505 4574134.460 5303612.890
7397 401.131 4574146.400 5303580.880
7398 404.111 4574158.020 5303548.750
7399 405.826 4574169.180 5303516.410
7400 395.247 4574103.630 5303751.410
7401 396.062 4574107.640 5303714.840
7402 395.302 4574086.900 5303780.080
7403 397.017 4574112.370 5303678.180
7404 396.679 4574045.570 5303909.810
7405 405.523 4573574.850 5302972.760
7406 405.322 4573674.850 5303022.760
7407 405.274 4573724.850 5303072.760
7408 404.536 4573774.850 5303122.760
7409 405.046 4573624.850 5303022.760
7410 406.608 4573490.190 5302859.850
7411 409.190 4573524.850 5302922.760
7412 406.582 4573450.140 5302882.870
7413 403.283 4574774.850 5304872.760
7414 403.202 4574724.850 5304822.760
7415 403.694 4574840.370 5304910.240
7416 403.684 4574866.100 5304951.700
7417 403.567 4574874.850 5304972.760
7418 403.687 4574926.990 5305037.190
7419 403.687 4574899.330 5305078.570
7420 396.925 4574027.880 5303938.700
7421 405.525 4574224.850 5303722.760
7422 402.780 4574274.850 5303722.760
7423 402.782 4574274.850 5303772.760
7424 405.515 4574147.320 5303778.330
7425 402.857 4574274.850 5303822.760
7426 406.380 4574170.890 5303754.140
7427 405.377 4574129.480 5303806.080
7428 404.443 4574106.620 5303830.830
7429 402.622 4574274.850 5303872.760
7430 404.536 4574089.110 5303858.830
7431 401.114 4574066.640 5303883.880
7432 400.890 4574049.000 5303911.820
7433 405.237 4574374.850 5304072.760
7434 402.789 4574324.850 5304022.760
7435 403.317 4574324.850 5303972.760
7436 402.712 4574303.090 5303945.160
7437 402.791 4574274.850 5303922.760
7438 403.805 4574624.850 5304522.760
7439 402.860 4574624.850 5304572.760
7440 402.499 4574624.850 5304622.760
7441 403.431 4574624.850 5304672.760
7442 403.119 4574470.110 5304210.550
7443 402.241 4574424.850 5304172.760
7444 403.986 4574374.850 5304122.760
7445 402.205 4574474.850 5304272.760
7446 400.530 4574474.850 5304322.760
7447 401.629 4574524.850 5304372.760
7448 402.737 4574574.850 5304422.760
7449 403.763 4574574.850 5304472.760
7450 402.830 4574674.850 5304772.760
7451 402.256 4574624.850 5304722.760
7452 394.005 4574058.110 5303878.820
7453 395.424 4574064.570 5303844.110
7454 395.357 4574070.160 5303808.750
7455 406.368 4574211.160 5303424.450
7456 406.208 4574181.880 5303485.010
7457 406.333 4574193.200 5303452.770
7458 405.739 4573924.850 5303172.760
7459 405.291 4574156.410 5303322.500
7460 406.267 4574174.850 5303372.760
7461 405.323 4574124.850 5303322.760
7462 406.022 4574124.850 5303272.760
7463 404.342 4574089.770 5303242.350
7464 404.924 4574024.850 5303222.760
7465 404.737 4573974.850 5303222.760
7466 405.225 4573874.850 5303172.760
7467 405.268 4573824.850 5303172.760
7468 397.463 4574117.050 5303641.610
7469 400.710 4574128.820 5303609.470
7470 404.037 4574140.520 5303577.360
7471 405.725 4574151.550 5303544.910
7472 406.036 4574163.880 5303513.290
7473 395.894 4574091.300 5303743.810
7474 396.954 4574094.940 5303706.950
7475 395.726 4574074.950 5303772.780
7476 397.422 4574099.630 5303670.330
7477 393.380 4574040.610 5303906.890
7478 408.239 4573524.850 5302972.760
7479 405.472 4573574.850 5303022.760
7480 405.216 4573674.850 5303072.760
7481 405.147 4573724.850 5303122.760
7482 405.283 4573774.850 5303172.760
7483 405.150 4573624.850 5303072.760
7484 404.947 4573474.850 5302922.760
7485 406.568 4573407.830 5302903.250
7486 405.358 4573474.850 5302972.760
7487 393.960 4574022.970 5303935.780
7488 403.370 4574774.850 5304922.760
7489 402.909 4574724.850 5304872.760
7490 403.275 4574674.850 5304822.760
7491 403.212 4574824.850 5304972.760
7492 403.402 4574874.850 5305022.760
7493 403.687 4574865.720 5305062.390
7494 400.930 4574031.420 5303940.800
7495 397.173 4574010.200 5303967.590
7496 404.174 4574224.850 5303772.760
7497 406.080 4574152.660 5303781.610
7498 402.638 4574224.850 5303822.760
7499 405.542 4574174.850 5303772.760
7500 405.855 4574134.830 5303809.340
7501 405.299 4574112.050 5303834.100
7502 402.721 4574224.850 5303872.760
7503 405.274 4574094.740 5303862.190
7504 404.658 4574071.470 5303886.750
7505 404.810 4574053.770 5303914.630
7506 402.703 4574324.850 5304072.760
7507 402.750 4574274.850 5304022.760
7508 403.195 4574274.850 5303972.760
7509 402.874 4574254.050 5303995.290
7510 403.132 4574224.850 5303922.760
7511 406.607 4574324.850 5304122.760
7512 402.726 4574574.850 5304522.760
7513 402.718 4574574.850 5304572.760
7514 403.438 4574574.850 5304622.760
7515 402.874 4574574.850 5304672.760
7516 402.155 4574420.120 5304214.210
7517 401.988 4574374.850 5304172.760
7518 403.600 4574424.850 5304272.760
7519 401.828 4574424.850 5304322.760
7520 401.560 4574474.850 5304372.760
7521 402.483 4574524.850 5304422.760
7522 403.486 4574524.850 5304472.760
7523 402.009 4574624.850 5304772.760
7524 402.405 4574574.850 5304722.760
7525 406.568 4573378.030 5302939.110
7526 395.282 4574047.460 5303872.480
7527 395.411 4574053.430 5303837.420
7528 395.558 4574058.600 5303801.740
7529 406.401 4574174.850 5303422.760
7530 406.217 4574175.240 5303481.090
7531 406.345 4574174.850 5303472.760
7532 404.972 4573924.850 5303222.760
7533 405.162 4574119.550 5303354.410
7534 405.754 4574074.850 5303322.760
7535 404.453 4574065.170 5303285.110
7536 405.601 4574024.850 5303272.760
7537 405.391 4573974.850 5303272.760
7538 405.558 4573874.850 5303222.760
7539 404.661 4573824.850 5303222.760
7540 400.322 4574111.240 5303638.060
7541 403.941 4574123.060 5303605.990
7542 405.556 4574134.010 5303573.450
7543 405.989 4574146.090 5303541.650
7544 406.001 4574157.290 5303509.410
7545 396.512 4574078.980 5303736.220
7546 397.380 4574082.220 5303699.050
7547 396.070 4574063.020 5303765.480
7548 399.933 4574093.660 5303666.650
7549 395.141 4574030.350 5303900.860
7550 405.466 4573524.850 5303022.760
7551 405.365 4573574.850 5303072.760
7552 404.898 4573674.850 5303122.760
7553 405.165 4573724.850 5303172.760
7554 405.249 4573774.850 5303222.760
7555 405.429 4573624.850 5303122.760
7556 404.808 4573424.850 5302972.760
7557 407.433 4573474.850 5303022.760
7558 397.423 4573992.510 5303996.490
7559 394.540 4574005.330 5303964.680
7560 395.403 4574012.180 5303929.370
7561 403.231 4574774.850 5304972.760
7562 403.025 4574724.850 5304922.760
7563 403.005 4574674.850 5304872.760
7564 402.449 4574624.850 5304822.760
7565 403.667 4574830.760 5305030.760
7566 403.379 4574834.080 5305084.130
7567 403.287 4574858.360 5305104.550
7568 404.636 4574036.160 5303943.620
7569 400.973 4574013.840 5303969.780
7570 405.226 4574174.850 5303822.760
7571 405.707 4574117.540 5303837.410
7572 402.573 4574174.850 5303872.760
7573 405.626 4574100.410 5303865.580
7574 405.291 4574077.240 5303890.170
7575 405.353 4574059.670 5303918.100
7576 403.221 4574174.850 5303922.760
7577 401.019 4573996.260 5303998.760
7578 402.673 4574274.850 5304072.760
7579 402.546 4574240.120 5304040.460
7580 403.263 4574224.850 5303972.760
7581 401.066 4573978.680 5304027.740
7582 409.403 4574324.850 5304172.760
7583 402.786 4574274.850 5304122.760
7584 403.228 4574524.850 5304522.760
7585 402.608 4574524.850 5304572.760
7586 403.445 4574524.850 5304622.760
7587 403.628 4574524.850 5304672.760
7588 402.323 4574371.370 5304225.500
7589 402.397 4574374.850 5304272.760
7590 401.415 4574374.850 5304322.760
7591 401.449 4574424.850 5304372.760
7592 401.954 4574474.850 5304422.760
7593 403.290 4574474.850 5304472.760
7594 402.114 4574574.850 5304772.760
7595 403.086 4574524.850 5304722.760
7596 406.563 4573352.070 5302981.860
7597 404.094 4573374.850 5302972.760
7598 395.466 4574036.700 5303866.090
7599 395.389 4574042.250 5303830.710
7600 395.628 4574047.070 5303794.750
7601 405.999 4574124.850 5303422.760
7602 406.067 4574124.850 5303472.760
7603 404.858 4573924.850 5303272.760
7604 405.027 4574084.390 5303388.160
7605 404.092 4574039.350 5303327.960
7606 405.064 4573974.850 5303322.760
7607 404.511 4573874.850 5303272.760
7608 404.740 4573824.850 5303272.760
7609 403.911 4574105.590 5303634.610
7610 405.350 4574116.520 5303602.030
7611 405.852 4574128.410 5303570.080
7612 405.995 4574139.430 5303537.700
7613 406.029 4574124.850 5303522.760
7614 396.845 4574066.650 5303728.610
7615 399.535 4574076.080 5303695.240
7616 396.310 4574051.070 5303758.180
7617 403.878 4574088.110 5303663.230
7618 395.520 4574019.970 5303894.760
7619 405.684 4573524.850 5303072.760
7620 405.255 4573574.850 5303122.760
7621 404.885 4573674.850 5303172.760
7622 404.917 4573724.850 5303222.760
7623 405.095 4573774.850 5303272.760
7624 405.472 4573624.850 5303172.760
7625 405.077 4573424.850 5303022.760
7626 408.370 4573474.850 5303072.760
7627 397.674 4573974.820 5304025.380
7628 395.120 4573987.700 5303993.570
7629 395.664 4573994.010 5303957.870
7630 395.657 4574001.280 5303922.890
7631 403.129 4574774.850 5305022.760
7632 403.045 4574724.850 5304972.760
7633 402.997 4574674.850 5304922.760
7634 402.901 4574624.850 5304872.760
7635 401.994 4574574.850 5304822.760
7636 403.303 4574799.970 5305064.810
7637 402.771 4574824.850 5305122.760
7638 403.282 4574869.100 5305148.400
7639 404.881 4574874.850 5305172.760
7640 405.261 4574041.900 5303947.020
7641 404.469 4574018.550 5303972.600
7642 405.639 4574116.900 5303881.900
7643 405.601 4574083.030 5303893.600
7644 405.636 4574065.560 5303921.560
7645 403.158 4574174.850 5303972.760
7646 404.993 4574124.850 5303922.760
7647 404.306 4574000.950 5304001.590
7648 402.509 4574218.170 5304082.720
7649 402.663 4574174.850 5304022.760
7650 404.145 4573983.340 5304030.570
7651 401.109 4573961.110 5304056.720
7652 402.924 4574324.850 5304222.760
7653 402.786 4574274.850 5304172.760
7654 402.548 4574206.440 5304128.720
7655 401.924 4574474.850 5304522.760
7656 401.353 4574474.850 5304572.760
7657 401.485 4574474.850 5304622.760
7658 402.385 4574474.850 5304672.760
7659 402.911 4574324.700 5304243.850
7660 403.198 4574324.850 5304272.760
7661 400.604 4574324.850 5304322.760
7662 401.575 4574374.850 5304372.760
7663 402.320 4574424.850 5304422.760
7664 403.187 4574424.850 5304472.760
7665 402.767 4574524.850 5304772.760
7666 403.401 4574474.850 5304722.760
7667 406.555 4573328.030 5303025.660
7668 404.247 4573374.850 5303022.760
7669 395.221 4574025.910 5303859.680
7670 395.186 4574031.110 5303824.020
7671 395.775 4574035.500 5303787.740
7672 404.618 4574055.510 5303427.300
7673 405.497 4574074.850 5303472.760
7674 405.196 4573924.850 5303322.760
7675 404.125 4574012.700 5303370.320
7676 404.842 4574024.850 5303422.760
7677 404.667 4573974.850 5303372.760
7678 404.048 4573874.850 5303322.760
7679 404.959 4573824.850 5303322.760
7680 405.249 4574099.020 5303630.600
7681 405.666 4574110.800 5303598.550
7682 405.874 4574121.710 5303566.060
7683 405.599 4574074.850 5303522.760
7684 399.147 4574059.950 5303724.510
7685 403.826 4574070.630 5303691.850
7686 398.757 4574043.860 5303753.800
7687 405.142 4574081.520 5303659.180
7688 395.053 4574009.560 5303888.650
7689 405.553 4573524.850 5303122.760
7690 405.321 4573574.850 5303172.760
7691 404.806 4573674.850 5303222.760
7692 404.629 4573724.850 5303272.760
7693 405.259 4573774.850 5303322.760
7694 405.368 4573624.850 5303222.760
7695 405.275 4573424.850 5303072.760
7696 407.392 4573474.850 5303122.760
7697 397.922 4573957.140 5304054.270
7698 395.700 4573970.060 5304022.460
7699 395.926 4573975.840 5303986.380
7700 395.793 4573982.600 5303951.010
7701 395.221 4573990.360 5303916.390
7702 402.430 4574774.850 5305072.760
7703 403.401 4574724.850 5305022.760
7704 403.296 4574674.850 5304972.760
7705 402.984 4574624.850 5304922.760
7706 402.324 4574574.850 5304872.760
7707 402.381 4574524.850 5304822.760
7708 402.784 4574774.850 5305122.760
7709 402.728 4574824.850 5305172.760
7710 403.282 4574856.720 5305195.610
7711 403.283 4574881.520 5305226.390
7712 405.645 4574047.650 5303950.430
7713 405.177 4574024.140 5303975.940
7714 405.505 4574074.850 5303922.760
7715 403.219 4574124.850 5303972.760
7716 405.101 4574006.380 5304004.870
7717 402.549 4574174.850 5304072.760
7718 402.623 4574124.850 5304022.760
7719 402.553 4574174.850 5304122.760
7720 405.026 4573988.620 5304033.790
7721 403.977 4573965.730 5304059.560
7722 401.146 4573943.530 5304085.700
7723 402.411 4574274.850 5304222.760
7724 402.619 4574224.850 5304172.760
7725 402.478 4574193.490 5304174.490
7726 401.798 4574424.850 5304522.760
7727 401.362 4574424.850 5304572.760
7728 402.010 4574424.850 5304622.760
7729 403.852 4574424.850 5304672.760
7730 402.737 4574278.750 5304263.860
7731 402.798 4574274.850 5304322.760
7732 399.800 4574324.850 5304372.760
7733 402.491 4574374.850 5304422.760
7734 402.976 4574374.850 5304472.760
7735 402.662 4574474.850 5304772.760
7736 403.333 4574424.850 5304722.760
7737 403.780 4573324.850 5303072.760
7738 406.553 4573302.810 5303068.820
7739 404.350 4573374.850 5303072.760
7740 394.744 4574015.150 5303853.280
7741 395.240 4574019.930 5303817.300
7742 398.365 4574027.810 5303783.110
7743 403.831 4574031.140 5303469.500
7744 405.477 4573924.850 5303372.760
7745 404.061 4573983.080 5303410.450
7746 404.809 4573874.850 5303372.760
7747 403.898 4573824.850 5303372.760
7748 405.619 4574093.170 5303627.020
7749 405.691 4574104.080 5303594.490
7750 403.853 4573998.860 5303505.920
7751 404.153 4574024.850 5303522.760
7752 405.504 4574074.850 5303572.760
7753 403.193 4574053.830 5303720.760
7754 405.006 4574064.010 5303687.740
7755 402.557 4574037.090 5303749.700
7756 405.564 4574075.540 5303655.490
7757 394.302 4573999.200 5303882.550
7758 405.201 4573524.850 5303172.760
7759 405.362 4573574.850 5303222.760
7760 404.401 4573674.850 5303272.760
7761 403.935 4573724.850 5303322.760
7762 404.530 4573774.850 5303372.760
7763 405.261 4573624.850 5303272.760
7764 405.460 4573424.850 5303122.760
7765 404.845 4573474.850 5303172.760
7766 398.167 4573939.450 5304083.160
7767 396.280 4573952.420 5304051.360
7768 396.188 4573957.680 5304014.890
7769 395.930 4573963.910 5303979.140
7770 395.389 4573971.160 5303944.140
7771 394.654 4573979.480 5303909.920
7772 402.228 4574724.850 5305072.760
7773 402.503 4574674.850 5305022.760
7774 403.591 4574624.850 5304972.760
7775 403.074 4574574.850 5304922.760
7776 402.061 4574524.850 5304872.760
7777 403.017 4574474.850 5304822.760
7778 402.561 4574774.850 5305172.760
7779 402.451 4574724.850 5305122.760
7780 402.364 4574824.850 5305222.760
7781 403.283 4574864.240 5305273.310
7782 405.664 4574029.750 5303979.300
7783 405.130 4574074.850 5303972.760
7784 405.693 4574011.850 5304008.170
7785 402.550 4574124.850 5304072.760
7786 403.499 4574074.850 5304022.760
7787 402.548 4574124.850 5304122.760
7788 405.724 4573993.940 5304037.030
7789 404.942 4573970.860 5304062.710
7790 403.799 4573948.130 5304088.550
7791 401.400 4573925.020 5304119.590
7792 402.278 4574124.850 5304172.760
7793 401.649 4573906.490 5304153.490
7794 401.936 4574224.850 5304222.760
7795 401.663 4574184.120 5304221.170
7796 401.727 4574374.850 5304522.760
7797 401.318 4574374.850 5304572.760
7798 402.251 4574374.850 5304622.760
7799 404.780 4574374.850 5304672.760
7800 401.838 4574237.940 5304292.280
7801 402.002 4574224.850 5304322.760
7802 399.792 4574274.850 5304372.760
7803 400.701 4574324.850 5304422.760
7804 403.768 4574324.850 5304472.760
7805 402.701 4574424.850 5304772.760
7806 403.367 4574374.850 5304722.760
7807 406.548 4573312.360 5303105.580
7808 404.907 4573374.850 5303122.760
7809 394.705 4574004.350 5303846.870
7810 397.973 4574011.770 5303812.440
7811 401.915 4574020.430 5303778.690
7812 405.477 4573974.850 5303472.760
7813 405.249 4573924.850 5303422.760
7814 403.653 4573945.570 5303443.130
7815 404.926 4573874.850 5303422.760
7816 403.958 4573824.850 5303422.760
7817 405.685 4574086.440 5303622.910
7818 403.850 4573963.300 5303539.240
7819 404.438 4574024.850 5303572.760
7820 404.956 4574046.840 5303716.460
7821 405.472 4574057.910 5303683.940
7822 404.901 4574029.770 5303745.240
7823 405.670 4574068.780 5303651.320
7824 394.170 4573988.780 5303876.430
7825 405.239 4573524.850 5303222.760
7826 404.702 4573574.850 5303272.760
7827 405.241 4573674.850 5303322.760
7828 404.052 4573724.850 5303372.760
7829 404.731 4573774.850 5303422.760
7830 405.003 4573624.850 5303322.760
7831 406.837 4573424.850 5303172.760
7832 404.117 4573474.850 5303222.760
7833 398.712 4573921.000 5304117.170
7834 396.860 4573934.780 5304080.250
7835 396.450 4573939.510 5304043.400
7836 396.066 4573945.220 5304007.270
7837 395.557 4573951.970 5303971.890
7838 395.007 4573959.770 5303937.290
7839 394.647 4573968.560 5303903.430
7840 399.255 4573902.550 5304151.180
7841 402.234 4574674.850 5305072.760
7842 402.559 4574624.850 5305022.760
7843 403.001 4574574.850 5304972.760
7844 401.572 4574524.850 5304922.760
7845 403.145 4574474.850 5304872.760
7846 402.646 4574424.850 5304822.760
7847 402.300 4574774.850 5305222.760
7848 402.460 4574724.850 5305172.760
7849 401.673 4574674.850 5305122.760
7850 403.231 4574800.060 5305258.280
7851 402.852 4574824.850 5305272.760
7852 403.259 4574838.390 5305314.250
7853 405.223 4574024.850 5304022.760
7854 402.550 4574074.850 5304072.760
7855 402.572 4574074.850 5304122.760
7856 405.743 4573976.040 5304065.900
7857 404.845 4573953.110 5304091.640
7858 403.895 4573929.420 5304122.250
7859 400.990 4574124.850 5304222.760
7860 402.176 4574074.850 5304172.760
7861 403.983 4573910.710 5304155.960
7862 401.894 4573887.960 5304187.370
7863 401.653 4574176.380 5304268.140
7864 400.870 4574124.850 5304272.760
7865 403.866 4574324.850 5304522.760
7866 402.717 4574324.850 5304572.760
7867 402.726 4574324.850 5304622.760
7868 404.655 4574324.850 5304672.760
7869 401.981 4574201.220 5304326.250
7870 402.505 4574224.850 5304372.760
7871 403.368 4574274.850 5304422.760
7872 404.492 4574274.850 5304472.760
7873 402.988 4574374.850 5304772.760
7874 403.071 4574324.850 5304722.760
7875 406.541 4573324.090 5303146.030
7876 404.546 4573374.850 5303172.760
7877 397.583 4573995.700 5303841.740
7878 401.273 4574003.800 5303807.690
7879 404.838 4574012.830 5303774.110
7880 403.951 4573916.970 5303484.160
7881 405.172 4573874.850 5303472.760
7882 404.692 4573824.850 5303472.760
7883 405.716 4574024.850 5303622.760
7884 404.480 4573924.850 5303522.760
7885 405.517 4573974.850 5303572.760
7886 405.483 4574040.460 5303712.540
7887 405.606 4574051.120 5303679.730
7888 405.488 4574023.140 5303741.200
7889 405.682 4574027.000 5303668.100
7890 397.194 4573979.610 5303871.030
7891 405.329 4573524.850 5303272.760
7892 404.169 4573574.850 5303322.760
7893 405.341 4573674.850 5303372.760
7894 404.530 4573724.850 5303422.760
7895 403.986 4573774.850 5303472.760
7896 404.622 4573624.850 5303372.760
7897 407.190 4573424.850 5303222.760
7898 405.085 4573474.850 5303272.760
7899 399.796 4573884.090 5304185.190
7900 397.018 4573916.720 5304114.560
7901 396.712 4573921.340 5304071.900
7902 396.203 4573926.540 5304035.390
7903 395.724 4573932.770 5303999.640
7904 395.359 4573940.050 5303964.660
7905 395.123 4573948.340 5303930.430
7906 397.846 4573960.240 5303898.500
7907 397.176 4573898.650 5304148.870
7908 402.247 4574624.850 5305072.760
7909 402.715 4574574.850 5305022.760
7910 401.891 4574524.850 5304972.760
7911 402.703 4574474.850 5304922.760
7912 402.872 4574424.850 5304872.760
7913 402.981 4574374.850 5304822.760
7914 403.161 4574754.880 5305251.350
7915 403.002 4574724.850 5305222.760
7916 402.644 4574674.850 5305172.760
7917 401.809 4574624.850 5305122.760
7918 402.979 4574774.850 5305272.760
7919 403.283 4574798.430 5305295.510
7920 404.576 4574024.850 5304072.760
7921 403.021 4574024.850 5304122.760
7922 405.697 4573977.400 5304075.600
7923 405.746 4573958.150 5304094.780
7924 404.782 4573934.200 5304125.140
7925 401.147 4574074.850 5304222.760
7926 402.341 4574024.850 5304172.760
7927 404.710 4573915.280 5304158.640
7928 404.066 4573891.980 5304189.650
7929 402.127 4573869.560 5304221.340
7930 402.012 4574166.710 5304314.750
7931 401.789 4574124.850 5304322.760
7932 399.978 4574074.850 5304272.760
7933 402.503 4574274.850 5304522.760
7934 401.647 4574274.850 5304572.760
7935 403.373 4574274.850 5304622.760
7936 403.641 4574274.850 5304672.760
7937 402.230 4574174.850 5304372.760
7938 403.628 4574224.850 5304422.760
7939 402.718 4574224.850 5304472.760
7940 402.951 4574324.850 5304772.760
7941 403.005 4574274.850 5304722.760
7942 406.526 4573333.840 5303188.540
7943 405.592 4573374.850 5303222.760
7944 400.636 4573987.100 5303836.660
7945 404.775 4573995.910 5303802.980
7946 405.482 4574005.990 5303769.980
7947 404.339 4573891.770 5303527.370
7948 404.642 4573824.850 5303522.760
7949 405.452 4573974.850 5303622.760
7950 404.168 4573925.270 5303569.650
7951 405.600 4574033.160 5303708.050
7952 405.585 4574015.350 5303736.480
7953 405.438 4573974.850 5303672.760
7954 400.001 4573970.360 5303865.600
7955 405.264 4573524.850 5303322.760
7956 404.806 4573574.850 5303372.760
7957 405.233 4573674.850 5303422.760
7958 404.274 4573724.850 5303472.760
7959 404.586 4573774.850 5303522.760
7960 404.985 4573624.850 5303422.760
7961 406.017 4573424.850 5303272.760
7962 405.014 4573474.850 5303322.760
7963 402.348 4573851.280 5304255.360
7964 400.330 4573865.700 5304219.240
7965 397.334 4573880.590 5304183.170
7966 396.929 4573903.370 5304106.520
7967 396.339 4573907.850 5304063.520
7968 395.892 4573913.570 5304027.390
7969 395.712 4573920.330 5303992.030
7970 395.600 4573928.130 5303957.420
7971 398.525 4573940.870 5303925.980
7972 400.522 4573951.570 5303893.390
7973 397.147 4573885.410 5304141.140
7974 402.642 4574574.850 5305072.760
7975 402.481 4574524.850 5305022.760
7976 402.388 4574474.850 5304972.760
7977 401.624 4574424.850 5304922.760
7978 403.240 4574374.850 5304872.760
7979 402.676 4574324.850 5304822.760
7980 402.766 4574724.850 5305272.760
7981 403.109 4574674.850 5305222.760
7982 402.092 4574624.850 5305172.760
7983 402.337 4574574.850 5305122.760
7984 401.872 4574774.850 5305322.760
7985 405.091 4573974.850 5304122.760
7986 405.692 4573939.010 5304128.060
7987 401.391 4574024.850 5304222.760
7988 404.229 4573974.850 5304172.760
7989 405.627 4573919.860 5304161.340
7990 404.630 4573896.340 5304192.130
7991 404.130 4573873.450 5304223.460
7992 404.174 4573855.110 5304257.370
7993 402.207 4574153.280 5304360.340
7994 402.099 4574124.850 5304372.760
7995 401.209 4574074.850 5304322.760
7996 400.067 4574024.850 5304272.760
7997 402.165 4574224.850 5304522.760
7998 400.200 4574224.850 5304572.760
7999 402.433 4574224.850 5304622.760
8000 403.703 4574224.850 5304672.760
8001 402.785 4574174.850 5304422.760
8002 403.712 4574174.850 5304472.760
8003 402.860 4574274.850 5304772.760
8004 402.961 4574224.850 5304722.760
8005 406.495 4573317.280 5303234.290
8006 404.536 4573374.850 5303272.760
8007 404.718 4573978.900 5303831.800
8008 405.476 4573988.870 5303798.770
8009 405.557 4573997.770 5303765.040
8010 404.275 4573861.700 5303567.090
8011 404.110 4573819.310 5303589.150
8012 405.174 4573924.850 5303622.760
8013 404.464 4573891.640 5303604.760
8014 405.552 4573974.850 5303722.760
8015 404.674 4573924.850 5303672.760
8016 404.666 4573961.830 5303860.590
8017 404.484 4573524.850 5303372.760
8018 405.013 4573574.850 5303422.760
8019 404.842 4573674.850 5303472.760
8020 404.083 4573724.850 5303522.760
8021 404.111 4573771.470 5303574.540
8022 404.422 4573624.850 5303472.760
8023 405.045 4573424.850 5303322.760
8024 405.084 4573474.850 5303372.760
8025 402.061 4573834.460 5304284.380
8026 400.860 4573847.360 5304253.310
8027 397.492 4573862.520 5304217.480
8028 397.364 4573867.440 5304175.760
8029 396.178 4573889.950 5304098.440
8030 396.060 4573894.370 5304055.140
8031 396.064 4573900.620 5304019.400
8032 396.077 4573907.910 5303984.420
8033 399.216 4573921.490 5303953.450
8034 401.097 4573932.780 5303921.170
8035 404.703 4573943.530 5303888.630
8036 396.016 4573872.050 5304133.350
8037 402.393 4574524.850 5305072.760
8038 401.351 4574474.850 5305022.760
8039 401.651 4574424.850 5304972.760
8040 402.696 4574374.850 5304922.760
8041 402.441 4574324.850 5304872.760
8042 402.722 4574274.850 5304822.760
8043 401.424 4574724.850 5305322.760
8044 402.912 4574674.850 5305272.760
8045 402.820 4574624.850 5305222.760
8046 401.442 4574574.850 5305172.760
8047 401.512 4574524.850 5305122.760
8048 403.091 4574780.660 5305353.560
8049 405.399 4573924.850 5304172.760
8050 401.727 4573974.850 5304222.760
8051 405.552 4573900.680 5304194.590
8052 404.523 4573877.670 5304225.760
8053 404.390 4573859.270 5304259.550
8054 404.045 4573838.440 5304286.450
8055 402.199 4574131.510 5304402.590
8056 402.161 4574074.850 5304372.760
8057 401.091 4574024.850 5304322.760
8058 401.276 4573974.850 5304272.760
8059 401.460 4574174.850 5304522.760
8060 400.829 4574174.850 5304572.760
8061 403.923 4574174.850 5304622.760
8062 405.461 4574174.850 5304672.760
8063 402.464 4574109.300 5304444.670
8064 402.656 4574124.850 5304472.760
8065 403.159 4574224.850 5304772.760
8066 403.388 4574174.850 5304722.760
8067 406.418 4573337.760 5303275.720
8068 406.999 4573374.850 5303322.760
8069 405.479 4573971.630 5303827.500
8070 405.529 4573980.230 5303793.620
8071 405.764 4573974.850 5303772.760
8072 403.595 4573824.850 5303622.760
8073 404.375 4573863.680 5303644.610
8074 404.676 4573874.850 5303672.760
8075 405.238 4573924.850 5303722.760
8076 405.487 4573954.320 5303856.170
8077 403.844 4573524.850 5303422.760
8078 404.118 4573774.850 5303622.760
8079 404.160 4573574.850 5303472.760
8080 404.552 4573674.850 5303522.760
8081 403.719 4573724.380 5303557.690
8082 404.436 4573624.850 5303522.760
8083 404.869 4573424.850 5303372.760
8084 404.962 4573474.850 5303422.760
8085 401.814 4573817.710 5304313.430
8086 400.244 4573830.600 5304282.360
8087 397.650 4573844.460 5304251.790
8088 397.582 4573849.470 5304210.370
8089 395.855 4573854.150 5304168.270
8090 396.553 4573887.690 5304011.420
8091 395.998 4573876.490 5304090.330
8092 396.417 4573880.900 5304046.770
8093 399.873 4573902.120 5303980.920
8094 401.700 4573913.990 5303948.950
8095 404.822 4573925.230 5303916.670
8096 405.383 4573936.390 5303884.400
8097 395.936 4573858.600 5304125.510
8098 401.460 4574474.850 5305072.760
8099 402.336 4574424.850 5305022.760
8100 401.937 4574374.850 5304972.760
8101 402.971 4574324.850 5304922.760
8102 402.883 4574274.850 5304872.760
8103 402.913 4574224.850 5304822.760
8104 401.518 4574724.850 5305372.760
8105 402.695 4574674.850 5305322.760
8106 402.688 4574624.850 5305272.760
8107 402.477 4574574.850 5305222.760
8108 401.169 4574524.850 5305172.760
8109 401.304 4574474.850 5305122.760
8110 403.088 4574760.810 5305399.460
8111 403.976 4573821.870 5304315.590
8112 403.940 4573805.370 5304344.770
8113 405.054 4573924.850 5304222.760
8114 405.443 4573881.850 5304228.050
8115 405.300 4573863.350 5304261.690
8116 404.372 4573842.770 5304288.720
8117 402.129 4574074.850 5304422.760
8118 402.488 4574024.850 5304372.760
8119 402.193 4573974.850 5304322.760
8120 402.621 4573924.850 5304272.760
8121 402.678 4574124.850 5304522.760
8122 401.517 4574124.850 5304572.760
8123 402.489 4574124.850 5304622.760
8124 403.380 4574124.850 5304672.760
8125 402.042 4574070.710 5304477.290
8126 402.875 4574174.850 5304772.760
8127 403.168 4574124.850 5304722.760
8128 406.252 4573336.010 5303317.600
8129 405.101 4573374.850 5303372.760
8130 405.512 4573962.530 5303822.110
8131 405.284 4573924.850 5303772.760
8132 404.243 4573837.910 5303685.990
8133 404.674 4573874.850 5303722.760
8134 405.502 4573944.740 5303850.540
8135 404.320 4573524.850 5303472.760
8136 404.673 4573724.850 5303622.760
8137 404.893 4573774.850 5303672.760
8138 404.896 4573574.850 5303522.760
8139 403.371 4573679.670 5303571.270
8140 404.211 4573624.850 5303572.760
8141 404.778 4573424.850 5303422.760
8142 404.797 4573474.850 5303472.760
8143 403.803 4573788.880 5304373.950
8144 401.588 4573801.010 5304342.500
8145 399.644 4573813.870 5304311.420
8146 397.447 4573827.300 5304280.630
8147 397.800 4573831.500 5304244.990
8148 395.693 4573836.250 5304203.180
8149 395.874 4573840.710 5304160.700
8150 400.521 4573882.750 5304008.400
8151 397.030 4573867.470 5304038.420
8152 396.112 4573863.010 5304082.220
8153 402.232 4573895.200 5303976.740
8154 404.983 4573906.930 5303944.710
8155 405.384 4573918.470 5303912.630
8156 405.369 4573927.380 5303879.070
8157 395.808 4573845.130 5304117.660
8158 402.056 4574424.850 5305072.760
8159 402.780 4574374.850 5305022.760
8160 402.815 4574324.850 5304972.760
8161 402.924 4574274.850 5304922.760
8162 402.979 4574224.850 5304872.760
8163 402.746 4574174.850 5304822.760
8164 402.074 4574724.850 5305422.760
8165 402.706 4574674.850 5305372.760
8166 402.634 4574624.850 5305322.760
8167 402.518 4574574.850 5305272.760
8168 401.600 4574524.850 5305222.760
8169 401.130 4574474.850 5305172.760
8170 401.866 4574424.850 5305122.760
8171 403.088 4574739.700 5305444.790
8172 404.439 4573826.410 5304317.960
8173 404.553 4573810.170 5304347.260
8174 404.524 4573793.920 5304376.570
8175 405.259 4573874.850 5304272.760
8176 405.160 4573846.890 5304290.870
8177 402.173 4574024.850 5304422.760
8178 403.596 4573974.850 5304372.760
8179 402.882 4573924.850 5304322.760
8180 402.092 4574074.850 5304522.760
8181 400.247 4574074.850 5304572.760
8182 402.064 4574074.850 5304622.760
8183 402.134 4574074.850 5304672.760
8184 401.681 4574024.850 5304472.760
8185 403.131 4574124.850 5304772.760
8186 402.773 4574074.850 5304722.760
8187 406.127 4573268.140 5303298.550
8188 406.094 4573294.660 5303333.020
8189 403.743 4573324.850 5303372.760
8190 405.658 4573374.850 5303422.760
8191 406.128 4573241.260 5303260.260
8192 406.128 4573207.170 5303238.750
8193 405.277 4573924.850 5303822.760
8194 405.130 4573874.850 5303772.760
8195 403.885 4573812.750 5303727.750
8196 405.504 4573924.850 5303872.760
8197 404.039 4573524.850 5303522.760
8198 404.364 4573674.850 5303622.760
8199 404.718 4573724.850 5303672.760
8200 405.172 4573774.850 5303722.760
8201 404.906 4573574.850 5303572.760
8202 402.794 4573645.910 5303607.810
8203 403.156 4573624.850 5303622.760
8204 404.871 4573424.850 5303472.760
8205 404.719 4573474.850 5303522.760
8206 403.705 4573772.430 5304403.160
8207 401.296 4573784.310 5304371.580
8208 399.056 4573797.160 5304340.500
8209 397.243 4573810.140 5304309.480
8210 397.516 4573814.230 5304273.790
8211 395.532 4573818.350 5304238.100
8212 395.812 4573822.820 5304195.880
8213 395.503 4573827.240 5304153.110
8214 402.742 4573876.420 5304004.520
8215 401.163 4573863.370 5304035.870
8216 396.424 4573849.560 5304074.120
8217 405.039 4573888.630 5303972.750
8218 405.442 4573900.540 5303940.860
8219 405.371 4573910.020 5303907.600
8220 395.818 4573831.650 5304109.820
8221 402.595 4574374.850 5305072.760
8222 402.784 4574324.850 5305022.760
8223 402.536 4574274.850 5304972.760
8224 402.736 4574224.850 5304922.760
8225 403.088 4574174.850 5304872.760
8226 403.181 4574124.850 5304822.760
8227 402.422 4574674.850 5305422.760
8228 402.435 4574624.850 5305372.760
8229 402.328 4574574.850 5305322.760
8230 401.295 4574524.850 5305272.760
8231 401.266 4574474.850 5305222.760
8232 401.643 4574424.850 5305172.760
8233 402.640 4574374.850 5305122.760
8234 402.867 4574674.850 5305472.760
8235 403.081 4574716.010 5305487.490
8236 404.551 4573777.720 5304405.900
8237 405.129 4573830.610 5304320.150
8238 405.155 4573814.470 5304349.500
8239 405.003 4573798.330 5304378.860
8240 404.695 4573874.850 5304322.760
8241 403.635 4573974.850 5304422.760
8242 403.922 4573924.850 5304372.760
8243 404.678 4573761.580 5304435.260
8244 401.582 4574031.280 5304508.890
8245 400.300 4574024.850 5304572.760
8246 400.439 4574024.850 5304622.760
8247 400.637 4574024.850 5304672.760
8248 402.511 4573974.850 5304472.760
8249 405.258 4574074.850 5304772.760
8250 404.206 4574024.850 5304722.760
8251 404.327 4573224.850 5303322.760
8252 404.613 4573274.850 5303372.760
8253 404.041 4573324.850 5303422.760
8254 404.677 4573374.850 5303472.760
8255 406.128 4573177.800 5303279.180
8256 404.731 4573374.850 5303522.760
8257 404.991 4573874.850 5303822.760
8258 405.038 4573824.850 5303772.760
8259 405.036 4573874.850 5303872.760
8260 404.434 4573524.850 5303572.760
8261 403.535 4573785.790 5303768.150
8262 404.371 4573674.850 5303672.760
8263 404.693 4573724.850 5303722.760
8264 404.761 4573574.850 5303622.760
8265 402.595 4573633.290 5303654.470
8266 403.983 4573474.850 5303572.760
8267 404.888 4573424.850 5303522.760
8268 403.680 4573756.010 5304432.380
8269 401.030 4573767.630 5304400.670
8270 398.434 4573780.460 5304369.580
8271 397.040 4573792.970 5304338.330
8272 397.233 4573796.960 5304302.600
8273 395.589 4573801.000 5304266.880
8274 395.750 4573804.930 5304231.070
8275 395.199 4573809.350 5304188.560
8276 395.212 4573813.750 5304145.520
8277 405.060 4573870.330 5304000.790
8278 403.238 4573857.630 5304032.310
8279 400.206 4573844.740 5304071.270
8280 405.363 4573882.610 5303969.090
8281 405.448 4573892.670 5303936.130
8282 405.483 4573874.850 5303922.760
8283 399.256 4573826.110 5304106.670
8284 402.347 4574324.850 5305072.760
8285 402.212 4574274.850 5305022.760
8286 402.325 4574224.850 5304972.760
8287 402.708 4574174.850 5304922.760
8288 402.970 4574124.850 5304872.760
8289 404.918 4574074.850 5304822.760
8290 402.324 4574624.850 5305422.760
8291 402.310 4574574.850 5305372.760
8292 402.048 4574524.850 5305322.760
8293 401.207 4574474.850 5305272.760
8294 402.529 4574424.850 5305222.760
8295 401.604 4574374.850 5305172.760
8296 401.267 4574324.850 5305122.760
8297 402.287 4574624.850 5305472.760
8298 403.060 4574676.980 5305497.710
8299 404.921 4573782.250 5304408.250
8300 404.900 4573824.850 5304372.760
8301 404.795 4573874.850 5304372.760
8302 401.368 4573924.850 5304422.760
8303 401.077 4573924.850 5304472.760
8304 404.963 4573766.230 5304437.670
8305 404.606 4573745.950 5304465.120
8306 400.675 4573991.130 5304539.560
8307 400.397 4573974.850 5304572.760
8308 401.748 4573974.850 5304622.760
8309 401.667 4573974.850 5304672.760
8310 401.575 4573924.850 5304522.760
8311 403.946 4574024.850 5304772.760
8312 405.981 4573974.850 5304722.760
8313 404.076 4573174.850 5303322.760
8314 404.125 4573224.850 5303372.760
8315 404.254 4573274.850 5303422.760
8316 407.207 4573324.850 5303472.760
8317 406.128 4573152.250 5303322.170
8318 405.081 4573324.850 5303522.760
8319 404.491 4573374.850 5303572.760
8320 404.891 4573824.850 5303822.760
8321 404.732 4573824.850 5303872.760
8322 404.079 4573755.460 5303805.880
8323 404.659 4573524.850 5303622.760
8324 404.779 4573724.850 5303772.760
8325 404.519 4573674.850 5303722.760
8326 404.203 4573574.850 5303672.760
8327 402.971 4573632.790 5303704.500
8328 404.568 4573474.850 5303622.760
8329 403.886 4573424.850 5303572.760
8330 403.639 4573740.460 5304462.280
8331 400.811 4573750.980 5304429.770
8332 397.824 4573763.760 5304398.660
8333 396.837 4573775.810 5304367.170
8334 396.949 4573779.690 5304331.400
8335 395.646 4573783.650 5304295.650
8336 395.796 4573787.560 5304259.850
8337 394.894 4573791.460 5304224.010
8338 394.606 4573795.840 5304181.220
8339 398.316 4573807.490 5304142.080
8340 405.238 4573864.690 5303997.320
8341 405.058 4573852.040 5304028.830
8342 402.725 4573838.800 5304067.710
8343 405.348 4573875.310 5303964.660
8344 405.093 4573824.850 5303922.760
8345 402.229 4573819.970 5304103.120
8346 403.601 4573724.910 5304492.170
8347 401.821 4574274.850 5305072.760
8348 402.223 4574224.850 5305022.760
8349 402.646 4574174.850 5304972.760
8350 402.987 4574124.850 5304922.760
8351 403.530 4574074.850 5304872.760
8352 400.901 4574024.850 5304822.760
8353 402.272 4574574.850 5305422.760
8354 402.066 4574524.850 5305372.760
8355 401.584 4574474.850 5305322.760
8356 402.327 4574424.850 5305272.760
8357 401.045 4574374.850 5305222.760
8358 400.987 4574324.850 5305172.760
8359 401.390 4574274.850 5305122.760
8360 402.461 4574574.850 5305472.760
8361 402.413 4574624.850 5305522.760
8362 403.052 4574644.950 5305533.930
8363 404.977 4573777.200 5304432.000
8364 404.802 4573768.340 5304438.760
8365 404.499 4573824.850 5304422.760
8366 399.522 4573874.850 5304422.760
8367 398.740 4573874.850 5304472.760
8368 404.959 4573750.660 5304467.560
8369 404.538 4573730.310 5304494.970
8370 400.253 4573944.470 5304556.900
8371 401.699 4573924.850 5304622.760
8372 401.706 4573924.850 5304672.760
8373 398.802 4573874.850 5304522.760
8374 401.917 4573974.850 5304772.760
8375 404.781 4573924.850 5304722.760
8376 404.054 4573174.850 5303372.760
8377 404.136 4573224.850 5303422.760
8378 403.564 4573274.850 5303472.760
8379 406.127 4573126.210 5303364.840
8380 405.841 4573274.850 5303522.760
8381 404.696 4573324.850 5303572.760
8382 404.109 4573374.850 5303622.760
8383 404.684 4573774.850 5303872.760
8384 404.652 4573774.850 5303922.760
8385 404.189 4573723.760 5303842.600
8386 404.561 4573524.850 5303672.760
8387 404.543 4573674.850 5303772.760
8388 402.881 4573635.250 5303754.470
8389 404.510 4573574.850 5303722.760
8390 404.358 4573474.850 5303672.760
8391 403.968 4573424.850 5303622.760
8392 400.813 4573735.500 5304459.710
8393 397.242 4573747.090 5304427.760
8394 396.633 4573758.650 5304396.020
8395 396.666 4573762.410 5304360.200
8396 395.703 4573766.300 5304324.430
8397 395.843 4573770.180 5304288.620
8398 395.120 4573774.060 5304252.790
8399 394.000 4573777.930 5304216.920
8400 397.372 4573788.860 5304177.480
8401 401.754 4573801.160 5304138.540
8402 405.188 4573857.960 5303993.190
8403 405.081 4573846.770 5304025.560
8404 404.693 4573832.830 5304064.150
8405 404.855 4573824.850 5303972.760
8406 404.358 4573813.640 5304099.470
8407 404.915 4573774.850 5303972.760
8408 403.566 4573709.350 5304522.070
8409 400.818 4573720.030 5304489.640
8410 402.598 4574224.850 5305072.760
8411 402.490 4574174.850 5305022.760
8412 402.926 4574124.850 5304972.760
8413 403.124 4574074.850 5304922.760
8414 401.626 4574024.850 5304872.760
8415 400.448 4573974.850 5304822.760
8416 402.164 4574524.850 5305422.760
8417 400.968 4574474.850 5305372.760
8418 402.407 4574424.850 5305322.760
8419 401.164 4574374.850 5305272.760
8420 401.980 4574324.850 5305222.760
8421 402.284 4574274.850 5305172.760
8422 402.602 4574224.850 5305122.760
8423 402.327 4574524.850 5305472.760
8424 402.078 4574574.850 5305522.760
8425 403.034 4574602.600 5305555.940
8426 404.286 4573774.850 5304472.760
8427 398.764 4573824.850 5304472.760
8428 404.473 4573714.670 5304524.830
8429 404.959 4573735.080 5304497.450
8430 404.410 4573699.040 5304554.680
8431 403.808 4573874.850 5304622.760
8432 398.961 4573849.210 5304584.440
8433 402.984 4573874.850 5304672.760
8434 398.744 4573824.850 5304522.760
8435 398.765 4573824.850 5304572.760
8436 400.751 4573924.850 5304772.760
8437 405.466 4573874.850 5304722.760
8438 404.014 4573174.850 5303422.760
8439 403.862 4573224.850 5303472.760
8440 406.127 4573116.290 5303410.150
8441 403.996 4573224.850 5303522.760
8442 407.141 4573274.850 5303572.760
8443 404.108 4573324.850 5303622.760
8444 403.758 4573374.850 5303672.760
8445 404.142 4573724.850 5303872.760
8446 403.816 4573724.850 5303922.760
8447 404.437 4573674.850 5303822.760
8448 403.875 4573524.850 5303722.760
8449 402.907 4573637.100 5303804.470
8450 404.103 4573574.850 5303772.760
8451 403.876 4573474.850 5303722.760
8452 403.735 4573424.850 5303672.760
8453 397.242 4573731.620 5304457.690
8454 396.430 4573741.490 5304424.860
8455 396.382 4573745.140 5304389.010
8456 395.760 4573748.950 5304353.200
8457 395.889 4573752.810 5304317.400
8458 395.345 4573756.660 5304281.560
8459 394.427 4573760.530 5304245.710
8460 396.423 4573770.240 5304212.890
8461 401.270 4573782.350 5304173.960
8462 404.053 4573794.460 5304134.810
8463 404.986 4573840.610 5304021.730
8464 404.976 4573827.020 5304060.690
8465 405.201 4573824.850 5304022.760
8466 404.910 4573807.300 5304095.840
8467 403.062 4573724.850 5303972.760
8468 404.341 4573774.850 5304022.760
8469 403.531 4573693.800 5304551.960
8470 400.824 4573704.550 5304519.570
8471 397.242 4573716.150 5304487.630
8472 402.446 4574174.850 5305072.760
8473 402.674 4574124.850 5305022.760
8474 402.999 4574074.850 5304972.760
8475 403.591 4574024.850 5304922.760
8476 400.905 4573974.850 5304872.760
8477 401.104 4573924.850 5304822.760
8478 401.663 4574474.850 5305422.760
8479 402.005 4574424.850 5305372.760
8480 401.840 4574374.850 5305322.760
8481 401.774 4574324.850 5305272.760
8482 402.134 4574274.850 5305222.760
8483 402.338 4574224.850 5305172.760
8484 402.311 4574174.850 5305122.760
8485 402.108 4574524.850 5305522.760
8486 401.970 4574474.850 5305472.760
8487 403.021 4574563.070 5305579.540
8488 402.202 4574524.850 5305572.760
8489 405.170 4573774.850 5304522.760
8490 404.963 4573719.500 5304527.330
8491 404.811 4573726.800 5304526.300
8492 404.969 4573703.930 5304557.220
8493 404.346 4573683.410 5304584.540
8494 400.733 4573810.980 5304617.350
8495 403.973 4573824.850 5304672.760
8496 402.879 4573774.850 5304572.760
8497 399.858 4573774.850 5304622.760
8498 400.874 4573874.850 5304772.760
8499 403.883 4573824.850 5304722.760
8500 403.622 4573174.850 5303472.760
8501 406.127 4573106.960 5303455.650
8502 406.125 4573083.400 5303499.670
8503 404.801 4573074.850 5303522.760
8504 406.126 4573052.630 5303534.790
8505 404.130 4573174.850 5303522.760
8506 404.464 4573224.850 5303572.760
8507 409.365 4572924.850 5303622.760
8508 406.102 4572954.940 5303611.130
8509 406.400 4573274.850 5303622.760
8510 403.697 4573324.850 5303672.760
8511 403.477 4573374.850 5303722.760
8512 403.948 4573674.850 5303872.760
8513 404.125 4573674.850 5303922.760
8514 403.558 4573634.280 5303853.540
8515 404.403 4573524.850 5303772.760
8516 404.546 4573574.850 5303822.760
8517 404.312 4573474.850 5303772.760
8518 403.944 4573424.850 5303722.760
8519 396.313 4573726.210 5304454.890
8520 396.099 4573727.870 5304417.810
8521 395.817 4573731.600 5304381.980
8522 395.935 4573735.430 5304346.180
8523 395.571 4573739.260 5304310.340
8524 394.853 4573743.130 5304274.500
8525 397.137 4573753.440 5304242.000
8526 400.776 4573763.530 5304209.370
8527 403.733 4573775.280 5304170.140
8528 404.887 4573787.600 5304131.000
8529 404.386 4573674.850 5303972.760
8530 404.906 4573820.470 5304056.780
8531 404.877 4573800.350 5304091.840
8532 403.148 4573724.850 5304022.760
8533 404.690 4573774.850 5304072.760
8534 404.280 4573667.780 5304614.400
8535 403.497 4573678.250 5304581.860
8536 400.831 4573689.070 5304549.500
8537 397.243 4573700.680 5304517.560
8538 396.197 4573710.930 5304484.920
8539 404.131 4573649.510 5304649.630
8540 402.625 4574124.850 5305072.760
8541 402.793 4574074.850 5305022.760
8542 403.765 4574024.850 5304972.760
8543 400.813 4573974.850 5304922.760
8544 400.598 4573924.850 5304872.760
8545 400.416 4573874.850 5304822.760
8546 401.432 4574424.850 5305422.760
8547 402.131 4574374.850 5305372.760
8548 401.075 4574324.850 5305322.760
8549 402.239 4574274.850 5305272.760
8550 401.498 4574224.850 5305222.760
8551 402.479 4574174.850 5305172.760
8552 402.303 4574124.850 5305122.760
8553 401.975 4574474.850 5305522.760
8554 400.843 4574424.850 5305472.760
8555 402.990 4574523.980 5305606.870
8556 402.002 4574474.850 5305572.760
8557 404.110 4573724.850 5304572.760
8558 404.974 4573688.350 5304587.110
8559 404.977 4573672.780 5304617.000
8560 404.883 4573654.400 5304652.150
8561 401.096 4573783.770 5304659.120
8562 403.708 4573724.850 5304622.760
8563 399.367 4573768.830 5304707.290
8564 402.689 4573824.850 5304822.760
8565 401.195 4573824.850 5304772.760
8566 403.579 4573124.850 5303522.760
8567 406.123 4573056.460 5303576.700
8568 404.286 4573174.850 5303572.760
8569 404.451 4573224.850 5303622.760
8570 406.103 4572938.560 5303665.230
8571 406.104 4572959.960 5303655.480
8572 406.098 4572936.950 5303744.880
8573 404.245 4573274.850 5303672.760
8574 403.361 4573324.850 5303722.760
8575 404.008 4573374.850 5303772.760
8576 404.480 4573624.850 5303922.760
8577 402.876 4573611.570 5303897.880
8578 404.069 4573574.850 5303872.760
8579 404.025 4573524.850 5303822.760
8580 404.061 4573474.850 5303822.760
8581 404.028 4573424.850 5303772.760
8582 396.066 4573712.720 5304447.900
8583 395.874 4573714.260 5304410.750
8584 395.981 4573718.060 5304374.950
8585 395.796 4573721.860 5304339.120
8586 395.280 4573725.720 5304303.290
8587 397.868 4573736.650 5304271.120
8588 401.241 4573746.980 5304238.620
8589 403.400 4573756.100 5304205.480
8590 403.553 4573624.850 5303972.760
8591 404.843 4573767.890 5304166.170
8592 404.902 4573780.260 5304126.920
8593 404.082 4573674.850 5304022.760
8594 404.942 4573774.850 5304122.760
8595 404.041 4573724.850 5304072.760
8596 403.460 4573662.710 5304611.760
8597 400.837 4573673.600 5304579.430
8598 397.245 4573685.210 5304547.500
8599 396.080 4573695.650 5304514.950
8600 396.033 4573697.570 5304477.990
8601 403.979 4573631.240 5304684.870
8602 403.377 4573644.440 5304647.030
8603 402.970 4574495.460 5305643.730
8604 402.427 4574074.850 5305072.760
8605 402.709 4574024.850 5305022.760
8606 400.903 4573974.850 5304972.760
8607 400.529 4573924.850 5304922.760
8608 401.961 4573874.850 5304872.760
8609 401.916 4574374.850 5305422.760
8610 401.855 4574324.850 5305372.760
8611 401.876 4574274.850 5305322.760
8612 401.178 4574224.850 5305272.760
8613 402.366 4574174.850 5305222.760
8614 402.225 4574124.850 5305172.760
8615 402.469 4574074.850 5305122.760
8616 401.357 4574424.850 5305522.760
8617 401.753 4574374.850 5305472.760
8618 401.046 4574474.850 5305622.760
8619 401.471 4574424.850 5305572.760
8620 403.751 4573824.850 5304872.760
8621 404.803 4573676.700 5304624.500
8622 404.787 4573636.020 5304687.290
8623 403.510 4573724.850 5304672.760
8624 404.171 4573674.850 5304672.760
8625 398.867 4573759.310 5304756.910
8626 403.784 4573724.850 5304722.760
8627 403.204 4573799.180 5304847.010
8628 402.828 4573770.770 5304805.420
8629 403.597 4573124.850 5303572.760
8630 406.109 4573060.530 5303617.700
8631 403.741 4573174.850 5303622.760
8632 406.098 4573224.850 5303672.760
8633 406.103 4573052.570 5303644.160
8634 406.102 4572953.500 5303702.810
8635 406.099 4573008.050 5303658.750
8636 406.098 4572975.320 5303728.620
8637 403.407 4573274.850 5303722.760
8638 403.414 4573324.850 5303772.760
8639 403.629 4573374.850 5303822.760
8640 402.914 4573570.330 5303925.340
8641 404.300 4573524.850 5303872.760
8642 403.554 4573474.850 5303872.760
8643 403.986 4573424.850 5303822.760
8644 395.886 4573699.220 5304440.900
8645 396.027 4573700.680 5304403.730
8646 396.021 4573704.460 5304367.900
8647 395.707 4573708.320 5304332.090
8648 398.607 4573719.870 5304300.240
8649 403.538 4573574.850 5303972.760
8650 401.737 4573730.430 5304267.870
8651 403.576 4573739.810 5304234.870
8652 404.782 4573748.190 5304201.330
8653 404.321 4573624.850 5304022.760
8654 404.901 4573760.170 5304162.000
8655 404.353 4573674.850 5304072.760
8656 403.346 4573724.850 5304122.760
8657 395.899 4573684.190 5304471.050
8658 400.843 4573658.120 5304609.370
8659 397.246 4573669.740 5304577.430
8660 395.963 4573680.380 5304544.980
8661 396.000 4573682.420 5304508.090
8662 403.830 4573612.960 5304720.100
8663 403.292 4573626.170 5304682.300
8664 400.698 4573639.920 5304644.700
8665 402.926 4574453.710 5305660.310
8666 404.191 4574024.850 5305072.760
8667 401.773 4573974.850 5305022.760
8668 400.760 4573924.850 5304972.760
8669 401.692 4573874.850 5304922.760
8670 401.458 4574324.850 5305422.760
8671 401.070 4574274.850 5305372.760
8672 401.525 4574224.850 5305322.760
8673 401.785 4574174.850 5305272.760
8674 402.149 4574124.850 5305222.760
8675 402.658 4574074.850 5305172.760
8676 401.683 4574024.850 5305122.760
8677 400.945 4574374.850 5305522.760
8678 401.608 4574324.850 5305472.760
8679 401.312 4574424.850 5305622.760
8680 400.805 4574374.850 5305572.760
8681 403.337 4573824.850 5304922.760
8682 403.395 4573813.470 5304894.870
8683 404.693 4573617.630 5304722.440
8684 404.418 4573624.850 5304722.760
8685 403.876 4573674.850 5304722.760
8686 403.494 4573724.850 5304772.760
8687 401.061 4573774.850 5304872.760
8688 403.636 4573724.850 5304822.760
8689 403.354 4573124.850 5303622.760
8690 406.100 4573096.930 5303641.940
8691 403.419 4573174.850 5303672.760
8692 404.304 4573224.850 5303722.760
8693 404.682 4573074.850 5303672.760
8694 406.101 4573013.970 5303705.340
8695 404.195 4573274.850 5303772.760
8696 403.405 4573324.850 5303822.760
8697 403.671 4573374.850 5303872.760
8698 403.159 4573522.410 5303939.300
8699 403.898 4573474.850 5303922.760
8700 403.312 4573424.850 5303872.760
8701 404.170 4573524.850 5303972.760
8702 395.996 4573685.760 5304433.930
8703 396.247 4573687.060 5304396.680
8704 396.133 4573690.920 5304360.880
8705 399.333 4573703.080 5304329.360
8706 402.253 4573713.890 5304297.120
8707 403.794 4573574.850 5304022.760
8708 403.800 4573723.520 5304264.260
8709 404.711 4573732.220 5304230.890
8710 404.877 4573740.080 5304197.080
8711 404.234 4573624.850 5304072.760
8712 404.631 4573724.850 5304172.760
8713 404.354 4573674.850 5304122.760
8714 395.965 4573670.840 5304464.130
8715 395.911 4573669.160 5304501.200
8716 397.247 4573654.270 5304607.360
8717 395.847 4573665.100 5304575.010
8718 395.967 4573667.270 5304538.180
8719 403.668 4573594.690 5304755.330
8720 403.208 4573607.900 5304717.570
8721 400.553 4573621.720 5304680.040
8722 397.206 4573635.990 5304642.690
8723 403.462 4573576.440 5304790.570
8724 402.885 4574433.650 5305689.650
8725 404.720 4573974.850 5305072.760
8726 401.623 4573924.850 5305022.760
8727 401.153 4573874.850 5304972.760
8728 403.711 4573822.810 5304944.410
8729 401.473 4574274.850 5305422.760
8730 400.948 4574224.850 5305372.760
8731 401.711 4574174.850 5305322.760
8732 401.088 4574124.850 5305272.760
8733 401.261 4574074.850 5305222.760
8734 402.818 4574024.850 5305172.760
8735 403.526 4573974.850 5305122.760
8736 400.927 4574324.850 5305522.760
8737 401.621 4574274.850 5305472.760
8738 400.995 4574374.850 5305622.760
8739 400.716 4574324.850 5305572.760
8740 402.771 4573774.850 5304922.760
8741 404.583 4573599.250 5304757.580
8742 404.418 4573580.890 5304792.740
8743 403.423 4573624.850 5304772.760
8744 401.167 4573674.850 5304772.760
8745 400.707 4573674.850 5304822.760
8746 403.178 4573724.850 5304872.760
8747 406.043 4573124.850 5303672.760
8748 404.546 4573174.850 5303722.760
8749 405.997 4573224.850 5303772.760
8750 406.102 4573060.690 5303719.390
8751 403.991 4573274.850 5303822.760
8752 403.374 4573324.850 5303872.760
8753 403.258 4573374.850 5303922.760
8754 402.714 4573474.500 5303952.310
8755 404.012 4573424.850 5303922.760
8756 403.831 4573474.850 5303972.760
8757 404.007 4573524.850 5304022.760
8758 396.154 4573672.260 5304426.940
8759 396.560 4573673.520 5304389.670
8760 400.057 4573686.300 5304358.470
8761 402.739 4573697.350 5304326.370
8762 404.055 4573707.250 5304293.660
8763 403.777 4573574.850 5304072.760
8764 404.708 4573716.270 5304260.470
8765 404.769 4573724.470 5304226.840
8766 404.741 4573721.500 5304217.900
8767 404.448 4573624.850 5304122.760
8768 404.348 4573674.850 5304172.760
8769 396.060 4573657.450 5304457.190
8770 395.933 4573655.910 5304494.320
8771 395.924 4573654.130 5304531.350
8772 395.730 4573649.820 5304605.040
8773 395.935 4573652.120 5304568.270
8774 403.116 4573589.630 5304752.840
8775 400.409 4573603.510 5304715.370
8776 397.163 4573617.720 5304678.020
8777 395.660 4573631.570 5304640.410
8778 403.329 4573559.090 5304826.220
8779 402.992 4573571.370 5304788.110
8780 402.850 4574432.300 5305733.520
8781 401.552 4574374.850 5305672.760
8782 404.470 4573924.850 5305072.760
8783 402.746 4573874.850 5305022.760
8784 402.839 4573826.590 5304994.730
8785 401.905 4573774.850 5304972.760
8786 401.543 4574224.850 5305422.760
8787 401.355 4574174.850 5305372.760
8788 401.720 4574124.850 5305322.760
8789 401.171 4574074.850 5305272.760
8790 402.408 4574024.850 5305222.760
8791 402.954 4573974.850 5305172.760
8792 402.788 4573924.850 5305122.760
8793 401.021 4574274.850 5305522.760
8794 401.753 4574224.850 5305472.760
8795 400.949 4574324.850 5305622.760
8796 401.099 4574274.850 5305572.760
8797 402.248 4573724.850 5304922.760
8798 403.913 4573724.850 5304972.760
8799 404.375 4573574.850 5304822.760
8800 404.241 4573563.780 5304828.460
8801 400.865 4573624.850 5304822.760
8802 400.626 4573674.850 5304872.760
8803 404.195 4573546.690 5304864.190
8804 404.044 4573724.850 5305022.760
8805 404.616 4573224.850 5303822.760
8806 404.411 4573124.850 5303722.760
8807 406.044 4573174.850 5303772.760
8808 406.080 4573098.500 5303747.120
8809 403.713 4573274.850 5303872.760
8810 403.509 4573324.850 5303922.760
8811 404.127 4573374.850 5303972.760
8812 402.590 4573430.670 5303976.200
8813 403.933 4573474.850 5304022.760
8814 404.018 4573524.850 5304072.760
8815 396.462 4573658.830 5304419.970
8816 400.783 4573669.520 5304387.590
8817 403.224 4573680.810 5304355.630
8818 404.264 4573690.980 5304323.060
8819 404.746 4573700.330 5304290.050
8820 403.077 4573574.850 5304122.760
8821 404.746 4573708.880 5304256.610
8822 404.374 4573674.850 5304222.760
8823 404.559 4573624.850 5304172.760
8824 396.363 4573644.140 5304450.280
8825 395.967 4573642.650 5304487.440
8826 395.902 4573640.990 5304524.520
8827 395.937 4573639.100 5304561.500
8828 395.902 4573636.970 5304598.360
8829 403.636 4573474.850 5304072.760
8830 400.260 4573585.310 5304750.710
8831 397.122 4573599.450 5304713.350
8832 395.590 4573613.320 5304675.780
8833 395.778 4573618.550 5304633.740
8834 403.303 4573541.760 5304861.880
8835 402.571 4573553.980 5304823.780
8836 400.089 4573567.110 5304786.050
8837 402.836 4574430.510 5305781.820
8838 400.840 4574374.850 5305722.760
8839 400.830 4574324.850 5305672.760
8840 405.705 4573874.850 5305072.760
8841 401.779 4573825.690 5305044.470
8842 402.191 4573774.850 5305022.760
8843 400.456 4574174.850 5305422.760
8844 400.966 4574124.850 5305372.760
8845 402.167 4574074.850 5305322.760
8846 402.165 4574024.850 5305272.760
8847 402.635 4573974.850 5305222.760
8848 402.688 4573924.850 5305172.760
8849 402.191 4573874.850 5305122.760
8850 400.966 4574224.850 5305522.760
8851 400.891 4574174.850 5305472.760
8852 401.872 4574274.850 5305622.760
8853 401.818 4574224.850 5305572.760
8854 399.379 4573674.850 5304922.760
8855 404.566 4573674.850 5304972.760
8856 404.482 4573574.850 5304872.760
8857 400.086 4573624.850 5304872.760
8858 404.073 4573529.540 5304899.890
8859 405.376 4573674.850 5305022.760
8860 402.337 4573724.850 5305072.760
8861 401.534 4574274.850 5305672.760
8862 403.215 4573524.380 5304897.510
8863 406.384 4573174.850 5303822.760
8864 404.241 4573224.850 5303872.760
8865 405.967 4573119.250 5303788.870
8866 403.289 4573274.850 5303922.760
8867 403.633 4573324.850 5303972.760
8868 402.998 4573389.270 5304004.210
8869 404.078 4573424.850 5304022.760
8870 403.774 4573424.850 5304072.760
8871 403.888 4573524.850 5304122.760
8872 400.352 4573654.420 5304417.690
8873 403.710 4573664.270 5304384.880
8874 404.470 4573674.710 5304352.460
8875 404.722 4573684.390 5304319.630
8876 404.777 4573693.310 5304286.390
8877 403.929 4573574.850 5304172.760
8878 404.631 4573674.850 5304272.760
8879 403.491 4573624.850 5304222.760
8880 399.926 4573639.320 5304447.780
8881 396.265 4573629.440 5304480.590
8882 395.874 4573627.850 5304517.690
8883 395.871 4573626.070 5304554.720
8884 395.949 4573624.060 5304591.640
8885 403.486 4573474.850 5304122.760
8886 395.863 4573605.470 5304627.030
8887 397.077 4573581.170 5304748.670
8888 395.520 4573595.070 5304711.150
8889 395.654 4573600.130 5304669.110
8890 402.225 4573536.590 5304859.440
8891 399.597 4573549.610 5304821.700
8892 397.022 4573562.900 5304784.000
8893 403.088 4573507.070 5304933.180
8894 402.828 4574442.720 5305822.470
8895 401.134 4574374.850 5305772.760
8896 401.110 4574324.850 5305722.760
8897 401.503 4574274.850 5305722.760
8898 402.663 4573809.370 5305092.140
8899 402.511 4573774.850 5305072.760
8900 402.991 4573824.850 5305122.760
8901 400.424 4574124.850 5305422.760
8902 401.961 4574074.850 5305372.760
8903 402.155 4574024.850 5305322.760
8904 402.356 4573974.850 5305272.760
8905 402.852 4573924.850 5305222.760
8906 402.562 4573874.850 5305172.760
8907 400.534 4574174.850 5305522.760
8908 400.287 4574124.850 5305472.760
8909 401.609 4574224.850 5305622.760
8910 401.929 4574174.850 5305572.760
8911 402.407 4573624.850 5304922.760
8912 405.144 4573624.850 5304972.760
8913 402.245 4573574.850 5304922.760
8914 403.900 4573512.480 5304935.630
8915 404.161 4573524.850 5304922.760
8916 403.935 4573495.840 5304971.570
8917 401.764 4573624.850 5305022.760
8918 401.560 4573674.850 5305072.760
8919 404.298 4573724.850 5305122.760
8920 401.437 4574224.850 5305672.760
8921 401.836 4573519.170 5304895.100
8922 404.372 4573124.850 5303822.760
8923 405.311 4573174.850 5303872.760
8924 403.796 4573224.850 5303922.760
8925 405.830 4573097.200 5303833.560
8926 403.953 4573274.850 5303972.760
8927 404.004 4573324.850 5304022.760
8928 402.631 4573356.550 5304041.950
8929 404.050 4573374.850 5304072.760
8930 403.660 4573424.850 5304122.760
8931 403.330 4573224.850 5303972.760
8932 403.394 4573524.850 5304172.760
8933 403.458 4573649.080 5304414.920
8934 404.679 4573658.440 5304381.860
8935 404.693 4573668.460 5304349.220
8936 404.729 4573677.740 5304316.170
8937 403.978 4573574.850 5304222.760
8938 404.487 4573624.850 5304272.760
8939 403.219 4573633.880 5304444.960
8940 399.503 4573624.230 5304477.870
8941 396.167 4573614.750 5304510.890
8942 395.781 4573613.040 5304547.950
8943 395.839 4573611.150 5304584.920
8944 403.096 4573474.850 5304172.760
8945 395.816 4573592.370 5304620.300
8946 395.776 4573586.880 5304662.410
8947 395.450 4573576.820 5304746.520
8948 395.530 4573581.710 5304704.490
8949 399.156 4573532.120 5304857.350
8950 396.798 4573545.230 5304819.600
8951 395.380 4573558.570 5304781.890
8952 403.124 4573490.100 5304969.000
8953 401.417 4573501.800 5304930.770
8954 402.810 4574452.560 5305865.730
8955 400.840 4574424.850 5305872.760
8956 400.982 4574374.850 5305822.760
8957 401.428 4574324.850 5305772.760
8958 401.297 4574274.850 5305772.760
8959 401.492 4574224.850 5305722.760
8960 403.080 4573787.890 5305137.850
8961 402.014 4573824.850 5305172.760
8962 401.014 4574074.850 5305422.760
8963 401.957 4574024.850 5305372.760
8964 402.212 4573974.850 5305322.760
8965 402.561 4573924.850 5305272.760
8966 402.007 4573874.850 5305222.760
8967 401.870 4574124.850 5305522.760
8968 400.333 4574074.850 5305472.760
8969 401.555 4574174.850 5305622.760
8970 401.808 4574124.850 5305572.760
8971 399.783 4573574.850 5304972.760
8972 405.181 4573574.850 5305022.760
8973 407.404 4573524.850 5304972.760
8974 403.733 4573482.140 5305002.030
8975 403.921 4573624.850 5305072.760
8976 402.227 4573674.850 5305122.760
8977 402.853 4573724.850 5305172.760
8978 402.529 4573574.850 5305072.760
8979 401.416 4574174.850 5305672.760
8980 398.686 4573514.610 5304892.990
8981 403.888 4573124.850 5303872.760
8982 403.998 4573174.850 5303922.760
8983 405.745 4573102.180 5303876.510
8984 403.394 4573174.850 5303972.760
8985 403.820 4573274.850 5304022.760
8986 402.546 4573329.850 5304084.240
8987 403.867 4573374.850 5304122.760
8988 403.092 4573424.850 5304172.760
8989 403.745 4573224.850 5304022.760
8990 403.702 4573524.850 5304222.760
8991 404.605 4573643.090 5304411.820
8992 404.669 4573652.520 5304378.800
8993 404.674 4573662.180 5304345.960
8994 404.012 4573624.850 5304322.760
8995 403.608 4573574.850 5304272.760
8996 404.552 4573627.740 5304441.770
8997 402.983 4573618.690 5304475.000
8998 399.057 4573609.130 5304507.970
8999 396.068 4573600.060 5304541.200
9000 395.688 4573598.240 5304578.200
9001 403.560 4573474.850 5304222.760
9002 395.730 4573579.290 5304613.580
9003 395.792 4573573.590 5304655.680
9004 395.689 4573568.290 5304697.790
9005 395.406 4573563.290 5304739.860
9006 396.599 4573527.550 5304855.210
9007 395.324 4573540.710 5304817.440
9008 395.282 4573544.870 5304775.240
9009 403.701 4573468.360 5305032.460
9010 402.929 4573476.220 5304999.390
9011 401.118 4573484.670 5304966.560
9012 398.195 4573497.130 5304928.650
9013 402.812 4574442.000 5305911.520
9014 401.047 4574374.850 5305872.760
9015 401.432 4574324.850 5305822.760
9016 401.318 4574274.850 5305822.760
9017 401.335 4574224.850 5305772.760
9018 401.571 4574174.850 5305722.760
9019 402.345 4573764.470 5305182.550
9020 402.685 4573824.850 5305222.760
9021 401.451 4574024.850 5305422.760
9022 402.356 4573974.850 5305372.760
9023 401.944 4573924.850 5305322.760
9024 402.424 4573874.850 5305272.760
9025 401.659 4573824.850 5305272.760
9026 402.030 4574074.850 5305522.760
9027 400.407 4574024.850 5305472.760
9028 401.742 4574124.850 5305622.760
9029 400.753 4574055.330 5305574.400
9030 403.931 4573524.850 5305022.760
9031 403.822 4573477.300 5305036.000
9032 402.944 4573524.850 5305072.760
9033 401.896 4573728.880 5305209.900
9034 404.618 4573624.850 5305122.760
9035 399.318 4573674.850 5305172.760
9036 400.515 4573574.850 5305122.760
9037 401.354 4574124.850 5305672.760
9038 396.386 4573509.870 5304890.800
9039 405.516 4573113.360 5303921.720
9040 403.745 4573124.850 5303972.760
9041 403.230 4573174.850 5304022.760
9042 403.868 4573274.850 5304072.760
9043 402.768 4573305.920 5304128.170
9044 403.458 4573424.850 5304222.760
9045 403.744 4573374.850 5304172.760
9046 403.516 4573224.850 5304072.760
9047 403.506 4573524.850 5304272.760
9048 404.642 4573637.180 5304408.760
9049 404.625 4573646.610 5304375.740
9050 404.586 4573624.850 5304372.760
9051 404.048 4573574.850 5304322.760
9052 404.643 4573621.840 5304438.720
9053 404.503 4573612.390 5304471.730
9054 402.699 4573603.500 5304505.040
9055 398.617 4573594.040 5304538.060
9056 395.970 4573585.370 5304571.500
9057 403.372 4573474.850 5304272.760
9058 395.988 4573566.220 5304606.880
9059 395.772 4573560.330 5304648.970
9060 395.769 4573554.820 5304691.060
9061 395.602 4573549.700 5304733.180
9062 395.268 4573522.850 5304852.990
9063 395.515 4573531.110 5304768.560
9064 395.269 4573526.980 5304810.880
9065 403.775 4573454.530 5305062.860
9066 402.867 4573462.280 5305029.760
9067 400.834 4573470.620 5304996.890
9068 397.787 4573479.820 5304964.380
9069 396.162 4573492.200 5304926.410
9070 402.805 4574421.490 5305957.130
9071 400.809 4574374.850 5305922.760
9072 400.915 4574324.850 5305872.760
9073 400.857 4574274.850 5305872.760
9074 401.310 4574224.850 5305822.760
9075 401.149 4574174.850 5305772.760
9076 401.547 4574124.850 5305722.760
9077 401.890 4573773.770 5305227.040
9078 401.894 4573787.090 5305270.650
9079 402.020 4573724.850 5305222.760
9080 401.894 4573974.850 5305422.760
9081 401.898 4573924.850 5305372.760
9082 402.437 4573874.850 5305322.760
9083 401.866 4573824.850 5305322.760
9084 400.492 4574017.140 5305545.000
9085 401.639 4574024.850 5305522.760
9086 400.978 4573974.850 5305472.760
9087 399.752 4574075.030 5305619.260
9088 400.009 4574024.850 5305572.760
9089 403.774 4573474.850 5305072.760
9090 402.320 4573524.850 5305122.760
9091 401.322 4573685.050 5305232.150
9092 400.030 4573624.850 5305172.760
9093 402.615 4573574.850 5305172.760
9094 399.464 4574069.930 5305667.480
9095 403.656 4573440.710 5305093.270
9096 395.212 4573504.980 5304888.540
9097 405.419 4573104.340 5303967.540
9098 403.696 4573124.850 5304022.760
9099 403.449 4573174.850 5304072.760
9100 403.695 4573274.850 5304122.760
9101 402.177 4573304.400 5304171.800
9102 403.139 4573324.850 5304172.760
9103 403.380 4573424.850 5304272.760
9104 403.464 4573374.850 5304222.760
9105 403.603 4573224.850 5304122.760
9106 403.743 4573524.850 5304322.760
9107 404.604 4573631.070 5304405.590
9108 404.326 4573574.850 5304372.760
9109 404.618 4573615.550 5304435.450
9110 404.650 4573606.510 5304468.680
9111 404.378 4573597.040 5304501.690
9112 402.429 4573588.310 5304535.080
9113 398.192 4573578.940 5304568.160
9114 403.472 4573474.850 5304322.760
9115 398.428 4573559.960 5304603.660
9116 396.006 4573547.070 5304642.260
9117 395.814 4573541.380 5304684.350
9118 395.746 4573536.040 5304726.440
9119 395.255 4573509.100 5304846.520
9120 395.722 4573517.270 5304761.830
9121 395.557 4573513.230 5304804.300
9122 402.887 4573448.290 5305060.110
9123 400.649 4573456.520 5305027.200
9124 402.757 4573434.320 5305090.460
9125 397.684 4573465.530 5304994.620
9126 395.980 4573474.620 5304962.050
9127 395.156 4573487.120 5304924.090
9128 402.797 4574400.770 5306002.640
9129 400.642 4574374.850 5305972.760
9130 400.517 4574324.850 5305922.760
9131 401.036 4574274.850 5305922.760
9132 401.156 4574224.850 5305872.760
9133 400.909 4574174.850 5305822.760
9134 401.182 4574124.850 5305772.760
9135 400.518 4574074.850 5305722.760
9136 402.124 4573774.850 5305272.760
9137 401.484 4573801.370 5305313.990
9138 402.350 4573724.850 5305272.760
9139 401.950 4573924.850 5305422.760
9140 402.074 4573874.850 5305372.760
9141 401.663 4573818.260 5305360.270
9142 400.258 4573641.770 5305255.760
9143 402.639 4573674.850 5305272.760
9144 400.480 4573973.540 5305530.910
9145 401.760 4573924.850 5305472.760
9146 401.653 4574024.850 5305622.760
9147 401.998 4573974.850 5305572.760
9148 400.977 4574024.850 5305672.760
9149 403.034 4573474.850 5305122.760
9150 404.731 4573524.850 5305172.760
9151 403.741 4573624.850 5305222.760
9152 403.142 4573574.850 5305222.760
9153 399.987 4574045.130 5305709.730
9154 400.110 4574024.850 5305722.760
9155 403.594 4573426.900 5305123.680
9156 395.241 4573491.220 5304882.160
9157 405.237 4573095.490 5304012.980
9158 403.024 4573124.850 5304072.760
9159 403.465 4573174.850 5304122.760
9160 401.942 4573282.660 5304172.470
9161 401.587 4573299.400 5304222.200
9162 403.102 4573324.850 5304222.760
9163 403.169 4573424.850 5304322.760
9164 403.296 4573374.850 5304272.760
9165 403.367 4573224.850 5304172.760
9166 404.017 4573524.850 5304372.760
9167 404.175 4573574.850 5304422.760
9168 404.640 4573600.020 5304465.310
9169 404.555 4573591.170 5304498.640
9170 404.276 4573581.690 5304531.640
9171 402.190 4573573.120 5304565.130
9172 403.555 4573474.850 5304372.760
9173 402.287 4573554.120 5304600.660
9174 398.660 4573540.970 5304639.160
9175 396.024 4573527.930 5304677.650
9176 395.855 4573522.420 5304719.740
9177 395.599 4573495.350 5304840.050
9178 395.897 4573503.470 5304755.130
9179 395.824 4573499.400 5304797.680
9180 403.641 4573413.090 5305154.090
9181 402.671 4573420.350 5305120.820
9182 400.525 4573442.390 5305057.500
9183 397.649 4573451.210 5305024.850
9184 400.289 4573428.270 5305087.800
9185 395.969 4573460.110 5304992.200
9186 395.100 4573469.260 5304959.640
9187 395.227 4573473.330 5304917.800
9188 400.797 4574374.850 5306022.760
9189 400.751 4574324.850 5305972.760
9190 402.786 4574379.880 5306048.080
9191 399.969 4574274.850 5305972.760
9192 401.085 4574224.850 5305922.760
9193 400.918 4574174.850 5305872.760
9194 400.823 4574124.850 5305822.760
9195 400.929 4574074.850 5305772.760
9196 401.524 4573774.850 5305322.760
9197 401.267 4573788.570 5305351.570
9198 401.754 4573724.850 5305322.760
9199 401.943 4573874.850 5305422.760
9200 401.104 4573833.320 5305406.950
9201 401.134 4573774.850 5305372.760
9202 401.480 4573624.850 5305272.760
9203 402.312 4573674.850 5305322.760
9204 400.841 4573924.850 5305522.760
9205 401.979 4573874.850 5305472.760
9206 401.657 4573974.850 5305622.760
9207 400.616 4573931.970 5305556.960
9208 401.792 4573974.850 5305672.760
9209 402.976 4573474.850 5305172.760
9210 402.212 4573524.850 5305222.760
9211 400.929 4573593.990 5305263.070
9212 401.731 4573574.850 5305272.760
9213 399.956 4574024.070 5305754.220
9214 401.691 4573974.850 5305722.760
9215 403.494 4573424.850 5305172.760
9216 395.641 4573477.470 5304875.790
9217 405.117 4573069.560 5304055.700
9218 403.183 4573124.850 5304122.760
9219 403.223 4573174.850 5304172.760
9220 401.267 4573266.720 5304219.480
9221 400.996 4573299.900 5304271.000
9222 402.362 4573324.850 5304272.760
9223 403.440 4573424.850 5304372.760
9224 402.768 4573374.850 5304322.760
9225 403.162 4573224.850 5304222.760
9226 404.329 4573524.850 5304422.760
9227 404.000 4573574.850 5304472.760
9228 404.530 4573584.490 5304495.170
9229 404.491 4573575.830 5304528.590
9230 404.222 4573566.340 5304561.600
9231 403.715 4573474.850 5304422.760
9232 404.202 4573547.370 5304597.200
9233 402.379 4573535.110 5304636.200
9234 398.891 4573521.980 5304674.670
9235 396.042 4573508.780 5304713.030
9236 395.926 4573481.520 5304833.530
9237 396.060 4573489.630 5304748.410
9238 395.986 4573485.600 5304791.080
9239 403.488 4573399.420 5305184.530
9240 402.672 4573406.380 5305151.170
9241 400.086 4573414.150 5305118.100
9242 397.657 4573436.870 5305055.060
9243 395.993 4573445.590 5305022.350
9244 397.587 4573422.540 5305085.280
9245 395.118 4573454.500 5304989.700
9246 395.214 4573455.450 5304953.440
9247 395.683 4573459.580 5304911.530
9248 401.045 4574324.850 5306022.760
9249 403.689 4574374.850 5306072.760
9250 400.398 4574274.850 5306022.760
9251 400.021 4574224.850 5305972.760
9252 400.777 4574174.850 5305922.760
9253 400.647 4574124.850 5305872.760
9254 400.771 4574074.850 5305822.760
9255 399.625 4574033.320 5305801.870
9256 401.686 4573754.550 5305370.870
9257 402.380 4573724.850 5305372.760
9258 401.140 4573838.570 5305455.210
9259 402.077 4573774.850 5305422.760
9260 401.534 4573674.850 5305372.760
9261 402.509 4573624.850 5305322.760
9262 401.421 4573874.850 5305522.760
9263 401.960 4573924.850 5305622.760
9264 401.132 4573891.980 5305585.440
9265 401.700 4573924.850 5305672.760
9266 403.149 4573474.850 5305222.760
9267 400.918 4573524.850 5305272.760
9268 401.762 4573545.190 5305268.520
9269 402.358 4573574.850 5305322.760
9270 401.550 4573974.850 5305772.760
9271 401.734 4573924.850 5305722.760
9272 403.074 4573424.850 5305222.760
9273 396.028 4573463.650 5304869.380
9274 402.919 4573074.850 5304122.760
9275 405.036 4573042.540 5304097.610
9276 403.254 4573124.850 5304172.760
9277 403.240 4573174.850 5304222.760
9278 401.709 4573275.060 5304267.780
9279 400.406 4573301.180 5304301.260
9280 401.808 4573324.850 5304322.760
9281 403.277 4573424.850 5304422.760
9282 403.178 4573374.850 5304372.760
9283 403.263 4573224.850 5304272.760
9284 403.962 4573524.850 5304472.760
9285 404.462 4573568.960 5304525.030
9286 404.490 4573560.490 5304558.560
9287 403.106 4573474.850 5304472.760
9288 404.420 4573541.600 5304594.230
9289 404.172 4573528.390 5304632.790
9290 402.467 4573516.100 5304671.730
9291 399.130 4573503.000 5304710.170
9292 396.074 4573467.730 5304827.030
9293 399.390 4573484.010 5304745.670
9294 396.082 4573471.770 5304784.470
9295 403.462 4573386.010 5305215.070
9296 402.607 4573393.040 5305181.750
9297 399.948 4573400.030 5305148.400
9298 397.540 4573408.200 5305115.500
9299 396.038 4573431.050 5305052.490
9300 395.137 4573439.740 5305019.750
9301 396.044 4573416.520 5305082.630
9302 395.164 4573440.930 5304983.640
9303 395.725 4573441.700 5304947.280
9304 396.130 4573445.780 5304905.240
9305 401.031 4574324.850 5306072.760
9306 402.773 4574359.110 5306093.570
9307 400.964 4574274.850 5306072.760
9308 400.401 4574224.850 5306022.760
9309 400.599 4574174.850 5305972.760
9310 401.024 4574124.850 5305922.760
9311 401.426 4574074.850 5305872.760
9312 400.715 4574124.850 5305972.760
9313 401.255 4574041.330 5305850.350
9314 400.415 4574024.850 5305822.760
9315 401.372 4573974.850 5305822.760
9316 400.520 4573826.520 5305502.780
9317 401.492 4573728.940 5305409.570
9318 402.017 4573774.850 5305472.760
9319 401.428 4573697.430 5305445.600
9320 401.966 4573674.850 5305422.760
9321 402.064 4573624.850 5305372.760
9322 400.487 4573821.360 5305549.690
9323 402.052 4573874.850 5305622.760
9324 400.499 4573846.690 5305590.150
9325 400.613 4573824.850 5305572.760
9326 401.844 4573874.850 5305672.760
9327 401.346 4573474.850 5305272.760
9328 399.438 4573502.140 5305290.520
9329 402.143 4573524.850 5305322.760
9330 402.204 4573574.850 5305372.760
9331 402.898 4573424.850 5305272.760
9332 401.825 4573924.850 5305772.760
9333 401.100 4573874.850 5305722.760
9334 403.349 4573374.850 5305272.760
9335 403.515 4573372.750 5305245.690
9336 396.162 4573449.850 5304862.990
9337 402.719 4573074.850 5304172.760
9338 404.995 4573018.620 5304140.840
9339 403.126 4573074.850 5304222.760
9340 403.116 4573124.850 5304222.760
9341 403.295 4573174.850 5304272.760
9342 402.943 4573274.850 5304322.760
9343 401.110 4573305.770 5304351.080
9344 401.717 4573324.850 5304372.760
9345 403.360 4573424.850 5304472.760
9346 403.193 4573374.850 5304422.760
9347 403.255 4573224.850 5304322.760
9348 403.192 4573524.850 5304522.760
9349 404.474 4573553.440 5304554.890
9350 403.334 4573474.850 5304522.760
9351 404.403 4573534.600 5304590.640
9352 404.337 4573522.700 5304629.900
9353 404.137 4573509.410 5304668.390
9354 402.570 4573497.100 5304707.260
9355 396.104 4573453.910 5304820.530
9356 402.717 4573478.090 5304742.800
9357 399.494 4573466.160 5304781.780
9358 402.644 4573379.900 5305212.430
9359 400.050 4573387.000 5305179.130
9360 397.537 4573393.870 5305145.710
9361 396.061 4573401.990 5305112.770
9362 395.155 4573424.980 5305049.800
9363 395.114 4573426.410 5305013.830
9364 395.173 4573410.230 5305079.860
9365 395.623 4573427.420 5304977.600
9366 396.232 4573427.910 5304941.090
9367 396.250 4573431.980 5304898.940
9368 400.712 4574324.850 5306122.760
9369 402.752 4574346.320 5306141.170
9370 400.916 4574274.850 5306122.760
9371 401.040 4574224.850 5306072.760
9372 400.141 4574174.850 5306022.760
9373 400.162 4574124.850 5306022.760
9374 401.326 4574074.850 5305922.760
9375 401.419 4574036.440 5305899.320
9376 401.024 4574074.850 5305972.760
9377 401.228 4574024.850 5305872.760
9378 400.846 4573974.850 5305872.760
9379 400.916 4573924.850 5305822.760
9380 400.107 4574074.850 5306022.760
9381 401.872 4573774.850 5305522.760
9382 402.188 4573724.850 5305472.760
9383 401.559 4573674.850 5305472.760
9384 401.231 4573624.850 5305422.760
9385 401.441 4573774.850 5305572.760
9386 401.792 4573824.850 5305622.760
9387 402.061 4573824.850 5305672.760
9388 399.583 4573483.250 5305334.150
9389 402.098 4573574.850 5305422.760
9390 401.199 4573524.850 5305372.760
9391 401.694 4573424.850 5305322.760
9392 401.640 4573874.850 5305772.760
9393 401.507 4573824.850 5305722.760
9394 403.422 4573359.180 5305276.170
9395 402.996 4573374.850 5305322.760
9396 402.742 4573366.890 5305243.150
9397 396.126 4573436.050 5304856.590
9398 404.886 4573024.000 5304184.070
9399 402.330 4573024.850 5304222.760
9400 403.222 4573074.850 5304272.760
9401 403.002 4573124.850 5304272.760
9402 403.157 4573174.850 5304322.760
9403 403.320 4573274.850 5304372.760
9404 400.372 4573309.840 5304400.950
9405 401.574 4573324.850 5304422.760
9406 403.384 4573424.850 5304522.760
9407 403.188 4573374.850 5304472.760
9408 403.258 4573224.850 5304372.760
9409 404.226 4573524.850 5304572.760
9410 403.968 4573474.850 5304572.760
9411 404.317 4573515.750 5304626.380
9412 404.248 4573503.800 5304665.580
9413 404.125 4573490.430 5304703.980
9414 399.595 4573448.310 5304817.890
9415 404.183 4573471.460 5304739.580
9416 402.715 4573460.210 5304778.930
9417 400.228 4573374.130 5305209.920
9418 397.550 4573381.220 5305176.610
9419 396.101 4573387.460 5305142.920
9420 395.192 4573395.470 5305109.910
9421 395.065 4573411.900 5305044.020
9422 395.520 4573413.140 5305007.920
9423 395.015 4573397.380 5305074.210
9424 396.122 4573413.870 5304971.540
9425 396.338 4573414.110 5304934.900
9426 396.148 4573418.190 5304892.650
9427 400.757 4574324.850 5306172.760
9428 402.744 4574361.710 5306182.730
9429 400.948 4574274.850 5306172.760
9430 400.897 4574224.850 5306122.760
9431 400.279 4574174.850 5306072.760
9432 400.130 4574124.850 5306072.760
9433 399.356 4574074.850 5306072.760
9434 401.262 4574019.360 5305945.090
9435 401.303 4574024.850 5305972.760
9436 401.202 4573974.850 5305922.760
9437 401.265 4573924.850 5305872.760
9438 401.746 4573874.850 5305822.760
9439 401.387 4574024.850 5306022.760
9440 401.822 4573724.850 5305522.760
9441 401.344 4573675.310 5305488.470
9442 401.521 4573624.850 5305472.760
9443 402.145 4573724.850 5305572.760
9444 401.406 4573774.850 5305622.760
9445 401.284 4573774.850 5305672.760
9446 402.042 4573574.850 5305472.760
9447 399.246 4573489.120 5305382.250
9448 401.925 4573524.850 5305422.760
9449 402.342 4573424.850 5305372.760
9450 401.601 4573824.850 5305772.760
9451 401.668 4573774.850 5305722.760
9452 401.785 4573374.850 5305372.760
9453 403.391 4573345.700 5305306.690
9454 402.725 4573353.630 5305273.780
9455 403.467 4573332.380 5305337.280
9456 400.452 4573361.350 5305240.760
9457 399.702 4573430.460 5304854.000
9458 404.859 4572998.850 5304227.300
9459 402.135 4573024.850 5304272.760
9460 403.131 4573074.850 5304322.760
9461 403.051 4573124.850 5304322.760
9462 403.099 4573174.850 5304372.760
9463 403.372 4573424.850 5304572.760
9464 402.627 4573274.850 5304422.760
9465 401.441 4573312.300 5304450.920
9466 401.704 4573324.850 5304472.760
9467 403.156 4573374.850 5304522.760
9468 403.072 4573224.850 5304422.760
9469 403.994 4573474.850 5304622.760
9470 404.222 4573496.900 5304662.130
9471 404.189 4573484.900 5304701.250
9472 403.087 4573424.850 5304622.760
9473 402.708 4573442.350 5304815.070
9474 404.220 4573466.000 5304736.920
9475 404.102 4573453.570 5304775.760
9476 397.614 4573368.670 5305207.550
9477 396.152 4573375.110 5305173.950
9478 395.210 4573380.710 5305139.970
9479 394.965 4573382.860 5305104.400
9480 395.418 4573398.860 5305038.240
9481 396.012 4573399.830 5305002.000
9482 395.315 4573384.570 5305068.560
9483 396.288 4573400.320 5304965.490
9484 396.170 4573400.330 5304928.710
9485 399.812 4573412.630 5304890.110
9486 402.744 4574343.680 5306229.230
9487 402.693 4574405.850 5306317.020
9488 400.659 4574274.850 5306222.760
9489 400.201 4574224.850 5306172.760
9490 400.976 4574174.850 5306122.760
9491 400.783 4574124.850 5306122.760
9492 400.349 4574074.850 5306122.760
9493 400.968 4574024.850 5306072.760
9494 400.931 4573974.850 5305972.760
9495 401.485 4573924.850 5305922.760
9496 401.575 4573874.850 5305872.760
9497 401.705 4573824.850 5305822.760
9498 400.988 4573974.850 5306022.760
9499 400.936 4573655.190 5305532.310
9500 400.928 4573624.850 5305522.760
9501 401.651 4573674.850 5305572.760
9502 401.976 4573724.850 5305622.760
9503 401.810 4573724.850 5305672.760
9504 402.130 4573574.850 5305522.760
9505 402.364 4573524.850 5305472.760
9506 401.658 4573474.850 5305422.760
9507 399.894 4573498.940 5305430.450
9508 401.630 4573424.850 5305422.760
9509 400.468 4573774.850 5305772.760
9510 401.074 4573724.850 5305722.760
9511 400.178 4574024.850 5306122.760
9512 400.947 4573374.850 5305422.760
9513 403.413 4573324.850 5305372.760
9514 403.332 4573319.450 5305368.260
9515 402.757 4573340.440 5305304.430
9516 400.590 4573348.390 5305271.510
9517 402.873 4573327.370 5305335.130
9518 397.710 4573356.190 5305238.520
9519 402.713 4573424.460 5304851.210
9520 404.843 4572972.890 5304268.240
9521 402.564 4573024.850 5304322.760
9522 403.126 4573074.850 5304372.760
9523 403.020 4573124.850 5304372.760
9524 403.002 4573174.850 5304422.760
9525 402.679 4573374.850 5304572.760
9526 402.880 4573274.850 5304472.760
9527 401.588 4573311.380 5304500.920
9528 402.052 4573324.850 5304522.760
9529 403.210 4573224.850 5304472.760
9530 404.155 4573474.850 5304672.760
9531 404.167 4573478.060 5304697.870
9532 403.117 4573374.850 5304622.760
9533 403.711 4573424.850 5304672.760
9534 404.014 4573435.700 5304811.950
9535 404.227 4573459.210 5304733.620
9536 404.165 4573448.110 5304773.140
9537 396.230 4573362.820 5305205.010
9538 395.338 4573368.700 5305171.160
9539 394.915 4573368.350 5305134.590
9540 395.213 4573370.290 5305098.880
9541 395.902 4573385.790 5305032.460
9542 396.239 4573386.520 5304996.080
9543 395.792 4573371.750 5305062.910
9544 396.153 4573386.770 5304959.430
9545 399.914 4573394.890 5304926.270
9546 402.725 4573406.630 5304887.370
9547 402.692 4574359.460 5306298.380
9548 402.719 4574321.420 5306270.020
9549 403.131 4574374.850 5306322.760
9550 401.656 4574274.850 5306272.760
9551 400.970 4574224.850 5306222.760
9552 400.671 4574174.850 5306172.760
9553 400.592 4574124.850 5306172.760
9554 400.648 4574074.850 5306172.760
9555 400.092 4574024.850 5306172.760
9556 400.872 4573974.850 5306072.760
9557 401.072 4573924.850 5305972.760
9558 401.230 4573874.850 5305922.760
9559 401.237 4573824.850 5305872.760
9560 401.172 4573774.850 5305822.760
9561 401.278 4573924.850 5306022.760
9562 400.712 4573635.210 5305576.230
9563 400.780 4573624.850 5305572.760
9564 400.977 4573674.850 5305622.760
9565 401.226 4573674.850 5305672.760
9566 401.927 4573574.850 5305572.760
9567 401.865 4573524.850 5305522.760
9568 399.411 4573493.490 5305478.880
9569 401.347 4573424.850 5305472.760
9570 399.314 4573474.850 5305522.760
9571 401.527 4573724.850 5305772.760
9572 400.728 4573674.850 5305722.760
9573 400.665 4573974.850 5306122.760
9574 400.221 4573974.850 5306172.760
9575 402.082 4573374.850 5305472.760
9576 401.423 4573324.850 5305422.760
9577 403.345 4573306.270 5305399.140
9578 402.716 4573314.350 5305366.070
9579 400.765 4573335.470 5305302.280
9580 397.747 4573343.580 5305269.440
9581 401.003 4573322.660 5305333.100
9582 396.324 4573350.560 5305236.080
9583 404.823 4572933.990 5304294.940
9584 403.944 4573417.810 5304848.130
9585 402.736 4572974.850 5304322.760
9586 402.703 4573024.850 5304372.760
9587 403.137 4573074.850 5304422.760
9588 403.020 4573124.850 5304422.760
9589 402.853 4573174.850 5304472.760
9590 402.511 4573324.850 5304572.760
9591 402.505 4573274.850 5304522.760
9592 401.371 4573291.050 5304542.830
9593 402.986 4573224.850 5304522.760
9594 403.946 4573424.850 5304722.760
9595 403.294 4573324.850 5304622.760
9596 403.218 4573374.850 5304672.760
9597 404.099 4573430.240 5304809.370
9598 404.174 4573441.330 5304769.890
9599 404.002 4573424.850 5304772.760
9600 395.467 4573356.690 5305202.340
9601 395.021 4573356.020 5305165.650
9602 395.110 4573356.010 5305129.200
9603 395.682 4573357.710 5305093.370
9604 396.189 4573372.730 5305026.670
9605 396.137 4573373.210 5304990.160
9606 396.140 4573358.930 5305057.270
9607 399.692 4573381.140 5304956.930
9608 402.719 4573388.980 5304923.610
9609 403.886 4573400.000 5304884.340
9610 402.709 4574309.730 5306319.730
9611 401.361 4574274.850 5306322.760
9612 401.698 4574224.850 5306272.760
9613 400.552 4574174.850 5306222.760
9614 400.662 4574124.850 5306222.760
9615 400.517 4574074.850 5306222.760
9616 400.098 4574024.850 5306222.760
9617 400.933 4573924.850 5306072.760
9618 401.089 4573874.850 5305972.760
9619 401.011 4573824.850 5305922.760
9620 401.711 4573774.850 5305872.760
9621 400.495 4573724.850 5305822.760
9622 401.199 4573874.850 5306022.760
9623 401.056 4573613.730 5305619.410
9624 401.123 4573624.850 5305672.760
9625 401.814 4573574.850 5305622.760
9626 401.845 4573524.850 5305572.760
9627 398.567 4573467.070 5305520.570
9628 400.213 4573424.850 5305522.760
9629 400.373 4573474.850 5305572.760
9630 402.008 4573374.850 5305522.760
9631 400.204 4573674.850 5305772.760
9632 401.039 4573624.850 5305722.760
9633 400.683 4573924.850 5306122.760
9634 400.823 4573974.850 5306222.760
9635 400.579 4573924.850 5306172.760
9636 402.404 4573324.850 5305472.760
9637 403.440 4573292.880 5305429.920
9638 402.675 4573301.120 5305396.920
9639 400.894 4573309.540 5305364.000
9640 397.809 4573331.010 5305300.370
9641 396.388 4573338.240 5305267.120
9642 397.915 4573318.500 5305331.330
9643 395.595 4573344.680 5305233.530
9644 404.819 4572918.780 5304339.880
9645 404.059 4573412.350 5304845.590
9646 403.891 4572924.850 5304372.760
9647 401.880 4572974.850 5304372.760
9648 402.847 4573024.850 5304422.760
9649 402.791 4573074.850 5304472.760
9650 402.699 4573124.850 5304472.760
9651 402.880 4573174.850 5304522.760
9652 401.454 4573260.990 5304581.770
9653 402.958 4573224.850 5304572.760
9654 403.185 4573374.850 5304722.760
9655 401.983 4573274.850 5304622.760
9656 402.941 4573324.850 5304672.760
9657 404.106 4573423.470 5304806.180
9658 402.436 4573374.850 5304772.760
9659 395.127 4573343.690 5305196.710
9660 395.168 4573343.340 5305160.140
9661 395.572 4573343.680 5305123.830
9662 396.090 4573345.140 5305087.860
9663 396.120 4573359.660 5305020.880
9664 399.459 4573367.380 5304987.570
9665 396.103 4573346.100 5305051.610
9666 402.718 4573375.240 5304954.280
9667 403.799 4573382.470 5304920.700
9668 404.034 4573394.550 5304881.850
9669 403.427 4573283.600 5305477.000
9670 402.683 4574275.870 5306355.680
9671 401.055 4574224.850 5306322.760
9672 400.896 4574174.850 5306272.760
9673 400.215 4574124.850 5306272.760
9674 400.233 4574074.850 5306272.760
9675 399.760 4574024.850 5306272.760
9676 399.798 4573974.850 5306272.760
9677 400.879 4573874.850 5306072.760
9678 401.191 4573824.850 5305972.760
9679 401.596 4573774.850 5305922.760
9680 401.226 4573724.850 5305872.760
9681 400.358 4573674.850 5305822.760
9682 400.791 4573824.850 5306022.760
9683 401.127 4573586.510 5305658.820
9684 401.619 4573524.850 5305622.760
9685 398.487 4573447.520 5305565.160
9686 399.344 4573424.850 5305572.760
9687 401.505 4573474.850 5305622.760
9688 401.549 4573324.850 5305522.760
9689 401.855 4573374.850 5305572.760
9690 401.092 4573624.850 5305772.760
9691 400.978 4573554.410 5305694.820
9692 401.364 4573574.850 5305722.760
9693 400.639 4573874.850 5306122.760
9694 401.030 4573924.850 5306222.760
9695 400.453 4573874.850 5306172.760
9696 403.307 4573279.460 5305460.700
9697 402.698 4573287.730 5305427.700
9698 400.873 4573296.280 5305394.830
9699 397.846 4573305.280 5305362.170
9700 396.464 4573325.930 5305298.180
9701 395.723 4573332.670 5305264.720
9702 396.563 4573313.660 5305329.240
9703 395.232 4573331.360 5305227.770
9704 404.737 4572893.430 5304374.120
9705 404.071 4573405.580 5304842.450
9706 402.714 4572924.850 5304422.760
9707 401.475 4572974.850 5304422.760
9708 402.824 4573024.850 5304472.760
9709 402.535 4573074.850 5304522.760
9710 402.987 4573124.850 5304522.760
9711 402.704 4573174.850 5304572.760
9712 401.383 4573233.820 5304612.480
9713 403.275 4573324.850 5304722.760
9714 402.813 4573274.850 5304672.760
9715 402.792 4573374.850 5304822.760
9716 402.554 4573324.850 5304772.760
9717 395.226 4573330.680 5305191.070
9718 395.553 4573330.670 5305154.630
9719 396.041 4573331.340 5305118.450
9720 396.087 4573332.540 5305082.330
9721 399.220 4573353.610 5305018.210
9722 402.696 4573361.470 5304984.940
9723 398.998 4573339.880 5305048.880
9724 403.742 4573368.640 5304951.340
9725 403.971 4573377.130 5304918.300
9726 404.055 4573387.820 5304878.780
9727 403.241 4573266.050 5305491.470
9728 402.878 4573274.850 5305522.760
9729 402.681 4574270.270 5306404.340
9730 401.159 4574224.850 5306372.760
9731 400.502 4574174.850 5306322.760
9732 399.948 4574124.850 5306322.760
9733 399.857 4574074.850 5306322.760
9734 400.120 4574024.850 5306322.760
9735 400.556 4573974.850 5306322.760
9736 400.948 4573924.850 5306272.760
9737 400.468 4573924.850 5306322.760
9738 400.287 4573824.850 5306072.760
9739 401.379 4573774.850 5305972.760
9740 401.324 4573724.850 5305922.760
9741 400.348 4573674.850 5305872.760
9742 401.011 4573624.850 5305822.760
9743 401.217 4573774.850 5306022.760
9744 401.136 4573524.850 5305672.760
9745 399.134 4573444.060 5305614.330
9746 401.050 4573474.850 5305672.760
9747 401.544 4573324.850 5305572.760
9748 401.248 4573374.850 5305622.760
9749 401.593 4573574.850 5305772.760
9750 401.070 4573524.850 5305722.760
9751 401.081 4573528.020 5305734.820
9752 400.680 4573824.850 5306122.760
9753 400.360 4573874.850 5306222.760
9754 400.345 4573824.850 5306172.760
9755 402.542 4573274.330 5305458.480
9756 400.900 4573282.890 5305425.610
9757 397.838 4573291.960 5305392.970
9758 396.526 4573300.340 5305360.040
9759 395.852 4573320.660 5305295.900
9760 395.338 4573319.040 5305258.840
9761 395.980 4573308.650 5305327.090
9762 395.283 4573318.020 5305222.000
9763 404.729 4572866.350 5304415.680
9764 403.824 4573374.850 5304872.760
9765 402.745 4572924.850 5304472.760
9766 401.270 4572974.850 5304472.760
9767 402.272 4573024.850 5304522.760
9768 402.748 4573074.850 5304572.760
9769 402.902 4573124.850 5304572.760
9770 401.479 4573189.190 5304633.760
9771 401.710 4573224.850 5304672.760
9772 403.003 4573274.850 5304722.760
9773 402.553 4573274.850 5304772.760
9774 403.127 4573324.850 5304822.760
9775 395.534 4573317.670 5305185.430
9776 395.956 4573318.000 5305149.120
9777 396.070 4573318.980 5305113.060
9778 398.782 4573326.150 5305079.540
9779 402.661 4573347.690 5305015.590
9780 403.650 4573354.760 5304981.960
9781 402.661 4573333.990 5305046.280
9782 403.904 4573363.210 5304948.910
9783 403.991 4573370.530 5304915.340
9784 403.304 4573252.630 5305522.250
9785 402.439 4573260.920 5305489.250
9786 402.437 4573274.850 5305572.760
9787 402.679 4574252.170 5306450.920
9788 400.902 4574224.850 5306422.760
9789 401.254 4574174.850 5306372.760
9790 399.988 4574124.850 5306372.760
9791 399.544 4574074.850 5306372.760
9792 399.752 4574024.850 5306372.760
9793 400.718 4573974.850 5306372.760
9794 400.460 4573874.850 5306272.760
9795 400.551 4573924.850 5306372.760
9796 400.422 4573874.850 5306322.760
9797 400.987 4573774.850 5306072.760
9798 401.133 4573724.850 5305972.760
9799 400.841 4573674.850 5305922.760
9800 399.525 4573624.850 5305872.760
9801 401.198 4573574.850 5305822.760
9802 401.077 4573724.850 5306022.760
9803 400.860 4573478.250 5305694.690
9804 399.465 4573440.270 5305663.180
9805 401.478 4573324.850 5305622.760
9806 401.882 4573374.850 5305672.760
9807 399.999 4573516.910 5305777.650
9808 400.110 4573498.920 5305740.450
9809 400.433 4573474.850 5305722.760
9810 402.165 4573274.850 5305622.760
9811 400.949 4573774.850 5306122.760
9812 400.017 4573824.850 5306222.760
9813 400.603 4573774.850 5306172.760
9814 404.698 4572842.760 5304459.760
9815 400.793 4573269.490 5305456.390
9816 397.864 4573278.560 5305423.740
9817 396.519 4573286.970 5305390.810
9818 395.963 4573295.250 5305357.850
9819 395.444 4573306.710 5305289.900
9820 395.341 4573305.350 5305252.940
9821 395.549 4573294.380 5305320.960
9822 395.515 4573304.670 5305216.230
9823 402.592 4572874.850 5304472.760
9824 402.775 4573324.850 5304872.760
9825 402.609 4572924.850 5304522.760
9826 401.241 4572974.850 5304522.760
9827 402.449 4573024.850 5304572.760
9828 402.606 4573074.850 5304622.760
9829 402.456 4573124.850 5304622.760
9830 401.363 4573143.150 5304652.720
9831 401.736 4573174.850 5304672.760
9832 403.180 4573224.850 5304722.760
9833 403.251 4573224.850 5304772.760
9834 402.961 4573274.850 5304822.760
9835 395.871 4573304.670 5305179.790
9836 395.963 4573305.310 5305143.600
9837 398.569 4573312.430 5305110.210
9838 402.672 4573320.300 5305076.970
9839 403.539 4573340.870 5305012.570
9840 403.792 4573349.220 5304979.500
9841 403.483 4573327.090 5305043.240
9842 403.930 4573356.520 5304945.930
9843 403.503 4573324.850 5304922.760
9844 403.191 4573236.640 5305558.910
9845 402.437 4573247.510 5305520.030
9846 400.725 4573256.090 5305487.160
9847 403.099 4573220.820 5305595.640
9848 402.660 4574237.070 5306498.570
9849 401.290 4574224.850 5306472.760
9850 400.980 4574174.850 5306422.760
9851 402.654 4574269.650 5306505.880
9852 402.654 4574299.660 5306485.050
9853 400.189 4574124.850 5306422.760
9854 399.496 4574074.850 5306422.760
9855 399.695 4574024.850 5306422.760
9856 400.728 4573974.850 5306422.760
9857 400.927 4573924.850 5306422.760
9858 400.434 4573824.850 5306272.760
9859 399.643 4573874.850 5306372.760
9860 400.198 4573824.850 5306322.760
9861 399.397 4573874.850 5306422.760
9862 400.934 4573724.850 5306072.760
9863 401.296 4573674.850 5305972.760
9864 399.965 4573624.850 5305922.760
9865 400.919 4573574.850 5305872.760
9866 399.621 4573516.940 5305827.860
9867 401.205 4573674.850 5306022.760
9868 400.833 4573428.260 5305711.310
9869 401.764 4573324.850 5305672.760
9870 400.972 4573374.850 5305722.760
9871 400.747 4573474.850 5305772.760
9872 401.167 4573474.850 5305822.760
9873 402.481 4573224.850 5305622.760
9874 401.931 4573274.850 5305672.760
9875 400.381 4573724.850 5306122.760
9876 400.206 4573774.850 5306222.760
9877 400.565 4573724.850 5306172.760
9878 402.993 4573204.900 5305632.330
9879 404.642 4572826.030 5304505.900
9880 397.796 4573265.140 5305454.500
9881 396.530 4573273.550 5305421.570
9882 395.947 4573281.850 5305388.610
9883 395.518 4573280.980 5305351.700
9884 395.399 4573292.690 5305283.870
9885 395.496 4573291.670 5305247.030
9886 395.456 4573280.020 5305314.800
9887 395.785 4573291.330 5305210.460
9888 402.753 4572874.850 5304522.760
9889 403.262 4573274.850 5304872.760
9890 401.121 4572924.850 5304572.760
9891 401.774 4572974.850 5304572.760
9892 402.644 4573024.850 5304622.760
9893 401.817 4573074.850 5304672.760
9894 401.013 4573101.480 5304680.260
9895 401.390 4573124.850 5304672.760
9896 402.861 4573174.850 5304722.760
9897 402.839 4573174.850 5304772.760
9898 402.796 4573224.850 5304822.760
9899 395.857 4573291.640 5305174.140
9900 398.734 4573298.920 5305140.820
9901 402.690 4573306.620 5305107.670
9902 403.443 4573313.340 5305073.920
9903 403.656 4573335.230 5305010.080
9904 403.811 4573342.440 5304976.490
9905 403.590 4573321.380 5305040.730
9906 403.402 4573324.850 5304972.760
9907 402.700 4573274.850 5304922.760
9908 402.429 4573231.600 5305556.730
9909 400.733 4573242.690 5305517.930
9910 397.755 4573251.730 5305485.260
9911 402.439 4573215.840 5305593.490
9912 402.388 4574224.850 5306522.760
9913 400.646 4574174.850 5306472.760
9914 402.654 4574286.510 5306533.180
9915 400.776 4574124.850 5306472.760
9916 399.273 4574074.850 5306472.760
9917 399.263 4574024.850 5306472.760
9918 400.226 4573974.850 5306472.760
9919 398.770 4573924.850 5306472.760
9920 400.684 4573774.850 5306272.760
9921 399.263 4573824.850 5306372.760
9922 401.013 4573774.850 5306322.760
9923 398.770 4573874.850 5306472.760
9924 398.770 4573824.850 5306422.760
9925 401.079 4573674.850 5306072.760
9926 399.456 4573624.850 5305972.760
9927 400.576 4573574.850 5305922.760
9928 399.986 4573517.920 5305878.070
9929 400.225 4573624.850 5306022.760
9930 401.069 4573406.150 5305756.120
9931 401.441 4573324.850 5305722.760
9932 400.828 4573374.850 5305772.760
9933 401.290 4573424.850 5305822.760
9934 401.006 4573474.850 5305872.760
9935 402.227 4573224.850 5305672.760
9936 401.739 4573274.850 5305722.760
9937 400.985 4573674.850 5306122.760
9938 400.463 4573724.850 5306222.760
9939 400.260 4573674.850 5306172.760
9940 402.879 4573188.750 5305668.920
9941 402.437 4573199.980 5305630.220
9942 404.445 4572832.620 5304548.200
9943 396.493 4573260.130 5305452.320
9944 395.930 4573268.450 5305419.370
9945 395.486 4573267.570 5305382.450
9946 395.420 4573266.620 5305345.530
9947 395.477 4573278.670 5305277.830
9948 395.700 4573277.990 5305241.130
9949 395.458 4573265.670 5305308.630
9950 395.750 4573277.970 5305204.680
9951 402.608 4572874.850 5304572.760
9952 402.748 4573224.850 5304872.760
9953 402.616 4572924.850 5304622.760
9954 402.504 4572974.850 5304622.760
9955 401.714 4573024.850 5304672.760
9956 401.234 4573058.500 5304705.860
9957 401.277 4573124.850 5304722.760
9958 402.868 4573124.850 5304772.760
9959 402.604 4573174.850 5304822.760
9960 398.900 4573285.410 5305171.440
9961 402.653 4573292.950 5305138.220
9962 403.415 4573299.600 5305104.610
9963 403.547 4573307.560 5305071.390
9964 403.662 4573328.340 5305007.040
9965 403.602 4573314.420 5305037.670
9966 402.981 4573224.850 5304922.760
9967 403.179 4573274.850 5304972.760
9968 400.847 4573226.820 5305554.660
9969 397.767 4573238.310 5305516.020
9970 396.470 4573246.700 5305483.080
9971 400.975 4573211.060 5305591.440
9972 402.803 4573172.470 5305705.450
9973 402.655 4574221.980 5306546.200
9974 400.754 4574174.850 5306522.760
9975 402.274 4574224.850 5306572.760
9976 402.654 4574272.410 5306580.930
9977 400.860 4574124.850 5306522.760
9978 399.558 4574074.850 5306522.760
9979 398.871 4574024.850 5306522.760
9980 398.829 4573974.850 5306522.760
9981 398.875 4573924.850 5306522.760
9982 400.179 4573724.850 5306272.760
9983 399.750 4573774.850 5306372.760
9984 400.248 4573724.850 5306322.760
9985 398.770 4573874.850 5306522.760
9986 398.770 4573824.850 5306472.760
9987 398.770 4573774.850 5306422.760
9988 400.527 4573624.850 5306072.760
9989 401.121 4573574.850 5305972.760
9990 399.892 4573518.020 5305928.280
9991 400.875 4573574.850 5306022.760
9992 401.064 4573384.510 5305801.220
9993 401.087 4573324.850 5305772.760
9994 400.889 4573374.850 5305822.760
9995 400.203 4573424.850 5305872.760
9996 401.136 4573474.850 5305922.760
9997 401.938 4573224.850 5305722.760
9998 401.596 4573274.850 5305772.760
9999 402.072 4573174.850 5305722.760
10000 400.940 4573624.850 5306122.760
10001 400.431 4573674.850 5306222.760
10002 400.664 4573624.850 5306172.760
10003 402.428 4573183.950 5305666.870
10004 401.093 4573195.240 5305628.190
10005 404.461 4572808.500 5304591.960
10006 401.105 4572824.850 5304622.760
10007 395.913 4573255.050 5305450.120
10008 395.454 4573254.160 5305413.190
10009 395.383 4573253.220 5305376.260
10010 395.419 4573252.270 5305339.350
10011 395.615 4573264.650 5305271.800
10012 395.643 4573264.300 5305235.220
10013 395.530 4573251.310 5305302.470
10014 399.068 4573271.910 5305202.050
10015 401.164 4572874.850 5304622.760
10016 402.510 4573174.850 5304872.760
10017 402.421 4572924.850 5304672.760
10018 402.623 4572974.850 5304672.760
10019 401.073 4573016.440 5304732.940
10020 402.068 4573074.850 5304772.760
10021 402.462 4573124.850 5304822.760
10022 402.619 4573279.280 5305168.780
10023 403.420 4573286.140 5305135.250
10024 403.518 4573293.760 5305102.060
10025 402.516 4573174.850 5304922.760
10026 403.572 4573300.560 5305068.330
10027 402.780 4573274.850 5305022.760
10028 403.108 4573224.850 5304972.760
10029 398.020 4573222.460 5305552.770
10030 396.473 4573233.280 5305513.830
10031 395.897 4573241.650 5305480.880
10032 398.282 4573206.690 5305589.550
10033 404.320 4572609.550 5304456.450
10034 404.341 4572761.720 5304587.410
10035 402.606 4573156.740 5305742.380
10036 402.450 4573167.820 5305703.470
10037 400.865 4574174.850 5306572.760
10038 401.186 4574224.850 5306622.760
10039 402.654 4574265.140 5306629.770
10040 400.735 4574124.850 5306572.760
10041 399.315 4574074.850 5306572.760
10042 399.973 4574024.850 5306572.760
10043 398.916 4573974.850 5306572.760
10044 398.930 4573924.850 5306572.760
10045 400.340 4573674.850 5306272.760
10046 400.314 4573724.850 5306372.760
10047 400.108 4573674.850 5306322.760
10048 399.084 4573874.850 5306572.760
10049 398.791 4573824.850 5306522.760
10050 398.770 4573774.850 5306472.760
10051 399.724 4573724.850 5306422.760
10052 399.995 4573574.850 5306072.760
10053 401.006 4573513.970 5305978.320
10054 400.937 4573524.850 5306022.760
10055 401.345 4573324.850 5305822.760
10056 400.259 4573364.130 5305846.900
10057 401.101 4573374.850 5305872.760
10058 401.167 4573424.850 5305922.760
10059 400.761 4573474.850 5305972.760
10060 401.694 4573224.850 5305772.760
10061 401.495 4573274.850 5305822.760
10062 401.657 4573174.850 5305772.760
10063 400.203 4573574.850 5306122.760
10064 400.816 4573624.850 5306222.760
10065 400.320 4573574.850 5306172.760
10066 401.208 4573179.280 5305664.880
10067 398.538 4573190.870 5305626.300
10068 401.473 4572774.850 5304622.760
10069 402.674 4572824.850 5304672.760
10070 395.422 4573240.760 5305443.930
10071 395.347 4573239.820 5305406.990
10072 395.379 4573238.880 5305370.070
10073 395.473 4573237.920 5305333.180
10074 395.537 4573250.630 5305265.760
10075 399.251 4573258.440 5305232.690
10076 395.430 4573236.960 5305296.300
10077 402.590 4573265.620 5305199.340
10078 402.733 4572874.850 5304672.760
10079 402.285 4573124.850 5304872.760
10080 402.341 4572924.850 5304722.760
10081 402.018 4572974.850 5304722.760
10082 400.556 4573024.850 5304772.760
10083 402.511 4573074.850 5304822.760
10084 402.180 4573124.850 5304922.760
10085 403.429 4573272.670 5305165.900
10086 403.505 4573280.030 5305132.600
10087 403.560 4573286.700 5305098.990
10088 402.684 4573174.850 5304972.760
10089 403.193 4573274.850 5305072.760
10090 403.152 4573224.850 5305022.760
10091 396.344 4573217.810 5305550.750
10092 395.880 4573228.250 5305511.640
10093 395.390 4573227.350 5305474.670
10094 396.219 4573202.380 5305587.680
10095 404.320 4572579.730 5304484.990
10096 404.320 4572600.540 5304505.410
10097 404.320 4572554.530 5304526.320
10098 404.354 4572717.860 5304573.240
10099 400.780 4572724.850 5304622.760
10100 402.655 4573141.010 5305779.300
10101 402.284 4573151.780 5305740.260
10102 401.344 4573163.250 5305701.540
10103 401.944 4574174.850 5306622.760
10104 402.654 4574242.480 5306670.720
10105 400.404 4574124.850 5306622.760
10106 399.791 4574074.850 5306622.760
10107 399.983 4574024.850 5306622.760
10108 399.228 4573974.850 5306622.760
10109 399.310 4573924.850 5306622.760
10110 400.632 4573624.850 5306272.760
10111 399.870 4573674.850 5306372.760
10112 400.381 4573624.850 5306322.760
10113 399.532 4573874.850 5306622.760
10114 399.938 4573824.850 5306572.760
10115 398.771 4573774.850 5306522.760
10116 398.770 4573724.850 5306472.760
10117 399.606 4573674.850 5306422.760
10118 400.910 4573524.850 5306072.760
10119 399.523 4573492.830 5306023.090
10120 400.113 4573324.850 5305872.760
10121 399.967 4573344.150 5305892.760
10122 400.942 4573374.850 5305922.760
10123 401.111 4573424.850 5305972.760
10124 400.655 4573224.850 5305822.760
10125 401.365 4573274.850 5305872.760
10126 401.242 4573174.850 5305822.760
10127 400.688 4573524.850 5306122.760
10128 400.143 4573574.850 5306222.760
10129 400.196 4573524.850 5306172.760
10130 398.791 4573174.960 5305663.020
10131 396.091 4573186.930 5305624.610
10132 403.894 4572774.850 5304672.760
10133 402.378 4572824.850 5304722.760
10134 395.311 4573226.420 5305437.720
10135 395.340 4573225.480 5305400.790
10136 395.416 4573224.530 5305363.880
10137 395.437 4573223.580 5305327.000
10138 399.420 4573244.990 5305263.330
10139 402.589 4573252.020 5305229.920
10140 399.572 4573231.570 5305293.980
10141 403.446 4573259.220 5305196.560
10142 402.536 4572874.850 5304722.760
10143 402.174 4573074.850 5304872.760
10144 401.973 4572924.850 5304772.760
10145 400.652 4572976.540 5304763.130
10146 402.534 4573024.850 5304822.760
10147 402.047 4573074.850 5304922.760
10148 402.398 4573124.850 5304972.760
10149 403.495 4573266.290 5305163.140
10150 403.536 4573272.900 5305129.510
10151 403.304 4573267.700 5305111.200
10152 402.778 4573174.850 5305022.760
10153 402.316 4573224.850 5305072.760
10154 395.674 4573212.870 5305548.610
10155 395.358 4573213.940 5305505.420
10156 395.274 4573213.020 5305468.450
10157 395.468 4573197.500 5305585.570
10158 404.213 4572574.850 5304522.760
10159 404.320 4572604.870 5304550.490
10160 404.320 4572530.210 5304569.000
10161 404.320 4572497.240 5304605.370
10162 404.337 4572692.200 5304615.860
10163 402.375 4572724.850 5304672.760
10164 402.622 4573125.280 5305816.230
10165 402.310 4573135.740 5305777.050
10166 400.929 4573146.970 5305738.230
10167 399.058 4573159.010 5305699.720
10168 401.573 4574174.850 5306672.760
10169 402.646 4574227.570 5306714.690
10170 400.377 4574124.850 5306672.760
10171 402.643 4574228.070 5306737.760
10172 400.179 4574074.850 5306672.760
10173 399.605 4574024.850 5306672.760
10174 399.173 4573974.850 5306672.760
10175 398.991 4573924.850 5306672.760
10176 398.741 4573874.850 5306672.760
10177 399.902 4573574.850 5306272.760
10178 400.235 4573624.850 5306372.760
10179 400.278 4573574.850 5306322.760
10180 400.191 4573824.850 5306622.760
10181 400.732 4573774.850 5306572.760
10182 399.417 4573724.850 5306522.760
10183 400.289 4573674.850 5306472.760
10184 400.248 4573624.850 5306422.760
10185 400.051 4573824.850 5306672.760
10186 398.289 4573469.870 5306062.960
10187 400.997 4573424.850 5306022.760
10188 399.636 4573324.170 5305938.620
10189 400.894 4573374.850 5305972.760
10190 398.318 4573456.470 5306111.200
10191 400.750 4573224.850 5305872.760
10192 401.073 4573274.850 5305922.760
10193 402.676 4573125.100 5305829.400
10194 401.553 4573174.850 5305872.760
10195 400.523 4573474.850 5306172.760
10196 400.238 4573524.850 5306222.760
10197 399.602 4573452.540 5306160.960
10198 395.962 4573171.430 5305661.510
10199 395.262 4573182.120 5305622.540
10200 402.703 4572774.850 5304722.760
10201 402.158 4572824.850 5304772.760
10202 395.300 4573212.090 5305431.510
10203 395.359 4573211.150 5305394.590
10204 395.443 4573210.200 5305357.700
10205 399.397 4573218.210 5305324.680
10206 402.563 4573238.470 5305260.530
10207 403.505 4573245.860 5305227.250
10208 402.499 4573224.970 5305291.160
10209 403.497 4573252.580 5305193.680
10210 402.134 4572874.850 5304772.760
10211 402.244 4573024.850 5304872.760
10212 400.889 4572937.230 5304794.090
10213 401.881 4572974.850 5304822.760
10214 402.123 4573024.850 5304922.760
10215 402.082 4573074.850 5304972.760
10216 402.493 4573124.850 5305022.760
10217 403.518 4573259.100 5305160.020
10218 402.618 4573224.850 5305122.760
10219 402.266 4573174.850 5305072.760
10220 395.272 4573198.310 5305542.300
10221 395.238 4573199.620 5305499.180
10222 395.261 4573198.690 5305462.230
10223 395.186 4573182.680 5305579.190
10224 404.323 4572652.570 5304617.970
10225 404.320 4572570.270 5304584.710
10226 403.954 4572524.850 5304622.760
10227 404.320 4572492.180 5304649.580
10228 402.658 4572674.850 5304672.760
10229 404.436 4572724.850 5304722.760
10230 402.500 4573109.560 5305853.160
10231 402.273 4573119.700 5305813.850
10232 400.654 4573130.700 5305774.920
10233 398.569 4573142.430 5305736.280
10234 395.841 4573155.900 5305698.400
10235 402.643 4574188.400 5306727.470
10236 400.758 4574124.850 5306722.760
10237 402.644 4574212.280 5306781.030
10238 399.999 4574074.850 5306722.760
10239 399.744 4574024.850 5306722.760
10240 399.369 4573974.850 5306722.760
10241 399.569 4573924.850 5306722.760
10242 398.697 4573874.850 5306722.760
10243 399.344 4573524.850 5306272.760
10244 400.180 4573574.850 5306372.760
10245 399.761 4573524.850 5306322.760
10246 399.604 4573824.850 5306722.760
10247 399.917 4573774.850 5306622.760
10248 399.597 4573724.850 5306572.760
10249 400.782 4573674.850 5306522.760
10250 399.592 4573624.850 5306472.760
10251 400.100 4573574.850 5306422.760
10252 399.407 4573774.850 5306672.760
10253 400.642 4573424.850 5306072.760
10254 400.250 4573374.850 5306022.760
10255 399.974 4573315.790 5305980.620
10256 399.402 4573424.850 5306122.760
10257 400.821 4573224.850 5305922.760
10258 400.791 4573274.850 5305972.760
10259 402.197 4573124.850 5305872.760
10260 400.963 4573174.850 5305922.760
10261 400.340 4573459.610 5306210.660
10262 400.581 4573424.850 5306172.760
10263 395.056 4573166.750 5305659.500
10264 395.100 4573167.050 5305616.070
10265 402.286 4572774.850 5304772.760
10266 402.190 4572824.850 5304822.760
10267 395.302 4573197.760 5305425.300
10268 395.450 4573196.820 5305388.390
10269 399.234 4573204.800 5305355.360
10270 402.366 4573211.850 5305321.960
10271 403.525 4573232.580 5305257.980
10272 403.557 4573238.980 5305224.290
10273 403.489 4573219.380 5305288.750
10274 403.514 4573245.320 5305190.550
10275 401.227 4572874.850 5304822.760
10276 401.196 4572898.170 5304825.140
10277 402.280 4572974.850 5304872.760
10278 401.696 4572924.850 5304822.760
10279 402.227 4572974.850 5304922.760
10280 402.004 4573024.850 5304972.760
10281 402.234 4573074.850 5305022.760
10282 402.719 4573124.850 5305072.760
10283 403.342 4573224.850 5305172.760
10284 402.030 4573174.850 5305122.760
10285 395.230 4573183.740 5305535.990
10286 395.221 4573185.300 5305492.950
10287 395.245 4573184.370 5305456.010
10288 395.223 4573167.860 5305572.790
10289 404.321 4572605.570 5304632.910
10290 404.320 4572573.430 5304628.330
10291 404.320 4572513.340 5304687.090
10292 404.054 4572624.850 5304672.760
10293 400.327 4572674.850 5304722.760
10294 405.453 4572724.850 5304772.760
10295 402.613 4573093.830 5305890.080
10296 402.166 4573103.660 5305850.640
10297 400.332 4573114.420 5305811.610
10298 398.170 4573125.840 5305772.840
10299 395.421 4573138.830 5305734.750
10300 394.790 4573151.370 5305696.470
10301 401.138 4574124.850 5306772.760
10302 402.642 4574192.080 5306826.780
10303 400.629 4574074.850 5306772.760
10304 400.094 4574024.850 5306772.760
10305 402.639 4574171.900 5306872.540
10306 399.819 4573974.850 5306772.760
10307 399.265 4573924.850 5306772.760
10308 399.259 4573874.850 5306772.760
10309 398.863 4573460.470 5306260.760
10310 399.615 4573474.850 5306322.760
10311 400.260 4573524.850 5306372.760
10312 398.659 4573824.850 5306772.760
10313 399.043 4573774.850 5306722.760
10314 399.562 4573724.850 5306622.760
10315 400.099 4573674.850 5306572.760
10316 399.431 4573624.850 5306522.760
10317 399.490 4573574.850 5306472.760
10318 400.268 4573524.850 5306422.760
10319 399.379 4573724.850 5306672.760
10320 402.466 4573080.540 5305920.760
10321 400.139 4573374.850 5306072.760
10322 399.133 4573317.920 5306030.600
10323 400.261 4573374.850 5306122.760
10324 400.735 4573224.850 5305972.760
10325 400.967 4573274.850 5306022.760
10326 401.717 4573124.850 5305922.760
10327 401.057 4573174.850 5305972.760
10328 400.723 4573424.850 5306222.760
10329 400.291 4573374.850 5306172.760
10330 399.880 4573424.850 5306272.760
10331 395.015 4573151.410 5305652.960
10332 395.215 4573151.980 5305609.600
10333 402.195 4572774.850 5304822.760
10334 401.719 4572824.850 5304872.760
10335 395.457 4573183.450 5305419.090
10336 399.079 4573191.350 5305386.030
10337 402.259 4573198.610 5305352.700
10338 403.371 4573206.160 5305319.510
10339 403.565 4573225.500 5305254.940
10340 403.586 4573231.690 5305221.140
10341 403.494 4573212.120 5305285.630
10342 403.604 4573224.850 5305222.760
10343 401.446 4572860.520 5304857.550
10344 402.367 4572924.850 5304872.760
10345 402.101 4572924.850 5304922.760
10346 401.854 4572974.850 5304972.760
10347 401.886 4573024.850 5305022.760
10348 402.181 4573074.850 5305072.760
10349 402.493 4573124.850 5305122.760
10350 400.504 4573174.850 5305172.760
10351 395.239 4573169.170 5305529.670
10352 395.188 4573170.980 5305486.710
10353 395.463 4573170.070 5305449.790
10354 395.257 4573153.030 5305566.400
10355 403.965 4572574.850 5304672.760
10356 404.312 4572551.210 5304711.410
10357 404.437 4572624.850 5304722.760
10358 400.192 4572674.850 5304772.760
10359 402.393 4572724.850 5304822.760
10360 402.243 4573087.620 5305887.430
10361 399.958 4573098.150 5305848.300
10362 397.741 4573109.260 5305809.400
10363 394.790 4573121.760 5305771.110
10364 394.790 4573134.010 5305732.700
10365 394.790 4573135.780 5305689.840
10366 400.870 4574124.850 5306822.760
10367 401.072 4574074.850 5306822.760
10368 400.180 4574024.850 5306822.760
10369 402.639 4574151.750 5306918.310
10370 399.972 4573974.850 5306822.760
10371 399.525 4573924.850 5306822.760
10372 398.681 4573874.850 5306822.760
10373 398.220 4573824.850 5306822.760
10374 397.689 4573451.210 5306309.740
10375 400.615 4573474.850 5306372.760
10376 398.539 4573424.850 5306322.760
10377 398.559 4573774.850 5306772.760
10378 399.306 4573724.850 5306722.760
10379 399.584 4573674.850 5306622.760
10380 399.981 4573624.850 5306572.760
10381 399.697 4573574.850 5306522.760
10382 400.077 4573524.850 5306472.760
10383 400.507 4573474.850 5306422.760
10384 399.509 4573674.850 5306672.760
10385 402.448 4573067.250 5305951.440
10386 402.106 4573074.550 5305918.200
10387 397.957 4573317.810 5306079.080
10388 400.520 4573324.850 5306122.760
10389 400.364 4573224.850 5306022.760
10390 399.942 4573274.850 5306072.760
10391 401.570 4573124.850 5305972.760
10392 400.702 4573174.850 5306022.760
10393 400.337 4573374.850 5306222.760
10394 400.459 4573324.850 5306172.760
10395 400.294 4573374.850 5306272.760
10396 395.208 4573136.090 5305646.400
10397 395.275 4573136.900 5305603.130
10398 399.872 4572827.770 5304894.400
10399 400.334 4572774.850 5304872.760
10400 398.922 4573177.890 5305416.690
10401 402.170 4573185.280 5305383.410
10402 403.289 4573192.780 5305350.200
10403 403.367 4573199.070 5305316.500
10404 403.591 4573218.210 5305251.800
10405 403.493 4573204.870 5305282.520
10406 403.029 4573174.850 5305222.760
10407 400.645 4572824.850 5304922.760
10408 402.423 4572874.850 5304922.760
10409 402.050 4572924.850 5304972.760
10410 401.844 4572974.850 5305022.760
10411 401.954 4573024.850 5305072.760
10412 402.155 4573074.850 5305122.760
10413 402.648 4573124.850 5305172.760
10414 395.172 4573154.600 5305523.360
10415 395.470 4573156.690 5305480.490
10416 398.764 4573164.440 5305447.350
10417 395.156 4573138.210 5305560.010
10418 404.046 4572574.850 5304722.760
10419 404.275 4572546.810 5304759.850
10420 404.534 4572624.850 5304772.760
10421 401.618 4572674.850 5304822.760
10422 400.673 4572724.850 5304872.760
10423 399.722 4573081.870 5305884.990
10424 397.277 4573092.680 5305845.970
10425 394.790 4573104.680 5305807.460
10426 394.790 4573116.660 5305768.930
10427 394.790 4573118.710 5305726.190
10428 395.201 4573120.210 5305683.210
10429 399.959 4574074.850 5306872.760
10430 400.648 4574024.850 5306872.760
10431 402.635 4574131.710 5306964.130
10432 400.265 4573974.850 5306872.760
10433 400.003 4573924.850 5306872.760
10434 398.424 4573874.850 5306872.760
10435 398.376 4573824.850 5306872.760
10436 399.178 4573774.850 5306822.760
10437 397.961 4573429.190 5306354.750
10438 400.278 4573374.850 5306322.760
10439 399.251 4573724.850 5306772.760
10440 399.423 4573674.850 5306722.760
10441 400.000 4573624.850 5306622.760
10442 399.287 4573574.850 5306572.760
10443 399.513 4573394.880 5306390.520
10444 399.803 4573524.850 5306522.760
10445 400.225 4573424.850 5306422.760
10446 400.443 4573474.850 5306472.760
10447 399.932 4573624.850 5306672.760
10448 401.702 4573074.850 5305972.760
10449 402.506 4573053.970 5305982.120
10450 402.070 4573061.490 5305948.980
10451 399.841 4573068.980 5305915.840
10452 397.742 4573275.160 5306105.220
10453 400.913 4573224.850 5306072.760
10454 400.932 4573124.850 5306022.760
10455 400.318 4573174.850 5306072.760
10456 400.427 4573324.850 5306222.760
10457 400.489 4573274.850 5306172.760
10458 400.307 4573324.850 5306272.760
10459 395.292 4573120.770 5305639.860
10460 395.140 4573121.830 5305596.660
10461 399.977 4572799.990 5304936.010
10462 400.970 4572774.850 5304922.760
10463 402.076 4573171.950 5305414.120
10464 403.235 4573179.260 5305380.830
10465 403.293 4573185.780 5305347.270
10466 403.337 4573191.980 5305313.500
10467 402.756 4573174.850 5305272.760
10468 401.557 4573124.850 5305222.760
10469 400.978 4572824.850 5304972.760
10470 402.164 4572874.850 5304972.760
10471 401.943 4572924.850 5305022.760
10472 401.707 4572974.850 5305072.760
10473 402.065 4573024.850 5305122.760
10474 402.229 4573074.850 5305172.760
10475 395.498 4573140.060 5305517.060
10476 398.608 4573150.980 5305478.010
10477 401.981 4573158.620 5305444.820
10478 395.526 4573123.430 5305553.630
10479 404.531 4572524.850 5304772.760
10480 403.890 4572574.850 5304772.760
10481 404.487 4572624.850 5304822.760
10482 404.349 4572674.850 5304872.760
10483 402.367 4572724.850 5304922.760
10484 396.905 4573076.090 5305882.530
10485 394.790 4573087.610 5305843.810
10486 394.790 4573099.300 5305805.170
10487 394.790 4573101.640 5305762.550
10488 395.119 4573103.410 5305719.680
10489 395.310 4573104.640 5305676.590
10490 399.219 4573724.850 5306822.760
10491 402.632 4574092.540 5307056.160
10492 400.556 4574024.850 5306922.760
10493 402.634 4574111.770 5307009.990
10494 400.774 4573974.850 5306922.760
10495 399.929 4573924.850 5306922.760
10496 399.526 4573874.850 5306922.760
10497 399.048 4573824.850 5306922.760
10498 398.737 4573774.850 5306872.760
10499 400.279 4573374.850 5306372.760
10500 400.155 4573324.850 5306322.760
10501 399.544 4573674.850 5306772.760
10502 399.990 4573624.850 5306722.760
10503 399.648 4573574.850 5306622.760
10504 400.075 4573524.850 5306572.760
10505 399.029 4573374.850 5306422.760
10506 400.035 4573474.850 5306522.760
10507 399.908 4573424.850 5306472.760
10508 399.931 4573574.850 5306672.760
10509 400.955 4573074.850 5306022.760
10510 402.387 4573040.680 5306012.800
10511 402.094 4573048.430 5305979.760
10512 400.036 4573056.100 5305946.690
10513 397.216 4573063.410 5305913.470
10514 397.663 4573234.920 5306134.190
10515 400.680 4573124.850 5306072.760
10516 399.245 4573174.850 5306122.760
10517 400.462 4573274.850 5306222.760
10518 400.103 4573224.850 5306172.760
10519 400.414 4573274.850 5306272.760
10520 401.375 4573074.850 5306072.760
10521 395.124 4573105.440 5305633.310
10522 395.554 4573106.790 5305590.210
10523 399.878 4572787.480 5304984.170
10524 403.173 4573165.730 5305411.460
10525 403.257 4573172.300 5305377.960
10526 403.248 4573178.790 5305344.350
10527 403.144 4573174.850 5305322.760
10528 402.550 4573124.850 5305272.760
10529 402.460 4573074.850 5305222.760
10530 401.920 4572824.850 5305022.760
10531 401.915 4572874.850 5305022.760
10532 401.491 4572924.850 5305072.760
10533 401.821 4572974.850 5305122.760
10534 401.944 4573024.850 5305172.760
10535 398.610 4573134.500 5305514.690
10536 401.888 4573145.280 5305475.530
10537 403.112 4573152.200 5305442.090
10538 398.614 4573117.980 5305551.340
10539 404.144 4572515.810 5304793.550
10540 404.027 4572574.850 5304822.760
10541 403.246 4572624.850 5304872.760
10542 404.975 4572674.850 5304922.760
10543 402.140 4572724.850 5304972.760
10544 404.127 4572442.310 5304842.640
10545 394.790 4573070.540 5305880.160
10546 394.790 4573081.950 5305841.400
10547 394.790 4573084.570 5305798.900
10548 395.038 4573086.620 5305756.150
10549 395.339 4573088.120 5305713.180
10550 395.108 4573089.060 5305669.960
10551 399.289 4573724.850 5306872.760
10552 399.200 4573674.850 5306822.760
10553 402.631 4574048.540 5307050.980
10554 400.246 4574024.850 5306972.760
10555 400.487 4573974.850 5306972.760
10556 400.212 4573924.850 5306972.760
10557 399.885 4573874.850 5306972.760
10558 402.629 4574028.900 5307096.890
10559 399.752 4573824.850 5306972.760
10560 397.899 4573774.850 5306922.760
10561 400.384 4573274.850 5306322.760
10562 399.410 4573354.370 5306420.000
10563 400.121 4573324.850 5306372.760
10564 399.647 4573624.850 5306772.760
10565 399.261 4573574.850 5306722.760
10566 399.114 4573524.850 5306622.760
10567 399.297 4573474.850 5306572.760
10568 400.208 4573374.850 5306472.760
10569 400.033 4573424.850 5306522.760
10570 399.203 4573524.850 5306672.760
10571 402.335 4573027.390 5306043.470
10572 402.403 4573014.100 5306074.150
10573 401.979 4573035.370 5306010.540
10574 400.275 4573043.220 5305977.550
10575 397.577 4573050.740 5305944.420
10576 394.790 4573058.120 5305911.220
10577 398.014 4573202.320 5306172.130
10578 400.819 4573124.850 5306122.760
10579 399.760 4573174.850 5306172.760
10580 400.559 4573224.850 5306222.760
10581 400.367 4573224.850 5306272.760
10582 402.076 4573024.850 5306072.760
10583 401.015 4573074.850 5306122.760
10584 395.582 4573090.160 5305626.780
10585 398.615 4573102.100 5305588.230
10586 400.072 4572763.660 5305027.710
10587 403.210 4573158.810 5305408.640
10588 403.210 4573165.350 5305375.090
10589 402.017 4573124.850 5305322.760
10590 401.516 4573074.850 5305272.760
10591 401.976 4573024.850 5305222.760
10592 401.506 4572824.850 5305072.760
10593 401.758 4572874.850 5305072.760
10594 401.543 4572924.850 5305122.760
10595 401.774 4572974.850 5305172.760
10596 401.711 4573128.830 5305512.260
10597 403.053 4573138.660 5305472.720
10598 403.164 4573145.310 5305439.320
10599 401.538 4573112.240 5305548.920
10600 402.977 4572724.850 5305022.760
10601 404.126 4572480.920 5304826.720
10602 403.592 4572524.850 5304822.760
10603 403.817 4572574.850 5304872.760
10604 403.288 4572624.850 5304922.760
10605 404.405 4572674.850 5304972.760
10606 404.127 4572457.930 5304871.060
10607 394.790 4573064.590 5305877.630
10608 394.790 4573067.500 5305835.250
10609 394.957 4573069.820 5305792.620
10610 395.369 4573071.590 5305749.760
10611 395.222 4573072.810 5305706.660
10612 395.610 4573073.530 5305663.350
10613 399.003 4573724.850 5306922.760
10614 399.421 4573674.850 5306872.760
10615 399.469 4573624.850 5306822.760
10616 400.434 4573974.850 5307022.760
10617 400.646 4573924.850 5307022.760
10618 400.629 4573874.850 5307022.760
10619 402.625 4574009.640 5307143.040
10620 402.624 4573984.600 5307177.730
10621 400.128 4573824.850 5307022.760
10622 398.905 4573774.850 5306972.760
10623 400.111 4573274.850 5306372.760
10624 400.032 4573224.850 5306322.760
10625 398.987 4573308.380 5306439.480
10626 398.953 4573274.850 5306422.760
10627 398.374 4573574.850 5306772.760
10628 399.448 4573524.850 5306722.760
10629 399.068 4573474.850 5306622.760
10630 400.336 4573324.850 5306472.760
10631 399.454 4573424.850 5306572.760
10632 400.055 4573374.850 5306522.760
10633 398.929 4573474.850 5306672.760
10634 402.236 4573000.650 5306104.980
10635 401.916 4573022.300 5306041.310
10636 401.947 4573009.240 5306072.090
10637 400.412 4573030.330 5306008.400
10638 397.967 4573038.060 5305975.360
10639 394.790 4573045.710 5305942.280
10640 394.790 4573052.510 5305908.830
10641 398.368 4573163.270 5306202.880
10642 400.065 4573124.850 5306172.760
10643 400.392 4573174.850 5306272.760
10644 401.508 4573024.850 5306122.760
10645 400.853 4573074.850 5306172.760
10646 398.634 4573086.680 5305625.270
10647 401.357 4573096.970 5305586.080
10648 399.866 4572762.350 5305075.030
10649 403.156 4573151.890 5305405.820
10650 401.941 4573124.850 5305372.760
10651 402.410 4573074.850 5305322.760
10652 401.943 4573024.850 5305272.760
10653 401.816 4572974.850 5305222.760
10654 401.040 4572824.850 5305122.760
10655 401.476 4572874.850 5305122.760
10656 401.608 4572924.850 5305172.760
10657 402.786 4573122.210 5305509.480
10658 403.121 4573131.820 5305470.000
10659 403.104 4573138.430 5305436.560
10660 402.525 4573105.530 5305546.140
10661 401.543 4572724.850 5305072.760
10662 401.915 4572674.850 5305022.760
10663 403.638 4572524.850 5304872.760
10664 403.060 4572574.850 5304922.760
10665 402.691 4572624.850 5304972.760
10666 404.125 4572468.680 5304902.270
10667 394.790 4573050.420 5305871.600
10668 394.876 4573053.020 5305829.090
10669 395.398 4573055.070 5305786.350
10670 395.335 4573056.560 5305743.360
10671 395.624 4573057.540 5305700.160
10672 398.710 4573070.700 5305662.140
10673 398.485 4573724.850 5306972.760
10674 399.608 4573674.850 5306922.760
10675 399.808 4573624.850 5306872.760
10676 400.249 4573574.850 5306822.760
10677 400.278 4573924.850 5307072.760
10678 400.819 4573874.850 5307072.760
10679 402.622 4573947.310 5307186.180
10680 402.620 4573908.300 5307193.100
10681 401.019 4573824.850 5307072.760
10682 399.262 4573774.850 5307022.760
10683 400.027 4573224.850 5306372.760
10684 400.273 4573174.850 5306322.760
10685 398.370 4573275.510 5306475.020
10686 399.266 4573224.850 5306422.760
10687 399.984 4573524.850 5306772.760
10688 398.726 4573474.850 5306722.760
10689 399.409 4573424.850 5306622.760
10690 400.149 4573324.850 5306522.760
10691 399.871 4573374.850 5306572.760
10692 399.401 4573424.850 5306672.760
10693 402.225 4572987.200 5306135.820
10694 401.799 4572995.970 5306103.000
10695 400.587 4573017.440 5306039.250
10696 400.830 4573004.550 5306070.110
10697 398.290 4573025.380 5306006.300
10698 395.364 4573033.300 5305973.330
10699 394.790 4573040.430 5305940.030
10700 394.790 4573038.180 5305902.740
10701 398.723 4573122.040 5306231.200
10702 398.554 4573124.850 5306272.760
10703 400.628 4573024.850 5306172.760
10704 400.367 4573074.850 5306222.760
10705 402.301 4572973.750 5306166.650
10706 401.213 4573082.710 5305623.560
10707 402.250 4573090.950 5305583.590
10708 399.643 4572777.320 5305122.740
10709 402.712 4573124.850 5305422.760
10710 402.211 4573074.850 5305372.760
10711 401.570 4573024.850 5305322.760
10712 401.759 4572974.850 5305272.760
10713 400.999 4572924.850 5305222.760
10714 399.839 4572805.890 5305163.080
10715 401.598 4572874.850 5305172.760
10716 402.967 4573115.430 5305506.780
10717 403.055 4573124.970 5305467.290
10718 402.821 4573098.710 5305543.420
10719 403.248 4572724.850 5305122.760
10720 403.032 4572674.850 5305072.760
10721 402.715 4572624.850 5305022.760
10722 403.669 4572524.850 5304922.760
10723 402.774 4572574.850 5304972.760
10724 404.125 4572464.210 5304939.940
10725 394.795 4573036.220 5305865.560
10726 395.428 4573038.550 5305822.940
10727 395.449 4573040.310 5305780.070
10728 395.638 4573041.560 5305736.980
10729 398.582 4573054.800 5305698.990
10730 401.195 4573067.270 5305660.690
10731 399.325 4573724.850 5307022.760
10732 398.661 4573674.850 5306972.760
10733 400.379 4573624.850 5306922.760
10734 399.985 4573574.850 5306872.760
10735 399.989 4573524.850 5306822.760
10736 400.276 4573874.850 5307122.760
10737 402.615 4573884.800 5307230.810
10738 400.971 4573824.850 5307122.760
10739 399.484 4573774.850 5307072.760
10740 402.612 4573849.140 5307245.380
10741 397.827 4573277.240 5306522.530
10742 400.061 4573174.850 5306372.760
10743 399.888 4573124.850 5306322.760
10744 399.909 4573224.850 5306472.760
10745 400.013 4573174.850 5306422.760
10746 398.879 4573474.850 5306772.760
10747 399.409 4573424.850 5306722.760
10748 399.012 4573303.310 5306565.320
10749 399.727 4573374.850 5306622.760
10750 398.693 4573324.850 5306572.760
10751 399.599 4573374.850 5306672.760
10752 401.771 4572982.700 5306133.900
10753 400.654 4572991.500 5306101.100
10754 398.638 4573012.710 5306037.250
10755 399.030 4573000.030 5306068.190
10756 395.833 4573020.880 5306004.390
10757 394.790 4573028.340 5305971.230
10758 394.790 4573025.930 5305933.870
10759 394.669 4573023.810 5305896.630
10760 402.167 4572970.800 5306185.000
10761 397.615 4573092.200 5306271.200
10762 400.340 4573024.850 5306222.760
10763 402.123 4572960.230 5306197.450
10764 401.811 4572969.430 5306164.800
10765 402.033 4573078.030 5305621.560
10766 402.656 4573084.890 5305581.140
10767 400.612 4572774.850 5305172.760
10768 400.586 4573074.850 5305422.760
10769 400.347 4572874.850 5305222.760
10770 400.914 4573024.850 5305372.760
10771 401.411 4572974.850 5305322.760
10772 400.232 4572924.850 5305272.760
10773 399.723 4572825.580 5305208.240
10774 399.616 4572856.170 5305247.770
10775 402.993 4573108.810 5305504.170
10776 401.852 4573074.850 5305472.760
10777 402.942 4573092.290 5305540.880
10778 402.465 4572724.850 5305172.760
10779 403.423 4572674.850 5305122.760
10780 403.713 4572624.850 5305072.760
10781 402.384 4572574.850 5305022.760
10782 403.208 4572524.850 5304972.760
10783 404.125 4572442.670 5304985.080
10784 404.125 4572437.820 5305023.510
10785 395.457 4573022.030 5305859.520
10786 395.562 4573024.070 5305816.770
10787 395.652 4573025.570 5305773.790
10788 398.513 4573038.800 5305735.800
10789 400.997 4573051.570 5305697.620
10790 402.026 4573063.210 5305658.960
10791 399.346 4573724.850 5307072.760
10792 397.868 4573674.850 5307022.760
10793 399.077 4573624.850 5306972.760
10794 399.810 4573574.850 5306922.760
10795 399.725 4573524.850 5306872.760
10796 398.105 4573474.850 5306822.760
10797 399.812 4573824.850 5307172.760
10798 399.816 4573774.850 5307122.760
10799 398.948 4573724.850 5307122.760
10800 402.615 4573812.560 5307270.410
10801 399.728 4573274.850 5306572.760
10802 399.808 4573224.850 5306522.760
10803 400.255 4573124.850 5306372.760
10804 397.050 4573073.030 5306316.160
10805 399.926 4573174.850 5306472.760
10806 400.291 4573124.850 5306422.760
10807 398.476 4573424.850 5306772.760
10808 399.565 4573374.850 5306722.760
10809 397.402 4573309.410 5306613.460
10810 400.328 4573324.850 5306672.760
10811 400.565 4572978.440 5306132.080
10812 399.020 4572987.110 5306099.230
10813 396.315 4573008.470 5306035.450
10814 396.819 4572996.050 5306066.500
10815 394.790 4573016.260 5306002.430
10816 394.790 4573013.680 5305965.010
10817 394.542 4573011.400 5305927.700
10818 395.168 4573009.450 5305890.530
10819 400.479 4573024.850 5306322.760
10820 401.497 4572974.850 5306222.760
10821 400.776 4573024.850 5306272.760
10822 402.157 4572947.060 5306228.410
10823 401.653 4572956.110 5306195.680
10824 400.527 4572965.380 5306163.070
10825 402.571 4573073.360 5305619.590
10826 402.869 4573079.400 5305578.940
10827 402.130 4572774.850 5305222.760
10828 401.029 4573024.850 5305422.760
10829 400.903 4573014.520 5305444.650
10830 399.363 4572884.820 5305288.380
10831 401.703 4572974.850 5305372.760
10832 399.667 4572924.850 5305322.760
10833 400.079 4572824.850 5305272.760
10834 402.630 4573074.850 5305522.760
10835 400.842 4573024.850 5305472.760
10836 402.866 4573074.850 5305572.760
10837 402.388 4572724.850 5305222.760
10838 402.978 4572674.850 5305172.760
10839 404.235 4572624.850 5305122.760
10840 402.178 4572574.850 5305072.760
10841 402.282 4572524.850 5305022.760
10842 402.490 4572474.850 5305022.760
10843 404.122 4572448.500 5305057.740
10844 404.516 4572424.850 5305072.760
10845 395.676 4573007.820 5305853.470
10846 395.666 4573009.590 5305810.610
10847 398.457 4573022.760 5305772.600
10848 400.929 4573035.640 5305734.460
10849 401.881 4573047.760 5305696.000
10850 402.776 4573059.220 5305657.260
10851 398.974 4573674.850 5307072.760
10852 397.697 4573624.850 5307022.760
10853 399.006 4573574.850 5306972.760
10854 398.292 4573524.850 5306922.760
10855 398.364 4573474.850 5306872.760
10856 399.318 4573424.850 5306822.760
10857 400.771 4573774.850 5307172.760
10858 399.832 4573724.850 5307172.760
10859 399.012 4573674.850 5307122.760
10860 402.604 4573764.970 5307279.440
10861 399.000 4573274.850 5306622.760
10862 399.708 4573224.850 5306572.760
10863 399.524 4573174.850 5306522.760
10864 397.214 4573062.390 5306365.030
10865 400.043 4573124.850 5306472.760
10866 399.976 4573074.850 5306422.760
10867 399.100 4573374.850 5306772.760
10868 399.642 4573324.850 5306722.760
10869 397.479 4573288.920 5306659.290
10870 399.065 4572974.190 5306130.270
10871 396.863 4572983.260 5306097.590
10872 394.790 4573004.180 5306033.630
10873 394.770 4572992.100 5306064.830
10874 394.790 4573001.440 5305996.140
10875 394.416 4572998.980 5305958.770
10876 394.879 4572996.870 5305921.530
10877 395.386 4572995.080 5305884.410
10878 399.504 4573024.850 5306372.760
10879 400.947 4572974.850 5306322.760
10880 401.221 4572974.850 5306272.760
10881 402.510 4572934.370 5306259.560
10882 401.661 4572943.060 5306226.680
10883 400.341 4572952.280 5306194.040
10884 399.143 4572961.270 5306161.300
10885 402.897 4573069.340 5305617.910
10886 402.362 4572774.850 5305272.760
10887 401.597 4572974.850 5305422.760
10888 401.453 4572970.360 5305443.990
10889 399.377 4572900.480 5305334.540
10890 400.395 4572874.850 5305322.760
10891 400.113 4572924.850 5305372.760
10892 401.376 4572824.850 5305322.760
10893 402.083 4573024.850 5305522.760
10894 400.430 4572974.850 5305472.760
10895 401.996 4573024.850 5305572.760
10896 402.586 4572724.850 5305272.760
10897 402.225 4572674.850 5305222.760
10898 403.479 4572624.850 5305172.760
10899 403.283 4572574.850 5305122.760
10900 402.388 4572524.850 5305072.760
10901 402.326 4572474.850 5305072.760
10902 404.119 4572427.120 5305102.890
10903 395.680 4572993.600 5305847.420
10904 398.393 4573006.730 5305809.390
10905 400.889 4573019.630 5305771.260
10906 401.950 4573031.920 5305732.880
10907 402.486 4573043.960 5305694.380
10908 403.280 4573056.010 5305655.890
10909 399.012 4573624.850 5307072.760
10910 397.844 4573574.850 5307022.760
10911 398.044 4573524.850 5306972.760
10912 399.432 4573624.850 5307122.760
10913 398.544 4573474.850 5306922.760
10914 398.918 4573424.850 5306872.760
10915 399.294 4573374.850 5306822.760
10916 400.744 4573724.850 5307222.760
10917 398.963 4573674.850 5307172.760
10918 398.971 4573624.850 5307172.760
10919 402.596 4573719.010 5307294.780
10920 399.464 4573224.850 5306622.760
10921 399.270 4573174.850 5306572.760
10922 399.927 4573124.850 5306522.760
10923 397.827 4573049.580 5306413.380
10924 400.063 4573074.850 5306472.760
10925 398.916 4573024.850 5306422.760
10926 399.463 4573324.850 5306772.760
10927 399.694 4573274.850 5306722.760
10928 399.226 4573260.590 5306698.150
10929 399.637 4573224.850 5306672.760
10930 396.935 4572970.470 5306128.680
10931 394.903 4572979.390 5306095.950
10932 394.790 4572989.190 5306027.270
10933 394.379 4572976.940 5306058.410
10934 394.290 4572986.570 5305989.830
10935 394.590 4572984.290 5305952.530
10936 395.095 4572982.340 5305915.350
10937 395.597 4572980.710 5305878.300
10938 400.454 4572974.850 5306372.760
10939 401.676 4572924.850 5306322.760
10940 402.036 4572917.960 5306296.250
10941 401.919 4572930.390 5306257.840
10942 400.278 4572939.390 5306225.090
10943 399.126 4572948.320 5306192.330
10944 397.023 4572957.680 5306159.770
10945 402.019 4572901.870 5306333.090
10946 404.120 4572409.740 5305149.730
10947 402.181 4573024.850 5305622.760
10948 400.896 4572774.850 5305322.760
10949 401.484 4572926.520 5305439.790
10950 401.254 4572874.850 5305372.760
10951 399.485 4572898.850 5305384.490
10952 401.259 4572824.850 5305372.760
10953 401.352 4572974.850 5305522.760
10954 400.290 4572924.850 5305472.760
10955 401.780 4572974.850 5305572.760
10956 402.204 4572724.850 5305322.760
10957 402.212 4572674.850 5305272.760
10958 402.558 4572624.850 5305222.760
10959 404.178 4572574.850 5305172.760
10960 403.043 4572524.850 5305122.760
10961 402.437 4572474.850 5305122.760
10962 398.333 4572990.690 5305846.190
10963 400.831 4573003.630 5305808.070
10964 402.065 4573015.970 5305769.710
10965 402.494 4573028.160 5305731.270
10966 402.970 4573040.910 5305693.080
10967 402.477 4573024.850 5305672.760
10968 397.674 4573574.850 5307072.760
10969 398.728 4573524.850 5307022.760
10970 398.857 4573474.850 5306972.760
10971 398.982 4573574.850 5307122.760
10972 398.574 4573424.850 5306922.760
10973 398.906 4573374.850 5306872.760
10974 399.146 4573324.850 5306822.760
10975 398.928 4573674.850 5307222.760
10976 398.725 4573574.850 5307172.760
10977 398.878 4573624.850 5307222.760
10978 402.596 4573690.720 5307334.360
10979 399.504 4573174.850 5306622.760
10980 399.707 4573124.850 5306572.760
10981 400.106 4573074.850 5306522.760
10982 398.440 4573036.770 5306461.740
10983 399.805 4572974.850 5306422.760
10984 399.414 4573274.850 5306772.760
10985 398.462 4573221.720 5306729.730
10986 399.469 4573174.850 5306672.760
10987 395.037 4572966.680 5306127.060
10988 394.527 4572964.590 5306089.650
10989 394.164 4572974.160 5306020.900
10990 394.038 4572961.750 5306051.970
10991 394.302 4572971.710 5305983.530
10992 394.805 4572969.610 5305946.290
10993 395.513 4572967.830 5305909.180
10994 398.028 4572977.680 5305877.010
10995 401.137 4572924.850 5306372.760
10996 401.545 4572913.820 5306294.460
10997 400.403 4572926.770 5306256.260
10998 399.188 4572935.510 5306223.410
10999 397.063 4572944.880 5306190.850
11000 395.170 4572953.970 5306158.170
11001 401.941 4572886.390 5306370.190
11002 401.530 4572897.510 5306331.210
11003 402.674 4572424.850 5305172.760
11004 404.116 4572390.810 5305195.710
11005 403.385 4572206.110 5305346.360
11006 403.383 4572146.390 5305389.590
11007 403.383 4572126.990 5305433.570
11008 403.382 4572182.880 5305367.180
11009 401.728 4572974.850 5305622.760
11010 400.772 4572774.850 5305372.760
11011 399.701 4572883.150 5305430.870
11012 401.015 4572824.850 5305422.760
11013 401.683 4572924.850 5305522.760
11014 399.714 4572874.850 5305472.760
11015 401.656 4572924.850 5305572.760
11016 402.725 4572724.850 5305372.760
11017 401.950 4572674.850 5305322.760
11018 402.626 4572624.850 5305272.760
11019 402.892 4572574.850 5305222.760
11020 402.953 4572524.850 5305172.760
11021 403.156 4572474.850 5305172.760
11022 400.780 4572987.630 5305844.880
11023 402.149 4573000.040 5305806.550
11024 402.564 4573012.190 5305768.100
11025 403.024 4573025.140 5305729.990
11026 402.931 4573017.600 5305719.400
11027 401.691 4572974.850 5305672.760
11028 398.686 4573524.850 5307072.760
11029 398.616 4573474.850 5307022.760
11030 398.501 4573424.850 5306972.760
11031 397.706 4573524.850 5307122.760
11032 398.762 4573374.850 5306922.760
11033 398.780 4573324.850 5306872.760
11034 399.177 4573274.850 5306822.760
11035 397.787 4573524.850 5307172.760
11036 398.934 4573624.850 5307272.760
11037 399.082 4573574.850 5307222.760
11038 398.800 4573524.850 5307222.760
11039 402.589 4573642.130 5307333.980
11040 399.632 4573124.850 5306622.760
11041 400.016 4573074.850 5306572.760
11042 398.469 4573035.760 5306511.330
11043 400.524 4572924.850 5306422.760
11044 399.649 4572974.850 5306472.760
11045 399.679 4573224.850 5306772.760
11046 398.986 4573174.850 5306722.760
11047 399.227 4573124.850 5306672.760
11048 394.675 4572952.240 5306120.890
11049 394.040 4572949.760 5306083.340
11050 394.013 4572959.130 5306014.530
11051 393.724 4572946.550 5306045.530
11052 394.515 4572956.870 5305977.230
11053 395.430 4572954.940 5305940.060
11054 397.723 4572964.670 5305907.840
11055 400.467 4572974.610 5305875.710
11056 401.759 4572871.260 5306407.430
11057 394.822 4572939.880 5306152.130
11058 400.108 4572910.030 5306292.820
11059 399.371 4572922.870 5306254.570
11060 397.143 4572932.140 5306221.960
11061 395.303 4572941.270 5306189.290
11062 401.467 4572881.680 5306368.150
11063 400.083 4572893.490 5306329.460
11064 403.510 4572424.850 5305222.760
11065 404.108 4572404.340 5305237.490
11066 403.383 4572136.260 5305517.350
11067 403.383 4572113.650 5305479.350
11068 402.582 4572224.850 5305322.760
11069 402.493 4572224.850 5305372.760
11070 401.550 4572174.600 5305430.840
11071 401.808 4572206.960 5305396.120
11072 402.829 4572278.680 5305331.140
11073 403.867 4572390.530 5305282.850
11074 401.878 4572174.850 5305522.760
11075 403.383 4572173.260 5305547.700
11076 401.309 4572924.850 5305622.760
11077 401.112 4572774.850 5305422.760
11078 399.331 4572851.900 5305468.170
11079 399.129 4572824.850 5305472.760
11080 401.336 4572874.850 5305522.760
11081 401.193 4572874.850 5305572.760
11082 401.672 4572724.850 5305422.760
11083 402.751 4572674.850 5305372.760
11084 402.270 4572624.850 5305322.760
11085 403.938 4572574.850 5305272.760
11086 402.988 4572524.850 5305222.760
11087 403.298 4572474.850 5305222.760
11088 402.245 4572984.110 5305843.390
11089 402.592 4572996.260 5305804.940
11090 403.155 4573009.180 5305766.810
11091 401.826 4572974.850 5305722.760
11092 401.064 4572924.850 5305672.760
11093 398.451 4573474.850 5307072.760
11094 398.681 4573424.850 5307022.760
11095 398.801 4573374.850 5306972.760
11096 398.504 4573474.850 5307122.760
11097 398.319 4573324.850 5306922.760
11098 399.177 4573274.850 5306872.760
11099 399.255 4573224.850 5306822.760
11100 397.244 4573474.850 5307172.760
11101 398.563 4573474.850 5307222.760
11102 398.752 4573574.850 5307272.760
11103 398.365 4573524.850 5307272.760
11104 402.585 4573603.070 5307363.290
11105 399.553 4573074.850 5306622.760
11106 401.792 4572874.850 5306422.760
11107 398.314 4573037.450 5306561.310
11108 399.993 4572974.850 5306522.760
11109 400.353 4572924.850 5306472.760
11110 398.736 4573178.970 5306755.660
11111 399.259 4573124.850 5306722.760
11112 399.693 4573074.850 5306672.760
11113 394.043 4572937.770 5306114.710
11114 393.878 4572934.910 5306077.030
11115 394.224 4572944.130 5306008.170
11116 394.650 4572931.390 5306039.100
11117 395.347 4572942.050 5305970.950
11118 397.418 4572951.660 5305938.670
11119 400.156 4572961.580 5305906.530
11120 401.998 4572971.090 5305874.210
11121 401.930 4572855.770 5306444.520
11122 401.323 4572866.120 5306405.200
11123 394.046 4572925.780 5306146.090
11124 394.970 4572927.530 5306183.370
11125 398.658 4572906.180 5306291.150
11126 397.286 4572919.500 5306253.110
11127 395.437 4572928.560 5306220.400
11128 400.021 4572877.290 5306366.250
11129 398.119 4572889.610 5306327.780
11130 403.565 4572424.850 5305272.760
11131 401.522 4572182.380 5305478.720
11132 402.000 4572250.130 5305371.970
11133 402.351 4572224.850 5305422.760
11134 402.960 4572274.850 5305372.760
11135 403.387 4572312.250 5305312.620
11136 403.557 4572374.850 5305322.760
11137 403.719 4572352.380 5305313.930
11138 401.363 4572208.200 5305518.700
11139 403.383 4572200.290 5305569.630
11140 400.966 4572874.850 5305622.760
11141 401.116 4572774.850 5305472.760
11142 399.474 4572815.000 5305499.980
11143 400.218 4572824.850 5305522.760
11144 401.407 4572824.850 5305572.760
11145 401.412 4572724.850 5305472.760
11146 402.711 4572674.850 5305422.760
11147 402.587 4572624.850 5305372.760
11148 402.852 4572574.850 5305322.760
11149 403.701 4572524.850 5305272.760
11150 403.604 4572474.850 5305272.760
11151 402.637 4572980.330 5305841.780
11152 403.234 4572993.250 5305803.660
11153 402.080 4572974.850 5305772.760
11154 401.256 4572924.850 5305722.760
11155 401.246 4572874.850 5305672.760
11156 398.449 4573424.850 5307072.760
11157 398.672 4573374.850 5307022.760
11158 398.431 4573324.850 5306972.760
11159 398.295 4573424.850 5307122.760
11160 399.062 4573274.850 5306922.760
11161 399.072 4573224.850 5306872.760
11162 399.361 4573174.850 5306822.760
11163 398.199 4573147.920 5306794.050
11164 397.331 4573424.850 5307172.760
11165 398.163 4573474.850 5307272.760
11166 397.629 4573424.850 5307222.760
11167 398.267 4573524.850 5307322.760
11168 402.587 4573559.290 5307379.060
11169 401.795 4572842.890 5306475.400
11170 398.136 4573037.410 5306611.330
11171 401.002 4572874.850 5306472.760
11172 399.957 4572974.850 5306572.760
11173 400.441 4572924.850 5306522.760
11174 399.311 4573124.850 5306772.760
11175 399.641 4573074.850 5306722.760
11176 397.891 4573025.020 5306658.810
11177 394.033 4572923.280 5306108.530
11178 394.650 4572920.120 5306070.730
11179 395.263 4572929.170 5306001.830
11180 394.650 4572916.280 5306032.710
11181 397.098 4572938.640 5305969.490
11182 399.844 4572948.560 5305937.350
11183 401.755 4572958.060 5305905.040
11184 402.496 4572967.300 5305872.600
11185 401.455 4572850.280 5306442.150
11186 399.899 4572861.310 5306403.130
11187 394.187 4572911.650 5306140.030
11188 394.048 4572913.790 5306177.460
11189 395.118 4572915.170 5306214.620
11190 397.020 4572902.530 5306289.560
11191 395.570 4572915.850 5306251.520
11192 397.557 4572873.280 5306364.510
11193 396.844 4572885.610 5306326.050
11194 401.344 4572837.130 5306472.920
11195 403.484 4572424.850 5305322.760
11196 403.044 4572224.850 5305472.760
11197 403.233 4572274.850 5305422.760
11198 403.384 4572324.850 5305372.760
11199 403.591 4572374.850 5305372.760
11200 401.161 4572256.840 5305528.940
11201 403.383 4572238.600 5305563.730
11202 400.782 4572824.850 5305622.760
11203 399.049 4572774.770 5305527.390
11204 401.191 4572774.850 5305572.760
11205 399.687 4572724.850 5305522.760
11206 402.726 4572674.850 5305472.760
11207 402.642 4572624.850 5305422.760
11208 402.242 4572574.850 5305372.760
11209 404.235 4572524.850 5305322.760
11210 403.096 4572474.850 5305322.760
11211 403.334 4572977.330 5305840.500
11212 402.618 4572974.850 5305822.760
11213 401.419 4572924.850 5305772.760
11214 400.791 4572874.850 5305722.760
11215 400.788 4572824.850 5305672.760
11216 398.569 4573374.850 5307072.760
11217 398.415 4573324.850 5307022.760
11218 398.786 4573274.850 5306972.760
11219 398.074 4573374.850 5307122.760
11220 398.913 4573224.850 5306922.760
11221 399.031 4573174.850 5306872.760
11222 398.126 4573134.860 5306842.020
11223 397.826 4573137.850 5306891.920
11224 398.257 4573374.850 5307172.760
11225 397.879 4573474.850 5307322.760
11226 398.460 4573424.850 5307272.760
11227 397.768 4573374.850 5307222.760
11228 402.575 4573513.730 5307379.780
11229 401.753 4572830.010 5306506.290
11230 399.892 4572974.850 5306622.760
11231 400.641 4572874.850 5306522.760
11232 400.192 4572924.850 5306572.760
11233 399.264 4573074.850 5306772.760
11234 397.627 4573011.440 5306705.550
11235 399.552 4572974.850 5306672.760
11236 397.459 4573075.560 5306836.730
11237 397.225 4573049.010 5306794.520
11238 394.650 4572908.840 5306102.360
11239 394.650 4572905.390 5306064.480
11240 396.805 4572925.650 5306000.330
11241 396.300 4572912.680 5306031.170
11242 399.503 4572935.530 5305968.170
11243 401.510 4572945.040 5305935.860
11244 402.361 4572954.270 5305903.430
11245 403.131 4572964.150 5305871.260
11246 399.982 4572845.110 5306439.920
11247 396.954 4572857.090 5306401.310
11248 394.650 4572897.560 5306133.990
11249 394.342 4572900.020 5306171.530
11250 394.051 4572901.800 5306208.830
11251 395.265 4572902.820 5306245.860
11252 395.410 4572898.720 5306287.910
11253 396.656 4572868.820 5306362.590
11254 395.250 4572881.580 5306324.300
11255 401.305 4572823.990 5306503.700
11256 399.662 4572831.760 5306470.610
11257 401.299 4572810.850 5306534.470
11258 403.253 4572424.850 5305372.760
11259 403.005 4572274.850 5305472.760
11260 403.388 4572324.850 5305422.760
11261 403.580 4572374.850 5305422.760
11262 401.236 4572302.920 5305516.430
11263 403.383 4572282.930 5305584.310
11264 401.527 4572774.850 5305622.760
11265 399.060 4572733.320 5305553.000
11266 401.523 4572674.850 5305522.760
11267 402.646 4572624.850 5305472.760
11268 402.373 4572574.850 5305422.760
11269 404.072 4572524.850 5305372.760
11270 403.121 4572474.850 5305372.760
11271 401.594 4572924.850 5305822.760
11272 400.948 4572874.850 5305772.760
11273 401.232 4572824.850 5305722.760
11274 400.771 4572774.850 5305672.760
11275 397.509 4573198.090 5306965.740
11276 398.058 4573224.850 5306972.760
11277 398.630 4573324.850 5307072.760
11278 398.692 4573274.850 5307022.760
11279 398.507 4573324.850 5307122.760
11280 397.505 4573156.850 5306937.430
11281 397.752 4573174.850 5306972.760
11282 397.668 4573102.560 5306878.530
11283 397.329 4573136.100 5306915.640
11284 398.183 4573074.850 5306872.760
11285 397.842 4573324.850 5307172.760
11286 398.395 4573324.850 5307222.760
11287 399.112 4573474.850 5307372.760
11288 398.647 4573424.850 5307322.760
11289 397.255 4573374.850 5307272.760
11290 402.577 4573469.910 5307396.880
11291 401.831 4572721.590 5308659.630
11292 401.753 4572817.130 5306537.180
11293 401.768 4572832.500 5306531.400
11294 400.111 4572924.850 5306622.760
11295 400.405 4572874.850 5306572.760
11296 401.549 4572804.280 5306568.070
11297 397.438 4573019.120 5306754.980
11298 399.416 4572974.850 5306722.760
11299 399.984 4572924.850 5306672.760
11300 398.616 4573024.850 5306822.760
11301 401.133 4572797.720 5306565.260
11302 394.650 4572894.500 5306096.250
11303 396.300 4572901.230 5306062.690
11304 399.217 4572922.530 5305999.010
11305 398.000 4572909.590 5306029.870
11306 401.223 4572932.010 5305966.680
11307 402.224 4572941.250 5305934.250
11308 402.934 4572950.970 5305902.020
11309 401.828 4572924.850 5305872.760
11310 396.495 4572840.770 5306438.050
11311 396.447 4572852.100 5306399.150
11312 394.650 4572883.610 5306128.010
11313 394.650 4572886.280 5306165.620
11314 394.496 4572888.390 5306203.030
11315 394.054 4572889.810 5306240.200
11316 395.098 4572885.430 5306282.150
11317 395.090 4572864.450 5306360.700
11318 394.931 4572868.040 5306318.440
11319 399.396 4572818.420 5306501.300
11320 396.291 4572827.110 5306468.610
11321 399.155 4572805.080 5306532.000
11322 403.263 4572424.850 5305422.760
11323 400.688 4572336.910 5305485.170
11324 400.833 4572374.850 5305472.760
11325 402.010 4572324.850 5305522.760
11326 403.382 4572332.060 5305592.630
11327 403.384 4572357.780 5305631.740
11328 400.813 4572724.850 5305622.760
11329 399.013 4572696.640 5305585.080
11330 399.893 4572674.850 5305572.760
11331 402.542 4572624.850 5305522.760
11332 402.513 4572574.850 5305472.760
11333 402.989 4572524.850 5305422.760
11334 403.596 4572474.850 5305422.760
11335 401.065 4572874.850 5305822.760
11336 400.160 4572824.850 5305772.760
11337 400.520 4572774.850 5305722.760
11338 401.188 4572724.850 5305672.760
11339 397.261 4573217.150 5307009.270
11340 398.923 4573274.850 5307072.760
11341 398.286 4573274.850 5307122.760
11342 398.972 4573174.850 5307022.760
11343 398.364 4573124.850 5306972.760
11344 398.939 4573074.850 5306922.760
11345 398.993 4573024.850 5306872.760
11346 398.743 4573274.850 5307172.760
11347 398.640 4573274.850 5307222.760
11348 398.002 4573324.850 5307272.760
11349 398.154 4573424.850 5307372.760
11350 397.562 4573374.850 5307322.760
11351 402.563 4573426.860 5307419.980
11352 402.556 4573384.020 5307444.410
11353 397.855 4572674.850 5308672.760
11354 401.845 4572730.720 5308619.380
11355 400.297 4572824.850 5306572.760
11356 400.412 4572874.850 5306622.760
11357 401.442 4572791.310 5306598.920
11358 399.578 4572974.850 5306772.760
11359 399.739 4572924.850 5306722.760
11360 400.167 4572874.850 5306672.760
11361 399.183 4572974.850 5306822.760
11362 401.044 4572784.500 5306596.000
11363 398.794 4572791.750 5306562.700
11364 396.300 4572889.810 5306094.220
11365 398.000 4572897.480 5306061.100
11366 401.019 4572919.030 5305997.530
11367 400.000 4572906.140 5306028.410
11368 402.029 4572928.210 5305965.070
11369 402.735 4572937.800 5305932.780
11370 402.029 4572924.850 5305922.760
11371 401.180 4572874.850 5305872.760
11372 396.309 4572835.300 5306435.690
11373 394.930 4572847.310 5306397.090
11374 396.300 4572878.410 5306125.770
11375 394.650 4572872.720 5306159.780
11376 394.650 4572875.010 5306197.250
11377 394.650 4572876.750 5306234.530
11378 394.133 4572872.160 5306276.390
11379 394.764 4572850.660 5306354.730
11380 394.213 4572854.520 5306312.580
11381 396.126 4572813.460 5306499.170
11382 395.952 4572821.440 5306466.170
11383 395.977 4572799.820 5306529.740
11384 402.096 4572424.850 5305472.760
11385 401.016 4572385.370 5305495.150
11386 402.001 4572374.850 5305522.760
11387 402.907 4572374.850 5305572.760
11388 403.373 4572380.810 5305632.190
11389 399.197 4572667.180 5305623.570
11390 402.611 4572624.850 5305572.760
11391 402.474 4572574.850 5305522.760
11392 402.507 4572524.850 5305472.760
11393 405.101 4572474.850 5305472.760
11394 400.161 4572824.850 5305822.760
11395 401.153 4572774.850 5305772.760
11396 399.945 4572724.850 5305722.760
11397 400.646 4572674.850 5305672.760
11398 397.264 4573210.120 5307058.690
11399 398.527 4573224.850 5307122.760
11400 399.030 4573174.850 5307072.760
11401 398.878 4573124.850 5307022.760
11402 398.220 4573074.850 5306972.760
11403 398.573 4573024.850 5306922.760
11404 398.893 4572974.850 5306872.760
11405 398.930 4573224.850 5307172.760
11406 398.271 4573274.850 5307272.760
11407 398.765 4573224.850 5307222.760
11408 397.243 4573324.850 5307322.760
11409 397.260 4573374.850 5307372.760
11410 398.011 4573374.850 5307422.760
11411 402.555 4573341.010 5307469.370
11412 397.749 4572674.850 5308622.760
11413 401.840 4572711.460 5308582.440
11414 400.376 4572824.850 5306622.760
11415 401.501 4572778.190 5306629.700
11416 399.612 4572924.850 5306772.760
11417 400.026 4572874.850 5306722.760
11418 399.647 4572824.850 5306672.760
11419 399.324 4572924.850 5306822.760
11420 401.086 4572771.170 5306626.700
11421 398.490 4572778.360 5306593.370
11422 395.745 4572786.180 5306560.310
11423 398.000 4572885.420 5306092.350
11424 400.000 4572893.500 5306059.400
11425 401.948 4572915.250 5305995.920
11426 402.023 4572902.400 5306026.830
11427 402.461 4572924.590 5305963.530
11428 401.308 4572874.850 5305922.760
11429 401.075 4572824.850 5305872.760
11430 394.770 4572830.180 5306433.480
11431 394.597 4572833.270 5306391.020
11432 398.000 4572873.400 5306123.610
11433 396.300 4572867.020 5306157.310
11434 394.650 4572861.830 5306191.550
11435 394.650 4572863.730 5306228.870
11436 394.685 4572858.860 5306270.620
11437 394.293 4572836.870 5306348.760
11438 394.720 4572840.970 5306306.710
11439 395.480 4572807.590 5306496.650
11440 395.000 4572816.020 5306463.830
11441 395.480 4572793.730 5306527.130
11442 401.509 4572433.060 5305510.740
11443 403.375 4572401.380 5305586.630
11444 401.404 4572624.850 5305622.760
11445 402.648 4572574.850 5305572.760
11446 402.387 4572524.850 5305522.760
11447 400.406 4572473.230 5305532.020
11448 400.441 4572774.850 5305822.760
11449 400.590 4572724.850 5305772.760
11450 400.720 4572674.850 5305722.760
11451 399.068 4572640.530 5305664.450
11452 398.289 4573274.850 5307322.760
11453 397.922 4573296.000 5307345.580
11454 398.444 4573194.070 5307106.140
11455 398.438 4573124.850 5307072.760
11456 399.079 4573074.850 5307022.760
11457 398.135 4573024.850 5306972.760
11458 398.347 4572974.850 5306922.760
11459 399.309 4572924.850 5306872.760
11460 398.811 4573177.230 5307153.380
11461 398.321 4573224.850 5307272.760
11462 398.317 4573193.460 5307250.950
11463 398.385 4573178.950 5307202.960
11464 397.622 4573319.350 5307384.760
11465 397.419 4573324.850 5307422.760
11466 402.528 4573295.410 5307474.000
11467 397.868 4572624.850 5308622.760
11468 397.889 4572674.850 5308572.760
11469 401.848 4572711.400 5308544.500
11470 398.658 4572574.850 5308622.760
11471 401.495 4572762.300 5306666.750
11472 400.452 4572774.850 5306672.760
11473 399.918 4572874.850 5306772.760
11474 399.253 4572824.850 5306722.760
11475 399.634 4572874.850 5306822.760
11476 401.130 4572755.890 5306664.010
11477 398.284 4572764.880 5306624.000
11478 395.553 4572772.490 5306590.860
11479 395.480 4572779.880 5306557.610
11480 400.000 4572880.930 5306090.420
11481 401.574 4572889.310 5306057.610
11482 400.900 4572774.850 5305872.760
11483 402.331 4572911.500 5305994.330
11484 402.400 4572898.550 5306025.190
11485 401.633 4572874.850 5305972.760
11486 400.985 4572824.850 5305922.760
11487 394.430 4572815.880 5306427.310
11488 394.373 4572819.220 5306384.950
11489 400.000 4572868.440 5306121.480
11490 398.000 4572861.400 5306154.890
11491 396.300 4572855.570 5306188.830
11492 394.650 4572850.940 5306223.320
11493 394.650 4572845.580 5306264.860
11494 394.754 4572823.070 5306342.800
11495 394.650 4572827.430 5306300.840
11496 395.000 4572801.860 5306494.190
11497 395.000 4572801.770 5306457.690
11498 395.480 4572787.700 5306524.540
11499 403.350 4572434.760 5305587.960
11500 400.638 4572474.850 5305572.760
11501 402.584 4572574.850 5305622.760
11502 402.238 4572524.850 5305572.760
11503 400.176 4572499.200 5305574.580
11504 400.137 4572724.850 5305822.760
11505 399.864 4572674.850 5305772.760
11506 399.505 4572617.540 5305707.340
11507 400.898 4572574.850 5305672.760
11508 403.314 4572423.280 5305636.180
11509 398.335 4573249.050 5307327.780
11510 398.048 4573274.850 5307372.760
11511 397.900 4573124.850 5307122.760
11512 398.879 4573074.850 5307072.760
11513 398.850 4573024.850 5307022.760
11514 398.449 4572974.850 5306972.760
11515 399.137 4572924.850 5306922.760
11516 398.976 4572874.850 5306872.760
11517 399.065 4573124.850 5307172.760
11518 398.144 4573212.090 5307297.380
11519 398.665 4573224.850 5307322.760
11520 398.289 4573174.850 5307272.760
11521 398.768 4573124.850 5307222.760
11522 397.343 4573288.860 5307420.420
11523 402.532 4573265.510 5307542.660
11524 398.147 4573274.850 5307472.760
11525 397.270 4573248.640 5307450.490
11526 402.532 4573284.920 5307518.570
11527 398.174 4572624.850 5308572.760
11528 398.502 4572674.850 5308522.760
11529 401.849 4572693.120 5308502.350
11530 398.691 4572574.850 5308572.760
11531 401.505 4572746.410 5306703.810
11532 400.175 4572774.850 5306722.760
11533 399.206 4572824.850 5306772.760
11534 398.803 4572824.850 5306822.760
11535 401.186 4572740.610 5306701.320
11536 398.813 4572750.060 5306661.510
11537 395.429 4572758.740 5306621.380
11538 395.480 4572766.010 5306588.080
11539 395.480 4572773.540 5306554.890
11540 401.261 4572876.320 5306088.450
11541 402.084 4572885.020 5306055.780
11542 400.636 4572724.850 5305872.760
11543 400.770 4572774.850 5305922.760
11544 402.041 4572874.850 5306022.760
11545 401.237 4572824.850 5305972.760
11546 394.453 4572801.580 5306421.130
11547 394.789 4572805.180 5306378.890
11548 401.050 4572863.420 5306119.320
11549 400.000 4572855.970 5306152.540
11550 398.000 4572849.290 5306186.120
11551 396.300 4572844.030 5306220.310
11552 394.650 4572832.490 5306259.180
11553 394.650 4572809.270 5306336.830
11554 394.650 4572814.040 5306295.050
11555 395.000 4572787.670 5306488.080
11556 394.625 4572787.580 5306451.570
11557 395.480 4572773.570 5306518.460
11558 400.847 4572474.850 5305622.760
11559 400.692 4572506.860 5305623.530
11560 399.523 4572674.850 5305822.760
11561 399.949 4572624.850 5305772.760
11562 399.196 4572603.780 5305754.060
11563 400.608 4572574.850 5305722.760
11564 402.837 4572524.850 5305672.760
11565 401.416 4572424.850 5305672.760
11566 403.265 4572402.580 5305681.700
11567 398.465 4573224.850 5307372.760
11568 398.842 4573074.850 5307122.760
11569 398.831 4573024.850 5307072.760
11570 399.276 4572974.850 5307022.760
11571 398.982 4572924.850 5306972.760
11572 398.399 4572874.850 5306922.760
11573 398.279 4572824.850 5306872.760
11574 398.917 4573074.850 5307172.760
11575 398.585 4573174.850 5307322.760
11576 398.784 4573124.850 5307272.760
11577 398.742 4573074.850 5307222.760
11578 398.000 4573224.850 5307422.760
11579 402.527 4573217.480 5307546.730
11580 397.083 4573221.270 5307491.660
11581 397.887 4572624.850 5308522.760
11582 401.846 4572670.630 5308464.470
11583 401.851 4572700.860 5308445.830
11584 399.176 4572524.850 5308572.760
11585 398.310 4572574.850 5308522.760
11586 401.356 4572730.520 5306740.860
11587 399.868 4572774.850 5306772.760
11588 399.889 4572774.850 5306822.760
11589 401.188 4572714.630 5306777.920
11590 401.119 4572725.320 5306738.630
11591 399.350 4572735.240 5306699.020
11592 396.110 4572744.460 5306659.110
11593 395.480 4572752.100 5306618.540
11594 395.480 4572759.380 5306585.250
11595 395.480 4572759.460 5306548.850
11596 401.943 4572871.640 5306086.440
11597 402.016 4572868.500 5306073.500
11598 399.663 4572674.850 5305872.760
11599 400.852 4572724.850 5305922.760
11600 400.718 4572774.850 5305972.760
11601 401.096 4572824.850 5306022.760
11602 394.823 4572787.280 5306414.970
11603 394.650 4572791.120 5306372.810
11604 401.932 4572858.360 5306117.140
11605 400.749 4572850.560 5306150.210
11606 400.000 4572843.320 5306183.530
11607 398.000 4572837.000 5306217.260
11608 396.300 4572826.250 5306256.470
11609 394.650 4572795.600 5306330.910
11610 396.300 4572808.290 5306292.550
11611 394.797 4572773.580 5306482.010
11612 394.864 4572773.330 5306445.440
11613 394.970 4572759.590 5306512.450
11614 400.781 4572474.850 5305672.760
11615 400.734 4572497.270 5305672.750
11616 399.520 4572624.850 5305822.760
11617 399.053 4572596.580 5305802.060
11618 399.320 4572574.850 5305772.760
11619 401.985 4572524.850 5305722.760
11620 400.732 4572424.850 5305722.760
11621 403.247 4572382.910 5305727.680
11622 398.367 4573174.850 5307372.760
11623 398.588 4573024.850 5307122.760
11624 398.704 4572974.850 5307072.760
11625 399.093 4572924.850 5307022.760
11626 399.159 4572874.850 5306972.760
11627 399.076 4572824.850 5306922.760
11628 399.807 4572774.850 5306872.760
11629 398.649 4573024.850 5307172.760
11630 398.588 4573124.850 5307322.760
11631 398.727 4573074.850 5307272.760
11632 398.613 4573024.850 5307222.760
11633 398.023 4573174.850 5307422.760
11634 402.520 4573178.700 5307567.730
11635 397.273 4573181.950 5307522.730
11636 398.512 4573174.850 5307472.760
11637 397.973 4572624.850 5308472.760
11638 399.352 4572674.850 5308422.760
11639 401.856 4572699.300 5308415.620
11640 397.994 4572474.850 5308572.760
11641 399.208 4572524.850 5308522.760
11642 398.190 4572574.850 5308472.760
11643 401.089 4572723.500 5306786.700
11644 400.642 4572724.850 5306822.760
11645 401.414 4572698.740 5306814.970
11646 401.036 4572710.040 5306775.940
11647 399.796 4572720.420 5306736.530
11648 396.797 4572730.190 5306696.850
11649 395.480 4572738.470 5306656.550
11650 395.480 4572745.220 5306615.600
11651 395.480 4572745.360 5306579.230
11652 395.142 4572745.590 5306542.890
11653 401.310 4572824.850 5306072.760
11654 400.089 4572624.850 5305872.760
11655 399.840 4572674.850 5305922.760
11656 400.676 4572724.850 5305972.760
11657 400.924 4572774.850 5306022.760
11658 395.122 4572772.970 5306408.800
11659 394.650 4572777.150 5306366.780
11660 401.621 4572824.850 5306122.760
11661 401.808 4572845.130 5306147.860
11662 400.675 4572837.460 5306180.990
11663 400.000 4572830.430 5306214.400
11664 398.000 4572820.090 5306253.800
11665 396.300 4572790.340 5306328.630
11666 398.000 4572802.820 5306290.170
11667 394.905 4572759.390 5306475.910
11668 395.056 4572759.070 5306439.300
11669 394.946 4572745.440 5306506.380
11670 400.316 4572475.290 5305717.570
11671 399.254 4572595.900 5305850.850
11672 399.252 4572574.850 5305822.760
11673 400.732 4572524.850 5305772.760
11674 400.264 4572443.130 5305754.330
11675 403.237 4572363.510 5305773.770
11676 402.518 4573137.770 5307588.560
11677 398.391 4573124.850 5307372.760
11678 398.084 4572974.850 5307122.760
11679 398.754 4572924.850 5307072.760
11680 398.403 4572874.850 5307022.760
11681 399.345 4572824.850 5306972.760
11682 400.391 4572724.850 5306872.760
11683 399.177 4572774.850 5306922.760
11684 397.794 4572974.850 5307172.760
11685 398.651 4573074.850 5307322.760
11686 398.657 4573024.850 5307272.760
11687 398.487 4572974.850 5307222.760
11688 398.337 4573124.850 5307422.760
11689 397.464 4573137.420 5307545.610
11690 398.060 4573124.850 5307522.760
11691 398.335 4573124.850 5307472.760
11692 397.202 4572624.850 5308422.760
11693 401.856 4572676.050 5308385.770
11694 398.658 4572474.850 5308522.760
11695 399.249 4572524.850 5308472.760
11696 398.234 4572574.850 5308422.760
11697 401.437 4572685.350 5306845.480
11698 401.262 4572694.760 5306813.250
11699 400.232 4572705.600 5306774.030
11700 401.430 4572671.950 5306876.000
11701 397.422 4572715.910 5306734.580
11702 395.480 4572724.840 5306694.560
11703 395.480 4572732.270 5306653.900
11704 395.480 4572731.260 5306609.620
11705 395.314 4572731.600 5306573.330
11706 394.986 4572731.490 5306536.850
11707 399.278 4572594.230 5305899.580
11708 400.793 4572774.850 5306072.760
11709 399.807 4572624.850 5305922.760
11710 400.084 4572674.850 5305972.760
11711 400.530 4572724.850 5306022.760
11712 394.520 4572758.700 5306402.640
11713 396.300 4572772.460 5306364.740
11714 400.663 4572774.850 5306122.760
11715 401.781 4572824.850 5306172.760
11716 401.969 4572831.590 5306178.450
11717 400.910 4572824.040 5306211.630
11718 400.000 4572814.210 5306251.230
11719 398.000 4572785.580 5306326.570
11720 400.000 4572797.450 5306287.840
11721 394.990 4572745.180 5306469.800
11722 394.522 4572744.850 5306433.170
11723 394.924 4572731.280 5306500.300
11724 400.965 4572474.850 5305772.760
11725 398.702 4572574.850 5305872.760
11726 400.655 4572524.850 5305822.760
11727 399.765 4572432.200 5305797.610
11728 403.211 4572361.100 5305821.850
11729 402.515 4573088.940 5307583.430
11730 398.441 4573074.850 5307372.760
11731 398.671 4572924.850 5307122.760
11732 401.398 4572658.560 5306906.510
11733 401.355 4572678.000 5306883.400
11734 398.421 4572874.850 5307072.760
11735 399.042 4572824.850 5307022.760
11736 399.050 4572774.850 5306972.760
11737 399.659 4572724.850 5306922.760
11738 398.598 4572924.850 5307172.760
11739 398.615 4573024.850 5307322.760
11740 397.890 4572974.850 5307272.760
11741 398.338 4572924.850 5307222.760
11742 398.201 4573074.850 5307422.760
11743 397.306 4573088.620 5307548.610
11744 398.072 4573074.850 5307522.760
11745 397.871 4573074.850 5307472.760
11746 398.386 4572424.850 5308522.760
11747 396.282 4572624.850 5308372.760
11748 401.856 4572657.960 5308343.710
11749 405.168 4572674.850 5308322.760
11750 398.909 4572474.850 5308472.760
11751 399.226 4572524.850 5308422.760
11752 394.673 4572574.850 5308372.760
11753 401.272 4572681.330 5306843.750
11754 400.893 4572690.780 5306811.540
11755 398.042 4572701.630 5306772.320
11756 401.258 4572667.900 5306874.250
11757 395.480 4572711.210 5306732.570
11758 395.480 4572719.320 5306692.190
11759 395.480 4572717.680 5306647.640
11760 395.486 4572717.600 5306603.770
11761 401.225 4572654.480 5306904.750
11762 395.027 4572717.540 5306567.320
11763 394.858 4572717.380 5306530.790
11764 398.673 4572574.850 5305922.760
11765 398.832 4572598.650 5305948.200
11766 400.606 4572724.850 5306072.760
11767 399.019 4572624.850 5305972.760
11768 400.183 4572674.850 5306022.760
11769 400.294 4572724.850 5306122.760
11770 396.300 4572754.510 5306400.830
11771 398.000 4572768.460 5306363.020
11772 400.986 4572774.850 5306172.760
11773 402.510 4572817.660 5306208.860
11774 400.601 4572808.370 5306248.700
11775 400.000 4572780.740 5306324.470
11776 400.765 4572791.990 5306285.470
11777 394.523 4572731.000 5306463.690
11778 395.444 4572740.910 5306431.470
11779 394.525 4572717.140 5306494.220
11780 400.766 4572474.850 5305822.760
11781 400.098 4572524.850 5305872.760
11782 400.279 4572524.850 5305922.760
11783 400.091 4572424.850 5305822.760
11784 398.989 4572447.260 5305845.320
11785 403.146 4572376.990 5305854.130
11786 402.479 4573040.420 5307572.840
11787 398.233 4573024.850 5307372.760
11788 398.264 4572874.850 5307122.760
11789 401.365 4572645.170 5306937.020
11790 400.599 4572674.850 5306922.760
11791 398.915 4572824.850 5307072.760
11792 398.273 4572774.850 5307022.760
11793 399.543 4572724.850 5306972.760
11794 398.690 4572874.850 5307172.760
11795 398.591 4572974.850 5307322.760
11796 398.467 4572924.850 5307272.760
11797 398.802 4572874.850 5307222.760
11798 398.201 4573024.850 5307422.760
11799 397.226 4573039.690 5307537.700
11800 397.792 4573024.850 5307472.760
11801 398.411 4572424.850 5308472.760
11802 399.423 4572624.850 5308322.760
11803 401.857 4572664.700 5308299.340
11804 401.856 4572655.370 5308261.160
11805 397.763 4572474.850 5308422.760
11806 398.996 4572524.850 5308372.760
11807 394.646 4572574.850 5308322.760
11808 400.839 4572677.330 5306842.030
11809 398.811 4572687.350 5306810.050
11810 396.052 4572697.580 5306770.580
11811 400.767 4572663.890 5306872.520
11812 395.480 4572706.360 5306730.490
11813 395.480 4572704.100 5306685.660
11814 395.403 4572703.350 5306641.490
11815 395.068 4572703.590 5306597.790
11816 401.192 4572641.060 5306935.250
11817 400.682 4572650.440 5306903.010
11818 401.159 4572627.630 5306965.750
11819 394.793 4572703.480 5306561.290
11820 394.527 4572703.290 5306524.750
11821 398.759 4572574.850 5305972.760
11822 398.645 4572596.660 5305996.720
11823 399.486 4572524.850 5305972.760
11824 399.665 4572674.850 5306072.760
11825 399.026 4572624.850 5306022.760
11826 399.517 4572674.850 5306122.760
11827 400.371 4572724.850 5306172.760
11828 398.041 4572751.220 5306399.410
11829 400.000 4572764.210 5306361.180
11830 401.245 4572774.850 5306222.760
11831 401.787 4572802.530 5306246.160
11832 401.042 4572775.670 5306322.280
11833 401.650 4572786.500 5306283.090
11834 400.909 4572724.850 5306222.760
11835 395.531 4572727.310 5306462.110
11836 398.090 4572737.710 5306430.090
11837 395.622 4572713.710 5306492.740
11838 398.133 4572470.060 5305889.970
11839 397.456 4572487.620 5305935.910
11840 403.024 4572419.530 5305871.760
11841 402.477 4572995.480 5307587.360
11842 398.415 4572974.850 5307372.760
11843 401.334 4572631.780 5306967.540
11844 401.128 4572614.210 5306996.250
11845 398.383 4572824.850 5307122.760
11846 400.183 4572674.850 5306972.760
11847 397.360 4572774.850 5307072.760
11848 399.446 4572724.850 5307022.760
11849 398.103 4572824.850 5307172.760
11850 397.971 4572924.850 5307322.760
11851 398.467 4572874.850 5307272.760
11852 398.391 4572824.850 5307222.760
11853 398.154 4572974.850 5307422.760
11854 397.219 4572990.260 5307529.070
11855 399.192 4572974.850 5307572.760
11856 397.822 4572974.850 5307472.760
11857 397.811 4572374.850 5308472.760
11858 397.596 4572424.850 5308422.760
11859 399.663 4572624.850 5308272.760
11860 401.859 4572639.870 5308223.610
11861 399.402 4572474.850 5308372.760
11862 398.606 4572524.850 5308322.760
11863 397.441 4572574.850 5308272.760
11864 398.839 4572673.830 5306840.520
11865 396.563 4572683.950 5306808.590
11866 395.480 4572693.410 5306768.780
11867 398.855 4572660.320 5306870.980
11868 395.480 4572690.530 5306723.670
11869 395.321 4572689.100 5306679.210
11870 395.035 4572688.720 5306635.220
11871 394.727 4572689.580 5306591.790
11872 400.596 4572636.990 5306933.500
11873 398.861 4572646.800 5306901.440
11874 400.511 4572623.540 5306963.990
11875 400.427 4572610.090 5306994.480
11876 394.528 4572689.440 5306555.270
11877 395.722 4572700.110 5306523.380
11878 396.479 4572493.150 5305985.680
11879 398.908 4572574.850 5306022.760
11880 399.915 4572524.850 5306022.760
11881 399.894 4572624.850 5306072.760
11882 398.665 4572589.120 5306044.860
11883 399.537 4572624.850 5306122.760
11884 400.443 4572674.850 5306172.760
11885 400.459 4572747.500 5306397.810
11886 401.275 4572759.610 5306359.190
11887 401.471 4572774.850 5306272.760
11888 401.658 4572770.560 5306320.060
11889 400.178 4572674.850 5306222.760
11890 401.138 4572724.850 5306272.760
11891 398.141 4572724.200 5306460.770
11892 400.393 4572734.040 5306428.510
11893 398.198 4572710.680 5306491.440
11894 401.796 4572424.850 5305972.760
11895 402.501 4572424.850 5305922.760
11896 403.107 4572377.830 5305878.120
11897 397.475 4572924.850 5307572.760
11898 402.432 4572949.690 5307587.830
11899 398.429 4572924.850 5307372.760
11900 401.076 4572601.080 5307026.470
11901 401.305 4572618.380 5306998.050
11902 398.816 4572774.850 5307122.760
11903 398.823 4572674.850 5307022.760
11904 399.309 4572724.850 5307072.760
11905 398.680 4572774.850 5307172.760
11906 398.590 4572874.850 5307322.760
11907 397.560 4572824.850 5307272.760
11908 398.139 4572774.850 5307222.760
11909 398.276 4572924.850 5307422.760
11910 397.357 4572942.830 5307539.030
11911 397.963 4572924.850 5307472.760
11912 397.186 4572324.850 5308472.760
11913 397.546 4572374.850 5308422.760
11914 397.838 4572424.850 5308372.760
11915 401.854 4572611.370 5308208.660
11916 399.498 4572474.850 5308322.760
11917 398.691 4572524.850 5308272.760
11918 400.728 4572574.850 5308222.760
11919 400.363 4572597.100 5307024.770
11920 395.480 4572676.950 5306761.690
11921 396.494 4572670.460 5306839.070
11922 395.480 4572680.460 5306807.080
11923 396.420 4572656.970 5306869.540
11924 395.238 4572674.840 5306716.920
11925 395.001 4572673.840 5306672.660
11926 394.742 4572674.080 5306628.950
11927 394.530 4572675.590 5306585.800
11928 398.868 4572633.290 5306931.910
11929 396.340 4572643.480 5306900.010
11930 398.875 4572619.770 5306962.370
11931 398.883 4572606.260 5306992.840
11932 395.823 4572686.510 5306554.020
11933 398.274 4572697.180 5306522.120
11934 397.152 4572488.020 5306035.650
11935 399.712 4572524.850 5306072.760
11936 398.622 4572573.080 5306090.860
11937 399.904 4572574.850 5306122.760
11938 399.851 4572624.850 5306172.760
11939 400.164 4572624.850 5306222.760
11940 401.547 4572743.290 5306395.990
11941 401.611 4572754.920 5306357.160
11942 401.245 4572724.850 5306322.760
11943 400.472 4572674.850 5306272.760
11944 400.330 4572720.570 5306459.210
11945 401.449 4572729.920 5306426.730
11946 400.275 4572707.110 5306489.910
11947 402.341 4572424.850 5306022.760
11948 402.515 4572374.850 5305972.760
11949 402.933 4572374.850 5305922.760
11950 403.053 4572330.110 5305870.820
11951 397.074 4572898.620 5307562.470
11952 402.420 4572907.430 5307611.330
11953 398.178 4572874.850 5307472.760
11954 398.058 4572874.850 5307372.760
11955 401.296 4572605.130 5307028.200
11956 401.032 4572587.960 5307056.700
11957 400.527 4572624.850 5307022.760
11958 399.374 4572724.850 5307122.760
11959 398.266 4572674.850 5307072.760
11960 398.600 4572724.850 5307172.760
11961 397.359 4572824.850 5307322.760
11962 397.311 4572774.850 5307272.760
11963 398.524 4572724.850 5307222.760
11964 398.274 4572874.850 5307422.760
11965 398.169 4572874.850 5307522.760
11966 397.984 4572324.850 5308422.760
11967 397.837 4572374.850 5308372.760
11968 398.079 4572424.850 5308322.760
11969 401.912 4572580.510 5308178.960
11970 399.520 4572474.850 5308272.760
11971 399.074 4572524.850 5308222.760
11972 401.908 4572570.060 5308139.970
11973 400.305 4572584.100 5307055.070
11974 398.852 4572593.400 5307023.200
11975 395.155 4572660.590 5306754.640
11976 395.480 4572663.380 5306799.710
11977 394.735 4572666.920 5306837.530
11978 394.740 4572653.370 5306867.990
11979 394.968 4572658.960 5306710.090
11980 394.757 4572658.580 5306666.110
11981 394.526 4572659.470 5306622.680
11982 395.920 4572672.890 5306584.650
11983 396.261 4572629.980 5306930.490
11984 394.745 4572639.830 5306898.440
11985 396.182 4572616.490 5306960.960
11986 396.103 4572603.000 5306991.440
11987 398.350 4572683.650 5306552.790
11988 400.251 4572693.650 5306520.610
11989 397.784 4572478.970 5306085.040
11990 401.945 4572424.850 5306072.760
11991 399.172 4572524.850 5306122.760
11992 398.618 4572551.480 5306134.470
11993 400.363 4572574.850 5306172.760
11994 399.639 4572574.850 5306222.760
11995 399.761 4572624.850 5306272.760
11996 401.616 4572738.970 5306394.130
11997 401.364 4572724.850 5306372.760
11998 400.776 4572674.850 5306322.760
11999 401.355 4572716.540 5306457.470
12000 401.566 4572725.720 5306424.920
12001 401.272 4572703.160 5306488.210
12002 401.344 4572374.850 5306022.760
12003 402.267 4572324.850 5305972.760
12004 402.846 4572308.610 5305923.850
12005 402.264 4572793.840 5307840.370
12006 397.099 4572855.240 5307587.640
12007 402.378 4572869.190 5307641.530
12008 402.339 4572833.160 5307673.860
12009 398.382 4572824.850 5307472.760
12010 397.879 4572824.850 5307372.760
12011 401.298 4572591.870 5307058.360
12012 400.993 4572574.840 5307086.920
12013 400.406 4572624.850 5307072.760
12014 397.887 4572674.850 5307122.760
12015 397.785 4572674.850 5307172.760
12016 398.276 4572774.850 5307322.760
12017 398.821 4572724.850 5307272.760
12018 398.001 4572674.850 5307222.760
12019 398.092 4572824.850 5307422.760
12020 400.950 4572561.710 5307117.140
12021 400.252 4572571.110 5307085.360
12022 398.168 4572824.850 5307522.760
12023 397.657 4572824.850 5307572.760
12024 397.893 4572274.850 5308422.760
12025 398.151 4572324.850 5308372.760
12026 398.122 4572374.850 5308322.760
12027 398.459 4572424.850 5308272.760
12028 399.148 4572524.850 5308172.760
12029 398.043 4572474.850 5308222.760
12030 397.979 4572224.850 5308422.760
12031 401.933 4572539.550 5308110.450
12032 402.142 4572602.510 5307994.300
12033 402.161 4572636.450 5307970.030
12034 402.164 4572660.350 5307926.360
12035 402.232 4572697.340 5307894.170
12036 398.825 4572580.540 5307053.560
12037 396.242 4572590.170 5307021.820
12038 394.934 4572644.090 5306747.530
12039 395.073 4572646.340 5306792.360
12040 394.783 4572649.870 5306830.180
12041 394.746 4572636.360 5306860.660
12042 394.772 4572643.080 5306703.260
12043 394.522 4572643.350 5306659.560
12044 395.822 4572656.640 5306621.470
12045 398.422 4572670.100 5306583.450
12046 394.750 4572626.290 5306928.890
12047 394.708 4572622.850 5306891.130
12048 394.755 4572612.740 5306959.350
12049 394.760 4572599.200 5306989.800
12050 400.226 4572680.170 5306551.300
12051 401.230 4572689.800 5306518.950
12052 402.746 4572374.850 5306072.760
12053 397.900 4572460.070 5306131.590
12054 399.907 4572424.850 5306122.760
12055 398.689 4572522.070 5306173.370
12056 399.238 4572474.850 5306172.760
12057 399.887 4572524.850 5306222.760
12058 399.479 4572574.850 5306272.760
12059 400.166 4572624.850 5306322.760
12060 401.556 4572720.500 5306421.300
12061 401.023 4572674.850 5306372.760
12062 401.522 4572712.460 5306455.720
12063 401.491 4572699.190 5306486.510
12064 401.826 4572324.850 5306022.760
12065 402.019 4572274.850 5305972.760
12066 402.557 4572275.660 5305938.750
12067 402.264 4572767.120 5307839.220
12068 402.264 4572794.400 5307802.320
12069 402.316 4572811.610 5307718.970
12070 402.294 4572790.130 5307764.070
12071 397.076 4572818.300 5307621.420
12072 396.922 4572794.870 5307665.550
12073 398.404 4572774.850 5307472.760
12074 396.955 4572774.850 5307372.760
12075 401.307 4572578.620 5307088.510
12076 400.018 4572624.850 5307122.760
12077 401.310 4572565.350 5307118.660
12078 401.326 4572552.140 5307148.830
12079 398.478 4572624.850 5307172.760
12080 398.210 4572724.850 5307322.760
12081 399.238 4572674.850 5307272.760
12082 398.287 4572624.850 5307222.760
12083 398.371 4572774.850 5307422.760
12084 400.918 4572548.620 5307147.380
12085 400.195 4572558.110 5307115.640
12086 398.800 4572567.680 5307083.910
12087 397.579 4572774.850 5307522.760
12088 397.309 4572774.850 5307572.760
12089 398.166 4572274.850 5308372.760
12090 398.223 4572324.850 5308322.760
12091 398.306 4572374.850 5308272.760
12092 398.385 4572424.850 5308222.760
12093 397.178 4572474.850 5308172.760
12094 399.573 4572474.850 5308122.760
12095 397.928 4572224.850 5308372.760
12096 402.004 4572542.830 5308062.980
12097 398.515 4572474.850 5308072.760
12098 402.068 4572566.770 5308019.760
12099 397.052 4572574.850 5307972.760
12100 402.246 4572730.920 5307859.700
12101 396.881 4572724.850 5307822.760
12102 396.870 4572624.850 5307922.760
12103 396.969 4572674.850 5307872.760
12104 396.384 4572577.340 5307052.200
12105 394.750 4572586.630 5307020.300
12106 394.787 4572627.580 5306740.420
12107 394.901 4572629.210 5306784.960
12108 395.002 4572632.860 5306822.840
12109 394.932 4572619.380 5306853.330
12110 394.518 4572627.230 5306696.440
12111 395.728 4572640.390 5306658.290
12112 398.266 4572653.810 5306620.260
12113 400.195 4572666.640 5306581.980
12114 394.671 4572609.340 5306921.600
12115 394.862 4572605.900 5306883.820
12116 394.634 4572595.840 5306952.070
12117 394.596 4572582.330 5306982.550
12118 401.515 4572685.950 5306517.310
12119 401.190 4572676.390 5306549.680
12120 401.646 4572324.850 5306072.760
12121 400.656 4572374.850 5306122.760
12122 397.900 4572449.750 5306179.420
12123 399.103 4572424.850 5306172.760
12124 398.602 4572493.710 5306212.990
12125 399.947 4572524.850 5306272.760
12126 399.852 4572574.850 5306322.760
12127 400.254 4572624.850 5306372.760
12128 401.127 4572674.850 5306422.760
12129 401.122 4572674.850 5306472.760
12130 401.337 4572674.850 5306522.760
12131 401.766 4572274.850 5306022.760
12132 402.328 4572252.410 5305983.010
12133 397.065 4572720.310 5307794.810
12134 397.031 4572774.510 5307711.370
12135 397.175 4572743.140 5307750.090
12136 397.003 4572774.850 5307672.760
12137 397.603 4572774.850 5307622.760
12138 398.085 4572724.850 5307472.760
12139 398.071 4572724.850 5307372.760
12140 400.850 4572574.850 5307122.760
12141 401.360 4572538.990 5307179.030
12142 399.732 4572574.850 5307172.760
12143 399.034 4572674.850 5307322.760
12144 398.598 4572624.850 5307272.760
12145 399.866 4572574.850 5307222.760
12146 397.726 4572724.850 5307422.760
12147 400.898 4572535.590 5307177.640
12148 400.145 4572545.140 5307145.950
12149 398.773 4572554.820 5307114.270
12150 396.527 4572564.510 5307082.580
12151 397.260 4572724.850 5307522.760
12152 397.426 4572724.850 5307572.760
12153 397.934 4572274.850 5308322.760
12154 398.203 4572324.850 5308272.760
12155 398.014 4572374.850 5308222.760
12156 398.405 4572424.850 5308172.760
12157 397.300 4572424.850 5308122.760
12158 397.932 4572174.850 5308372.760
12159 398.140 4572224.850 5308322.760
12160 396.555 4572387.760 5308096.180
12161 396.701 4572426.190 5308064.000
12162 397.239 4572508.210 5308006.200
12163 397.068 4572468.230 5308036.590
12164 396.825 4572545.990 5307973.290
12165 397.546 4572524.850 5307972.760
12166 396.671 4572579.140 5307935.610
12167 396.983 4572609.400 5307895.570
12168 397.048 4572683.270 5307827.990
12169 397.311 4572645.510 5307861.050
12170 394.740 4572574.060 5307050.810
12171 394.595 4572569.610 5307013.050
12172 394.514 4572611.110 5306733.320
12173 394.802 4572612.080 5306777.570
12174 394.843 4572615.780 5306815.480
12175 394.786 4572602.340 5306845.990
12176 395.636 4572624.130 5306695.110
12177 398.118 4572637.530 5306657.060
12178 400.114 4572650.440 5306618.810
12179 401.140 4572662.940 5306580.390
12180 394.792 4572592.420 5306914.310
12181 394.729 4572588.910 5306876.510
12182 394.721 4572578.940 5306944.800
12183 394.651 4572565.460 5306975.290
12184 401.539 4572672.650 5306548.080
12185 401.587 4572274.850 5306072.760
12186 402.508 4572324.850 5306122.760
12187 399.538 4572374.850 5306172.760
12188 397.900 4572449.000 5306229.260
12189 398.954 4572424.850 5306222.760
12190 399.212 4572474.850 5306272.760
12191 399.988 4572524.850 5306322.760
12192 399.921 4572574.850 5306372.760
12193 400.428 4572624.850 5306422.760
12194 400.512 4572624.850 5306472.760
12195 400.656 4572624.850 5306522.760
12196 402.028 4572145.130 5305921.390
12197 402.028 4572163.960 5305958.020
12198 401.365 4572224.850 5306072.760
12199 402.312 4572229.920 5306027.650
12200 398.271 4572674.850 5307772.760
12201 397.635 4572724.850 5307722.760
12202 397.802 4572724.850 5307672.760
12203 398.336 4572724.850 5307622.760
12204 397.966 4572674.850 5307472.760
12205 398.603 4572674.850 5307372.760
12206 401.181 4572524.020 5307213.670
12207 401.013 4572526.600 5307228.700
12208 399.150 4572624.850 5307322.760
12209 399.581 4572574.850 5307272.760
12210 398.398 4572674.850 5307422.760
12211 400.785 4572520.140 5307212.780
12212 400.105 4572532.200 5307176.260
12213 398.751 4572541.980 5307144.640
12214 396.669 4572551.680 5307112.970
12215 394.730 4572561.490 5307081.310
12216 398.356 4572674.850 5307522.760
12217 398.665 4572674.850 5307572.760
12218 398.443 4572274.850 5308272.760
12219 398.059 4572324.850 5308222.760
12220 397.549 4572374.850 5308172.760
12221 396.591 4572374.850 5308122.760
12222 398.150 4572124.850 5308372.760
12223 398.362 4572174.850 5308322.760
12224 398.477 4572224.850 5308272.760
12225 396.767 4572374.850 5308072.760
12226 398.158 4572424.850 5308022.760
12227 398.148 4572474.850 5307972.760
12228 397.798 4572524.850 5307922.760
12229 397.923 4572574.850 5307872.760
12230 397.349 4572624.850 5307822.760
12231 394.594 4572556.890 5307043.550
12232 394.624 4572552.590 5307005.790
12233 395.546 4572607.880 5306731.930
12234 394.510 4572594.990 5306770.200
12235 394.759 4572598.690 5306808.110
12236 394.715 4572585.300 5306838.650
12237 397.975 4572621.250 5306693.860
12238 400.045 4572634.250 5306655.650
12239 401.146 4572646.800 5306617.250
12240 401.552 4572659.290 5306578.830
12241 394.671 4572575.470 5306907.020
12242 394.671 4572571.900 5306869.180
12243 394.614 4572562.040 5306937.540
12244 394.557 4572548.610 5306968.050
12245 400.833 4572624.850 5306572.760
12246 401.320 4572274.850 5306122.760
12247 400.344 4572324.850 5306172.760
12248 399.296 4572374.850 5306222.760
12249 397.883 4572433.230 5306270.580
12250 399.620 4572474.850 5306322.760
12251 399.627 4572524.850 5306372.760
12252 399.978 4572574.850 5306422.760
12253 399.938 4572574.850 5306472.760
12254 399.920 4572574.850 5306522.760
12255 402.028 4572107.840 5305927.420
12256 401.805 4572124.850 5305972.760
12257 402.027 4572168.020 5305992.550
12258 403.743 4572174.850 5306022.760
12259 401.088 4572224.850 5306122.760
12260 402.281 4572203.700 5306069.350
12261 397.422 4572624.850 5307772.760
12262 398.640 4572674.850 5307722.760
12263 397.655 4572674.850 5307672.760
12264 398.254 4572674.850 5307622.760
12265 398.983 4572624.850 5307472.760
12266 398.820 4572624.850 5307372.760
12267 401.073 4572507.580 5307250.460
12268 400.141 4572524.850 5307272.760
12269 399.363 4572574.850 5307322.760
12270 398.591 4572624.850 5307422.760
12271 400.729 4572503.560 5307249.580
12272 400.015 4572516.300 5307211.890
12273 398.735 4572529.150 5307175.010
12274 396.813 4572538.850 5307143.350
12275 394.720 4572548.920 5307111.810
12276 394.593 4572544.170 5307074.050
12277 398.577 4572624.850 5307522.760
12278 397.999 4572624.850 5307572.760
12279 398.529 4572274.850 5308222.760
12280 398.197 4572324.850 5308172.760
12281 396.635 4572339.460 5308104.500
12282 398.280 4572124.850 5308322.760
12283 398.541 4572174.850 5308272.760
12284 398.574 4572224.850 5308222.760
12285 398.060 4572074.850 5308322.760
12286 397.772 4572324.850 5308072.760
12287 397.362 4572374.850 5308022.760
12288 397.198 4572424.850 5307972.760
12289 398.144 4572474.850 5307922.760
12290 397.603 4572524.850 5307872.760
12291 398.136 4572574.850 5307822.760
12292 394.598 4572539.720 5307036.290
12293 394.510 4572535.590 5306998.550
12294 397.836 4572604.960 5306730.670
12295 395.459 4572591.640 5306768.750
12296 394.538 4572581.640 5306800.760
12297 394.567 4572568.290 5306831.320
12298 399.985 4572618.040 5306692.490
12299 401.168 4572630.670 5306654.110
12300 401.466 4572643.310 5306615.490
12301 401.013 4572624.850 5306622.760
12302 394.627 4572558.510 5306899.720
12303 394.595 4572554.930 5306861.880
12304 394.584 4572545.120 5306930.250
12305 394.540 4572531.730 5306960.790
12306 400.205 4572574.850 5306572.760
12307 402.030 4572274.850 5306172.760
12308 399.544 4572324.850 5306222.760
12309 399.262 4572374.850 5306272.760
12310 397.894 4572415.270 5306311.080
12311 399.325 4572474.850 5306372.760
12312 399.333 4572524.850 5306422.760
12313 399.508 4572524.850 5306472.760
12314 399.639 4572524.850 5306522.760
12315 402.028 4572092.630 5305971.650
12316 401.640 4572124.850 5306022.760
12317 402.034 4572151.200 5306039.610
12318 400.907 4572224.850 5306172.760
12319 401.385 4572174.850 5306122.760
12320 402.272 4572168.520 5306099.730
12321 398.351 4572574.850 5307772.760
12322 398.442 4572624.850 5307722.760
12323 398.525 4572624.850 5307672.760
12324 398.374 4572624.850 5307622.760
12325 398.801 4572574.850 5307472.760
12326 399.173 4572574.850 5307372.760
12327 401.057 4572489.490 5307289.500
12328 399.498 4572524.850 5307322.760
12329 399.083 4572574.850 5307422.760
12330 400.748 4572485.690 5307288.140
12331 399.967 4572499.580 5307248.720
12332 398.638 4572512.830 5307211.090
12333 396.960 4572526.040 5307173.740
12334 394.571 4572526.850 5307066.790
12335 394.710 4572536.350 5307142.320
12336 394.592 4572531.450 5307104.550
12337 398.571 4572574.850 5307522.760
12338 400.716 4572574.850 5307572.760
12339 397.198 4572274.850 5308172.760
12340 396.571 4572290.660 5308114.170
12341 397.149 4572224.850 5308172.760
12342 398.444 4572124.850 5308272.760
12343 396.631 4572174.850 5308222.760
12344 396.674 4572055.120 5308293.240
12345 397.558 4572274.850 5308072.760
12346 398.041 4572324.850 5308022.760
12347 398.295 4572374.850 5307972.760
12348 397.557 4572424.850 5307922.760
12349 397.805 4572474.850 5307872.760
12350 398.485 4572524.850 5307822.760
12351 394.464 4572522.570 5307029.040
12352 394.492 4572518.570 5306991.290
12353 399.930 4572601.840 5306729.320
12354 397.701 4572588.690 5306767.480
12355 395.577 4572578.350 5306799.340
12356 395.695 4572565.070 5306829.930
12357 401.203 4572614.530 5306690.980
12358 401.403 4572627.350 5306652.160
12359 400.426 4572574.850 5306622.760
12360 394.623 4572541.580 5306892.430
12361 395.811 4572551.790 5306860.520
12362 394.652 4572528.230 5306922.990
12363 394.680 4572514.880 5306953.550
12364 399.920 4572524.850 5306572.760
12365 401.027 4572274.850 5306222.760
12366 398.957 4572324.850 5306272.760
12367 397.652 4572383.010 5306340.450
12368 400.837 4572224.850 5306222.760
12369 399.759 4572424.850 5306372.760
12370 398.966 4572474.850 5306422.760
12371 399.172 4572474.850 5306472.760
12372 399.536 4572474.850 5306522.760
12373 401.671 4572074.850 5306022.760
12374 402.029 4572050.870 5305990.100
12375 402.113 4572134.210 5306086.620
12376 401.304 4572074.850 5306072.760
12377 400.882 4572174.850 5306172.760
12378 402.272 4572143.560 5306142.990
12379 398.332 4572524.850 5307772.760
12380 398.722 4572574.850 5307722.760
12381 397.099 4572574.850 5307672.760
12382 397.784 4572574.850 5307622.760
12383 398.944 4572524.850 5307472.760
12384 401.047 4572470.360 5307331.270
12385 399.442 4572524.850 5307372.760
12386 401.009 4572482.300 5307326.700
12387 398.873 4572524.850 5307422.760
12388 401.090 4572454.700 5307365.000
12389 400.776 4572467.010 5307328.820
12390 399.972 4572481.950 5307286.800
12391 398.567 4572495.990 5307247.930
12392 396.838 4572509.320 5307210.290
12393 394.700 4572523.780 5307172.820
12394 394.418 4572509.540 5307059.540
12395 394.544 4572513.980 5307097.290
12396 394.591 4572518.730 5307135.050
12397 398.887 4572524.850 5307522.760
12398 399.250 4572524.850 5307572.760
12399 396.762 4572083.540 5308251.880
12400 396.745 4572244.470 5308133.530
12401 396.862 4572200.700 5308158.140
12402 396.400 4572121.140 5308219.140
12403 396.770 4572160.090 5308187.440
12404 399.800 4571974.850 5308272.760
12405 398.747 4572024.850 5308272.760
12406 398.291 4572224.850 5308072.760
12407 397.785 4572274.850 5308022.760
12408 398.326 4572324.850 5307972.760
12409 398.621 4572374.850 5307922.760
12410 398.345 4572424.850 5307872.760
12411 398.257 4572474.850 5307822.760
12412 394.443 4572505.400 5307021.790
12413 394.648 4572501.560 5306984.040
12414 401.245 4572598.390 5306727.840
12415 399.881 4572585.670 5306766.170
12416 397.727 4572575.400 5306798.070
12417 397.750 4572562.120 5306828.660
12418 401.355 4572611.380 5306688.820
12419 400.582 4572574.850 5306672.760
12420 399.877 4572524.850 5306622.760
12421 395.923 4572538.520 5306891.110
12422 397.771 4572548.850 5306859.250
12423 396.037 4572525.240 5306921.710
12424 396.151 4572511.960 5306952.300
12425 399.560 4572474.850 5306572.760
12426 398.602 4572274.850 5306272.760
12427 398.979 4572374.850 5306372.760
12428 398.498 4572324.850 5306322.760
12429 397.423 4572347.070 5306366.350
12430 401.150 4572224.850 5306272.760
12431 400.770 4572174.850 5306222.760
12432 398.872 4572424.850 5306422.760
12433 399.315 4572424.850 5306472.760
12434 399.677 4572424.850 5306522.760
12435 401.784 4572024.850 5306022.760
12436 402.027 4572008.770 5305966.230
12437 402.027 4571961.790 5305953.670
12438 402.132 4572116.060 5306133.210
12439 401.220 4572024.850 5306072.760
12440 400.857 4572074.850 5306122.760
12441 400.661 4572124.850 5306222.760
12442 402.261 4572121.490 5306187.680
12443 398.603 4572474.850 5307772.760
12444 398.387 4572524.850 5307722.760
12445 398.491 4572524.850 5307672.760
12446 398.674 4572524.850 5307622.760
12447 398.993 4572474.850 5307472.760
12448 399.440 4572474.850 5307372.760
12449 398.505 4572474.850 5307422.760
12450 400.954 4572436.380 5307401.350
12451 400.834 4572451.030 5307363.240
12452 399.985 4572463.730 5307326.430
12453 398.529 4572478.560 5307285.580
12454 396.726 4572492.390 5307247.150
12455 394.572 4572506.630 5307209.660
12456 394.590 4572506.010 5307165.550
12457 394.395 4572492.240 5307052.280
12458 394.372 4572496.520 5307090.030
12459 394.518 4572501.110 5307127.790
12460 398.720 4572474.850 5307522.760
12461 398.757 4572474.850 5307572.760
12462 399.287 4571934.200 5308238.240
12463 396.817 4572074.850 5308222.760
12464 398.373 4572174.850 5308122.760
12465 397.735 4572124.850 5308172.760
12466 399.800 4571974.850 5308222.760
12467 399.698 4571953.690 5308211.010
12468 399.325 4572024.850 5308222.760
12469 398.683 4572174.850 5308072.760
12470 398.157 4572224.850 5308022.760
12471 398.211 4572274.850 5307972.760
12472 398.667 4572324.850 5307922.760
12473 398.833 4572374.850 5307872.760
12474 398.564 4572424.850 5307822.760
12475 394.617 4572488.240 5307014.530
12476 396.282 4572498.930 5306983.000
12477 401.317 4572595.400 5306725.480
12478 401.294 4572582.290 5306764.720
12479 399.810 4572572.400 5306796.770
12480 399.736 4572559.140 5306827.370
12481 400.660 4572574.850 5306722.760
12482 400.014 4572524.850 5306672.760
12483 399.567 4572474.850 5306622.760
12484 397.786 4572535.580 5306889.840
12485 399.659 4572545.890 5306857.970
12486 397.801 4572522.300 5306920.440
12487 397.820 4572509.020 5306951.030
12488 399.395 4572424.850 5306572.760
12489 399.178 4572274.850 5306322.760
12490 398.862 4572355.770 5306417.220
12491 397.310 4572324.850 5306372.760
12492 399.963 4572224.850 5306322.760
12493 401.746 4572174.850 5306272.760
12494 398.885 4572374.180 5306466.200
12495 398.950 4572380.800 5306517.820
12496 401.468 4571974.850 5306022.760
12497 402.028 4571912.300 5305955.230
12498 402.026 4572079.100 5306161.610
12499 400.798 4571974.850 5306072.760
12500 401.136 4572024.850 5306122.760
12501 400.431 4572124.850 5306272.760
12502 402.237 4572088.880 5306223.040
12503 398.777 4572424.850 5307772.760
12504 398.607 4572474.850 5307722.760
12505 398.752 4572474.850 5307672.760
12506 398.895 4572474.850 5307622.760
12507 399.739 4572424.850 5307472.760
12508 400.872 4572417.900 5307437.620
12509 400.721 4572432.700 5307399.560
12510 400.018 4572447.450 5307361.530
12511 398.497 4572460.740 5307324.240
12512 396.628 4572475.190 5307284.370
12513 394.491 4572488.240 5307158.290
12514 394.444 4572489.480 5307246.500
12515 394.518 4572488.980 5307202.200
12516 394.585 4572474.920 5307045.030
12517 394.346 4572479.070 5307082.780
12518 394.326 4572483.500 5307120.530
12519 398.741 4572424.850 5307522.760
12520 399.029 4572424.850 5307572.760
12521 400.645 4572379.000 5307531.200
12522 399.321 4571931.100 5308236.070
12523 398.686 4572074.850 5308172.760
12524 398.705 4572124.850 5308122.760
12525 399.749 4571973.140 5308183.760
12526 399.572 4571950.560 5308208.820
12527 399.800 4572024.850 5308172.760
12528 399.549 4571992.560 5308156.470
12529 399.016 4572074.850 5308072.760
12530 398.806 4572124.850 5308072.760
12531 398.661 4572174.850 5308022.760
12532 398.215 4572224.850 5307972.760
12533 398.797 4572274.850 5307922.760
12534 398.839 4572324.850 5307872.760
12535 398.919 4572374.850 5307822.760
12536 396.454 4572484.700 5307013.060
12537 398.175 4572496.200 5306981.910
12538 401.288 4572579.480 5306762.160
12539 401.205 4572569.060 5306795.330
12540 401.113 4572555.840 5306825.950
12541 401.264 4572561.340 5306766.620
12542 399.864 4572524.850 5306722.760
12543 399.576 4572474.850 5306672.760
12544 399.043 4572424.850 5306622.760
12545 399.573 4572532.650 5306888.580
12546 401.015 4572542.630 5306856.570
12547 399.487 4572519.400 5306919.190
12548 399.406 4572506.140 5306949.790
12549 398.970 4572391.220 5306568.780
12550 398.893 4572274.850 5306372.760
12551 399.139 4572324.850 5306422.760
12552 397.196 4572304.750 5306393.690
12553 399.655 4572224.850 5306372.760
12554 401.315 4572174.850 5306322.760
12555 399.822 4572324.850 5306472.760
12556 399.559 4572324.850 5306522.760
12557 401.310 4571924.850 5306022.760
12558 402.024 4571863.800 5305960.940
12559 400.873 4571924.850 5306072.760
12560 402.029 4572061.920 5306206.850
12561 400.820 4572024.850 5306172.760
12562 400.741 4571974.850 5306122.760
12563 401.757 4572124.850 5306322.760
12564 400.203 4572074.850 5306272.760
12565 402.214 4572051.160 5306251.340
12566 399.035 4572374.850 5307772.760
12567 398.922 4572424.850 5307722.760
12568 399.103 4572424.850 5307672.760
12569 399.123 4572424.850 5307622.760
12570 400.799 4572399.380 5307473.880
12571 400.651 4572414.240 5307435.810
12572 400.001 4572429.100 5307397.800
12573 398.479 4572444.180 5307359.970
12574 396.533 4572457.800 5307322.090
12575 394.316 4572472.340 5307283.350
12576 394.279 4572470.480 5307151.020
12577 394.439 4572471.320 5307194.740
12578 394.447 4572471.950 5307238.850
12579 396.650 4572469.850 5307042.670
12580 394.553 4572461.590 5307075.520
12581 394.298 4572465.910 5307113.280
12582 400.730 4572380.860 5307510.130
12583 399.158 4572374.850 5307572.760
12584 400.682 4572362.350 5307546.390
12585 399.307 4571928.020 5308233.910
12586 398.997 4572074.850 5308122.760
12587 399.800 4572024.850 5308122.760
12588 399.543 4571969.980 5308181.540
12589 399.433 4571947.420 5308206.630
12590 399.492 4572011.920 5308129.150
12591 399.320 4571989.370 5308154.240
12592 400.260 4572051.540 5308075.160
12593 400.047 4572070.050 5308045.690
12594 399.029 4572124.850 5308022.760
12595 398.660 4572174.850 5307972.760
12596 399.835 4572125.700 5307979.300
12597 398.725 4572174.850 5307922.760
12598 398.902 4572224.850 5307922.760
12599 398.964 4572274.850 5307872.760
12600 398.920 4572324.850 5307822.760
12601 398.614 4572480.930 5307011.490
12602 399.579 4572493.660 5306980.900
12603 401.231 4572566.160 5306792.960
12604 401.170 4572552.870 5306823.770
12605 400.294 4572524.850 5306772.760
12606 399.614 4572474.850 5306722.760
12607 398.924 4572424.850 5306672.760
12608 398.663 4572392.510 5306621.000
12609 400.905 4572529.430 5306887.200
12610 401.102 4572539.590 5306854.590
12611 400.796 4572516.220 5306917.830
12612 400.693 4572503.010 5306948.450
12613 398.994 4572324.850 5306572.760
12614 397.547 4572261.840 5306420.110
12615 398.063 4572224.850 5306422.760
12616 399.099 4572174.850 5306372.760
12617 399.694 4572274.850 5306472.760
12618 399.281 4572274.850 5306522.760
12619 400.482 4572124.850 5306372.760
12620 401.304 4571874.850 5306022.760
12621 402.023 4571816.790 5305976.810
12622 401.192 4571874.850 5306072.760
12623 400.436 4571924.850 5306122.760
12624 400.203 4572024.850 5306222.760
12625 400.561 4571974.850 5306172.760
12626 400.906 4572074.850 5306322.760
12627 400.821 4572024.850 5306272.760
12628 399.064 4572324.850 5307772.760
12629 399.153 4572374.850 5307722.760
12630 399.337 4572374.850 5307672.760
12631 399.409 4572374.850 5307622.760
12632 400.588 4572395.760 5307472.040
12633 400.014 4572410.650 5307434.020
12634 398.387 4572425.850 5307396.220
12635 394.375 4572454.920 5307275.500
12636 396.446 4572441.000 5307358.440
12637 394.188 4572455.190 5307320.190
12638 394.250 4572452.740 5307143.780
12639 394.257 4572453.670 5307187.280
12640 394.387 4572454.400 5307231.200
12641 399.101 4572464.340 5307040.120
12642 396.790 4572456.470 5307073.230
12643 394.522 4572448.270 5307106.010
12644 400.527 4572377.280 5307508.280
12645 400.603 4572343.420 5307582.220
12646 400.483 4572358.800 5307544.520
12647 397.841 4571925.210 5308231.940
12648 399.712 4572031.550 5308102.020
12649 399.360 4571966.800 5308179.320
12650 398.024 4571944.520 5308204.590
12651 399.149 4571986.160 5308152.000
12652 399.207 4572008.720 5308126.910
12653 399.666 4572048.120 5308072.770
12654 399.993 4572089.240 5308016.650
12655 399.583 4572066.780 5308043.440
12656 400.064 4572108.950 5307987.970
12657 400.110 4572128.730 5307959.340
12658 400.172 4572148.400 5307930.630
12659 400.253 4572167.900 5307901.800
12660 399.166 4572224.850 5307872.760
12661 398.915 4572274.850 5307822.760
12662 399.283 4572224.850 5307822.760
12663 399.098 4572274.850 5307772.760
12664 399.875 4572477.540 5307010.080
12665 400.610 4572490.690 5306979.720
12666 400.388 4572524.850 5306822.760
12667 399.721 4572474.850 5306772.760
12668 398.652 4572424.850 5306722.760
12669 397.899 4572404.660 5306723.920
12670 397.679 4572392.870 5306673.140
12671 399.181 4572324.850 5306622.760
12672 401.018 4572526.320 5306885.410
12673 401.070 4572524.850 5306872.760
12674 400.936 4572513.040 5306916.230
12675 400.861 4572499.750 5306947.040
12676 398.459 4572274.850 5306572.760
12677 397.567 4572218.180 5306445.070
12678 399.311 4572174.850 5306422.760
12679 398.465 4572224.850 5306472.760
12680 400.064 4572224.850 5306522.760
12681 398.557 4572124.850 5306422.760
12682 401.702 4572074.850 5306372.760
12683 401.302 4571824.850 5306022.760
12684 402.021 4571770.330 5305995.200
12685 401.118 4571824.850 5306072.760
12686 400.410 4571874.850 5306122.760
12687 400.591 4571924.850 5306172.760
12688 400.412 4571974.850 5306222.760
12689 401.619 4572024.850 5306322.760
12690 400.353 4571974.850 5306272.760
12691 399.219 4572324.850 5307722.760
12692 400.326 4572325.600 5307632.200
12693 400.033 4572280.900 5307722.400
12694 399.017 4572324.850 5307672.760
12695 400.547 4572324.480 5307618.060
12696 400.514 4572305.550 5307653.890
12697 400.033 4572392.180 5307470.230
12698 398.315 4572407.460 5307432.430
12699 396.263 4572422.740 5307394.700
12700 394.334 4572437.480 5307267.650
12701 394.304 4572437.890 5307312.150
12702 394.060 4572438.040 5307357.030
12703 394.490 4572434.950 5307136.500
12704 394.226 4572436.040 5307179.840
12705 394.234 4572436.870 5307223.550
12706 400.242 4572459.530 5307037.890
12707 399.476 4572450.800 5307070.700
12708 396.932 4572443.240 5307103.850
12709 400.053 4572373.720 5307506.440
12710 400.393 4572339.870 5307580.320
12711 400.085 4572355.260 5307542.650
12712 395.855 4571922.570 5308230.100
12713 399.310 4572028.280 5308099.740
12714 398.082 4571963.820 5308177.230
12715 395.830 4571941.930 5308202.780
12716 398.056 4571983.110 5308149.870
12717 399.018 4572005.490 5308124.660
12718 399.239 4572044.650 5308070.330
12719 399.623 4572085.970 5308014.460
12720 399.216 4572063.480 5308041.170
12721 399.759 4572105.570 5307985.750
12722 399.877 4572125.220 5307957.070
12723 400.303 4572187.860 5307866.550
12724 400.007 4572144.790 5307928.340
12725 400.152 4572164.220 5307899.520
12726 400.383 4572207.810 5307831.300
12727 400.471 4572227.770 5307796.060
12728 400.553 4572247.730 5307760.810
12729 400.625 4572267.680 5307725.560
12730 400.697 4572473.400 5307008.370
12731 400.706 4572487.640 5306978.510
12732 399.750 4572474.850 5306822.760
12733 398.230 4572423.800 5306772.330
12734 398.276 4572374.850 5306722.760
12735 399.201 4572324.850 5306672.760
12736 399.738 4572274.850 5306622.760
12737 399.346 4572461.550 5306869.190
12738 400.536 4572474.850 5306922.760
12739 400.779 4572474.850 5306972.760
12740 399.689 4572224.850 5306572.760
12741 396.990 4572178.800 5306476.140
12742 398.981 4572174.850 5306522.760
12743 398.772 4572124.850 5306472.760
12744 400.382 4572074.850 5306422.760
12745 402.132 4572024.850 5306372.760
12746 401.524 4571774.850 5306022.760
12747 402.019 4571726.590 5305994.640
12748 400.775 4571774.850 5306072.760
12749 400.207 4571824.850 5306122.760
12750 400.320 4571874.850 5306172.760
12751 400.077 4571924.850 5306222.760
12752 401.338 4571974.850 5306322.760
12753 400.409 4571924.850 5306272.760
12754 400.540 4572286.610 5307689.730
12755 400.322 4572320.940 5307616.120
12756 400.267 4572302.010 5307651.920
12757 398.247 4572389.050 5307468.650
12758 396.089 4572404.450 5307430.940
12759 394.034 4572419.750 5307393.240
12760 394.211 4572420.060 5307259.810
12761 394.282 4572420.570 5307304.110
12762 394.232 4572420.860 5307348.810
12763 397.085 4572429.920 5307134.440
12764 394.434 4572418.370 5307172.370
12765 394.202 4572419.340 5307215.910
12766 400.882 4572453.460 5307035.080
12767 400.443 4572445.990 5307068.550
12768 399.853 4572437.580 5307101.440
12769 398.179 4572370.650 5307504.860
12770 399.978 4572336.330 5307578.420
12771 398.120 4572352.250 5307541.070
12772 393.400 4571920.340 5308228.540
12773 399.039 4572024.970 5308097.420
12774 395.747 4571961.280 5308175.450
12775 393.332 4571939.670 5308201.200
12776 395.623 4571980.620 5308148.120
12777 398.081 4572002.390 5308122.490
12778 398.422 4572041.230 5308067.940
12779 399.280 4572082.680 5308012.240
12780 398.397 4572060.240 5308038.940
12781 399.413 4572102.180 5307983.510
12782 399.533 4572121.700 5307954.810
12783 400.161 4572184.210 5307864.320
12784 399.661 4572141.170 5307926.060
12785 399.800 4572160.550 5307897.250
12786 400.195 4572204.190 5307829.120
12787 400.234 4572224.180 5307793.920
12788 400.269 4572244.170 5307758.730
12789 400.296 4572264.150 5307723.520
12790 400.768 4572469.190 5307006.610
12791 398.526 4572442.050 5306821.360
12792 399.163 4572374.850 5306772.760
12793 399.104 4572324.850 5306722.760
12794 399.375 4572274.850 5306672.760
12795 399.461 4572224.850 5306622.760
12796 400.186 4572424.850 5306872.760
12797 400.447 4572424.850 5306922.760
12798 400.460 4572424.850 5306972.760
12799 399.640 4572174.850 5306572.760
12800 397.004 4572138.530 5306506.130
12801 399.760 4572074.850 5306472.760
12802 401.062 4572024.850 5306422.760
12803 401.143 4571974.850 5306372.760
12804 401.640 4571724.850 5306022.760
12805 402.021 4571684.720 5305970.760
12806 400.900 4571724.850 5306072.760
12807 400.125 4571774.850 5306122.760
12808 399.998 4571824.850 5306172.760
12809 399.997 4571874.850 5306222.760
12810 400.919 4571924.850 5306322.760
12811 400.505 4571874.850 5306272.760
12812 400.259 4572283.080 5307687.720
12813 399.884 4572317.410 5307614.190
12814 399.802 4572298.490 5307649.960
12815 395.917 4572386.160 5307467.180
12816 394.008 4572401.460 5307429.460
12817 394.154 4572402.570 5307384.850
12818 394.178 4572402.640 5307251.970
12819 394.188 4572403.250 5307296.070
12820 394.230 4572403.650 5307340.570
12821 400.254 4572424.190 5307132.100
12822 397.122 4572413.490 5307170.310
12823 394.378 4572401.790 5307208.250
12824 400.956 4572447.300 5307032.230
12825 400.838 4572439.690 5307065.750
12826 400.649 4572432.900 5307099.430
12827 395.746 4572367.860 5307503.430
12828 398.192 4572333.260 5307576.770
12829 395.578 4572349.570 5307539.670
12830 393.266 4571904.240 5308217.560
12831 398.199 4572021.750 5308095.170
12832 393.247 4571923.410 5308189.830
12833 393.263 4571958.990 5308173.850
12834 393.195 4571978.310 5308146.510
12835 395.522 4571999.960 5308120.790
12836 395.464 4572038.780 5308066.220
12837 398.423 4572079.470 5308010.080
12838 395.489 4572057.880 5308037.320
12839 398.491 4572098.870 5307981.340
12840 398.550 4572118.300 5307952.610
12841 399.773 4572180.570 5307862.100
12842 398.615 4572137.690 5307923.860
12843 398.688 4572157.020 5307895.070
12844 399.764 4572200.590 5307826.950
12845 399.759 4572220.610 5307791.800
12846 399.750 4572240.630 5307756.650
12847 399.736 4572260.640 5307721.500
12848 400.407 4572424.850 5307022.760
12849 399.781 4572374.850 5306822.760
12850 398.867 4572324.850 5306772.760
12851 399.134 4572274.850 5306722.760
12852 399.285 4572224.850 5306672.760
12853 399.479 4572174.850 5306622.760
12854 399.614 4572374.850 5306872.760
12855 399.826 4572374.850 5306922.760
12856 400.165 4572374.850 5306972.760
12857 399.432 4572124.850 5306572.760
12858 396.629 4572104.210 5306542.800
12859 397.201 4572074.850 5306522.760
12860 400.224 4572024.850 5306472.760
12861 402.218 4571974.850 5306422.760
12862 400.666 4571924.850 5306372.760
12863 401.603 4571674.850 5306022.760
12864 402.017 4571649.280 5306001.640
12865 401.287 4571674.850 5306072.760
12866 400.493 4571724.850 5306122.760
12867 399.924 4571774.850 5306172.760
12868 400.006 4571824.850 5306222.760
12869 400.437 4571874.850 5306322.760
12870 400.146 4571824.850 5306272.760
12871 399.753 4572279.570 5307685.730
12872 398.273 4572314.260 5307612.470
12873 398.362 4572295.260 5307648.160
12874 394.076 4572384.280 5307420.900
12875 393.982 4572383.180 5307465.670
12876 394.174 4572385.360 5307376.450
12877 394.322 4572385.220 5307244.120
12878 394.154 4572385.940 5307288.030
12879 394.165 4572386.450 5307332.330
12880 400.888 4572419.530 5307130.190
12881 400.223 4572408.010 5307168.000
12882 397.150 4572396.940 5307206.130
12883 400.850 4572433.330 5307062.920
12884 400.799 4572426.570 5307096.730
12885 400.714 4572424.850 5307072.760
12886 393.956 4572364.890 5307501.890
12887 395.636 4572330.570 5307575.340
12888 393.930 4572346.600 5307538.100
12889 393.064 4571887.370 5308205.730
12890 395.466 4572019.340 5308093.480
12891 393.085 4571907.080 5308178.410
12892 393.227 4571942.790 5308162.520
12893 393.208 4571962.170 5308135.210
12894 393.127 4571997.640 5308119.170
12895 392.990 4572036.290 5308064.480
12896 393.068 4572055.460 5308035.660
12897 395.540 4572077.090 5308008.480
12898 395.612 4572096.390 5307979.700
12899 395.680 4572115.700 5307950.940
12900 398.662 4572177.070 5307859.970
12901 395.751 4572135.000 5307922.160
12902 395.826 4572154.270 5307893.360
12903 398.646 4572197.120 5307824.860
12904 398.634 4572217.170 5307789.760
12905 398.619 4572237.220 5307754.660
12906 398.601 4572257.270 5307719.550
12907 399.912 4572374.850 5307022.760
12908 399.396 4572324.850 5306822.760
12909 399.008 4572274.850 5306772.760
12910 399.318 4572224.850 5306722.760
12911 399.547 4572174.850 5306672.760
12912 399.877 4572124.850 5306622.760
12913 399.507 4572324.850 5306872.760
12914 399.527 4572324.850 5306922.760
12915 399.617 4572324.850 5306972.760
12916 396.214 4572066.240 5306575.920
12917 399.378 4572024.850 5306522.760
12918 400.796 4571974.850 5306472.760
12919 400.365 4571924.850 5306422.760
12920 400.569 4571874.850 5306372.760
12921 402.020 4571617.960 5306040.430
12922 401.797 4571624.850 5306072.760
12923 401.094 4571674.850 5306122.760
12924 400.386 4571724.850 5306172.760
12925 399.740 4571774.850 5306222.760
12926 400.246 4571824.850 5306322.760
12927 400.027 4571774.850 5306272.760
12928 398.472 4572276.260 5307683.860
12929 395.699 4572311.580 5307611.010
12930 395.766 4572292.580 5307646.680
12931 394.118 4572367.070 5307412.330
12932 393.998 4572365.990 5307456.950
12933 394.121 4572368.150 5307368.050
12934 397.166 4572380.260 5307241.890
12935 394.266 4572368.640 5307280.000
12936 394.130 4572369.250 5307324.100
12937 400.808 4572413.090 5307127.560
12938 400.895 4572403.530 5307166.120
12939 400.172 4572391.560 5307203.790
12940 400.750 4572420.220 5307094.020
12941 399.793 4572374.850 5307072.760
12942 393.920 4572347.700 5307493.000
12943 393.878 4572327.660 5307573.770
12944 393.842 4572329.410 5307529.050
12945 393.020 4571870.710 5308193.640
12946 393.058 4572016.960 5308091.820
12947 393.057 4571890.780 5308167.010
12948 393.106 4571926.520 5308151.140
12949 393.127 4571945.950 5308123.860
12950 393.189 4571981.550 5308107.910
12951 393.150 4572020.310 5308053.290
12952 393.204 4572039.360 5308024.610
12953 393.147 4572074.640 5308006.840
12954 393.225 4572093.810 5307978.010
12955 393.303 4572112.990 5307949.190
12956 395.843 4572174.330 5307858.290
12957 393.382 4572132.170 5307920.370
12958 393.460 4572151.340 5307891.550
12959 395.865 4572194.400 5307823.220
12960 395.888 4572214.460 5307788.150
12961 395.910 4572234.530 5307753.090
12962 395.931 4572254.590 5307718.020
12963 399.509 4572324.850 5307022.760
12964 398.820 4572274.850 5306822.760
12965 399.656 4572224.850 5306772.760
12966 399.508 4572174.850 5306722.760
12967 399.742 4572124.850 5306672.760
12968 398.264 4572074.850 5306622.760
12969 398.617 4572274.850 5306872.760
12970 398.931 4572274.850 5306922.760
12971 399.240 4572274.850 5306972.760
12972 398.740 4572024.850 5306572.760
12973 399.978 4571974.850 5306522.760
12974 401.752 4571924.850 5306472.760
12975 400.504 4571874.850 5306422.760
12976 400.478 4571824.850 5306372.760
12977 402.008 4571581.590 5306070.870
12978 400.872 4571624.850 5306122.760
12979 400.461 4571674.850 5306172.760
12980 400.275 4571724.850 5306222.760
12981 400.031 4571774.850 5306322.760
12982 399.830 4571724.850 5306272.760
12983 395.844 4572273.590 5307682.350
12984 393.826 4572308.720 5307609.450
12985 393.774 4572289.770 5307645.120
12986 394.077 4572349.850 5307403.760
12987 394.062 4572348.770 5307448.220
12988 394.116 4572350.950 5307359.650
12989 400.098 4572374.830 5307239.440
12990 397.186 4572363.600 5307277.650
12991 394.210 4572352.060 5307315.870
12992 400.711 4572406.650 5307124.930
12993 400.817 4572397.370 5307163.570
12994 400.871 4572387.150 5307201.870
12995 399.502 4572324.850 5307072.760
12996 399.917 4572374.850 5307122.760
12997 394.006 4572330.480 5307484.100
12998 393.799 4572310.600 5307564.630
12999 393.949 4572312.190 5307519.980
13000 393.559 4571854.910 5308182.790
13001 393.169 4572000.930 5308080.600
13002 393.593 4571874.450 5308155.580
13003 393.094 4571910.260 5308139.760
13004 393.131 4571929.750 5308112.520
13005 393.148 4571965.390 5308096.590
13006 393.191 4572004.260 5308042.050
13007 393.247 4572023.180 5308013.500
13008 393.257 4572058.410 5307995.920
13009 393.311 4572077.450 5307967.240
13010 393.365 4572096.500 5307938.550
13011 393.502 4572171.450 5307856.530
13012 393.419 4572115.550 5307909.870
13013 393.472 4572134.600 5307881.180
13014 393.544 4572191.560 5307821.520
13015 393.586 4572211.670 5307786.500
13016 393.628 4572231.780 5307751.490
13017 393.670 4572251.890 5307716.470
13018 399.349 4572274.850 5307022.760
13019 399.522 4572224.850 5306822.760
13020 399.549 4572174.850 5306772.760
13021 397.055 4572041.420 5306619.060
13022 399.754 4572124.850 5306722.760
13023 399.565 4572074.850 5306672.760
13024 399.695 4572224.850 5306872.760
13025 399.467 4572224.850 5306922.760
13026 398.039 4572224.850 5306972.760
13027 399.763 4571974.850 5306572.760
13028 400.601 4571924.850 5306522.760
13029 400.714 4571874.850 5306472.760
13030 399.915 4571974.850 5306622.760
13031 400.454 4571824.850 5306422.760
13032 400.408 4571774.850 5306372.760
13033 402.003 4571532.530 5306075.750
13034 401.223 4571574.850 5306122.760
13035 400.094 4571624.850 5306172.760
13036 400.135 4571674.850 5306222.760
13037 399.876 4571724.850 5306322.760
13038 400.281 4571674.850 5306272.760
13039 393.722 4572270.830 5307680.800
13040 393.757 4572291.800 5307600.210
13041 393.715 4572272.990 5307635.790
13042 394.103 4572332.650 5307395.200
13043 394.033 4572331.560 5307439.480
13044 394.214 4572333.750 5307351.250
13045 400.815 4572370.360 5307237.440
13046 400.031 4572358.150 5307275.120
13047 397.208 4572346.950 5307313.430
13048 399.327 4572274.850 5307072.760
13049 400.721 4572391.210 5307161.020
13050 400.782 4572381.100 5307199.340
13051 399.364 4572324.850 5307122.760
13052 400.529 4572374.850 5307172.760
13053 393.989 4572313.260 5307475.190
13054 393.900 4572293.510 5307555.470
13055 393.945 4572294.960 5307510.910
13056 393.760 4571838.510 5308171.330
13057 393.169 4571984.830 5308069.320
13058 393.797 4571858.110 5308144.160
13059 393.627 4571893.990 5308128.380
13060 393.662 4571913.530 5308101.170
13061 393.168 4571949.230 5308085.280
13062 393.243 4571988.200 5308030.790
13063 393.314 4572006.990 5308002.390
13064 393.303 4572042.090 5307984.950
13065 393.360 4572061.010 5307956.400
13066 393.416 4572079.920 5307927.850
13067 393.504 4572154.760 5307846.340
13068 393.473 4572098.840 5307899.310
13069 393.529 4572117.750 5307870.760
13070 393.535 4572174.910 5307811.490
13071 393.567 4572195.070 5307776.650
13072 393.598 4572215.230 5307741.800
13073 393.630 4572235.390 5307706.960
13074 398.796 4572224.850 5307022.760
13075 398.820 4572174.850 5306822.760
13076 399.593 4572124.850 5306772.760
13077 396.551 4572021.320 5306665.270
13078 399.530 4572074.850 5306722.760
13079 399.628 4572174.850 5306872.760
13080 399.390 4572174.850 5306922.760
13081 399.297 4572174.850 5306972.760
13082 399.927 4571924.850 5306572.760
13083 401.614 4571874.850 5306522.760
13084 400.089 4571824.850 5306472.760
13085 398.142 4571974.850 5306672.760
13086 399.951 4571924.850 5306622.760
13087 400.279 4571774.850 5306422.760
13088 399.900 4571724.850 5306372.760
13089 402.000 4571485.080 5306067.510
13090 401.345 4571524.850 5306122.760
13091 400.390 4571574.850 5306172.760
13092 399.981 4571624.850 5306222.760
13093 400.422 4571674.850 5306322.760
13094 400.008 4571624.850 5306272.760
13095 393.672 4572254.190 5307671.370
13096 393.851 4572274.840 5307590.950
13097 393.801 4572256.160 5307626.440
13098 394.218 4572315.440 5307386.630
13099 394.090 4572314.350 5307430.750
13100 397.500 4572328.920 5307348.900
13101 400.703 4572364.270 5307234.840
13102 400.769 4572353.640 5307273.040
13103 399.969 4572341.500 5307310.820
13104 398.907 4572224.850 5307072.760
13105 399.218 4572274.850 5307122.760
13106 400.675 4572375.060 5307196.800
13107 399.596 4572324.850 5307172.760
13108 394.077 4572296.050 5307466.290
13109 393.883 4572276.410 5307546.300
13110 394.064 4572277.750 5307501.840
13111 396.897 4571834.100 5308168.080
13112 393.206 4571968.720 5308058.040
13113 397.283 4571854.040 5308141.520
13114 393.833 4571877.710 5308116.990
13115 393.870 4571897.300 5308089.810
13116 393.696 4571933.070 5308073.960
13117 393.765 4571972.150 5308019.550
13118 393.800 4571990.810 5307991.280
13119 393.385 4572025.780 5307973.980
13120 393.456 4572044.570 5307945.570
13121 393.527 4572063.360 5307917.160
13122 393.564 4572137.960 5307836.090
13123 393.598 4572082.150 5307888.750
13124 393.669 4572100.940 5307860.340
13125 393.598 4572158.170 5307801.420
13126 393.633 4572178.380 5307766.750
13127 393.668 4572198.590 5307732.080
13128 393.702 4572218.800 5307697.410
13129 399.405 4572174.850 5307022.760
13130 396.194 4572001.100 5306711.430
13131 399.205 4571974.850 5306722.760
13132 398.496 4572124.850 5306822.760
13133 398.941 4572074.850 5306772.760
13134 397.571 4572024.850 5306722.760
13135 399.556 4572124.850 5306872.760
13136 398.834 4572124.850 5306922.760
13137 399.168 4572124.850 5306972.760
13138 401.961 4571874.850 5306572.760
13139 400.899 4571824.850 5306522.760
13140 400.132 4571774.850 5306472.760
13141 399.670 4571924.850 5306672.760
13142 402.016 4571874.850 5306622.760
13143 399.897 4571924.850 5306722.760
13144 399.924 4571724.850 5306422.760
13145 400.457 4571674.850 5306372.760
13146 401.999 4571436.940 5306054.820
13147 401.075 4571474.850 5306122.760
13148 400.556 4571524.850 5306172.760
13149 400.065 4571574.850 5306222.760
13150 400.185 4571624.850 5306322.760
13151 399.949 4571574.850 5306272.760
13152 393.752 4572237.480 5307661.920
13153 393.821 4572257.860 5307581.680
13154 393.760 4572239.310 5307617.070
13155 397.749 4572310.870 5307384.370
13156 394.222 4572297.140 5307422.010
13157 398.643 4572174.850 5307072.760
13158 400.152 4572323.540 5307346.280
13159 400.571 4572358.180 5307232.250
13160 400.637 4572347.540 5307270.390
13161 400.731 4572336.980 5307308.670
13162 399.256 4572224.850 5307122.760
13163 398.864 4572274.850 5307172.760
13164 399.657 4572324.850 5307222.760
13165 394.226 4572278.830 5307457.390
13166 394.011 4572259.320 5307537.130
13167 394.230 4572260.520 5307492.770
13168 399.263 4571829.920 5308165.020
13169 393.730 4571952.610 5308046.760
13170 399.081 4571849.950 5308138.850
13171 396.870 4571873.070 5308113.900
13172 397.107 4571893.670 5308086.410
13173 393.907 4571916.900 5308062.640
13174 393.980 4571956.100 5308008.300
13175 394.022 4571974.630 5307980.170
13176 393.835 4572009.470 5307963.010
13177 393.870 4572028.130 5307934.740
13178 393.906 4572046.780 5307906.460
13179 393.663 4572121.190 5307825.840
13180 393.941 4572065.440 5307878.190
13181 393.976 4572084.100 5307849.920
13182 393.656 4572141.450 5307791.340
13183 393.650 4572161.700 5307756.840
13184 393.643 4572181.950 5307722.350
13185 393.636 4572202.210 5307687.850
13186 399.414 4572124.850 5307022.760
13187 396.948 4571981.220 5306757.730
13188 399.624 4572074.850 5306822.760
13189 398.871 4572024.850 5306772.760
13190 399.576 4572074.850 5306872.760
13191 399.364 4572074.850 5306922.760
13192 399.070 4572074.850 5306972.760
13193 399.356 4571924.850 5306772.760
13194 400.887 4571824.850 5306572.760
13195 400.244 4571774.850 5306522.760
13196 400.205 4571724.850 5306472.760
13197 401.363 4571874.850 5306672.760
13198 399.016 4571824.850 5306622.760
13199 400.055 4571874.850 5306722.760
13200 400.174 4571674.850 5306422.760
13201 400.548 4571624.850 5306372.760
13202 401.997 4571393.480 5306067.450
13203 400.809 4571424.850 5306122.760
13204 400.729 4571474.850 5306172.760
13205 399.899 4571524.850 5306222.760
13206 401.998 4571359.040 5306091.450
13207 400.013 4571574.850 5306322.760
13208 400.096 4571524.850 5306272.760
13209 393.698 4572220.760 5307652.460
13210 393.958 4572240.890 5307572.420
13211 393.905 4572222.460 5307607.700
13212 399.237 4572124.850 5307072.760
13213 400.245 4572305.540 5307381.720
13214 397.983 4572292.810 5307419.830
13215 399.464 4572174.850 5307122.760
13216 400.797 4572319.120 5307344.130
13217 400.484 4572341.430 5307267.750
13218 400.582 4572330.880 5307305.980
13219 399.139 4572224.850 5307172.760
13220 398.686 4572274.850 5307222.760
13221 399.891 4572324.850 5307272.760
13222 398.218 4572274.740 5307455.290
13223 394.198 4572242.220 5307527.960
13224 398.459 4572256.680 5307490.750
13225 399.264 4571825.740 5308162.230
13226 393.943 4571936.500 5308035.470
13227 398.799 4571844.940 5308135.590
13228 399.254 4571868.390 5308110.770
13229 399.252 4571889.820 5308082.960
13230 396.450 4571913.430 5308060.220
13231 396.628 4571953.010 5308006.050
13232 395.743 4571972.030 5307978.480
13233 394.063 4571993.150 5307952.030
13234 394.105 4572011.670 5307923.890
13235 394.147 4572030.200 5307895.760
13236 393.941 4572104.400 5307815.590
13237 394.188 4572048.720 5307867.630
13238 394.230 4572067.250 5307839.490
13239 393.905 4572124.700 5307781.260
13240 393.870 4572145.000 5307746.930
13241 393.835 4572165.300 5307712.610
13242 393.799 4572185.600 5307678.280
13243 398.920 4572074.850 5307022.760
13244 396.669 4571960.340 5306803.590
13245 399.178 4572024.850 5306822.760
13246 399.023 4572024.850 5306872.760
13247 396.815 4571944.330 5306851.000
13248 399.000 4572024.850 5306922.760
13249 399.100 4572024.850 5306972.760
13250 399.075 4571924.850 5306822.760
13251 399.859 4571874.850 5306772.760
13252 400.725 4571774.850 5306572.760
13253 400.256 4571724.850 5306522.760
13254 399.780 4571674.850 5306472.760
13255 399.017 4571824.850 5306672.760
13256 400.521 4571774.850 5306622.760
13257 400.743 4571824.850 5306722.760
13258 400.619 4571624.850 5306422.760
13259 400.331 4571574.850 5306372.760
13260 400.745 4571374.850 5306122.760
13261 400.413 4571424.850 5306172.760
13262 400.147 4571474.850 5306222.760
13263 401.997 4571338.540 5306136.990
13264 399.754 4571524.850 5306322.760
13265 400.059 4571474.850 5306272.760
13266 393.852 4572204.030 5307642.990
13267 394.166 4572223.910 5307563.150
13268 394.134 4572205.610 5307598.340
13269 398.528 4572074.850 5307072.760
13270 399.031 4572124.850 5307122.760
13271 400.736 4572301.210 5307379.570
13272 400.304 4572287.520 5307417.150
13273 399.301 4572174.850 5307172.760
13274 400.728 4572313.150 5307341.410
13275 400.412 4572324.780 5307303.300
13276 399.233 4572224.850 5307222.760
13277 398.694 4572274.850 5307272.760
13278 400.365 4572269.490 5307452.580
13279 398.339 4572238.390 5307525.910
13280 400.437 4572251.460 5307488.000
13281 394.230 4571819.880 5308157.490
13282 396.390 4571933.060 5308032.760
13283 394.170 4571839.550 5308132.070
13284 399.129 4571862.560 5308106.860
13285 399.300 4571884.940 5308078.550
13286 399.451 4571909.650 5308057.590
13287 399.114 4571949.060 5308003.340
13288 398.613 4571968.670 5307976.270
13289 397.286 4571989.670 5307949.700
13290 397.346 4572008.170 5307921.590
13291 397.430 4572026.630 5307893.460
13292 394.198 4572087.600 5307805.340
13293 397.517 4572045.090 5307865.330
13294 397.605 4572063.550 5307837.200
13295 394.166 4572107.950 5307771.180
13296 394.134 4572128.300 5307737.030
13297 394.102 4572148.650 5307702.870
13298 394.070 4572169.000 5307668.720
13299 399.033 4572024.850 5307022.760
13300 399.249 4571974.850 5306872.760
13301 398.240 4571924.850 5306872.760
13302 399.503 4571974.850 5306922.760
13303 398.871 4571974.850 5306972.760
13304 399.175 4571874.850 5306822.760
13305 400.146 4571824.850 5306772.760
13306 400.278 4571724.850 5306572.760
13307 399.472 4571674.850 5306522.760
13308 400.552 4571624.850 5306472.760
13309 396.967 4571774.850 5306672.760
13310 399.925 4571724.850 5306622.760
13311 396.950 4571774.850 5306722.760
13312 400.649 4571574.850 5306422.760
13313 400.009 4571524.850 5306372.760
13314 400.382 4571374.850 5306172.760
13315 400.296 4571424.850 5306222.760
13316 401.994 4571318.030 5306182.600
13317 400.029 4571474.850 5306322.760
13318 399.902 4571424.850 5306272.760
13319 394.102 4572187.300 5307633.530
13320 398.215 4572220.080 5307561.050
13321 398.086 4572201.730 5307596.180
13322 397.755 4572024.850 5307072.760
13323 398.710 4572074.850 5307122.760
13324 399.095 4572124.850 5307172.760
13325 400.696 4572295.350 5307376.810
13326 400.625 4572283.260 5307415.000
13327 398.948 4572174.850 5307222.760
13328 400.640 4572307.180 5307338.690
13329 399.146 4572274.850 5307322.760
13330 398.719 4572224.850 5307272.760
13331 400.516 4572265.300 5307450.410
13332 400.368 4572233.290 5307523.170
13333 400.424 4572247.340 5307485.830
13334 394.400 4571812.760 5308152.180
13335 394.354 4571832.430 5308126.960
13336 399.110 4571929.660 5308030.300
13337 394.200 4571856.330 5308102.690
13338 397.446 4571879.770 5308073.900
13339 399.654 4571904.770 5308054.180
13340 399.823 4571945.120 5308000.620
13341 399.570 4571964.560 5307973.550
13342 399.734 4571985.700 5307947.040
13343 399.728 4572004.110 5307918.930
13344 399.773 4572022.460 5307890.790
13345 397.659 4572083.860 5307803.050
13346 399.826 4572040.810 5307862.630
13347 399.881 4572059.160 5307834.480
13348 397.730 4572104.160 5307768.910
13349 397.775 4572124.460 5307734.760
13350 397.798 4572144.760 5307700.600
13351 397.852 4572165.040 5307666.440
13352 398.497 4571974.850 5307022.760
13353 396.510 4571937.610 5306900.410
13354 398.043 4571874.850 5306872.760
13355 396.180 4571910.730 5306942.380
13356 398.731 4571924.850 5306972.760
13357 401.672 4571824.850 5306822.760
13358 396.950 4571774.850 5306772.760
13359 399.510 4571674.850 5306572.760
13360 400.326 4571624.850 5306522.760
13361 400.651 4571574.850 5306472.760
13362 401.365 4571724.850 5306672.760
13363 399.522 4571674.850 5306622.760
13364 398.541 4571724.850 5306722.760
13365 400.143 4571524.850 5306422.760
13366 399.730 4571474.850 5306372.760
13367 400.303 4571374.850 5306222.760
13368 401.994 4571297.350 5306228.140
13369 399.855 4571424.850 5306322.760
13370 399.863 4571374.850 5306272.760
13371 397.965 4572183.390 5307631.310
13372 400.288 4572215.050 5307558.310
13373 400.196 4572196.740 5307593.410
13374 398.452 4571974.850 5307072.760
13375 399.218 4572024.850 5307122.760
13376 399.206 4572074.850 5307172.760
13377 398.951 4572124.850 5307222.760
13378 400.639 4572289.490 5307374.040
13379 400.594 4572277.500 5307412.170
13380 398.865 4572174.850 5307272.760
13381 400.033 4572274.850 5307372.760
13382 398.626 4572224.850 5307322.760
13383 400.495 4572259.630 5307447.530
13384 400.371 4572229.230 5307520.990
13385 400.418 4572241.760 5307482.900
13386 396.346 4571823.980 5308120.140
13387 396.925 4571804.100 5308145.730
13388 396.305 4571842.900 5308092.600
13389 394.200 4571850.390 5308098.770
13390 399.576 4571925.800 5308027.490
13391 394.330 4571873.630 5308070.070
13392 398.503 4571899.650 5308050.610
13393 399.335 4571941.170 5307997.790
13394 399.268 4571960.220 5307970.690
13395 399.852 4571981.580 5307944.270
13396 399.879 4571999.950 5307916.190
13397 399.983 4572018.220 5307888.050
13398 399.927 4572079.370 5307800.320
13399 400.101 4572036.490 5307859.900
13400 400.221 4572054.750 5307831.750
13401 400.013 4572099.580 5307766.150
13402 400.041 4572119.780 5307731.980
13403 400.022 4572139.980 5307697.810
13404 400.069 4572160.140 5307663.610
13405 398.617 4571924.850 5307022.760
13406 398.086 4571874.850 5306922.760
13407 401.787 4571824.850 5306872.760
13408 395.649 4571881.820 5306983.290
13409 397.705 4571774.850 5306822.760
13410 396.950 4571724.850 5306772.760
13411 399.987 4571624.850 5306572.760
13412 400.401 4571574.850 5306522.760
13413 400.389 4571524.850 5306472.760
13414 400.004 4571674.850 5306672.760
13415 399.940 4571624.850 5306622.760
13416 401.096 4571674.850 5306722.760
13417 401.994 4571276.840 5306273.760
13418 399.862 4571474.850 5306422.760
13419 399.709 4571424.850 5306372.760
13420 399.798 4571324.850 5306272.760
13421 399.618 4571374.850 5306322.760
13422 400.123 4572178.440 5307628.510
13423 400.302 4572211.010 5307556.100
13424 400.215 4572192.700 5307591.160
13425 398.425 4571924.850 5307072.760
13426 399.296 4571974.850 5307122.760
13427 398.930 4572024.850 5307172.760
13428 397.877 4572074.850 5307222.760
13429 398.608 4572124.850 5307272.760
13430 400.548 4572271.730 5307409.350
13431 398.347 4572174.850 5307322.760
13432 399.265 4572224.850 5307372.760
13433 400.460 4572253.950 5307444.650
13434 400.382 4572223.750 5307518.060
13435 400.401 4572236.180 5307479.960
13436 396.554 4571833.220 5308083.710
13437 396.769 4571813.590 5308111.410
13438 395.679 4571860.030 5308060.430
13439 394.331 4571866.620 5308065.670
13440 399.434 4571921.230 5308024.560
13441 395.647 4571884.370 5308040.000
13442 397.536 4571893.650 5308046.760
13443 398.772 4571936.440 5307994.530
13444 399.465 4571954.410 5307966.310
13445 399.755 4571977.070 5307941.240
13446 399.774 4571995.390 5307913.190
13447 399.901 4572013.580 5307885.060
13448 400.215 4572075.040 5307797.670
13449 400.047 4572031.760 5307856.910
13450 400.195 4572049.930 5307828.770
13451 400.268 4572095.330 5307763.590
13452 400.234 4572115.610 5307729.500
13453 400.130 4572135.870 5307695.410
13454 400.125 4572156.080 5307661.280
13455 396.557 4571856.260 5307026.600
13456 401.204 4571824.850 5306922.760
13457 398.976 4571774.850 5306872.760
13458 400.723 4571824.850 5306972.760
13459 398.548 4571724.850 5306822.760
13460 400.010 4571674.850 5306772.760
13461 399.990 4571574.850 5306572.760
13462 400.186 4571524.850 5306522.760
13463 400.107 4571474.850 5306472.760
13464 399.690 4571624.850 5306672.760
13465 399.953 4571574.850 5306622.760
13466 400.285 4571624.850 5306722.760
13467 401.992 4571255.690 5306319.080
13468 399.431 4571424.850 5306422.760
13469 399.423 4571374.850 5306372.760
13470 399.693 4571324.850 5306322.760
13471 400.157 4572174.390 5307626.220
13472 400.324 4572205.590 5307553.140
13473 400.241 4572187.300 5307588.160
13474 397.552 4571874.850 5307072.760
13475 399.266 4571924.850 5307122.760
13476 398.779 4571974.850 5307172.760
13477 398.864 4572024.850 5307222.760
13478 398.236 4572074.850 5307272.760
13479 399.015 4572124.850 5307322.760
13480 399.266 4572224.850 5307422.760
13481 398.626 4572174.850 5307372.760
13482 400.240 4572224.850 5307472.760
13483 400.384 4572218.270 5307515.120
13484 396.645 4571824.850 5308072.760
13485 397.417 4571774.700 5308123.500
13486 394.695 4571873.700 5308020.940
13487 396.591 4571889.700 5308028.300
13488 397.798 4571924.850 5307972.760
13489 399.644 4571972.560 5307938.220
13490 399.652 4571990.840 5307910.190
13491 399.508 4571974.850 5307922.760
13492 399.799 4572008.940 5307882.060
13493 400.212 4572070.120 5307794.670
13494 399.970 4572027.020 5307853.920
13495 400.143 4572045.110 5307825.780
13496 400.313 4572090.310 5307760.570
13497 400.292 4572110.490 5307726.470
13498 400.172 4572130.650 5307692.360
13499 400.191 4572150.720 5307658.200
13500 401.347 4571824.850 5307022.760
13501 395.230 4571841.730 5307074.750
13502 399.391 4571774.850 5306922.760
13503 400.322 4571724.850 5306872.760
13504 399.555 4571774.850 5306972.760
13505 398.644 4571674.850 5306822.760
13506 401.580 4571624.850 5306772.760
13507 400.076 4571524.850 5306572.760
13508 400.016 4571474.850 5306522.760
13509 399.608 4571424.850 5306472.760
13510 399.714 4571574.850 5306672.760
13511 400.070 4571524.850 5306622.760
13512 399.339 4571574.850 5306722.760
13513 401.991 4571235.240 5306364.710
13514 399.677 4571374.850 5306422.760
13515 399.909 4571324.850 5306372.760
13516 401.990 4571194.320 5306455.990
13517 400.197 4572169.010 5307623.180
13518 400.339 4572200.180 5307550.190
13519 400.261 4572181.900 5307585.160
13520 398.210 4571874.850 5307122.760
13521 398.648 4571924.850 5307172.760
13522 398.651 4571974.850 5307222.760
13523 398.823 4572024.850 5307272.760
13524 398.229 4572074.850 5307322.760
13525 398.024 4572124.850 5307372.760
13526 398.905 4572174.850 5307422.760
13527 399.254 4572174.850 5307472.760
13528 399.872 4572174.850 5307522.760
13529 397.973 4571824.850 5308022.760
13530 401.430 4571774.850 5308072.760
13531 395.142 4571884.750 5307972.350
13532 397.856 4571924.850 5307922.760
13533 399.089 4571974.850 5307872.760
13534 400.189 4572065.210 5307791.670
13535 399.789 4572024.850 5307822.760
13536 400.342 4572085.290 5307757.560
13537 400.221 4572071.600 5307769.300
13538 400.339 4572105.370 5307723.440
13539 400.208 4572125.420 5307689.300
13540 400.257 4572145.370 5307655.110
13541 400.171 4572124.850 5307672.760
13542 397.801 4571724.850 5308072.760
13543 395.830 4571834.060 5307124.470
13544 399.434 4571774.850 5307022.760
13545 399.327 4571774.850 5307072.760
13546 398.629 4571724.850 5306922.760
13547 398.804 4571674.850 5306872.760
13548 399.030 4571724.850 5306972.760
13549 399.920 4571624.850 5306822.760
13550 399.279 4571574.850 5306772.760
13551 399.970 4571474.850 5306572.760
13552 399.612 4571424.850 5306522.760
13553 399.802 4571374.850 5306472.760
13554 399.488 4571524.850 5306672.760
13555 399.934 4571474.850 5306622.760
13556 399.332 4571524.850 5306722.760
13557 401.992 4571214.810 5306410.360
13558 399.759 4571324.850 5306422.760
13559 401.991 4571215.550 5306482.670
13560 400.234 4572163.630 5307620.130
13561 400.028 4572174.850 5307572.760
13562 397.245 4571822.110 5307173.290
13563 398.711 4571874.850 5307172.760
13564 398.845 4571924.850 5307222.760
13565 398.574 4571974.850 5307272.760
13566 398.530 4572024.850 5307322.760
13567 398.168 4572074.850 5307372.760
13568 398.807 4572124.850 5307422.760
13569 399.098 4572124.850 5307472.760
13570 399.403 4572124.850 5307522.760
13571 398.954 4571774.850 5308022.760
13572 401.450 4571824.850 5307972.760
13573 393.600 4571879.160 5307922.280
13574 397.742 4571924.850 5307872.760
13575 398.946 4571974.850 5307822.760
13576 399.605 4572024.850 5307772.760
13577 399.760 4572074.850 5307722.760
13578 399.287 4572074.850 5307672.760
13579 399.678 4572124.850 5307622.760
13580 397.923 4571724.850 5308022.760
13581 397.757 4571674.850 5308072.760
13582 401.671 4571774.850 5307122.760
13583 399.346 4571724.850 5307022.760
13584 399.354 4571724.850 5307072.760
13585 398.965 4571674.850 5306922.760
13586 398.553 4571624.850 5306872.760
13587 398.855 4571674.850 5306972.760
13588 401.079 4571574.850 5306822.760
13589 399.221 4571524.850 5306772.760
13590 399.826 4571424.850 5306572.760
13591 399.344 4571374.850 5306522.760
13592 399.643 4571324.850 5306472.760
13593 399.565 4571474.850 5306672.760
13594 399.628 4571424.850 5306622.760
13595 399.497 4571474.850 5306722.760
13596 401.989 4571263.350 5306496.470
13597 399.787 4571774.850 5307172.760
13598 399.522 4572124.850 5307572.760
13599 396.623 4571826.940 5307214.300
13600 399.123 4571874.850 5307222.760
13601 398.412 4571924.850 5307272.760
13602 398.487 4571974.850 5307322.760
13603 397.902 4572024.850 5307372.760
13604 398.876 4572074.850 5307422.760
13605 398.975 4572074.850 5307472.760
13606 398.911 4572074.850 5307522.760
13607 397.798 4571774.850 5307972.760
13608 401.218 4571824.850 5307922.760
13609 392.745 4571873.150 5307872.270
13610 398.281 4571924.850 5307822.760
13611 398.614 4571974.850 5307772.760
13612 399.266 4572024.850 5307722.760
13613 399.149 4572024.850 5307672.760
13614 398.920 4572074.850 5307622.760
13615 397.398 4571724.850 5307972.760
13616 397.857 4571674.850 5308022.760
13617 398.756 4571724.850 5307122.760
13618 398.616 4571674.850 5307022.760
13619 398.745 4571674.850 5307072.760
13620 399.000 4571624.850 5306922.760
13621 398.456 4571574.850 5306872.760
13622 398.832 4571624.850 5306972.760
13623 398.856 4571524.850 5306822.760
13624 399.113 4571474.850 5306772.760
13625 399.356 4571374.850 5306572.760
13626 399.576 4571324.850 5306522.760
13627 399.417 4571424.850 5306672.760
13628 399.949 4571374.850 5306622.760
13629 399.291 4571424.850 5306722.760
13630 401.980 4571249.960 5306539.280
13631 399.194 4571724.850 5307172.760
13632 398.802 4571774.850 5307222.760
13633 399.015 4572074.850 5307572.760
13634 396.346 4571826.600 5307259.840
13635 398.763 4571874.850 5307272.760
13636 398.305 4571924.850 5307322.760
13637 398.515 4571974.850 5307372.760
13638 397.515 4572024.850 5307422.760
13639 396.839 4572024.850 5307472.760
13640 397.982 4572024.850 5307522.760
13641 397.730 4571774.850 5307922.760
13642 401.312 4571824.850 5307872.760
13643 392.447 4571865.900 5307822.400
13644 397.717 4571924.850 5307772.760
13645 398.424 4571974.850 5307722.760
13646 397.121 4571974.850 5307672.760
13647 397.891 4572024.850 5307622.760
13648 397.886 4571724.850 5307922.760
13649 397.561 4571674.850 5307972.760
13650 397.767 4571624.850 5308022.760
13651 399.103 4571674.850 5307122.760
13652 398.422 4571624.850 5307022.760
13653 398.516 4571624.850 5307072.760
13654 398.474 4571574.850 5306922.760
13655 400.077 4571524.850 5306872.760
13656 398.728 4571574.850 5306972.760
13657 398.599 4571474.850 5306822.760
13658 399.458 4571424.850 5306772.760
13659 398.956 4571324.850 5306572.760
13660 399.591 4571374.850 5306672.760
13661 399.497 4571324.850 5306622.760
13662 399.645 4571374.850 5306722.760
13663 401.972 4571229.260 5306584.810
13664 399.274 4571674.850 5307172.760
13665 397.984 4571774.850 5307272.760
13666 401.547 4571724.850 5307222.760
13667 397.913 4572024.850 5307572.760
13668 396.129 4571814.260 5307308.250
13669 398.782 4571874.850 5307322.760
13670 398.190 4571924.850 5307372.760
13671 398.682 4571974.850 5307422.760
13672 398.646 4571974.850 5307472.760
13673 398.386 4571974.850 5307522.760
13674 398.155 4571774.850 5307872.760
13675 401.453 4571824.850 5307822.760
13676 394.776 4571877.970 5307776.010
13677 398.335 4571924.850 5307722.760
13678 397.950 4571924.850 5307672.760
13679 398.232 4571974.850 5307622.760
13680 398.077 4571724.850 5307872.760
13681 397.573 4571674.850 5307922.760
13682 396.892 4571624.850 5307972.760
13683 398.373 4571624.850 5307122.760
13684 398.373 4571574.850 5307022.760
13685 398.357 4571574.850 5307072.760
13686 398.520 4571524.850 5306922.760
13687 398.717 4571474.850 5306872.760
13688 398.551 4571524.850 5306972.760
13689 398.875 4571424.850 5306822.760
13690 399.710 4571374.850 5306772.760
13691 399.091 4571274.850 5306622.760
13692 399.712 4571324.850 5306672.760
13693 399.445 4571324.850 5306722.760
13694 401.973 4571207.980 5306630.070
13695 398.621 4571624.850 5307172.760
13696 399.303 4571674.850 5307222.760
13697 397.888 4571774.850 5307322.760
13698 401.399 4571724.850 5307272.760
13699 398.222 4571974.850 5307572.760
13700 396.000 4571807.200 5307358.100
13701 398.335 4571874.850 5307372.760
13702 397.978 4571924.850 5307422.760
13703 398.289 4571924.850 5307472.760
13704 398.184 4571924.850 5307522.760
13705 397.942 4571774.850 5307372.760
13706 398.465 4571774.850 5307822.760
13707 401.594 4571824.850 5307772.760
13708 394.301 4571867.340 5307726.860
13709 398.084 4571874.850 5307672.760
13710 397.803 4571924.850 5307622.760
13711 397.854 4571724.850 5307822.760
13712 397.813 4571674.850 5307872.760
13713 397.535 4571624.850 5307922.760
13714 397.072 4571574.850 5307972.760
13715 398.294 4571574.850 5307122.760
13716 398.213 4571524.850 5307022.760
13717 398.515 4571524.850 5307072.760
13718 401.678 4571474.850 5306922.760
13719 398.612 4571424.850 5306872.760
13720 400.160 4571474.850 5306972.760
13721 399.546 4571374.850 5306822.760
13722 399.386 4571324.850 5306772.760
13723 399.541 4571274.850 5306672.760
13724 399.556 4571274.850 5306722.760
13725 401.972 4571187.650 5306675.760
13726 398.645 4571574.850 5307172.760
13727 399.322 4571624.850 5307222.760
13728 399.651 4571674.850 5307272.760
13729 400.582 4571724.850 5307322.760
13730 401.845 4571724.850 5307372.760
13731 398.257 4571924.850 5307572.760
13732 395.442 4571805.170 5307407.250
13733 398.099 4571874.850 5307422.760
13734 398.233 4571874.850 5307472.760
13735 398.115 4571874.850 5307522.760
13736 396.096 4571774.850 5307422.760
13737 394.343 4571799.900 5307457.290
13738 399.271 4571774.850 5307772.760
13739 396.410 4571824.850 5307722.760
13740 395.000 4571850.760 5307679.340
13741 397.549 4571874.850 5307622.760
13742 397.851 4571724.850 5307772.760
13743 397.643 4571674.850 5307822.760
13744 397.525 4571624.850 5307872.760
13745 397.336 4571574.850 5307922.760
13746 396.170 4571524.850 5307972.760
13747 398.456 4571524.850 5307122.760
13748 398.178 4571474.850 5307022.760
13749 397.948 4571474.850 5307072.760
13750 399.825 4571424.850 5306922.760
13751 398.388 4571374.850 5306872.760
13752 401.412 4571424.850 5306972.760
13753 398.626 4571324.850 5306822.760
13754 399.204 4571274.850 5306772.760
13755 398.988 4571224.850 5306722.760
13756 401.971 4571166.310 5306720.980
13757 398.406 4571524.850 5307172.760
13758 398.958 4571574.850 5307222.760
13759 399.275 4571624.850 5307272.760
13760 399.620 4571674.850 5307322.760
13761 400.106 4571674.850 5307372.760
13762 401.760 4571724.850 5307422.760
13763 397.409 4571874.850 5307572.760
13764 397.819 4571824.850 5307472.760
13765 397.902 4571824.850 5307522.760
13766 395.793 4571774.850 5307472.760
13767 399.954 4571774.850 5307722.760
13768 395.541 4571824.850 5307672.760
13769 395.149 4571822.480 5307637.790
13770 397.841 4571724.850 5307722.760
13771 397.661 4571674.850 5307772.760
13772 397.802 4571624.850 5307822.760
13773 397.393 4571574.850 5307872.760
13774 396.563 4571524.850 5307922.760
13775 398.452 4571474.850 5307122.760
13776 399.029 4571424.850 5307022.760
13777 397.890 4571424.850 5307072.760
13778 398.360 4571374.850 5306922.760
13779 397.915 4571324.850 5306872.760
13780 398.616 4571374.850 5306972.760
13781 398.138 4571274.850 5306822.760
13782 399.186 4571224.850 5306772.760
13783 401.969 4571201.540 5306740.350
13784 398.408 4571474.850 5307172.760
13785 399.795 4571524.850 5307222.760
13786 399.212 4571574.850 5307272.760
13787 399.096 4571624.850 5307322.760
13788 399.173 4571624.850 5307372.760
13789 399.897 4571674.850 5307422.760
13790 401.842 4571724.850 5307472.760
13791 398.268 4571824.850 5307572.760
13792 393.240 4571786.830 5307505.760
13793 401.735 4571774.850 5307672.760
13794 394.978 4571787.550 5307605.060
13795 397.908 4571724.850 5307672.760
13796 397.797 4571674.850 5307722.760
13797 397.452 4571624.850 5307772.760
13798 397.126 4571574.850 5307822.760
13799 397.136 4571524.850 5307872.760
13800 398.054 4571474.850 5307922.760
13801 397.596 4571424.850 5307122.760
13802 399.484 4571374.850 5307022.760
13803 398.207 4571374.850 5307072.760
13804 397.861 4571324.850 5306922.760
13805 398.050 4571274.850 5306872.760
13806 397.710 4571324.850 5306972.760
13807 398.991 4571224.850 5306822.760
13808 401.956 4571181.900 5306785.940
13809 399.024 4571424.850 5307172.760
13810 399.397 4571474.850 5307222.760
13811 399.552 4571524.850 5307272.760
13812 399.479 4571574.850 5307322.760
13813 399.312 4571574.850 5307372.760
13814 399.919 4571624.850 5307422.760
13815 399.728 4571674.850 5307472.760
13816 401.828 4571724.850 5307522.760
13817 393.923 4571782.860 5307555.840
13818 399.888 4571724.850 5307622.760
13819 397.976 4571674.850 5307672.760
13820 398.140 4571624.850 5307722.760
13821 398.039 4571574.850 5307772.760
13822 398.408 4571524.850 5307822.760
13823 398.096 4571474.850 5307872.760
13824 397.795 4571424.850 5307922.760
13825 397.887 4571374.850 5307122.760
13826 399.030 4571324.850 5307022.760
13827 400.965 4571324.850 5307072.760
13828 398.099 4571274.850 5306922.760
13829 398.091 4571224.850 5306872.760
13830 397.997 4571274.850 5306972.760
13831 401.955 4571160.450 5306831.120
13832 399.510 4571374.850 5307172.760
13833 399.924 4571424.850 5307222.760
13834 399.724 4571474.850 5307272.760
13835 398.829 4571524.850 5307322.760
13836 398.818 4571524.850 5307372.760
13837 399.434 4571574.850 5307422.760
13838 400.215 4571624.850 5307472.760
13839 399.671 4571674.850 5307522.760
13840 401.222 4571724.850 5307572.760
13841 398.399 4571674.850 5307622.760
13842 398.093 4571624.850 5307672.760
13843 398.380 4571574.850 5307722.760
13844 398.326 4571524.850 5307772.760
13845 398.249 4571474.850 5307822.760
13846 397.838 4571424.850 5307872.760
13847 396.964 4571324.850 5307122.760
13848 397.477 4571274.850 5307022.760
13849 396.875 4571274.850 5307072.760
13850 398.392 4571224.850 5306922.760
13851 397.635 4571174.850 5306872.760
13852 397.626 4571224.850 5306972.760
13853 401.957 4571137.280 5306874.900
13854 397.897 4571324.850 5307172.760
13855 399.835 4571374.850 5307222.760
13856 399.736 4571424.850 5307272.760
13857 399.648 4571474.850 5307322.760
13858 399.590 4571474.850 5307372.760
13859 399.313 4571524.850 5307422.760
13860 399.248 4571574.850 5307472.760
13861 399.851 4571624.850 5307522.760
13862 399.495 4571674.850 5307572.760
13863 398.260 4571624.850 5307622.760
13864 398.148 4571574.850 5307672.760
13865 398.319 4571524.850 5307722.760
13866 398.583 4571474.850 5307772.760
13867 397.850 4571424.850 5307822.760
13868 396.879 4571374.850 5307872.760
13869 398.085 4571274.850 5307122.760
13870 397.172 4571224.850 5307022.760
13871 398.725 4571224.850 5307072.760
13872 397.687 4571174.850 5306922.760
13873 396.917 4571174.850 5306972.760
13874 401.953 4571102.080 5306890.640
13875 399.564 4571274.850 5307172.760
13876 399.543 4571324.850 5307222.760
13877 399.563 4571374.850 5307272.760
13878 399.460 4571424.850 5307322.760
13879 399.729 4571424.850 5307372.760
13880 399.462 4571474.850 5307422.760
13881 399.557 4571524.850 5307472.760
13882 399.484 4571574.850 5307522.760
13883 399.552 4571624.850 5307572.760
13884 398.191 4571574.850 5307622.760
13885 398.118 4571524.850 5307672.760
13886 398.089 4571474.850 5307722.760
13887 397.975 4571424.850 5307772.760
13888 397.564 4571374.850 5307822.760
13889 400.343 4571224.850 5307122.760
13890 398.302 4571174.850 5307022.760
13891 398.591 4571174.850 5307072.760
13892 397.825 4571124.850 5306972.760
13893 401.954 4571072.140 5306921.220
13894 400.356 4571224.850 5307172.760
13895 399.286 4571274.850 5307222.760
13896 399.493 4571324.850 5307272.760
13897 399.501 4571374.850 5307322.760
13898 399.500 4571374.850 5307372.760
13899 399.397 4571424.850 5307422.760
13900 399.523 4571474.850 5307472.760
13901 398.956 4571524.850 5307522.760
13902 399.162 4571574.850 5307572.760
13903 398.339 4571524.850 5307622.760
13904 398.186 4571474.850 5307672.760
13905 398.087 4571424.850 5307722.760
13906 398.012 4571374.850 5307772.760
13907 399.249 4571324.850 5307822.760
13908 398.656 4571174.850 5307122.760
13909 398.327 4571124.850 5307022.760
13910 398.329 4571124.850 5307072.760
13911 401.951 4571050.730 5306966.420
13912 399.089 4571174.850 5307172.760
13913 399.185 4571224.850 5307222.760
13914 399.372 4571274.850 5307272.760
13915 399.698 4571324.850 5307322.760
13916 399.409 4571324.850 5307372.760
13917 399.433 4571374.850 5307422.760
13918 399.544 4571424.850 5307472.760
13919 399.038 4571474.850 5307522.760
13920 398.808 4571524.850 5307572.760
13921 398.158 4571474.850 5307622.760
13922 398.050 4571424.850 5307672.760
13923 398.347 4571374.850 5307722.760
13924 397.736 4571324.850 5307772.760
13925 399.473 4571274.850 5307822.760
13926 398.288 4571124.850 5307122.760
13927 398.296 4571074.850 5307072.760
13928 401.942 4571028.470 5307011.200
13929 398.329 4571124.850 5307172.760
13930 400.879 4571174.850 5307222.760
13931 399.293 4571224.850 5307272.760
13932 399.369 4571274.850 5307322.760
13933 399.471 4571274.850 5307372.760
13934 399.261 4571324.850 5307422.760
13935 399.602 4571374.850 5307472.760
13936 399.382 4571424.850 5307522.760
13937 399.017 4571474.850 5307572.760
13938 399.001 4571424.850 5307622.760
13939 398.986 4571374.850 5307672.760
13940 398.271 4571324.850 5307722.760
13941 398.142 4571274.850 5307772.760
13942 397.714 4571074.850 5307122.760
13943 401.941 4571005.590 5307055.670
13944 401.941 4570982.970 5307100.280
13945 398.010 4571074.850 5307172.760
13946 399.879 4571124.850 5307222.760
13947 400.032 4571174.850 5307272.760
13948 399.421 4571224.850 5307322.760
13949 399.500 4571224.850 5307372.760
13950 399.416 4571274.850 5307422.760
13951 399.301 4571324.850 5307472.760
13952 399.650 4571374.850 5307522.760
13953 399.345 4571424.850 5307572.760
13954 399.598 4571374.850 5307622.760
13955 399.486 4571324.850 5307672.760
13956 397.027 4571274.850 5307722.760
13957 399.080 4571224.850 5307772.760
13958 401.932 4571014.700 5307122.460
13959 397.385 4571024.850 5307172.760
13960 397.942 4571074.850 5307222.760
13961 398.930 4571124.850 5307272.760
13962 399.354 4571174.850 5307322.760
13963 399.517 4571174.850 5307372.760
13964 399.327 4571224.850 5307422.760
13965 399.263 4571274.850 5307472.760
13966 399.607 4571324.850 5307522.760
13967 399.776 4571374.850 5307572.760
13968 399.463 4571324.850 5307622.760
13969 397.499 4571274.850 5307672.760
13970 398.646 4571224.850 5307722.760
13971 398.268 4571174.850 5307772.760
13972 401.925 4570993.940 5307167.250
13973 397.814 4571024.850 5307222.760
13974 397.929 4571074.850 5307272.760
13975 399.230 4571124.850 5307322.760
13976 399.325 4571124.850 5307372.760
13977 399.457 4571174.850 5307422.760
13978 399.348 4571224.850 5307472.760
13979 399.056 4571274.850 5307522.760
13980 399.605 4571324.850 5307572.760
13981 399.461 4571274.850 5307622.760
13982 397.520 4571224.850 5307672.760
13983 398.378 4571174.850 5307722.760
13984 401.915 4570970.880 5307211.620
13985 397.713 4571024.850 5307272.760
13986 400.079 4571074.850 5307322.760
13987 401.910 4570946.790 5307255.450
13988 400.234 4571074.850 5307372.760
13989 399.411 4571124.850 5307422.760
13990 399.308 4571174.850 5307472.760
13991 399.075 4571224.850 5307522.760
13992 399.333 4571274.850 5307572.760
13993 399.285 4571224.850 5307622.760
13994 398.491 4571174.850 5307672.760
13995 398.674 4571124.850 5307722.760
13996 397.213 4570974.850 5307272.760
13997 397.537 4571024.850 5307322.760
13998 401.908 4570922.590 5307299.220
13999 399.836 4571024.850 5307372.760
14000 398.881 4571074.850 5307422.760
14001 399.175 4571124.850 5307472.760
14002 399.138 4571174.850 5307522.760
14003 398.990 4571224.850 5307572.760
14004 398.606 4571174.850 5307622.760
14005 399.008 4571124.850 5307672.760
14006 397.367 4570974.850 5307322.760
14007 401.907 4570897.610 5307342.550
14008 397.757 4570974.850 5307372.760
14009 400.789 4571024.850 5307422.760
14010 398.701 4571074.850 5307472.760
14011 399.002 4571124.850 5307522.760
14012 399.183 4571174.850 5307572.760
14013 399.049 4571124.850 5307622.760
14014 398.813 4571074.850 5307672.760
14015 401.902 4570928.650 5307363.900
14016 400.178 4570974.850 5307422.760
14017 398.632 4571024.850 5307472.760
14018 398.412 4571074.850 5307522.760
14019 398.985 4571124.850 5307572.760
14020 398.789 4571074.850 5307622.760
14021 398.482 4571024.850 5307672.760
14022 401.887 4570904.260 5307406.800
14023 396.042 4570924.850 5307422.760
14024 399.329 4570974.850 5307472.760
14025 398.418 4571024.850 5307522.760
14026 398.773 4571074.850 5307572.760
14027 398.575 4571024.850 5307622.760
14028 401.879 4570877.110 5307448.550
14029 397.685 4570924.850 5307472.760
14030 397.445 4570974.850 5307522.760
14031 398.484 4571024.850 5307572.760
14032 398.245 4570974.850 5307622.760
14033 401.880 4570841.110 5307468.850
14034 397.031 4570874.850 5307472.760
14035 401.877 4570805.010 5307491.620
14036 396.423 4570924.850 5307522.760
14037 397.025 4570974.850 5307572.760
14038 396.551 4570874.850 5307522.760
14039 398.391 4570924.850 5307572.760
14040 396.273 4570874.850 5307572.760
