1 413.317 4578009.020 5299217.810
2 413.266 4578026.810 5299219.010
3 412.354 4577866.010 5299077.550
4 413.369 4578010.810 5299227.370
5 413.321 4578003.090 5299217.410
6 413.319 4577997.160 5299217.010
7 413.533 4578014.190 5299239.290
8 412.300 4577863.660 5299072.330
9 412.422 4577863.890 5299083.130
10 413.537 4578006.770 5299237.300
11 413.418 4577995.310 5299226.340
12 413.313 4577991.360 5299218.230
13 413.590 4578010.760 5299244.250
14 412.629 4577754.600 5299078.630
15 412.570 4577760.590 5299076.110
16 412.544 4577849.140 5299090.550
17 412.311 4577849.120 5299071.250
18 412.642 4577750.820 5299078.660
19 412.654 4577745.670 5299078.400
20 412.646 4577754.340 5299079.610
21 412.635 4577759.620 5299079.960
22 413.454 4577974.050 5299222.540
23 413.384 4577799.600 5299145.210
24 413.380 4577805.070 5299147.080
25 412.809 4577834.600 5299108.250
26 413.032 4577811.660 5299127.630
27 412.685 4577855.410 5299105.470
28 413.575 4577998.640 5299237.160
29 413.622 4578005.460 5299247.560
30 413.467 4577980.090 5299225.090
31 413.616 4578003.910 5299254.160
32 413.890 4577914.410 5299324.130
33 412.559 4577752.110 5299073.870
34 412.555 4577747.210 5299072.800
35 412.559 4577751.350 5299073.740
36 412.409 4577772.270 5299067.490
37 412.408 4577779.980 5299068.640
38 412.632 4577817.730 5299091.590
39 412.325 4577831.660 5299069.940
40 412.315 4577781.920 5299062.220
41 412.577 4577728.460 5299070.740
42 412.648 4577740.890 5299077.080
43 412.630 4577726.490 5299073.370
44 412.755 4577745.070 5299086.180
45 413.046 4577762.640 5299105.500
46 412.758 4577784.670 5299097.670
47 413.054 4577768.240 5299112.650
48 413.618 4577792.390 5299192.690
49 413.469 4577758.400 5299161.490
50 413.505 4577968.280 5299223.970
51 413.574 4577798.010 5299184.180
52 413.349 4577815.930 5299159.990
53 413.034 4577834.950 5299126.670
54 413.478 4577812.110 5299178.430
55 413.724 4577791.850 5299204.450
56 413.603 4577807.800 5299196.350
57 413.617 4577995.810 5299255.900
58 413.617 4577976.500 5299244.780
59 413.638 4578000.480 5299259.110
60 413.882 4577915.290 5299326.860
61 413.883 4577918.270 5299322.870
62 412.431 4577744.330 5299064.630
63 412.315 4577777.590 5299061.600
64 412.261 4577797.140 5299058.650
65 412.300 4577731.740 5299054.510
66 412.664 4577713.410 5299072.740
67 412.276 4577670.550 5299032.980
68 412.270 4577666.530 5299032.440
69 412.197 4577652.970 5299028.230
70 412.244 4577656.350 5299030.590
71 412.264 4577662.510 5299031.910
72 412.640 4577699.050 5299068.790
73 412.699 4577701.460 5299072.210
74 412.784 4577711.130 5299078.500
75 412.782 4577723.760 5299082.380
76 413.761 4577776.700 5299225.630
77 412.787 4577730.580 5299085.280
78 413.095 4577756.740 5299118.260
79 413.147 4577767.940 5299123.080
80 413.389 4577762.150 5299147.050
81 413.730 4577780.220 5299204.810
82 413.711 4577781.340 5299201.900
83 413.483 4577743.680 5299149.030
84 413.613 4577784.350 5299190.060
85 413.468 4577757.870 5299162.980
86 413.820 4577775.550 5299230.350
87 413.826 4577787.700 5299232.220
88 413.802 4577765.810 5299228.750
89 413.824 4577795.040 5299236.880
90 413.658 4577950.500 5299244.330
91 413.651 4577954.560 5299229.550
92 413.585 4577811.940 5299188.420
93 413.417 4577818.570 5299167.940
94 413.777 4577819.170 5299211.640
95 413.771 4577810.200 5299234.150
96 413.752 4577962.910 5299277.000
97 413.884 4577923.610 5299321.530
98 413.888 4577916.640 5299316.840
99 413.887 4577912.470 5299318.150
100 412.183 4577644.870 5299027.180
101 412.046 4577662.250 5299021.290
102 412.129 4577654.540 5299025.100
103 412.102 4577650.410 5299023.640
104 412.349 4577640.910 5299035.360
105 412.346 4577643.790 5299035.650
106 412.345 4577646.090 5299036.550
107 412.291 4577730.130 5299047.850
108 412.639 4577701.940 5299069.270
109 412.290 4577694.810 5299035.320
110 412.635 4577699.070 5299068.520
111 412.318 4577677.150 5299037.310
112 412.663 4577689.570 5299068.170
113 412.525 4577690.990 5299061.500
114 412.323 4577670.100 5299036.360
115 412.329 4577661.950 5299035.960
116 412.340 4577651.790 5299037.320
117 412.330 4577661.350 5299035.870
118 412.686 4577694.290 5299070.190
119 412.717 4577686.960 5299070.240
120 412.702 4577696.460 5299071.380
121 412.865 4577699.170 5299083.510
122 412.805 4577720.230 5299083.960
123 413.704 4577768.090 5299220.250
124 413.785 4577764.440 5299223.680
125 413.393 4577748.420 5299131.150
126 413.486 4577736.520 5299154.110
127 413.438 4577741.890 5299143.630
128 413.482 4577735.800 5299157.270
129 413.485 4577740.610 5299147.050
130 413.710 4577769.850 5299203.140
131 413.478 4577738.430 5299159.150
132 413.542 4577757.200 5299170.650
133 413.538 4577734.440 5299160.610
134 413.738 4577772.230 5299251.130
135 413.826 4577781.320 5299261.220
136 413.758 4577785.160 5299247.800
137 413.758 4577759.300 5299227.810
138 413.753 4577753.810 5299238.400
139 413.788 4577764.610 5299252.840
140 413.811 4577814.540 5299253.980
141 413.743 4577935.980 5299245.580
142 413.750 4577827.380 5299219.110
143 413.844 4577917.520 5299272.530
144 413.846 4577913.880 5299279.710
145 413.874 4577910.480 5299289.660
146 413.889 4577911.730 5299315.820
147 413.888 4577909.080 5299316.670
148 413.893 4577902.110 5299318.920
149 413.903 4577903.540 5299330.640
150 413.838 4577897.890 5299334.880
151 412.213 4577634.870 5299028.000
152 412.352 4577637.980 5299035.370
153 412.175 4577639.080 5299026.550
154 412.037 4577653.030 5299020.580
155 412.171 4577635.050 5299026.170
156 412.210 4577632.880 5299027.740
157 412.353 4577640.410 5299038.760
158 412.349 4577645.670 5299039.510
159 412.408 4577690.590 5299055.320
160 412.324 4577674.300 5299040.680
161 412.660 4577683.570 5299066.900
162 412.519 4577684.970 5299060.220
163 412.346 4577650.210 5299041.090
164 412.330 4577665.320 5299039.140
165 412.333 4577660.980 5299038.540
166 412.337 4577656.810 5299038.840
167 412.367 4577669.770 5299050.240
168 412.779 4577679.430 5299071.610
169 412.866 4577688.830 5299079.910
170 413.100 4577679.370 5299101.580
171 413.072 4577669.090 5299091.430
172 413.081 4577682.910 5299101.680
173 413.511 4577694.670 5299133.120
174 413.188 4577676.860 5299104.090
175 413.492 4577684.100 5299145.400
176 413.528 4577682.530 5299135.920
177 413.709 4577765.070 5299219.770
178 413.499 4577716.140 5299149.260
179 413.579 4577722.260 5299167.620
180 413.575 4577741.550 5299174.080
181 413.609 4577723.520 5299170.780
182 413.593 4577679.250 5299154.190
183 413.526 4577683.200 5299149.840
184 413.788 4577771.450 5299259.380
185 413.747 4577780.430 5299266.650
186 413.797 4577796.140 5299263.670
187 413.848 4577778.670 5299279.620
188 413.712 4577752.780 5299226.870
189 413.748 4577750.970 5299237.970
190 413.791 4577762.020 5299254.230
191 413.778 4577808.100 5299265.870
192 413.805 4577825.780 5299260.890
193 413.763 4577899.760 5299257.960
194 413.800 4577851.850 5299247.130
195 413.821 4577898.390 5299278.940
196 413.890 4577904.700 5299314.410
197 413.880 4577899.970 5299319.610
198 413.895 4577895.390 5299327.070
199 412.360 4577629.630 5299034.310
200 412.036 4577628.820 5299019.940
201 412.205 4577630.550 5299027.420
202 412.505 4577636.090 5299051.730
203 412.411 4577644.290 5299048.820
204 412.466 4577675.200 5299056.030
205 412.411 4577664.220 5299051.670
206 412.877 4577667.400 5299073.400
207 412.992 4577670.950 5299087.370
208 413.148 4577673.900 5299102.090
209 413.072 4577665.060 5299090.550
210 413.081 4577670.670 5299099.090
211 413.319 4577670.200 5299118.160
212 412.368 4577623.590 5299034.980
213 412.476 4577628.570 5299049.380
214 413.478 4577674.420 5299125.870
215 413.490 4577680.790 5299144.730
216 413.477 4577665.120 5299123.200
217 413.655 4577730.570 5299198.840
218 413.687 4577727.260 5299212.560
219 413.588 4577713.000 5299165.230
220 413.669 4577719.620 5299185.880
221 413.586 4577672.210 5299152.760
222 413.606 4577680.200 5299155.670
223 413.688 4577685.140 5299167.820
224 413.861 4577760.990 5299268.120
225 413.751 4577761.820 5299262.800
226 413.789 4577775.090 5299281.300
227 413.781 4577783.620 5299293.460
228 413.634 4577726.410 5299215.230
229 413.712 4577737.790 5299254.160
230 413.784 4577739.740 5299258.270
231 413.778 4577801.060 5299308.440
232 413.868 4577871.550 5299274.560
233 413.882 4577883.890 5299321.940
234 413.853 4577888.620 5299329.350
235 405.182 4577404.020 5298978.270
236 405.522 4577392.790 5298975.360
237 412.300 4577624.150 5299030.980
238 412.376 4577616.090 5299033.930
239 412.183 4577627.860 5299026.340
240 412.202 4577624.710 5299026.980
241 412.624 4577638.440 5299057.110
242 412.621 4577643.000 5299057.770
243 412.622 4577635.410 5299056.460
244 412.563 4577627.790 5299052.820
245 412.656 4577646.870 5299059.940
246 412.645 4577662.740 5299062.340
247 412.944 4577657.680 5299076.350
248 413.074 4577661.120 5299089.300
249 413.173 4577666.910 5299101.400
250 413.478 4577660.290 5299121.920
251 412.515 4577621.990 5299049.950
252 412.565 4577626.140 5299052.600
253 412.547 4577614.840 5299050.050
254 412.596 4577608.860 5299050.900
255 413.496 4577657.190 5299130.860
256 413.566 4577654.520 5299144.090
257 413.507 4577653.960 5299121.360
258 413.670 4577724.320 5299211.800
259 413.658 4577697.490 5299242.990
260 413.609 4577703.830 5299186.490
261 413.517 4577675.570 5299179.560
262 413.545 4577671.250 5299157.310
263 413.532 4577673.700 5299177.400
264 413.566 4577664.090 5299189.220
265 413.769 4577747.820 5299272.980
266 413.751 4577771.450 5299303.250
267 413.696 4577778.350 5299308.860
268 413.640 4577756.200 5299314.640
269 413.713 4577705.100 5299251.430
270 413.721 4577737.340 5299264.630
271 413.750 4577804.930 5299333.830
272 413.498 4577788.620 5299351.560
273 413.876 4577855.300 5299312.700
274 413.819 4577889.880 5299333.220
275 405.244 4577415.240 5298981.170
276 405.027 4577389.550 5299014.220
277 407.011 4577363.640 5299046.770
278 406.898 4577378.210 5299011.070
279 407.880 4577386.910 5298973.830
280 407.504 4577358.080 5299045.150
281 412.367 4577601.680 5299031.870
282 412.280 4577596.150 5299028.300
283 412.377 4577608.780 5299032.840
284 412.186 4577617.210 5299025.920
285 412.177 4577624.370 5299025.910
286 412.028 4577625.330 5299019.490
287 412.152 4577557.880 5299021.380
288 412.274 4577568.030 5299026.160
289 412.222 4577557.550 5299023.670
290 412.219 4577556.540 5299023.490
291 412.266 4577556.320 5299024.980
292 412.791 4577637.280 5299063.500
293 412.678 4577630.040 5299057.710
294 412.894 4577650.780 5299070.440
295 412.955 4577652.260 5299075.350
296 413.083 4577643.210 5299085.880
297 413.078 4577648.270 5299087.760
298 413.071 4577655.230 5299088.620
299 413.357 4577654.850 5299105.190
300 413.555 4577650.010 5299143.520
301 413.552 4577649.090 5299148.010
302 412.731 4577620.920 5299058.000
303 412.655 4577613.980 5299053.940
304 412.498 4577607.980 5299047.100
305 412.478 4577597.790 5299044.790
306 412.659 4577610.260 5299053.420
307 412.598 4577607.520 5299050.730
308 412.489 4577593.740 5299044.570
309 412.420 4577585.650 5299034.660
310 413.436 4577648.640 5299117.090
311 413.485 4577648.330 5299135.080
312 413.535 4577645.970 5299121.500
313 413.772 4577695.610 5299261.290
314 413.624 4577682.600 5299235.700
315 413.568 4577662.350 5299195.900
316 413.571 4577658.450 5299187.810
317 413.534 4577645.200 5299160.090
318 413.533 4577640.560 5299159.180
319 413.484 4577660.220 5299180.920
320 413.604 4577729.570 5299306.070
321 413.590 4577720.070 5299300.060
322 413.589 4577717.770 5299298.930
323 413.480 4577778.730 5299344.670
324 413.672 4577763.210 5299317.110
325 413.358 4577731.630 5299330.240
326 413.741 4577696.110 5299263.940
327 413.304 4577797.940 5299362.770
328 413.213 4577766.480 5299359.180
329 413.796 4577891.140 5299337.100
330 404.879 4577426.470 5298984.080
331 405.218 4577400.870 5299017.370
332 405.106 4577375.080 5299050.180
333 406.597 4577349.060 5299082.480
334 407.825 4577372.610 5299009.530
335 408.850 4577380.610 5298972.200
336 409.674 4577352.220 5299043.450
337 407.310 4577343.560 5299080.770
338 412.274 4577602.150 5299028.500
339 412.268 4577599.120 5299028.070
340 412.057 4577565.810 5299018.510
341 411.958 4577567.800 5299014.880
342 412.311 4577582.890 5299028.470
343 412.099 4577597.180 5299021.520
344 412.110 4577611.750 5299022.550
345 411.984 4577623.070 5299017.410
346 412.054 4577558.470 5299018.000
347 412.150 4577556.880 5299021.240
348 411.949 4577557.850 5299014.050
349 412.336 4577536.770 5299025.380
350 412.295 4577573.480 5299027.250
351 412.328 4577567.590 5299027.850
352 412.318 4577565.070 5299027.330
353 412.247 4577548.360 5299023.740
354 412.472 4577554.600 5299037.380
355 412.499 4577543.510 5299035.500
356 412.525 4577539.800 5299037.180
357 412.801 4577629.380 5299062.270
358 412.929 4577632.380 5299067.720
359 412.808 4577624.830 5299061.620
360 413.086 4577641.990 5299085.690
361 413.090 4577643.050 5299086.960
362 413.120 4577643.760 5299092.210
363 413.176 4577643.150 5299096.420
364 413.342 4577644.650 5299101.850
365 413.563 4577641.970 5299152.080
366 413.555 4577646.070 5299142.700
367 413.552 4577645.200 5299147.180
368 412.829 4577613.370 5299060.010
369 412.740 4577613.800 5299056.990
370 412.618 4577594.300 5299049.190
371 412.652 4577596.960 5299050.800
372 412.648 4577600.260 5299051.270
373 412.708 4577608.250 5299054.790
374 412.619 4577593.060 5299049.000
375 412.730 4577590.010 5299052.110
376 412.489 4577583.010 5299042.910
377 413.364 4577641.210 5299111.430
378 413.451 4577637.790 5299114.790
379 413.475 4577628.530 5299129.070
380 413.388 4577638.830 5299286.440
381 413.520 4577658.640 5299269.030
382 413.787 4577676.820 5299250.930
383 413.565 4577664.290 5299226.730
384 413.593 4577656.070 5299212.090
385 413.574 4577634.110 5299217.060
386 413.572 4577641.730 5299190.510
387 413.514 4577637.190 5299159.900
388 413.498 4577642.960 5299171.290
389 413.560 4577642.160 5299184.270
390 413.540 4577701.980 5299300.550
391 413.204 4577725.180 5299331.760
392 413.544 4577717.610 5299305.070
393 413.537 4577715.310 5299303.940
394 413.122 4577718.200 5299337.660
395 413.182 4577753.370 5299345.890
396 412.556 4577743.920 5299382.430
397 413.123 4577721.420 5299339.260
398 413.475 4577658.690 5299284.810
399 413.345 4577638.020 5299289.270
400 413.244 4577662.650 5299303.680
401 412.492 4577757.440 5299390.530
402 404.973 4577437.710 5298986.990
403 404.970 4577412.210 5299020.530
404 405.162 4577386.510 5299053.580
405 405.220 4577360.610 5299086.130
406 406.044 4577334.490 5299118.180
407 408.943 4577366.650 5299007.900
408 411.709 4577374.570 5298970.640
409 410.378 4577346.670 5299041.860
410 408.473 4577337.790 5299079.010
411 406.596 4577329.030 5299116.390
412 412.086 4577600.110 5299021.130
413 411.889 4577566.680 5299012.060
414 411.989 4577575.570 5299016.380
415 412.038 4577584.430 5299018.650
416 411.995 4577611.100 5299017.670
417 411.913 4577559.340 5299011.090
418 411.954 4577550.170 5299012.840
419 412.208 4577545.410 5299022.270
420 412.333 4577532.790 5299024.880
421 412.467 4577535.320 5299028.910
422 412.379 4577532.630 5299026.200
423 412.457 4577568.260 5299039.590
424 412.462 4577559.270 5299038.200
425 412.494 4577545.480 5299035.830
426 412.703 4577554.420 5299044.750
427 412.659 4577539.200 5299040.800
428 412.526 4577532.470 5299035.970
429 412.646 4577531.940 5299039.170
430 412.939 4577626.080 5299066.670
431 413.126 4577641.120 5299091.780
432 413.182 4577640.490 5299096.040
433 413.491 4577628.000 5299133.390
434 412.837 4577609.410 5299059.480
435 412.726 4577593.750 5299052.680
436 412.719 4577599.930 5299053.620
437 412.787 4577591.210 5299054.170
438 412.736 4577585.570 5299051.470
439 412.789 4577589.730 5299053.940
440 412.739 4577581.730 5299050.860
441 413.438 4577622.950 5299132.800
442 413.489 4577625.840 5299113.160
443 413.472 4577623.470 5299128.470
444 413.384 4577629.680 5299283.800
445 413.499 4577623.940 5299272.690
446 413.495 4577637.870 5299276.930
447 413.653 4577652.390 5299247.180
448 413.540 4577631.530 5299261.390
449 413.645 4577635.810 5299222.720
450 413.572 4577630.770 5299215.870
451 413.571 4577634.870 5299187.530
452 413.455 4577611.760 5299166.360
453 413.571 4577631.440 5299186.040
454 413.467 4577607.370 5299166.730
455 413.327 4577688.930 5299311.360
456 413.087 4577671.990 5299318.020
457 413.089 4577712.430 5299338.340
458 413.035 4577670.450 5299323.360
459 412.392 4577734.380 5299383.770
460 412.732 4577709.970 5299362.190
461 413.357 4577629.240 5299285.350
462 413.146 4577614.360 5299290.800
463 413.168 4577637.930 5299298.320
464 413.075 4577648.290 5299311.210
465 411.504 4577685.000 5299402.590
466 404.947 4577448.940 5298989.890
467 405.351 4577423.540 5299023.690
468 405.027 4577397.950 5299056.990
469 404.993 4577372.140 5299089.780
470 405.467 4577346.140 5299122.090
471 405.435 4577319.910 5299153.880
472 411.800 4577360.970 5299006.360
473 413.494 4577369.060 5298969.220
474 412.897 4577365.430 5298959.610
475 412.659 4577359.900 5298954.060
476 411.983 4577367.690 5298949.670
477 412.411 4577341.380 5299040.310
478 409.800 4577332.370 5299077.360
479 407.884 4577323.370 5299114.560
480 405.438 4577314.470 5299151.990
481 411.726 4577571.930 5299000.310
482 411.944 4577551.580 5299010.160
483 412.044 4577538.160 5299014.400
484 412.331 4577529.780 5299024.510
485 412.377 4577529.610 5299025.820
486 412.331 4577527.780 5299024.270
487 412.755 4577566.920 5299048.520
488 412.766 4577558.940 5299047.320
489 412.821 4577550.780 5299047.220
490 412.925 4577545.300 5299048.780
491 412.850 4577533.310 5299044.530
492 412.648 4577528.070 5299038.520
493 412.859 4577527.250 5299043.530
494 413.481 4577619.370 5299111.910
495 413.502 4577610.780 5299143.150
496 412.869 4577590.810 5299056.680
497 412.882 4577584.880 5299055.830
498 413.496 4577616.670 5299134.460
499 413.488 4577618.790 5299124.030
500 413.483 4577619.850 5299271.840
501 413.123 4577602.230 5299287.280
502 413.200 4577603.070 5299284.400
503 413.513 4577622.900 5299261.310
504 413.531 4577634.900 5299256.300
505 413.557 4577620.450 5299211.380
506 413.508 4577604.040 5299174.360
507 413.532 4577612.260 5299196.290
508 413.447 4577605.200 5299166.450
509 413.510 4577600.660 5299181.630
510 413.076 4577690.660 5299334.160
511 412.733 4577706.750 5299360.570
512 412.951 4577668.920 5299328.700
513 412.941 4577646.300 5299318.150
514 412.420 4577706.210 5299369.670
515 413.148 4577617.490 5299291.890
516 412.976 4577603.530 5299296.340
517 412.927 4577641.270 5299316.700
518 411.595 4577684.030 5299398.340
519 407.052 4577454.060 5298991.220
520 405.863 4577434.880 5299026.840
521 405.545 4577409.380 5299060.390
522 405.071 4577383.690 5299093.450
523 404.970 4577357.780 5299125.990
524 405.303 4577331.670 5299158.040
525 405.457 4577305.340 5299189.590
526 412.596 4577355.680 5299004.910
527 413.868 4577362.660 5298967.560
528 413.061 4577353.260 5298961.950
529 412.092 4577332.660 5298937.790
530 413.801 4577335.310 5299038.890
531 412.376 4577327.090 5299075.710
532 411.104 4577318.080 5299112.860
533 409.497 4577308.880 5299150.080
534 405.467 4577299.850 5299187.570
535 411.689 4577519.720 5298985.380
536 412.098 4577529.170 5299013.270
537 412.392 4577518.570 5299024.960
538 412.706 4577516.820 5299037.880
539 412.738 4577504.570 5299036.180
540 413.035 4577509.140 5299047.860
541 413.073 4577546.600 5299052.810
542 413.085 4577535.310 5299053.790
543 412.977 4577522.090 5299045.220
544 413.394 4577590.020 5299140.230
545 413.386 4577590.720 5299135.160
546 413.431 4577610.710 5299257.790
547 413.496 4577608.970 5299263.820
548 413.181 4577592.510 5299281.360
549 413.422 4577598.130 5299269.800
550 413.525 4577608.290 5299252.420
551 413.579 4577613.020 5299210.490
552 413.471 4577584.030 5299183.170
553 413.319 4577525.190 5299170.460
554 413.334 4577522.150 5299170.670
555 412.285 4577666.360 5299359.650
556 412.643 4577655.730 5299339.350
557 411.899 4577665.580 5299380.940
558 412.585 4577574.760 5299303.740
559 412.288 4577554.290 5299311.450
560 412.727 4577617.330 5299320.820
561 411.517 4577679.110 5299399.420
562 408.894 4577459.450 5298992.620
563 406.896 4577439.750 5299028.140
564 406.649 4577420.820 5299063.800
565 405.367 4577395.220 5299097.090
566 405.022 4577369.430 5299129.900
567 405.036 4577343.420 5299162.190
568 405.272 4577317.200 5299194.000
569 405.477 4577290.760 5299225.290
570 413.730 4577321.050 5299074.380
571 413.872 4577349.560 5299003.410
572 413.700 4577318.250 5299048.860
573 413.784 4577339.620 5299014.750
574 412.636 4577342.960 5298981.670
575 412.304 4577326.010 5298941.270
576 413.680 4577311.080 5299073.610
577 413.698 4577316.330 5299060.750
578 413.550 4577275.740 5299145.470
579 413.029 4577312.800 5299111.120
580 411.142 4577303.680 5299148.320
581 409.272 4577294.250 5299185.550
582 405.733 4577285.220 5299223.150
583 411.841 4577515.480 5298996.000
584 412.733 4577492.450 5299030.550
585 412.358 4577509.800 5299019.160
586 412.524 4577493.450 5299023.020
587 413.004 4577507.120 5299049.900
588 412.805 4577504.360 5299037.650
589 412.884 4577491.740 5299035.980
590 413.026 4577510.720 5299110.700
591 412.981 4577503.870 5299072.250
592 412.948 4577497.810 5299071.380
593 412.926 4577488.930 5299098.320
594 412.855 4577485.970 5299099.510
595 412.829 4577482.930 5299098.220
596 413.290 4577523.270 5299162.710
597 413.097 4577509.720 5299123.440
598 413.476 4577600.600 5299261.390
599 412.569 4577556.740 5299291.340
600 413.142 4577581.870 5299278.910
601 413.405 4577594.070 5299268.630
602 413.589 4577592.640 5299232.140
603 413.412 4577570.820 5299208.300
604 413.430 4577564.310 5299203.150
605 413.356 4577536.800 5299195.660
606 413.404 4577534.860 5299189.630
607 413.147 4577495.440 5299184.450
608 413.152 4577496.940 5299185.240
609 412.421 4577546.330 5299291.930
610 412.353 4577544.640 5299297.810
611 411.382 4577503.140 5299312.830
612 411.036 4577502.930 5299338.210
613 411.102 4577532.200 5299347.700
614 411.277 4577627.950 5299386.230
615 411.143 4577566.360 5299363.720
616 411.397 4577606.550 5299373.280
617 411.440 4577680.080 5299403.670
618 410.319 4577464.630 5298993.950
619 409.870 4577444.950 5299029.540
620 407.111 4577425.390 5299065.120
621 407.083 4577406.760 5299100.750
622 405.030 4577381.060 5299133.800
623 404.961 4577355.170 5299166.360
624 404.974 4577329.050 5299198.400
625 405.245 4577302.730 5299229.950
626 405.503 4577276.190 5299261.000
627 413.659 4577306.800 5299109.860
628 413.598 4577290.640 5299135.520
629 413.564 4577280.680 5299149.210
630 413.602 4577290.670 5299110.900
631 412.361 4577299.270 5299047.530
632 412.951 4577333.460 5299002.950
633 412.539 4577296.570 5299028.210
634 412.601 4577301.750 5299019.570
635 412.613 4577315.260 5298961.290
636 413.578 4577292.990 5299070.780
637 413.601 4577292.610 5299094.280
638 412.420 4577294.080 5299058.440
639 413.528 4577272.110 5299139.250
640 413.501 4577263.810 5299160.440
641 413.350 4577298.380 5299146.470
642 411.139 4577289.080 5299183.690
643 409.143 4577279.610 5299221.010
644 405.867 4577270.590 5299258.730
645 412.142 4577501.290 5298993.580
646 412.751 4577491.280 5299030.400
647 412.450 4577491.490 5299021.080
648 413.022 4577487.500 5299037.280
649 413.337 4577482.740 5298996.940
650 412.733 4577466.550 5299091.070
651 412.788 4577465.930 5299088.890
652 412.756 4577465.780 5299089.880
653 412.687 4577466.110 5299093.880
654 412.792 4577491.750 5299070.500
655 413.096 4577486.950 5299041.250
656 412.878 4577488.700 5299093.140
657 412.762 4577466.770 5299090.020
658 412.862 4577466.200 5299087.030
659 412.762 4577481.210 5299074.660
660 412.697 4577476.730 5299105.510
661 412.629 4577471.890 5299104.790
662 412.563 4577467.060 5299104.060
663 413.105 4577507.790 5299138.140
664 413.156 4577481.000 5299179.860
665 413.363 4577575.430 5299244.790
666 413.582 4577562.290 5299223.120
667 413.426 4577529.590 5299203.810
668 413.375 4577521.590 5299203.670
669 413.389 4577510.690 5299199.220
670 413.197 4577481.480 5299182.210
671 413.296 4577491.300 5299192.380
672 412.359 4577518.640 5299283.920
673 411.643 4577504.880 5299307.000
674 411.349 4577498.420 5299311.500
675 411.601 4577500.150 5299305.680
676 410.850 4577485.000 5299332.510
677 410.440 4577506.090 5299362.170
678 410.528 4577527.990 5299366.400
679 410.707 4577585.870 5299392.060
680 413.147 4577469.460 5298995.200
681 410.594 4577449.920 5299030.860
682 409.482 4577430.350 5299066.580
683 407.758 4577411.030 5299102.100
684 407.340 4577392.700 5299137.700
685 404.956 4577366.900 5299170.500
686 404.942 4577340.910 5299202.810
687 404.908 4577314.690 5299234.610
688 405.223 4577288.260 5299265.910
689 405.499 4577261.610 5299296.710
690 413.590 4577292.390 5299145.270
691 413.533 4577275.700 5299166.650
692 413.527 4577275.030 5299172.410
693 413.491 4577265.360 5299186.470
694 413.496 4577267.910 5299188.390
695 413.556 4577283.340 5299100.770
696 412.480 4577286.910 5299043.500
697 412.687 4577293.940 5299008.430
698 412.413 4577287.540 5299060.830
699 413.635 4577286.260 5299077.070
700 412.468 4577289.570 5299058.870
701 413.439 4577254.960 5299145.260
702 413.377 4577236.050 5299184.360
703 413.405 4577239.850 5299196.210
704 413.362 4577283.690 5299181.700
705 411.352 4577274.480 5299219.070
706 409.097 4577264.980 5299256.480
707 405.736 4577255.960 5299294.310
708 413.212 4577480.340 5299002.740
709 413.135 4577481.500 5299036.450
710 413.159 4577480.950 5299040.410
711 414.051 4577476.810 5298998.980
712 414.627 4577474.360 5298996.420
713 412.746 4577463.820 5299090.700
714 412.662 4577463.380 5299093.520
715 412.682 4577484.890 5299068.560
716 413.169 4577481.860 5299044.190
717 412.844 4577466.610 5299084.180
718 412.779 4577474.730 5299073.720
719 413.405 4577436.150 5299107.030
720 412.504 4577449.050 5299099.700
721 413.489 4577435.240 5299108.890
722 412.858 4577454.520 5299121.730
723 412.958 4577448.880 5299116.780
724 412.823 4577450.270 5299125.990
725 413.171 4577475.040 5299178.600
726 413.143 4577517.960 5299229.300
727 413.365 4577511.590 5299214.120
728 413.355 4577500.920 5299207.460
729 413.285 4577481.310 5299192.210
730 413.155 4577485.610 5299203.790
731 413.203 4577471.340 5299190.040
732 410.977 4577459.020 5299308.210
733 412.341 4577512.790 5299282.210
734 411.937 4577496.370 5299293.160
735 410.863 4577451.600 5299308.460
736 410.767 4577447.020 5299312.340
737 411.218 4577455.890 5299297.420
738 410.991 4577454.670 5299303.290
739 410.673 4577459.510 5299325.130
740 410.605 4577471.760 5299335.020
741 410.047 4577509.950 5299386.750
742 409.638 4577501.510 5299400.140
743 412.763 4577454.510 5299032.080
744 411.628 4577435.060 5299067.970
745 409.094 4577415.740 5299103.640
746 408.125 4577396.670 5299139.080
747 407.175 4577378.640 5299174.650
748 405.038 4577352.730 5299207.200
749 404.914 4577326.650 5299239.270
750 404.843 4577300.320 5299270.810
751 405.201 4577273.790 5299301.860
752 405.520 4577247.040 5299332.410
753 413.528 4577277.620 5299180.550
754 413.421 4577242.020 5299209.090
755 413.484 4577263.970 5299190.580
756 413.493 4577267.690 5299191.560
757 413.401 4577243.270 5299226.480
758 412.481 4577273.600 5299053.570
759 413.385 4577239.750 5299235.830
760 413.351 4577231.310 5299187.940
761 413.391 4577236.610 5299200.480
762 413.401 4577236.880 5299213.990
763 413.306 4577212.120 5299257.570
764 413.336 4577268.990 5299216.940
765 411.797 4577259.880 5299254.440
766 409.487 4577250.350 5299291.940
767 405.576 4577241.320 5299329.880
768 415.107 4577459.100 5299033.240
769 412.317 4577449.570 5299091.840
770 412.660 4577467.450 5299064.530
771 412.888 4577467.440 5299078.480
772 412.863 4577468.270 5299072.780
773 412.049 4577442.600 5299088.020
774 412.023 4577440.510 5299092.520
775 412.258 4577439.460 5299095.780
776 411.918 4577440.560 5299089.980
777 413.644 4577433.370 5299109.500
778 413.555 4577434.480 5299107.890
779 413.474 4577435.270 5299107.010
780 413.378 4577435.730 5299105.840
781 413.277 4577437.250 5299105.980
782 412.621 4577438.250 5299099.000
783 413.506 4577433.750 5299111.430
784 412.581 4577445.260 5299135.220
785 412.796 4577435.250 5299121.110
786 412.397 4577433.370 5299127.420
787 412.975 4577463.320 5299180.240
788 413.008 4577441.970 5299159.150
789 413.045 4577510.150 5299228.710
790 413.085 4577483.060 5299206.240
791 413.036 4577467.030 5299207.970
792 412.860 4577451.340 5299189.690
793 411.363 4577427.060 5299272.040
794 411.386 4577425.940 5299270.410
795 411.371 4577423.790 5299270.130
796 411.790 4577472.150 5299281.420
797 411.318 4577436.880 5299278.470
798 411.378 4577448.240 5299281.830
799 411.384 4577442.840 5299279.200
800 411.328 4577455.140 5299291.460
801 411.411 4577452.490 5299286.070
802 411.297 4577431.000 5299279.710
803 411.277 4577428.440 5299277.760
804 411.328 4577425.070 5299271.880
805 411.258 4577421.200 5299271.570
806 410.621 4577441.430 5299314.530
807 411.229 4577455.640 5299295.430
808 410.375 4577449.340 5299334.190
809 409.578 4577459.990 5299383.880
810 412.309 4577439.340 5299069.190
811 411.973 4577420.210 5299105.080
812 409.076 4577401.140 5299140.690
813 407.939 4577382.330 5299175.900
814 407.019 4577364.580 5299211.610
815 405.120 4577338.570 5299243.910
816 404.885 4577312.390 5299275.720
817 404.779 4577285.960 5299307.020
818 405.182 4577259.320 5299337.810
819 405.411 4577230.390 5299368.220
820 413.465 4577262.860 5299215.820
821 413.374 4577243.360 5299251.730
822 413.419 4577253.120 5299233.980
823 413.386 4577246.360 5299244.160
824 413.336 4577234.730 5299260.790
825 413.328 4577224.150 5299255.780
826 413.209 4577190.270 5299275.960
827 413.282 4577208.370 5299272.010
828 413.165 4577191.390 5299237.210
829 413.114 4577171.600 5299286.870
830 413.311 4577254.300 5299252.170
831 412.435 4577245.280 5299289.820
832 409.293 4577235.710 5299327.410
833 405.589 4577224.720 5299365.600
834 414.706 4577443.570 5299070.350
835 412.017 4577437.830 5299093.070
836 413.893 4577431.330 5299108.750
837 413.587 4577433.740 5299106.420
838 413.323 4577435.310 5299104.650
839 413.013 4577436.360 5299101.910
840 413.359 4577432.260 5299113.960
841 413.289 4577422.670 5299141.430
842 412.705 4577424.500 5299135.920
843 412.738 4577430.040 5299119.370
844 412.198 4577425.930 5299130.270
845 412.200 4577427.950 5299124.810
846 413.545 4577420.070 5299149.760
847 413.612 4577420.670 5299146.890
848 413.344 4577422.810 5299151.960
849 412.740 4577445.330 5299174.600
850 413.069 4577433.620 5299158.480
851 413.379 4577419.480 5299152.630
852 412.314 4577458.170 5299246.380
853 412.817 4577438.610 5299202.970
854 412.773 4577439.410 5299185.480
855 411.339 4577426.580 5299267.280
856 411.145 4577411.540 5299270.040
857 411.424 4577453.820 5299288.760
858 411.116 4577425.880 5299282.770
859 411.107 4577423.420 5299280.840
860 411.124 4577418.940 5299277.010
861 410.619 4577435.430 5299314.780
862 410.530 4577424.790 5299309.590
863 410.586 4577429.680 5299313.080
864 409.689 4577413.370 5299349.520
865 409.629 4577414.500 5299354.120
866 413.078 4577424.180 5299106.320
867 411.431 4577405.360 5299142.200
868 409.108 4577386.610 5299177.390
869 407.641 4577368.000 5299212.480
870 406.892 4577350.520 5299248.560
871 405.227 4577324.410 5299280.610
872 404.857 4577298.130 5299312.180
873 404.715 4577271.590 5299343.220
874 405.057 4577241.950 5299373.460
875 405.242 4577213.750 5299404.020
876 413.403 4577248.090 5299251.090
877 413.336 4577234.450 5299273.580
878 413.316 4577223.910 5299269.770
879 413.245 4577214.460 5299298.680
880 413.214 4577197.190 5299311.320
881 413.037 4577155.260 5299306.600
882 413.298 4577239.590 5299287.410
883 412.930 4577230.680 5299325.190
884 408.726 4577219.140 5299363.040
885 405.570 4577208.130 5299401.320
886 414.332 4577428.050 5299107.460
887 413.424 4577418.340 5299140.110
888 411.995 4577424.840 5299124.430
889 413.526 4577418.000 5299151.110
890 413.678 4577418.040 5299149.110
891 413.074 4577426.880 5299158.260
892 413.076 4577429.860 5299159.310
893 412.894 4577415.900 5299157.070
894 412.647 4577429.270 5299203.470
895 412.774 4577419.700 5299197.640
896 412.239 4577397.320 5299219.260
897 412.177 4577398.760 5299222.790
898 411.159 4577406.780 5299266.350
899 411.047 4577410.530 5299275.180
900 411.113 4577406.750 5299270.510
901 411.086 4577401.710 5299267.340
902 410.456 4577421.290 5299304.710
903 410.500 4577419.580 5299298.950
904 410.553 4577419.820 5299292.950
905 410.870 4577422.000 5299287.350
906 410.934 4577412.590 5299280.830
907 410.082 4577411.940 5299324.380
908 409.388 4577391.840 5299353.870
909 413.948 4577409.020 5299143.450
910 410.757 4577390.610 5299178.770
911 408.850 4577372.090 5299213.530
912 407.343 4577353.520 5299249.400
913 406.766 4577336.460 5299285.510
914 405.344 4577310.250 5299317.310
915 404.829 4577283.870 5299348.640
916 404.464 4577253.500 5299378.710
917 404.922 4577224.580 5299409.110
918 405.062 4577197.100 5299439.830
919 413.340 4577233.320 5299286.360
920 413.290 4577225.260 5299296.590
921 413.220 4577210.110 5299315.550
922 413.269 4577221.080 5299304.750
923 413.210 4577210.570 5299330.400
924 413.027 4577151.310 5299316.510
925 413.018 4577149.020 5299320.490
926 413.164 4577177.490 5299322.480
927 413.010 4577145.350 5299329.970
928 413.247 4577224.890 5299322.640
929 411.805 4577214.220 5299360.780
930 408.164 4577202.580 5299398.670
931 405.530 4577191.530 5299437.050
932 414.526 4577412.520 5299144.560
933 412.541 4577405.350 5299171.470
934 412.327 4577413.590 5299203.540
935 413.911 4577402.730 5299183.390
936 412.061 4577392.970 5299210.690
937 412.362 4577393.160 5299220.450
938 411.572 4577391.080 5299233.160
939 411.045 4577389.880 5299266.550
940 411.071 4577395.860 5299265.960
941 411.073 4577397.810 5299266.420
942 410.333 4577407.250 5299297.350
943 410.338 4577402.280 5299300.730
944 410.449 4577410.850 5299292.550
945 410.641 4577412.700 5299286.830
946 410.904 4577384.420 5299269.060
947 409.896 4577396.520 5299320.040
948 410.309 4577396.480 5299302.310
949 410.259 4577390.490 5299301.920
950 409.479 4577384.680 5299338.550
951 409.333 4577377.530 5299345.480
952 409.196 4577374.550 5299350.400
953 408.792 4577372.310 5299364.360
954 409.091 4577374.010 5299353.150
955 408.633 4577358.200 5299370.120
956 408.693 4577366.990 5299370.560
957 413.083 4577393.980 5299179.870
958 410.218 4577375.880 5299214.510
959 408.621 4577357.220 5299250.470
960 407.056 4577339.040 5299286.330
961 406.623 4577322.400 5299322.470
962 405.460 4577296.080 5299354.020
963 404.557 4577265.040 5299383.960
964 404.271 4577235.410 5299414.210
965 404.787 4577207.210 5299444.760
966 404.887 4577180.460 5299475.630
967 413.278 4577218.550 5299321.630
968 413.200 4577207.750 5299339.370
969 413.143 4577186.670 5299341.150
970 413.059 4577152.840 5299330.560
971 413.063 4577168.590 5299374.340
972 413.132 4577169.250 5299336.340
973 413.004 4577137.800 5299361.810
974 413.179 4577208.670 5299358.240
975 410.419 4577197.770 5299396.370
976 406.877 4577186.030 5299434.300
977 405.193 4577174.710 5299472.660
978 411.018 4577377.950 5299247.130
979 415.271 4577397.150 5299180.840
980 412.258 4577395.770 5299193.080
981 413.033 4577386.190 5299214.690
982 410.757 4577380.410 5299242.470
983 411.548 4577387.160 5299231.390
984 412.556 4577385.270 5299222.050
985 411.238 4577380.210 5299254.470
986 411.249 4577380.140 5299258.470
987 411.037 4577392.870 5299266.260
988 410.284 4577393.490 5299302.110
989 410.578 4577380.070 5299273.200
990 410.183 4577377.300 5299278.530
991 410.031 4577385.730 5299311.080
992 410.208 4577384.950 5299299.600
993 410.204 4577380.460 5299295.610
994 409.359 4577368.300 5299335.790
995 409.338 4577364.210 5299331.210
996 408.715 4577366.190 5299366.170
997 409.096 4577372.510 5299352.360
998 408.661 4577357.290 5299362.110
999 408.619 4577356.200 5299370.080
1000 408.627 4577360.060 5299378.150
1001 408.653 4577362.100 5299376.190
1002 412.238 4577378.970 5299215.270
1003 409.755 4577360.630 5299251.450
1004 408.374 4577342.340 5299287.410
1005 406.771 4577324.560 5299323.260
1006 406.379 4577308.340 5299359.420
1007 404.988 4577276.540 5299389.190
1008 404.191 4577246.200 5299419.280
1009 404.087 4577217.320 5299449.700
1010 404.650 4577189.840 5299480.410
1011 404.686 4577163.810 5299511.440
1012 413.219 4577202.590 5299357.240
1013 413.155 4577196.250 5299366.050
1014 413.073 4577188.350 5299375.900
1015 413.054 4577181.770 5299393.070
1016 413.028 4577166.470 5299389.430
1017 413.001 4577162.010 5299412.160
1018 413.024 4577159.000 5299390.860
1019 413.018 4577140.510 5299362.580
1020 413.063 4577157.650 5299371.410
1021 412.961 4577128.570 5299368.480
1022 412.466 4577192.440 5299393.840
1023 409.436 4577181.320 5299431.960
1024 406.440 4577169.020 5299469.720
1025 405.029 4577157.760 5299508.220
1026 408.567 4577348.250 5299367.450
1027 411.802 4577370.220 5299250.710
1028 414.209 4577381.800 5299215.910
1029 412.497 4577383.000 5299221.890
1030 411.288 4577378.800 5299257.930
1031 410.106 4577376.420 5299284.470
1032 410.138 4577377.510 5299290.380
1033 410.234 4577365.450 5299269.360
1034 409.852 4577360.340 5299279.150
1035 409.847 4577365.900 5299307.800
1036 409.328 4577358.910 5299332.700
1037 408.607 4577350.830 5299362.490
1038 408.814 4577357.750 5299354.900
1039 408.574 4577351.130 5299378.880
1040 408.634 4577357.860 5299390.120
1041 408.647 4577357.820 5299392.120
1042 408.559 4577343.400 5299380.150
1043 411.370 4577363.300 5299252.170
1044 409.319 4577345.360 5299288.390
1045 408.114 4577327.460 5299324.350
1046 406.503 4577310.080 5299360.190
1047 406.158 4577288.080 5299394.440
1048 404.604 4577257.000 5299424.360
1049 403.847 4577227.370 5299454.610
1050 403.885 4577199.230 5299485.190
1051 404.512 4577172.460 5299516.060
1052 404.632 4577143.440 5299545.350
1053 413.161 4577186.620 5299392.840
1054 413.043 4577177.540 5299403.370
1055 413.028 4577171.090 5299419.790
1056 413.009 4577168.970 5299423.090
1057 412.875 4577127.260 5299452.960
1058 412.900 4577138.400 5299442.830
1059 412.945 4577156.800 5299428.780
1060 412.994 4577140.340 5299402.610
1061 412.961 4577128.150 5299370.140
1062 412.821 4577124.320 5299476.100
1063 411.996 4577176.220 5299429.440
1064 408.732 4577164.230 5299467.250
1065 406.240 4577151.760 5299505.020
1066 405.383 4577137.920 5299542.380
1067 408.547 4577343.140 5299363.750
1068 408.563 4577336.660 5299372.250
1069 408.574 4577336.200 5299369.740
1070 408.543 4577341.320 5299356.200
1071 413.072 4577365.670 5299252.760
1072 410.232 4577358.120 5299285.030
1073 409.826 4577357.450 5299279.520
1074 409.911 4577349.600 5299299.740
1075 409.445 4577352.200 5299308.940
1076 409.379 4577353.710 5299311.530
1077 409.438 4577344.600 5299331.180
1078 409.294 4577339.260 5299336.550
1079 408.653 4577342.520 5299351.840
1080 408.588 4577348.280 5299383.760
1081 408.635 4577351.890 5299401.800
1082 408.630 4577353.650 5299402.050
1083 408.505 4577333.930 5299385.700
1084 409.142 4577337.620 5299432.280
1085 409.134 4577337.290 5299430.140
1086 409.151 4577337.480 5299434.110
1087 410.518 4577347.630 5299289.070
1088 408.896 4577330.090 5299325.330
1089 407.862 4577312.590 5299361.290
1090 406.620 4577290.490 5299395.510
1091 405.880 4577267.820 5299429.450
1092 404.160 4577237.460 5299459.530
1093 403.614 4577208.540 5299489.930
1094 403.719 4577181.140 5299520.680
1095 404.493 4577152.200 5299550.100
1096 404.583 4577123.070 5299579.270
1097 413.102 4577170.670 5299428.440
1098 412.955 4577159.350 5299442.890
1099 412.933 4577154.280 5299454.190
1100 412.850 4577128.130 5299464.030
1101 412.903 4577149.550 5299463.470
1102 412.817 4577145.390 5299466.460
1103 412.829 4577128.290 5299478.170
1104 412.884 4577110.880 5299443.760
1105 412.856 4577122.700 5299461.080
1106 412.850 4577121.040 5299463.540
1107 412.891 4577110.640 5299439.890
1108 412.926 4577139.910 5299431.940
1109 412.882 4577108.340 5299443.890
1110 412.851 4577105.040 5299397.770
1111 412.810 4577119.780 5299480.630
1112 411.585 4577159.140 5299464.630
1113 408.112 4577146.790 5299502.370
1114 406.609 4577132.210 5299539.310
1115 405.746 4577118.070 5299576.550
1116 408.557 4577335.280 5299365.680
1117 408.591 4577328.450 5299373.080
1118 408.627 4577329.800 5299369.220
1119 408.486 4577336.450 5299355.740
1120 411.806 4577349.540 5299289.610
1121 409.671 4577347.870 5299301.130
1122 409.520 4577338.290 5299322.740
1123 409.445 4577338.830 5299333.780
1124 409.219 4577337.270 5299337.250
1125 408.525 4577335.520 5299351.740
1126 408.592 4577331.700 5299346.480
1127 408.543 4577326.260 5299375.340
1128 408.566 4577341.980 5299396.070
1129 408.914 4577346.530 5299414.990
1130 408.520 4577327.330 5299391.090
1131 409.135 4577335.170 5299429.730
1132 409.079 4577345.340 5299419.910
1133 409.146 4577337.060 5299435.770
1134 409.714 4577331.940 5299325.980
1135 408.398 4577314.830 5299362.290
1136 407.540 4577293.540 5299396.840
1137 406.312 4577270.850 5299430.910
1138 405.317 4577247.570 5299464.470
1139 403.851 4577217.920 5299494.700
1140 403.344 4577189.710 5299525.250
1141 403.853 4577161.010 5299554.860
1142 404.416 4577131.940 5299584.140
1143 404.308 4577102.470 5299613.120
1144 412.752 4577106.120 5299504.780
1145 413.050 4577153.640 5299463.540
1146 412.886 4577146.380 5299469.990
1147 412.685 4577124.810 5299505.380
1148 412.816 4577137.670 5299484.830
1149 412.716 4577130.500 5299494.710
1150 412.675 4577123.260 5299508.590
1151 412.745 4577124.860 5299511.260
1152 412.642 4577116.050 5299520.460
1153 412.633 4577115.040 5299523.200
1154 412.865 4577106.310 5299451.870
1155 412.830 4577097.510 5299467.470
1156 412.817 4577086.390 5299471.070
1157 412.897 4577108.450 5299438.610
1158 412.888 4577106.150 5299442.630
1159 412.820 4577100.490 5299397.480
1160 412.795 4577100.950 5299485.780
1161 411.735 4577141.610 5299499.610
1162 408.246 4577127.330 5299536.670
1163 406.861 4577112.660 5299573.590
1164 405.912 4577098.220 5299610.710
1165 408.693 4577326.180 5299362.620
1166 410.646 4577333.410 5299326.450
1167 409.000 4577331.910 5299337.150
1168 408.466 4577329.420 5299347.280
1169 408.361 4577317.770 5299377.560
1170 408.402 4577312.930 5299384.290
1171 409.019 4577324.060 5299407.040
1172 408.816 4577309.320 5299391.780
1173 409.091 4577329.650 5299429.400
1174 409.010 4577319.820 5299420.970
1175 409.455 4577326.790 5299451.590
1176 409.595 4577322.720 5299455.520
1177 409.100 4577316.280 5299362.900
1178 408.549 4577296.280 5299398.040
1179 407.026 4577274.380 5299432.570
1180 405.780 4577251.220 5299466.310
1181 404.060 4577227.310 5299499.480
1182 403.448 4577198.380 5299529.870
1183 403.466 4577169.730 5299559.590
1184 403.905 4577140.880 5299589.040
1185 404.296 4577111.680 5299618.180
1186 404.302 4577082.330 5299647.100
1187 412.746 4577095.270 5299506.630
1188 412.762 4577087.910 5299499.470
1189 413.001 4577136.070 5299498.380
1190 412.702 4577121.150 5299517.650
1191 412.688 4577118.600 5299522.960
1192 412.623 4577113.350 5299531.920
1193 412.598 4577111.320 5299533.880
1194 412.605 4577106.810 5299534.310
1195 412.743 4577074.700 5299455.340
1196 412.797 4577085.210 5299481.620
1197 412.661 4577063.880 5299449.930
1198 412.769 4577081.310 5299491.500
1199 412.017 4577122.390 5299534.000
1200 408.541 4577107.860 5299570.970
1201 407.178 4577093.110 5299607.890
1202 406.208 4577078.380 5299644.880
1203 409.579 4577317.310 5299363.310
1204 409.368 4577304.470 5299396.760
1205 408.753 4577298.960 5299412.600
1206 408.989 4577296.270 5299425.240
1207 409.580 4577319.970 5299454.770
1208 409.515 4577314.350 5299447.880
1209 410.082 4577308.350 5299489.220
1210 409.547 4577298.300 5299398.920
1211 408.737 4577277.550 5299434.070
1212 407.199 4577255.210 5299468.300
1213 405.309 4577231.360 5299501.590
1214 403.671 4577207.050 5299534.500
1215 403.554 4577178.540 5299564.350
1216 403.566 4577149.750 5299593.920
1217 403.950 4577120.750 5299623.230
1218 404.186 4577091.420 5299652.220
1219 404.686 4577061.960 5299681.010
1220 412.705 4577071.200 5299524.740
1221 412.799 4577116.950 5299532.790
1222 412.546 4577102.300 5299551.530
1223 412.547 4577095.520 5299554.630
1224 412.488 4577092.890 5299570.910
1225 412.470 4577080.490 5299581.360
1226 412.614 4577044.620 5299499.440
1227 412.245 4577103.170 5299568.380
1228 408.905 4577088.400 5299605.270
1229 407.393 4577073.560 5299642.170
1230 406.672 4577058.530 5299679.050
1231 410.323 4577299.990 5299399.660
1232 409.804 4577292.440 5299442.500
1233 409.197 4577289.810 5299427.550
1234 409.452 4577284.330 5299448.360
1235 410.069 4577295.280 5299480.410
1236 409.125 4577281.470 5299453.180
1237 410.148 4577293.180 5299487.220
1238 410.104 4577304.060 5299493.210
1239 410.163 4577305.260 5299497.800
1240 410.216 4577284.650 5299484.750
1241 410.044 4577280.110 5299435.290
1242 408.768 4577258.800 5299470.100
1243 406.307 4577235.570 5299503.770
1244 404.437 4577211.550 5299536.890
1245 403.636 4577187.330 5299569.110
1246 403.608 4577158.690 5299598.820
1247 403.671 4577129.770 5299628.250
1248 404.035 4577100.620 5299657.410
1249 404.127 4577071.160 5299686.270
1250 404.511 4577041.580 5299715.970
1251 412.525 4577066.660 5299595.490
1252 412.596 4577097.820 5299567.200
1253 412.478 4577090.170 5299574.640
1254 412.436 4577082.690 5299588.960
1255 412.394 4577071.960 5299604.820
1256 412.499 4577054.700 5299612.210
1257 412.453 4577012.390 5299628.150
1258 412.150 4577083.950 5299602.770
1259 409.235 4577068.940 5299639.570
1260 407.545 4577054.010 5299676.460
1261 406.264 4577037.810 5299713.770
1262 411.077 4577282.440 5299436.410
1263 410.171 4577286.600 5299477.960
1264 409.182 4577275.140 5299458.350
1265 409.949 4577295.820 5299507.070
1266 410.051 4577267.190 5299485.570
1267 410.068 4577287.450 5299538.570
1268 410.208 4577263.780 5299608.340
1269 410.465 4577261.900 5299471.650
1270 407.727 4577239.370 5299505.740
1271 405.405 4577216.040 5299539.290
1272 403.951 4577191.850 5299571.550
1273 403.631 4577167.610 5299603.730
1274 403.671 4577138.840 5299633.300
1275 403.845 4577109.790 5299662.590
1276 404.074 4577080.490 5299691.590
1277 404.006 4577050.600 5299721.290
1278 404.318 4577021.200 5299750.920
1279 412.394 4577078.710 5299601.620
1280 412.353 4577065.340 5299618.610
1281 412.343 4577062.500 5299622.420
1282 412.331 4577060.210 5299626.520
1283 412.410 4577045.250 5299636.880
1284 412.399 4577027.650 5299652.670
1285 412.388 4577007.030 5299655.690
1286 412.330 4576995.310 5299680.110
1287 412.052 4577064.720 5299637.150
1288 409.579 4577049.480 5299673.880
1289 407.583 4577033.020 5299710.990
1290 406.208 4577017.070 5299748.480
1291 411.919 4577264.890 5299473.160
1292 409.677 4577257.190 5299501.170
1293 409.321 4577260.470 5299489.140
1294 410.926 4577248.210 5299514.990
1295 409.438 4577247.380 5299532.240
1296 411.645 4577231.860 5299549.450
1297 410.215 4577265.420 5299570.710
1298 410.262 4577262.720 5299601.210
1299 410.229 4577256.930 5299610.580
1300 410.093 4577248.260 5299615.530
1301 410.123 4577242.820 5299507.530
1302 407.808 4577220.100 5299541.450
1303 405.489 4577196.320 5299573.960
1304 403.649 4577172.130 5299606.200
1305 403.635 4577147.900 5299638.340
1306 403.830 4577118.990 5299667.770
1307 404.012 4577089.810 5299696.920
1308 404.015 4577059.740 5299726.670
1309 403.945 4577030.050 5299756.310
1310 404.148 4577000.830 5299785.880
1311 412.192 4577059.580 5299636.030
1312 412.284 4577051.420 5299642.870
1313 412.230 4577041.630 5299661.120
1314 412.353 4577016.370 5299671.570
1315 412.194 4577029.960 5299676.100
1316 412.293 4577011.420 5299698.160
1317 412.287 4576990.860 5299698.320
1318 412.256 4576988.110 5299711.530
1319 412.233 4576981.060 5299721.040
1320 411.953 4577045.500 5299671.540
1321 409.657 4577028.340 5299708.300
1322 407.615 4577012.010 5299745.510
1323 406.056 4576996.310 5299783.180
1324 412.265 4577246.290 5299509.350
1325 410.595 4577235.940 5299540.840
1326 409.420 4577244.120 5299523.610
1327 409.273 4577240.030 5299532.220
1328 412.186 4577229.370 5299548.130
1329 410.541 4577233.390 5299557.230
1330 409.528 4577228.840 5299571.070
1331 410.259 4577227.910 5299556.800
1332 410.279 4577221.590 5299577.800
1333 409.608 4577220.020 5299571.480
1334 410.910 4577216.080 5299578.830
1335 410.091 4577249.640 5299634.760
1336 409.874 4577235.230 5299618.740
1337 409.622 4577206.860 5299609.360
1338 409.987 4577242.900 5299641.180
1339 410.183 4577253.890 5299652.100
1340 409.812 4577223.940 5299543.500
1341 407.834 4577200.490 5299576.220
1342 405.449 4577176.550 5299608.620
1343 403.608 4577152.410 5299640.850
1344 403.650 4577128.180 5299672.960
1345 403.969 4577099.140 5299702.250
1346 404.005 4577068.870 5299732.050
1347 403.980 4577038.990 5299761.740
1348 403.889 4577009.490 5299791.330
1349 404.005 4576980.450 5299820.830
1350 411.990 4577040.460 5299670.440
1351 412.165 4577020.560 5299692.350
1352 412.217 4577013.850 5299700.130
1353 412.209 4577012.390 5299702.210
1354 412.249 4577006.670 5299708.490
1355 412.239 4576998.510 5299720.940
1356 412.156 4577002.040 5299722.030
1357 412.217 4576989.910 5299728.680
1358 412.208 4576972.310 5299731.240
1359 412.192 4576983.740 5299739.220
1360 412.181 4576981.660 5299743.690
1361 412.173 4576980.090 5299747.220
1362 412.181 4576964.720 5299742.460
1363 411.921 4577024.070 5299705.770
1364 409.736 4577007.200 5299742.710
1365 407.584 4576990.980 5299780.030
1366 406.024 4576975.530 5299817.880
1367 412.862 4577227.910 5299545.620
1368 409.274 4577223.970 5299564.140
1369 411.171 4577212.140 5299586.170
1370 411.025 4577213.320 5299577.330
1371 409.895 4577208.190 5299593.520
1372 409.140 4577204.250 5299600.860
1373 409.705 4577200.300 5299608.210
1374 410.037 4577237.030 5299634.080
1375 410.162 4577204.270 5299615.510
1376 410.009 4577239.170 5299657.980
1377 409.865 4577221.050 5299692.990
1378 409.573 4577190.380 5299763.500
1379 409.720 4577201.440 5299759.490
1380 409.862 4577226.420 5299714.540
1381 410.078 4577241.030 5299708.180
1382 409.638 4577204.430 5299578.340
1383 407.812 4577180.810 5299610.960
1384 404.918 4577156.780 5299643.280
1385 403.567 4577132.680 5299675.500
1386 403.655 4577108.460 5299707.570
1387 403.960 4577078.000 5299737.430
1388 403.965 4577047.920 5299767.180
1389 403.949 4577018.240 5299796.820
1390 403.886 4576988.940 5299826.350
1391 403.575 4576960.070 5299855.790
1392 412.001 4577018.930 5299704.220
1393 412.073 4577008.280 5299717.330
1394 412.110 4576996.020 5299734.680
1395 412.195 4576985.770 5299737.760
1396 412.186 4576982.860 5299741.530
1397 412.169 4576983.070 5299749.210
1398 412.162 4576977.530 5299751.620
1399 412.148 4576974.350 5299757.420
1400 412.141 4576972.150 5299760.230
1401 412.134 4576971.320 5299763.510
1402 412.140 4576969.320 5299760.460
1403 412.138 4576946.950 5299760.050
1404 412.112 4576962.100 5299772.360
1405 412.100 4576959.040 5299777.440
1406 412.108 4576935.340 5299772.130
1407 412.070 4576950.510 5299789.810
1408 412.056 4576923.790 5299793.870
1409 412.044 4576921.630 5299798.880
1410 411.988 4576906.290 5299822.400
1411 411.892 4577002.630 5299739.990
1412 409.817 4576986.050 5299777.130
1413 407.604 4576969.930 5299814.530
1414 405.755 4576955.970 5299853.040
1415 412.602 4577208.380 5299580.490
1416 409.505 4577197.260 5299606.530
1417 410.836 4577196.360 5299615.550
1418 409.862 4577209.610 5299664.650
1419 409.510 4577188.470 5299630.240
1420 409.025 4577184.530 5299637.580
1421 409.756 4577207.830 5299676.860
1422 410.357 4577177.990 5299658.420
1423 409.528 4577184.880 5299692.260
1424 409.390 4577175.270 5299681.360
1425 409.550 4577173.540 5299753.850
1426 409.773 4577208.330 5299707.600
1427 409.711 4577193.480 5299701.590
1428 409.480 4577157.910 5299748.310
1429 409.763 4577175.300 5299775.520
1430 409.461 4577155.150 5299763.550
1431 409.673 4577173.910 5299787.160
1432 409.894 4577190.750 5299783.580
1433 409.996 4577221.090 5299779.830
1434 409.914 4577191.200 5299808.510
1435 409.432 4577184.820 5299613.160
1436 407.712 4577161.140 5299645.700
1437 404.725 4577137.010 5299677.940
1438 403.521 4577112.960 5299710.150
1439 403.680 4577087.130 5299742.810
1440 403.926 4577056.860 5299772.620
1441 403.992 4577026.980 5299802.310
1442 403.930 4576997.490 5299831.900
1443 403.832 4576968.390 5299861.370
1444 404.164 4576938.520 5299885.050
1445 412.012 4576997.390 5299738.000
1446 412.113 4576987.780 5299747.130
1447 412.149 4576978.950 5299757.470
1448 412.131 4576973.790 5299765.060
1449 412.129 4576969.280 5299765.480
1450 412.122 4576966.340 5299768.110
1451 412.088 4576961.480 5299782.850
1452 412.099 4576963.570 5299777.880
1453 412.081 4576954.870 5299785.330
1454 412.073 4576959.380 5299788.810
1455 412.066 4576951.330 5299791.670
1456 412.049 4576947.700 5299798.620
1457 412.046 4576944.570 5299799.830
1458 412.033 4576927.860 5299804.390
1459 411.988 4576911.610 5299822.500
1460 411.938 4576904.990 5299843.630
1461 411.921 4576901.870 5299850.810
1462 411.938 4576894.210 5299843.200
1463 411.896 4576981.180 5299774.210
1464 409.900 4576964.900 5299811.540
1465 406.092 4576951.460 5299850.000
1466 405.535 4576934.970 5299882.670
1467 412.298 4577188.750 5299615.320
1468 409.808 4577180.580 5299644.930
1469 408.818 4577181.210 5299635.730
1470 410.750 4577176.640 5299652.270
1471 409.202 4577173.890 5299672.820
1472 410.281 4577172.690 5299659.620
1473 409.197 4577168.750 5299666.960
1474 410.129 4577161.860 5299691.640
1475 409.907 4577152.970 5299696.340
1476 409.789 4577167.940 5299685.960
1477 409.298 4577165.720 5299715.750
1478 408.949 4577149.030 5299703.680
1479 409.996 4577142.670 5299721.580
1480 409.281 4577144.050 5299749.350
1481 409.394 4577147.590 5299760.590
1482 409.653 4577169.350 5299785.460
1483 409.669 4577142.670 5299768.700
1484 409.636 4577149.190 5299773.490
1485 409.999 4577168.180 5299834.320
1486 410.032 4577202.680 5299803.520
1487 409.950 4577210.850 5299793.660
1488 409.956 4577216.990 5299785.760
1489 410.297 4577160.930 5299851.800
1490 410.179 4577186.380 5299836.630
1491 409.214 4577165.220 5299647.970
1492 407.478 4577141.460 5299680.450
1493 404.518 4577117.240 5299712.600
1494 403.567 4577091.810 5299745.500
1495 403.690 4577065.790 5299778.050
1496 403.929 4577035.720 5299807.800
1497 404.002 4577006.030 5299837.440
1498 403.930 4576976.740 5299866.970
1499 403.808 4576946.780 5299890.560
1500 404.642 4576916.970 5299914.300
1501 412.023 4576975.850 5299771.770
1502 412.096 4576966.180 5299779.570
1503 412.067 4576958.230 5299791.600
1504 412.049 4576952.830 5299799.070
1505 412.038 4576949.120 5299803.640
1506 412.033 4576944.060 5299805.080
1507 411.994 4576917.320 5299820.310
1508 412.006 4576922.250 5299815.680
1509 411.981 4576935.710 5299827.410
1510 411.938 4576910.120 5299844.010
1511 411.896 4576885.160 5299860.830
1512 411.928 4576907.240 5299848.260
1513 411.918 4576904.360 5299852.500
1514 411.905 4576897.290 5299857.580
1515 411.898 4576891.870 5299860.430
1516 411.921 4576959.720 5299808.420
1517 408.151 4576947.510 5299847.370
1518 405.974 4576931.060 5299880.050
1519 405.138 4576913.560 5299912.180
1520 412.189 4577169.120 5299650.160
1521 408.948 4577164.810 5299674.300
1522 408.931 4577165.150 5299664.930
1523 410.561 4577156.920 5299688.990
1524 409.905 4577149.100 5299694.130
1525 409.873 4577160.860 5299681.650
1526 408.997 4577145.090 5299711.020
1527 408.690 4577145.080 5299701.430
1528 409.914 4577141.140 5299718.370
1529 410.315 4577137.200 5299725.710
1530 409.247 4577134.370 5299739.170
1531 409.573 4577132.740 5299733.160
1532 409.315 4577130.990 5299751.070
1533 409.937 4577126.320 5299758.860
1534 409.688 4577138.450 5299782.850
1535 410.292 4577152.520 5299849.500
1536 410.301 4577153.330 5299847.930
1537 410.169 4577131.320 5299855.090
1538 410.141 4577116.590 5299844.440
1539 410.292 4577094.520 5299923.110
1540 410.383 4577150.490 5299874.960
1541 410.254 4577195.520 5299853.190
1542 410.269 4577189.430 5299857.890
1543 408.998 4577145.620 5299682.790
1544 407.592 4577121.780 5299715.190
1545 404.449 4577096.230 5299748.030
1546 403.586 4577070.590 5299780.970
1547 403.691 4577044.460 5299813.300
1548 403.933 4577014.580 5299842.990
1549 403.993 4576985.090 5299872.570
1550 403.892 4576955.070 5299896.100
1551 403.783 4576925.170 5299919.750
1552 404.663 4576895.430 5299943.560
1553 412.034 4576954.290 5299805.540
1554 412.004 4576939.950 5299817.680
1555 411.943 4576923.940 5299842.710
1556 411.991 4576938.350 5299822.870
1557 411.828 4576936.560 5299838.200
1558 411.940 4576922.410 5299844.180
1559 411.934 4576919.900 5299846.660
1560 411.932 4576914.600 5299847.050
1561 411.881 4576883.910 5299867.040
1562 411.886 4576888.580 5299865.360
1563 411.878 4576886.360 5299868.690
1564 411.909 4576910.830 5299856.900
1565 411.909 4576906.290 5299856.470
1566 411.903 4576904.610 5299858.940
1567 411.891 4576896.350 5299863.420
1568 410.480 4576943.290 5299844.520
1569 407.698 4576927.650 5299877.780
1570 406.455 4576909.820 5299909.840
1571 404.698 4576892.240 5299941.700
1572 412.089 4577149.490 5299685.000
1573 408.746 4577141.070 5299708.730
1574 410.017 4577137.050 5299716.030
1575 410.928 4577133.040 5299723.330
1576 408.810 4577128.280 5299740.610
1577 409.498 4577128.650 5299730.810
1578 409.253 4577123.830 5299748.070
1579 410.252 4577119.370 5299755.520
1580 410.355 4577114.920 5299762.970
1581 409.484 4577110.460 5299770.420
1582 409.119 4577111.790 5299778.800
1583 409.940 4577114.960 5299807.230
1584 409.706 4577106.910 5299823.040
1585 409.567 4577095.690 5299817.300
1586 410.407 4577098.430 5299923.430
1587 410.546 4577155.300 5299892.040
1588 410.386 4577139.170 5299869.230
1589 410.164 4577122.980 5299850.820
1590 410.248 4577095.380 5299846.550
1591 410.011 4577077.900 5299852.100
1592 410.250 4577099.120 5299848.460
1593 410.251 4577092.200 5299921.940
1594 410.338 4577096.840 5299924.290
1595 410.409 4577100.100 5299924.880
1596 410.270 4577091.970 5299925.270
1597 410.379 4577106.670 5299925.280
1598 410.394 4577111.180 5299924.340
1599 410.538 4577128.850 5299917.370
1600 410.584 4577151.130 5299916.930
1601 410.644 4577153.080 5299903.280
1602 410.636 4577154.020 5299917.950
1603 410.500 4577163.160 5299890.860
1604 410.259 4577193.110 5299858.640
1605 410.500 4577126.610 5299925.050
1606 408.842 4577126.010 5299717.610
1607 407.711 4577100.870 5299750.690
1608 404.468 4577075.070 5299783.690
1609 403.611 4577049.370 5299816.450
1610 403.679 4577023.120 5299848.540
1611 403.925 4576993.440 5299878.170
1612 403.968 4576963.370 5299901.630
1613 403.858 4576933.410 5299925.220
1614 403.749 4576903.560 5299948.930
1615 404.170 4576873.880 5299972.810
1616 411.926 4576939.050 5299841.690
1617 411.926 4576919.080 5299850.090
1618 411.915 4576916.200 5299854.330
1619 411.905 4576913.310 5299858.580
1620 411.868 4576880.410 5299872.320
1621 411.869 4576888.000 5299872.600
1622 411.904 4576909.600 5299858.720
1623 411.885 4576900.830 5299866.410
1624 411.847 4576872.430 5299880.830
1625 411.859 4576873.360 5299875.840
1626 409.776 4576924.010 5299875.340
1627 407.706 4576906.550 5299907.810
1628 406.649 4576888.740 5299939.640
1629 405.366 4576871.020 5299971.100
1630 410.159 4576169.460 5299662.960
1631 411.920 4577129.850 5299719.830
1632 408.591 4577124.260 5299738.290
1633 409.062 4577119.870 5299745.770
1634 410.480 4577115.480 5299753.250
1635 410.719 4577111.090 5299760.730
1636 409.323 4577106.710 5299768.210
1637 408.951 4577106.000 5299777.870
1638 409.630 4577101.550 5299785.320
1639 410.537 4577097.090 5299792.770
1640 410.453 4577092.630 5299800.220
1641 409.526 4577088.180 5299807.670
1642 409.834 4577086.190 5299821.860
1643 410.718 4577075.570 5299836.830
1644 410.617 4577081.310 5299831.910
1645 409.721 4577069.550 5299849.640
1646 410.153 4577070.450 5299843.740
1647 409.895 4577069.790 5299857.930
1648 410.502 4577117.590 5299911.580
1649 410.056 4577089.510 5299858.040
1650 410.242 4577087.560 5299919.590
1651 410.193 4577093.600 5299933.040
1652 410.117 4577074.570 5299924.730
1653 410.444 4577116.550 5299944.800
1654 410.515 4577152.640 5299920.680
1655 410.750 4577170.810 5299913.350
1656 410.577 4577177.040 5299910.180
1657 410.525 4577143.510 5299939.220
1658 410.415 4577095.530 5299959.100
1659 409.459 4577105.270 5299753.210
1660 407.820 4577079.740 5299786.520
1661 404.961 4577053.910 5299819.340
1662 403.583 4577028.140 5299851.910
1663 403.664 4577001.790 5299883.780
1664 403.842 4576971.660 5299907.170
1665 403.806 4576941.640 5299930.690
1666 403.855 4576911.740 5299954.340
1667 403.785 4576881.950 5299978.120
1668 403.878 4576852.330 5300002.070
1669 411.564 4576920.320 5299872.880
1670 411.836 4576873.180 5299885.840
1671 411.600 4576914.500 5299877.020
1672 411.800 4576874.020 5299901.620
1673 411.821 4576865.080 5299891.700
1674 409.803 4576903.090 5299905.640
1675 407.957 4576885.700 5299937.870
1676 406.399 4576867.880 5299969.220
1677 405.875 4576849.600 5300000.290
1678 410.737 4576226.930 5299875.420
1679 410.514 4576191.570 5299751.220
1680 410.291 4576187.340 5299704.640
1681 410.297 4576136.150 5299665.880
1682 411.758 4577109.250 5299755.500
1683 408.750 4577102.320 5299775.680
1684 409.472 4577097.930 5299783.160
1685 410.861 4577093.540 5299790.640
1686 410.641 4577089.150 5299798.120
1687 409.344 4577084.760 5299805.600
1688 409.272 4577083.720 5299815.120
1689 410.185 4577079.260 5299822.570
1690 410.699 4577070.350 5299837.470
1691 411.055 4577074.810 5299830.020
1692 409.577 4577064.300 5299852.640
1693 409.731 4577065.890 5299844.920
1694 410.087 4577062.190 5299858.600
1695 410.556 4577061.230 5299866.210
1696 410.449 4577066.680 5299874.270
1697 410.112 4577072.560 5299905.720
1698 410.578 4577061.840 5299874.170
1699 410.780 4577056.220 5299872.020
1700 409.949 4577059.540 5299901.040
1701 409.998 4577058.890 5299905.060
1702 410.046 4577058.750 5299914.460
1703 410.400 4577076.410 5299946.340
1704 410.315 4577065.330 5299955.940
1705 410.046 4577059.440 5299929.900
1706 410.397 4577117.330 5299955.680
1707 410.446 4577126.850 5299968.560
1708 410.651 4577166.330 5299944.550
1709 410.523 4577137.490 5299972.920
1710 410.549 4577095.590 5299985.930
1711 410.545 4577091.470 5299988.390
1712 410.534 4577093.290 5299984.770
1713 410.326 4577076.010 5299960.710
1714 410.226 4577061.660 5299964.240
1715 410.491 4577050.070 5299970.120
1716 410.011 4577084.250 5299789.250
1717 408.437 4577058.610 5299822.350
1718 404.832 4577032.730 5299854.990
1719 403.559 4577006.610 5299887.010
1720 403.682 4576979.960 5299912.700
1721 403.793 4576949.880 5299936.160
1722 403.808 4576919.920 5299959.740
1723 403.882 4576890.070 5299983.460
1724 403.824 4576860.340 5300007.310
1725 405.214 4576829.230 5300031.580
1726 411.666 4576824.810 5299956.300
1727 411.444 4576899.530 5299903.430
1728 411.767 4576879.660 5299910.360
1729 411.779 4576868.210 5299910.240
1730 411.774 4576871.540 5299912.450
1731 411.740 4576844.490 5299925.350
1732 411.683 4576831.500 5299949.240
1733 411.646 4576831.800 5299965.140
1734 409.713 4576882.490 5299935.980
1735 407.925 4576865.160 5299967.580
1736 406.419 4576846.620 5299998.340
1737 405.803 4576827.050 5300029.890
1738 410.619 4576202.380 5299795.250
1739 410.675 4576226.380 5299826.650
1740 410.781 4576191.560 5299889.580
1741 410.643 4576174.850 5299772.760
1742 410.554 4576124.310 5299709.820
1743 411.701 4577088.310 5299791.710
1744 409.087 4577080.370 5299813.080
1745 410.097 4577075.980 5299820.560
1746 410.775 4577067.200 5299835.520
1747 411.416 4577071.590 5299828.040
1748 409.524 4577061.440 5299852.380
1749 409.533 4577062.810 5299842.990
1750 410.448 4577056.980 5299859.830
1751 411.158 4577052.520 5299867.280
1752 410.022 4577059.040 5299887.960
1753 409.938 4577059.240 5299895.330
1754 410.433 4577054.930 5299878.900
1755 410.577 4577045.250 5299872.910
1756 410.567 4577048.070 5299874.730
1757 410.535 4577050.750 5299876.150
1758 410.121 4577048.140 5299905.210
1759 410.093 4577045.830 5299915.540
1760 410.057 4577046.140 5299919.340
1761 410.202 4577044.630 5299906.040
1762 410.319 4577059.900 5299948.950
1763 409.956 4577040.510 5299926.740
1764 410.408 4577041.240 5299968.680
1765 410.659 4577117.360 5299982.000
1766 410.665 4577153.380 5299984.450
1767 410.674 4577092.100 5300017.030
1768 410.476 4577087.900 5299986.580
1769 410.386 4577082.910 5299984.060
1770 410.501 4577070.960 5299983.130
1771 410.418 4577033.810 5299985.530
1772 410.382 4577039.220 5299987.620
1773 410.419 4577063.230 5299825.300
1774 408.890 4577037.450 5299858.160
1775 404.248 4577010.980 5299889.940
1776 403.763 4576985.230 5299916.260
1777 403.644 4576958.120 5299941.630
1778 403.716 4576928.110 5299965.150
1779 403.759 4576898.200 5299988.800
1780 403.879 4576868.410 5300012.580
1781 403.852 4576837.330 5300037.010
1782 405.524 4576806.120 5300061.100
1783 411.655 4576822.880 5299960.700
1784 411.541 4576796.710 5300008.460
1785 411.252 4576879.150 5299934.030
1786 411.770 4576868.160 5299913.950
1787 411.698 4576834.230 5299943.000
1788 411.510 4576837.150 5299973.740
1789 411.648 4576839.310 5299964.770
1790 411.623 4576821.200 5299974.410
1791 411.311 4576832.480 5299983.720
1792 411.546 4576801.520 5300006.590
1793 411.512 4576813.110 5300004.830
1794 409.564 4576862.310 5299965.870
1795 408.326 4576844.030 5299996.660
1796 406.721 4576824.650 5300028.020
1797 405.922 4576804.170 5300058.880
1798 410.742 4576174.850 5299822.760
1799 410.759 4576149.770 5299862.710
1800 410.779 4576124.850 5299872.760
1801 410.736 4576124.850 5299772.760
1802 410.732 4576082.310 5299734.250
1803 411.963 4577067.370 5299827.920
1804 409.314 4577058.420 5299850.470
1805 410.366 4577054.030 5299857.950
1806 411.547 4577049.640 5299865.430
1807 410.623 4577044.460 5299871.800
1808 409.368 4577040.030 5299885.620
1809 410.386 4577038.900 5299903.360
1810 410.310 4577034.420 5299910.340
1811 410.283 4577026.390 5299958.270
1812 410.369 4577024.270 5299940.470
1813 410.458 4577023.810 5299935.700
1814 410.465 4577020.670 5299932.080
1815 410.365 4577031.620 5299971.540
1816 410.178 4577001.030 5299984.600
1817 409.809 4576986.820 5300005.470
1818 409.834 4576986.190 5300008.240
1819 410.585 4577087.020 5300021.710
1820 410.613 4577116.560 5300015.230
1821 410.584 4577092.810 5300025.670
1822 410.138 4577005.510 5299984.150
1823 409.706 4576984.090 5300011.140
1824 409.809 4576989.870 5300007.630
1825 409.646 4576982.910 5300012.760
1826 410.444 4577060.150 5300000.630
1827 410.299 4577030.370 5299995.600
1828 410.253 4577042.160 5299861.320
1829 408.794 4577015.440 5299892.940
1830 404.080 4576990.160 5299919.580
1831 403.485 4576963.580 5299945.460
1832 403.620 4576936.290 5299970.550
1833 403.699 4576906.330 5299994.140
1834 403.738 4576876.480 5300017.860
1835 403.404 4576845.480 5300042.470
1836 403.751 4576814.310 5300066.720
1837 405.752 4576783.020 5300090.610
1838 411.518 4576780.400 5300017.100
1839 411.528 4576783.880 5300013.180
1840 411.538 4576799.850 5300010.000
1841 411.514 4576784.990 5300019.360
1842 411.027 4576859.290 5299964.050
1843 410.961 4576840.090 5299975.730
1844 411.038 4576847.500 5299972.650
1845 410.978 4576837.120 5299992.140
1846 411.365 4576818.670 5300001.420
1847 411.483 4576807.470 5300013.230
1848 410.027 4576841.350 5299994.910
1849 407.926 4576822.560 5300026.400
1850 407.117 4576802.030 5300056.440
1851 406.249 4576780.950 5300088.080
1852 410.777 4576124.850 5299822.760
1853 410.782 4576101.160 5299853.570
1854 410.712 4576074.850 5299872.760
1855 410.771 4576074.850 5299772.760
1856 410.768 4576032.930 5299739.000
1857 411.959 4577046.370 5299864.100
1858 409.439 4577033.490 5299888.000
1859 410.469 4577036.860 5299902.070
1860 410.404 4577032.460 5299909.070
1861 410.287 4577019.960 5299958.390
1862 410.580 4577019.100 5299934.830
1863 410.658 4577016.420 5299929.440
1864 410.275 4577004.290 5299979.910
1865 410.200 4576997.450 5299982.050
1866 410.146 4577000.160 5299988.960
1867 409.783 4576985.170 5300002.200
1868 409.832 4576984.480 5300007.080
1869 409.807 4576984.380 5299998.890
1870 409.843 4576981.920 5299997.060
1871 409.664 4576979.680 5300010.000
1872 409.668 4576980.610 5300012.560
1873 409.729 4576977.890 5300016.700
1874 410.396 4577069.700 5300047.740
1875 410.393 4577075.130 5300049.850
1876 409.837 4576999.130 5300006.040
1877 409.822 4576996.220 5300011.980
1878 409.660 4576982.230 5300013.750
1879 410.224 4577030.740 5300019.700
1880 410.087 4577026.580 5300032.610
1881 409.728 4576979.260 5300018.130
1882 409.773 4577019.960 5299895.960
1883 408.655 4576995.140 5299922.940
1884 404.314 4576968.840 5299949.130
1885 403.314 4576941.610 5299974.160
1886 403.521 4576914.450 5299999.480
1887 403.644 4576884.550 5300023.130
1888 403.778 4576853.630 5300047.930
1889 403.025 4576822.550 5300072.360
1890 403.617 4576791.300 5300096.420
1891 405.878 4576759.920 5300120.120
1892 411.510 4576777.310 5300020.460
1893 411.521 4576765.480 5300026.740
1894 411.509 4576789.580 5300021.600
1895 411.502 4576784.770 5300024.340
1896 411.024 4576838.450 5299993.000
1897 410.606 4576810.560 5300022.780
1898 409.347 4576820.410 5300024.710
1899 408.468 4576800.150 5300054.300
1900 407.631 4576778.670 5300085.280
1901 406.236 4576757.790 5300117.610
1902 410.783 4576074.850 5299822.760
1903 410.741 4576052.220 5299860.530
1904 410.664 4576008.130 5299883.440
1905 410.772 4576024.850 5299772.760
1906 410.780 4575986.240 5299739.220
1907 410.209 4577013.660 5299957.990
1908 411.835 4577023.990 5299898.600
1909 410.142 4577010.730 5299951.410
1910 411.030 4577011.800 5299929.380
1911 410.199 4576995.190 5299980.620
1912 410.286 4576997.120 5299978.770
1913 410.063 4576995.900 5299990.490
1914 409.898 4576981.190 5299994.610
1915 409.915 4576977.230 5299998.530
1916 409.881 4576978.110 5299997.280
1917 409.768 4576973.610 5300003.720
1918 409.755 4576972.650 5300005.100
1919 409.736 4576979.020 5300018.580
1920 409.735 4576976.240 5300015.480
1921 409.734 4576977.690 5300016.970
1922 410.183 4577041.000 5300052.020
1923 410.063 4577024.950 5300046.000
1924 410.327 4577061.620 5300061.720
1925 409.931 4576997.880 5300023.130
1926 409.816 4576989.850 5300032.560
1927 409.966 4577022.420 5300034.580
1928 409.850 4576994.230 5300028.500
1929 409.984 4577012.020 5300059.470
1930 410.067 4577000.100 5299926.280
1931 408.163 4576974.080 5299952.810
1932 404.661 4576946.850 5299977.710
1933 403.335 4576920.090 5300003.260
1934 403.496 4576892.620 5300028.400
1935 403.935 4576861.770 5300053.380
1936 403.638 4576830.790 5300078.010
1937 402.572 4576799.620 5300102.250
1938 403.879 4576768.290 5300126.120
1939 405.114 4576736.810 5300149.630
1940 411.503 4576768.570 5300028.410
1941 411.515 4576764.010 5300029.420
1942 411.513 4576750.760 5300037.660
1943 410.504 4576801.390 5300035.690
1944 410.188 4576818.100 5300022.880
1945 409.298 4576798.210 5300052.090
1946 408.440 4576776.650 5300082.810
1947 407.389 4576755.430 5300114.830
1948 406.177 4576734.640 5300147.200
1949 411.474 4576746.480 5300050.970
1950 411.469 4576739.590 5300054.170
1951 410.750 4576024.850 5299822.760
1952 410.678 4575987.610 5299865.240
1953 410.748 4575970.730 5299781.150
1954 410.416 4575703.820 5299752.040
1955 410.362 4575666.210 5299736.020
1956 410.260 4575616.720 5299736.850
1957 410.191 4577002.350 5299956.160
1958 411.845 4577004.570 5299929.230
1959 411.801 4576984.970 5299962.880
1960 410.159 4576989.610 5299978.210
1961 410.863 4576983.750 5299967.410
1962 409.810 4576980.850 5299990.000
1963 409.954 4576975.920 5299997.630
1964 409.738 4576968.250 5300004.600
1965 409.795 4576972.300 5300002.810
1966 409.669 4576971.490 5300008.510
1967 409.536 4576965.410 5300008.250
1968 409.809 4576976.700 5300021.910
1969 409.742 4576976.010 5300015.790
1970 410.135 4577039.530 5300067.870
1971 409.922 4577014.870 5300070.480
1972 410.133 4577049.310 5300074.840
1973 409.660 4576966.820 5300048.500
1974 409.779 4576980.490 5300034.110
1975 409.827 4576997.460 5300073.530
1976 409.818 4576999.470 5300045.370
1977 409.833 4576994.040 5300067.220
1978 410.272 4576979.220 5299956.410
1979 406.597 4576952.040 5299981.230
1980 404.445 4576925.790 5300007.070
1981 403.328 4576898.350 5300032.150
1982 403.871 4576869.920 5300058.830
1983 404.163 4576839.000 5300083.630
1984 403.745 4576807.940 5300108.080
1985 401.532 4576776.690 5300132.140
1986 404.211 4576745.270 5300155.820
1987 405.111 4576713.710 5300179.150
1988 411.364 4576784.150 5300047.910
1989 410.091 4576796.160 5300049.680
1990 411.392 4576760.380 5300070.340
1991 409.521 4576774.580 5300080.260
1992 408.034 4576753.350 5300112.360
1993 406.922 4576732.230 5300144.490
1994 405.911 4576711.350 5300176.670
1995 411.422 4576730.590 5300052.110
1996 411.357 4576722.170 5300047.010
1997 411.445 4576734.170 5300059.170
1998 411.392 4576746.670 5300069.590
1999 411.297 4576714.570 5300042.000
2000 410.703 4575969.900 5299820.290
2001 410.685 4575922.020 5299790.360
2002 410.650 4575872.580 5299785.890
2003 410.561 4575823.370 5299789.420
2004 410.454 4575773.680 5299785.820
2005 410.349 4575724.680 5299786.500
2006 410.259 4575674.850 5299772.760
2007 410.114 4575624.850 5299772.760
2008 410.099 4575567.440 5299738.270
2009 409.985 4575574.850 5299772.760
2010 411.809 4576983.900 5299959.640
2011 411.782 4576978.060 5299973.530
2012 411.770 4576969.040 5299985.170
2013 409.881 4576965.710 5300000.970
2014 409.501 4576962.790 5300011.910
2015 409.610 4576962.930 5300017.420
2016 411.634 4576939.590 5300028.310
2017 411.659 4576936.620 5300034.970
2018 409.683 4576966.820 5300049.090
2019 409.847 4576999.400 5300074.520
2020 410.127 4577029.850 5300080.590
2021 410.127 4577041.100 5300083.590
2022 409.763 4576983.000 5300058.630
2023 409.447 4576949.210 5300067.760
2024 409.715 4576970.120 5300050.650
2025 409.407 4576951.950 5300068.060
2026 409.615 4576986.310 5300082.340
2027 409.734 4576988.890 5300062.330
2028 409.438 4576957.060 5299984.630
2029 406.540 4576931.370 5300010.800
2030 403.714 4576904.270 5300036.020
2031 403.868 4576875.440 5300062.420
2032 404.371 4576847.220 5300089.260
2033 404.392 4576816.220 5300113.880
2034 403.709 4576785.100 5300138.160
2035 400.930 4576753.760 5300162.020
2036 404.073 4576722.260 5300185.530
2037 404.760 4576690.600 5300208.660
2038 410.194 4576772.410 5300077.500
2039 411.363 4576751.780 5300082.280
2040 409.204 4576751.200 5300109.820
2041 408.381 4576730.080 5300142.080
2042 406.801 4576708.730 5300173.920
2043 405.927 4576688.060 5300206.150
2044 411.372 4576722.750 5300053.780
2045 411.443 4576733.250 5300063.320
2046 411.381 4576739.460 5300077.850
2047 411.313 4576737.900 5300103.050
2048 411.226 4576700.930 5300054.360
2049 411.199 4576695.170 5300061.390
2050 411.169 4576697.410 5300034.160
2051 410.632 4575926.530 5299830.210
2052 410.585 4575874.850 5299822.760
2053 410.458 4575824.850 5299822.760
2054 410.336 4575774.850 5299822.760
2055 410.218 4575724.850 5299822.760
2056 410.073 4575674.850 5299822.760
2057 410.004 4575624.850 5299822.760
2058 409.909 4575535.000 5299768.790
2059 409.877 4575574.850 5299822.760
2060 411.322 4576961.660 5299987.720
2061 411.626 4576946.730 5300015.210
2062 411.634 4576945.590 5300017.680
2063 411.576 4576941.780 5300021.230
2064 411.572 4576937.400 5300028.720
2065 411.590 4576936.690 5300030.970
2066 411.644 4576925.800 5300053.290
2067 411.599 4576930.420 5300042.600
2068 411.584 4576933.770 5300035.830
2069 409.895 4576931.980 5300056.400
2070 409.688 4576936.540 5300059.140
2071 411.535 4576923.970 5300050.470
2072 411.575 4576923.340 5300053.770
2073 411.657 4576924.240 5300056.760
2074 409.467 4576982.370 5300097.760
2075 409.892 4577016.640 5300097.810
2076 409.577 4576987.930 5300094.610
2077 409.819 4577020.570 5300105.470
2078 409.548 4576996.780 5300122.690
2079 409.248 4576942.510 5300079.910
2080 409.495 4576966.110 5300076.940
2081 409.429 4576951.300 5300069.080
2082 409.384 4576954.280 5300068.980
2083 409.547 4576969.950 5300079.360
2084 409.392 4576958.090 5300089.700
2085 409.488 4576977.150 5300100.920
2086 409.100 4576937.670 5300090.260
2087 408.925 4576907.020 5300101.440
2088 408.952 4576922.660 5300106.310
2089 409.334 4576936.700 5300014.370
2090 405.862 4576910.020 5300039.780
2091 403.952 4576881.120 5300066.110
2092 404.450 4576853.110 5300093.120
2093 404.812 4576824.530 5300119.690
2094 404.619 4576793.450 5300144.130
2095 403.372 4576762.260 5300168.240
2096 402.231 4576730.830 5300191.910
2097 403.759 4576699.250 5300215.230
2098 404.408 4576667.500 5300238.170
2099 410.751 4576748.980 5300107.060
2100 411.286 4576732.350 5300114.510
2101 411.275 4576727.620 5300118.870
2102 411.251 4576721.530 5300128.780
2103 411.195 4576717.740 5300137.440
2104 411.227 4576713.820 5300138.700
2105 409.681 4576727.870 5300139.590
2106 408.874 4576706.380 5300171.450
2107 407.129 4576685.220 5300203.340
2108 405.923 4576664.770 5300235.620
2109 411.286 4576702.190 5300085.430
2110 411.358 4576713.880 5300103.380
2111 411.259 4576708.900 5300128.900
2112 411.267 4576717.570 5300121.700
2113 411.071 4576670.030 5300085.820
2114 411.103 4576682.730 5300054.080
2115 411.087 4576676.460 5300069.980
2116 411.151 4576695.610 5300030.460
2117 410.478 4575901.230 5299870.370
2118 410.498 4575974.850 5299922.760
2119 410.531 4575999.370 5299933.250
2120 410.431 4575874.850 5299872.760
2121 410.289 4575824.850 5299872.760
2122 410.153 4575774.850 5299872.760
2123 410.038 4575724.850 5299872.760
2124 409.924 4575674.850 5299872.760
2125 409.841 4575624.850 5299872.760
2126 409.828 4575527.610 5299813.190
2127 409.765 4575574.850 5299872.760
2128 409.746 4575501.160 5299852.120
2129 411.507 4576941.620 5300017.650
2130 411.538 4576931.930 5300036.550
2131 411.513 4576925.160 5300047.120
2132 411.533 4576930.500 5300038.790
2133 409.024 4576924.000 5300070.760
2134 409.123 4576928.710 5300072.060
2135 409.201 4576931.930 5300074.900
2136 409.059 4576930.830 5300103.610
2137 411.470 4576921.020 5300052.070
2138 411.547 4576921.460 5300055.560
2139 411.566 4576920.710 5300057.930
2140 411.574 4576919.680 5300060.180
2141 411.649 4576919.540 5300067.710
2142 411.649 4576917.430 5300069.900
2143 408.927 4576907.000 5300098.970
2144 409.010 4576902.870 5300103.380
2145 411.583 4576894.060 5300106.020
2146 409.543 4576995.030 5300120.700
2147 409.538 4576992.420 5300130.270
2148 409.555 4576995.940 5300131.720
2149 409.311 4576954.510 5300089.630
2150 409.423 4576960.430 5300091.210
2151 409.489 4576974.540 5300102.500
2152 411.592 4576897.660 5300108.670
2153 409.153 4576899.860 5300105.780
2154 408.981 4576934.990 5300101.790
2155 409.040 4576904.650 5300104.650
2156 409.081 4576920.810 5300108.800
2157 409.064 4576927.930 5300110.250
2158 409.097 4576921.550 5300111.960
2159 409.152 4576926.010 5300112.690
2160 409.083 4576915.450 5300043.330
2161 406.217 4576886.620 5300069.670
2162 404.780 4576859.150 5300097.080
2163 405.073 4576830.190 5300123.470
2164 404.887 4576801.830 5300150.120
2165 404.861 4576770.670 5300174.380
2166 402.259 4576739.410 5300198.310
2167 401.741 4576707.900 5300221.800
2168 403.445 4576676.240 5300244.930
2169 404.055 4576644.400 5300267.680
2170 410.962 4576725.620 5300136.910
2171 411.208 4576705.140 5300146.490
2172 411.142 4576717.340 5300140.850
2173 411.178 4576698.600 5300159.110
2174 411.193 4576700.700 5300152.390
2175 411.149 4576697.950 5300163.770
2176 410.369 4576703.970 5300168.910
2177 409.000 4576682.680 5300200.820
2178 407.283 4576661.720 5300232.770
2179 405.915 4576641.490 5300265.100
2180 411.210 4576683.840 5300160.070
2181 411.315 4576705.000 5300120.080
2182 411.038 4576662.570 5300096.070
2183 410.942 4576655.510 5300067.540
2184 410.994 4576666.750 5300052.810
2185 410.977 4576671.240 5300024.880
2186 410.996 4576675.770 5300017.770
2187 410.346 4575905.340 5299918.920
2188 410.359 4575934.880 5299938.330
2189 410.332 4575974.850 5299972.760
2190 410.364 4576001.110 5299980.750
2191 410.248 4575874.850 5299922.760
2192 410.129 4575824.850 5299922.760
2193 410.012 4575774.850 5299922.760
2194 409.906 4575724.850 5299922.760
2195 409.797 4575674.850 5299922.760
2196 409.716 4575624.850 5299922.760
2197 409.745 4575524.850 5299872.760
2198 409.731 4575574.850 5299922.760
2199 409.730 4575487.210 5299897.050
2200 411.351 4576920.500 5300046.620
2201 408.909 4576917.230 5300086.150
2202 411.499 4576918.200 5300058.660
2203 411.582 4576916.900 5300065.590
2204 411.605 4576914.490 5300071.090
2205 409.554 4576897.540 5300113.630
2206 409.658 4576894.380 5300117.630
2207 411.551 4576895.190 5300102.280
2208 411.537 4576893.040 5300105.280
2209 411.566 4576891.730 5300109.200
2210 409.382 4576969.750 5300122.000
2211 409.507 4576983.180 5300144.350
2212 409.226 4576959.160 5300119.380
2213 409.631 4576895.170 5300118.240
2214 409.521 4576900.250 5300115.760
2215 409.592 4576896.480 5300119.240
2216 409.249 4576933.600 5300122.440
2217 409.411 4576908.400 5300122.150
2218 409.325 4576916.710 5300118.730
2219 409.258 4576927.180 5300118.880
2220 409.465 4576903.180 5300124.490
2221 409.414 4576906.840 5300124.140
2222 409.403 4576939.230 5300131.960
2223 409.666 4576893.970 5300118.800
2224 411.553 4576878.080 5300135.580
2225 408.805 4576891.800 5300073.030
2226 406.995 4576864.970 5300100.890
2227 405.482 4576835.990 5300127.340
2228 405.481 4576807.420 5300153.700
2229 405.123 4576779.130 5300180.550
2230 404.262 4576747.900 5300204.620
2231 402.687 4576716.570 5300228.390
2232 401.781 4576684.970 5300251.690
2233 403.131 4576653.220 5300274.640
2234 403.703 4576621.290 5300297.200
2235 411.029 4576701.530 5300166.160
2236 411.129 4576683.610 5300179.130
2237 411.152 4576672.890 5300182.570
2238 411.143 4576656.400 5300188.660
2239 411.140 4576654.980 5300200.090
2240 410.660 4576680.060 5300198.220
2241 409.124 4576658.980 5300230.190
2242 407.214 4576638.230 5300262.200
2243 405.908 4576618.210 5300294.570
2244 411.059 4576648.820 5300164.520
2245 410.964 4576632.950 5300171.550
2246 411.088 4576657.090 5300148.660
2247 410.999 4576653.780 5300108.590
2248 410.886 4576642.420 5300086.430
2249 411.626 4576620.540 5300026.430
2250 410.177 4575924.850 5299972.760
2251 410.115 4575974.850 5300022.760
2252 410.160 4576002.650 5300029.190
2253 410.048 4575874.850 5299972.760
2254 409.928 4575824.850 5299972.760
2255 409.887 4575774.850 5299972.760
2256 409.786 4575724.850 5299972.760
2257 409.731 4575674.850 5299972.760
2258 409.720 4575624.850 5299972.760
2259 409.692 4575574.850 5299972.760
2260 409.739 4575524.850 5299922.760
2261 409.630 4575474.850 5299922.760
2262 410.043 4576896.630 5300076.160
2263 411.580 4576892.390 5300117.580
2264 411.379 4576889.460 5300102.710
2265 411.363 4576887.150 5300105.910
2266 411.520 4576880.170 5300127.110
2267 411.478 4576875.290 5300133.420
2268 409.440 4576961.980 5300140.100
2269 409.584 4576968.620 5300154.920
2270 409.465 4576946.850 5300137.170
2271 409.620 4576895.760 5300120.170
2272 409.548 4576899.920 5300123.770
2273 409.518 4576902.290 5300125.640
2274 409.406 4576922.970 5300130.810
2275 409.445 4576905.270 5300126.140
2276 409.497 4576925.770 5300140.150
2277 411.561 4576887.020 5300124.380
2278 409.505 4576883.220 5300137.290
2279 409.460 4576881.520 5300139.460
2280 411.550 4576875.800 5300138.530
2281 411.279 4576865.000 5300140.490
2282 409.556 4576870.440 5300104.470
2283 407.635 4576841.560 5300131.040
2284 406.195 4576813.130 5300157.330
2285 405.036 4576784.480 5300184.190
2286 405.123 4576756.430 5300210.990
2287 404.127 4576725.120 5300234.870
2288 402.990 4576693.720 5300258.460
2289 402.084 4576662.040 5300281.580
2290 402.788 4576630.210 5300304.340
2291 403.440 4576598.190 5300326.710
2292 410.953 4576626.070 5300192.880
2293 411.027 4576677.440 5300195.420
2294 411.074 4576669.000 5300202.130
2295 411.072 4576649.790 5300218.250
2296 411.049 4576658.640 5300214.340
2297 411.042 4576633.690 5300215.230
2298 411.047 4576647.320 5300225.750
2299 411.019 4576624.380 5300242.640
2300 410.791 4576656.160 5300227.550
2301 409.268 4576635.290 5300259.570
2302 407.151 4576614.730 5300291.630
2303 405.901 4576594.920 5300324.050
2304 410.909 4576624.410 5300172.790
2305 410.916 4576636.600 5300127.790
2306 410.878 4576634.800 5300112.300
2307 411.615 4576594.360 5300048.230
2308 409.999 4575924.850 5300022.760
2309 409.988 4575969.800 5300053.240
2310 409.870 4575874.850 5300022.760
2311 409.802 4575824.850 5300022.760
2312 409.759 4575774.850 5300022.760
2313 409.712 4575724.850 5300022.760
2314 409.714 4575674.850 5300022.760
2315 409.654 4575624.850 5300022.760
2316 409.567 4575574.850 5300022.760
2317 409.415 4575524.850 5300022.760
2318 409.619 4575524.850 5299972.760
2319 409.603 4575484.280 5299944.460
2320 410.956 4576875.540 5300107.800
2321 410.981 4576863.030 5300130.590
2322 410.931 4576858.250 5300135.040
2323 409.569 4576954.030 5300165.470
2324 409.591 4576933.900 5300159.800
2325 409.532 4576894.650 5300130.460
2326 409.401 4576922.150 5300140.100
2327 409.543 4576885.650 5300139.080
2328 409.520 4576889.410 5300134.290
2329 409.433 4576879.820 5300141.630
2330 411.535 4576872.200 5300146.190
2331 411.230 4576859.680 5300147.290
2332 411.480 4576865.090 5300151.570
2333 411.531 4576867.490 5300152.160
2334 409.668 4576846.780 5300134.510
2335 407.751 4576818.590 5300160.810
2336 407.280 4576789.930 5300187.890
2337 405.155 4576761.650 5300214.700
2338 404.349 4576733.730 5300241.420
2339 403.356 4576702.350 5300265.120
2340 402.915 4576670.880 5300288.540
2341 402.307 4576639.110 5300311.470
2342 402.433 4576607.200 5300334.040
2343 403.154 4576577.650 5300353.070
2344 410.963 4576617.180 5300234.900
2345 410.886 4576614.320 5300200.050
2346 410.940 4576617.590 5300219.430
2347 410.778 4576600.340 5300191.690
2348 411.019 4576653.350 5300224.680
2349 411.050 4576634.410 5300236.610
2350 411.036 4576639.460 5300234.830
2351 411.030 4576627.550 5300246.640
2352 410.924 4576609.480 5300242.140
2353 410.972 4576613.960 5300253.280
2354 410.992 4576617.290 5300255.490
2355 410.831 4576632.260 5300256.880
2356 409.510 4576611.590 5300288.950
2357 407.194 4576591.240 5300321.060
2358 405.813 4576575.150 5300349.840
2359 410.771 4576601.040 5300184.550
2360 411.496 4576585.050 5300082.300
2361 410.645 4576578.010 5300201.940
2362 410.638 4576575.260 5300208.830
2363 409.867 4575924.850 5300072.760
2364 409.865 4575949.800 5300094.740
2365 409.756 4575874.850 5300072.760
2366 409.712 4575824.850 5300072.760
2367 409.694 4575774.850 5300072.760
2368 409.717 4575724.850 5300072.760
2369 409.645 4575674.850 5300072.760
2370 409.561 4575624.850 5300072.760
2371 409.417 4575574.850 5300072.760
2372 409.195 4575524.850 5300072.760
2373 409.209 4575474.850 5300022.760
2374 409.402 4575477.630 5299987.040
2375 410.556 4576851.640 5300137.740
2376 409.670 4576920.010 5300190.080
2377 409.693 4576917.730 5300174.050
2378 409.721 4576915.150 5300193.590
2379 409.549 4576886.810 5300152.580
2380 409.643 4576870.500 5300154.660
2381 410.882 4576839.630 5300166.200
2382 411.446 4576861.920 5300155.280
2383 410.900 4576834.220 5300177.190
2384 410.951 4576839.120 5300170.860
2385 411.517 4576865.360 5300158.200
2386 409.409 4576823.690 5300164.050
2387 408.027 4576795.130 5300191.400
2388 407.049 4576766.960 5300218.470
2389 404.588 4576738.680 5300245.050
2390 403.719 4576711.030 5300271.850
2391 402.558 4576679.570 5300295.370
2392 402.608 4576648.030 5300318.610
2393 402.700 4576616.180 5300341.360
2394 402.260 4576586.780 5300360.490
2395 402.949 4576557.110 5300379.420
2396 405.693 4576554.290 5300377.050
2397 410.790 4576592.590 5300230.230
2398 410.587 4576563.250 5300226.580
2399 410.986 4576629.270 5300253.960
2400 411.006 4576620.390 5300258.010
2401 410.862 4576592.110 5300275.060
2402 410.945 4576605.140 5300276.550
2403 410.858 4576608.360 5300286.200
2404 409.757 4576587.900 5300318.330
2405 407.090 4576572.290 5300346.140
2406 411.307 4576524.910 5300169.940
2407 410.470 4576547.860 5300218.790
2408 411.357 4576505.700 5300172.540
2409 410.533 4576309.020 5300146.390
2410 409.765 4575924.850 5300122.760
2411 409.756 4575950.830 5300142.620
2412 409.672 4575874.850 5300122.760
2413 409.704 4575824.850 5300122.760
2414 409.700 4575774.850 5300122.760
2415 409.634 4575724.850 5300122.760
2416 409.551 4575674.850 5300122.760
2417 409.419 4575624.850 5300122.760
2418 409.213 4575574.850 5300122.760
2419 408.827 4575524.850 5300122.760
2420 408.851 4575474.850 5300072.760
2421 409.038 4575432.070 5300003.430
2422 408.479 4575474.850 5300122.760
2423 410.841 4576828.450 5300167.070
2424 409.780 4576910.290 5300197.110
2425 409.784 4576900.570 5300204.140
2426 409.739 4576898.800 5300205.270
2427 410.957 4576807.450 5300207.080
2428 410.830 4576812.550 5300211.830
2429 411.005 4576813.640 5300217.450
2430 409.648 4576916.300 5300179.210
2431 409.538 4576878.580 5300170.250
2432 409.554 4576860.330 5300176.890
2433 410.855 4576829.310 5300183.520
2434 411.210 4576840.590 5300179.840
2435 411.488 4576849.680 5300181.650
2436 409.651 4576869.650 5300179.030
2437 409.489 4576799.970 5300194.670
2438 408.177 4576771.990 5300222.030
2439 406.464 4576743.690 5300248.710
2440 404.226 4576715.680 5300275.530
2441 403.251 4576688.340 5300302.280
2442 401.758 4576656.800 5300325.620
2443 402.298 4576625.190 5300348.690
2444 402.589 4576595.890 5300367.910
2445 402.136 4576566.360 5300386.950
2446 402.738 4576536.580 5300405.780
2447 405.306 4576533.530 5300403.860
2448 407.112 4576551.000 5300374.300
2449 405.160 4576512.970 5300430.390
2450 410.514 4576548.000 5300244.710
2451 410.948 4576605.200 5300283.230
2452 410.843 4576586.340 5300286.960
2453 410.904 4576595.800 5300285.680
2454 410.841 4576584.460 5300315.530
2455 409.364 4576569.630 5300342.680
2456 410.425 4576532.260 5300254.790
2457 410.396 4576532.020 5300238.510
2458 411.316 4576493.440 5300190.950
2459 410.495 4576374.850 5300172.760
2460 410.520 4576324.850 5300172.760
2461 410.352 4576276.490 5300184.380
2462 409.719 4576016.210 5300194.430
2463 409.685 4575980.100 5300180.250
2464 409.646 4575924.850 5300172.760
2465 409.691 4575874.850 5300172.760
2466 409.671 4575824.850 5300172.760
2467 409.609 4575774.850 5300172.760
2468 409.503 4575724.850 5300172.760
2469 409.383 4575674.850 5300172.760
2470 409.199 4575624.850 5300172.760
2471 408.825 4575574.850 5300172.760
2472 408.468 4575524.850 5300172.760
2473 408.490 4575424.850 5300072.760
2474 408.548 4575395.660 5300037.560
2475 408.272 4575474.850 5300172.760
2476 408.301 4575424.850 5300122.760
2477 404.134 4576492.720 5300456.780
2478 411.136 4576804.480 5300197.710
2479 410.922 4576806.940 5300210.640
2480 411.042 4576803.760 5300205.490
2481 410.840 4576793.200 5300237.370
2482 409.715 4576894.900 5300201.560
2483 409.770 4576895.600 5300206.350
2484 409.813 4576896.100 5300208.810
2485 409.774 4576900.100 5300208.880
2486 410.875 4576819.510 5300196.170
2487 409.875 4576833.630 5300229.120
2488 409.714 4576886.920 5300199.130
2489 409.668 4576857.880 5300189.000
2490 409.581 4576868.380 5300192.320
2491 409.948 4576835.640 5300234.770
2492 409.961 4576840.070 5300236.660
2493 410.076 4576815.350 5300251.420
2494 410.002 4576827.280 5300255.630
2495 409.797 4576908.380 5300213.980
2496 409.830 4576776.660 5300225.330
2497 407.507 4576748.410 5300252.170
2498 405.900 4576720.370 5300279.240
2499 404.156 4576692.900 5300306.010
2500 402.689 4576665.640 5300332.710
2501 400.967 4576634.020 5300355.870
2502 402.115 4576605.020 5300375.340
2503 402.413 4576575.600 5300394.460
2504 402.095 4576545.940 5300413.400
2505 402.507 4576516.040 5300432.140
2506 406.971 4576529.910 5300401.590
2507 408.950 4576547.850 5300371.640
2508 406.897 4576509.240 5300428.270
2509 406.742 4576489.230 5300454.640
2510 410.781 4576572.210 5300306.800
2511 410.490 4576539.030 5300266.640
2512 410.389 4576522.960 5300270.370
2513 410.759 4576566.260 5300317.600
2514 410.850 4576581.120 5300312.500
2515 410.695 4576566.940 5300339.200
2516 410.287 4576506.890 5300274.090
2517 411.236 4576488.890 5300212.600
2518 410.476 4576424.850 5300222.760
2519 410.348 4576374.850 5300222.760
2520 410.336 4576324.850 5300222.760
2521 410.153 4576274.850 5300222.760
2522 410.054 4576244.010 5300222.400
2523 409.794 4576142.380 5300235.440
2524 409.822 4576109.090 5300204.290
2525 409.733 4576063.570 5300206.690
2526 409.652 4576024.850 5300222.760
2527 409.659 4575974.850 5300222.760
2528 409.671 4575924.850 5300222.760
2529 409.640 4575874.850 5300222.760
2530 409.564 4575824.850 5300222.760
2531 409.466 4575774.850 5300222.760
2532 409.353 4575724.850 5300222.760
2533 409.177 4575674.850 5300222.760
2534 408.825 4575624.850 5300222.760
2535 408.434 4575574.850 5300222.760
2536 408.249 4575524.850 5300222.760
2537 408.294 4575370.580 5300078.660
2538 408.221 4575474.850 5300222.760
2539 408.233 4575424.850 5300172.760
2540 408.249 4575374.850 5300122.760
2541 403.249 4576472.860 5300483.140
2542 402.256 4576495.500 5300458.490
2543 411.513 4576781.020 5300228.400
2544 410.798 4576778.640 5300262.090
2545 410.800 4576774.310 5300268.270
2546 409.723 4576888.170 5300205.890
2547 409.738 4576882.220 5300201.870
2548 409.732 4576892.030 5300212.740
2549 409.779 4576903.180 5300210.670
2550 409.916 4576841.090 5300230.090
2551 409.638 4576872.150 5300197.830
2552 410.005 4576839.550 5300239.830
2553 409.914 4576843.080 5300236.430
2554 409.976 4576818.790 5300267.430
2555 410.062 4576816.850 5300270.240
2556 410.119 4576839.280 5300255.830
2557 409.819 4576907.890 5300221.010
2558 409.846 4576911.910 5300220.080
2559 410.104 4576957.670 5300266.940
2560 409.277 4576752.790 5300255.360
2561 406.950 4576724.770 5300282.720
2562 404.897 4576697.480 5300309.760
2563 403.413 4576669.830 5300336.140
2564 402.016 4576642.940 5300363.140
2565 400.952 4576614.010 5300382.650
2566 401.956 4576584.860 5300402.000
2567 402.191 4576555.310 5300421.020
2568 402.114 4576525.530 5300439.850
2569 405.909 4576470.150 5300480.940
2570 408.858 4576526.320 5300399.330
2571 410.484 4576544.720 5300369.020
2572 408.796 4576505.410 5300426.100
2573 408.314 4576485.540 5300452.360
2574 410.762 4576568.630 5300309.970
2575 410.335 4576510.470 5300288.580
2576 410.737 4576561.510 5300323.760
2577 410.742 4576564.310 5300335.450
2578 410.552 4576474.850 5300272.760
2579 411.179 4576424.850 5300272.760
2580 410.159 4576374.850 5300272.760
2581 410.027 4576324.850 5300272.760
2582 409.961 4576274.850 5300272.760
2583 409.831 4576211.840 5300260.690
2584 409.769 4576173.620 5300271.670
2585 409.706 4576124.850 5300272.760
2586 409.618 4576074.850 5300272.760
2587 409.632 4576024.850 5300272.760
2588 409.653 4575974.850 5300272.760
2589 409.603 4575924.850 5300272.760
2590 409.520 4575874.850 5300272.760
2591 409.429 4575824.850 5300272.760
2592 409.337 4575774.850 5300272.760
2593 409.192 4575724.850 5300272.760
2594 408.810 4575674.850 5300272.760
2595 408.412 4575624.850 5300272.760
2596 408.232 4575574.850 5300272.760
2597 408.213 4575524.850 5300272.760
2598 408.266 4575327.430 5300098.440
2599 408.279 4575474.850 5300272.760
2600 408.279 4575424.850 5300222.760
2601 408.279 4575374.850 5300172.760
2602 408.280 4575324.850 5300122.760
2603 403.533 4576447.340 5300513.820
2604 402.001 4576474.960 5300484.850
2605 402.094 4576505.110 5300466.300
2606 411.415 4576756.870 5300258.330
2607 411.035 4576752.800 5300280.460
2608 411.288 4576768.510 5300311.810
2609 410.667 4576742.040 5300326.170
2610 410.823 4576735.710 5300345.060
2611 409.775 4576883.970 5300216.600
2612 409.786 4576903.830 5300224.940
2613 409.932 4576865.710 5300231.290
2614 410.033 4576860.170 5300251.120
2615 410.102 4576838.380 5300283.190
2616 409.849 4576808.360 5300308.310
2617 409.638 4576793.620 5300320.580
2618 410.135 4576850.570 5300273.450
2619 409.823 4576906.830 5300226.520
2620 410.066 4576949.460 5300272.680
2621 409.538 4576786.020 5300327.930
2622 409.535 4576789.850 5300329.860
2623 408.753 4576728.830 5300285.920
2624 406.617 4576701.760 5300313.250
2625 404.096 4576674.020 5300339.580
2626 402.676 4576647.280 5300366.670
2627 401.924 4576623.060 5300390.030
2628 401.083 4576593.990 5300409.430
2629 401.686 4576564.690 5300428.650
2630 402.024 4576535.020 5300447.570
2631 406.239 4576444.560 5300511.550
2632 407.588 4576467.170 5300478.510
2633 410.333 4576522.850 5300397.150
2634 410.593 4576541.570 5300366.150
2635 410.202 4576501.800 5300424.050
2636 409.847 4576482.140 5300450.270
2637 410.488 4576524.850 5300322.760
2638 410.641 4576541.640 5300346.710
2639 410.152 4576474.850 5300322.760
2640 410.960 4576424.850 5300322.760
2641 411.122 4576374.850 5300322.760
2642 409.817 4576324.850 5300322.760
2643 409.682 4576274.850 5300322.760
2644 409.663 4576224.850 5300322.760
2645 409.612 4576174.850 5300322.760
2646 409.558 4576124.850 5300322.760
2647 409.631 4576074.850 5300322.760
2648 409.591 4576024.850 5300322.760
2649 409.577 4575974.850 5300322.760
2650 409.514 4575924.850 5300322.760
2651 409.430 4575874.850 5300322.760
2652 409.311 4575824.850 5300322.760
2653 409.208 4575774.850 5300322.760
2654 408.809 4575724.850 5300322.760
2655 408.384 4575674.850 5300322.760
2656 408.213 4575624.850 5300322.760
2657 408.208 4575574.850 5300322.760
2658 408.279 4575524.850 5300322.760
2659 408.296 4575279.180 5300103.730
2660 408.363 4575248.320 5300142.720
2661 408.347 4575474.850 5300322.760
2662 408.340 4575424.850 5300272.760
2663 408.338 4575374.850 5300222.760
2664 408.333 4575324.850 5300172.760
2665 403.924 4576421.910 5300544.570
2666 402.183 4576449.730 5300515.770
2667 402.070 4576484.690 5300492.760
2668 401.841 4576514.730 5300474.120
2669 410.904 4576744.690 5300302.930
2670 411.292 4576732.620 5300288.900
2671 410.739 4576740.090 5300323.130
2672 411.142 4576712.320 5300330.740
2673 411.212 4576709.180 5300329.640
2674 411.322 4576705.280 5300330.480
2675 411.269 4576703.100 5300333.850
2676 409.403 4576768.580 5300344.770
2677 410.891 4576730.520 5300356.970
2678 411.036 4576710.670 5300341.830
2679 410.863 4576725.140 5300365.130
2680 409.931 4576888.090 5300233.800
2681 410.140 4576865.200 5300257.570
2682 410.137 4576840.360 5300289.400
2683 409.730 4576809.860 5300318.410
2684 410.198 4576859.670 5300274.580
2685 410.055 4576941.350 5300278.570
2686 409.378 4576775.510 5300346.160
2687 408.320 4576705.690 5300316.460
2688 405.677 4576677.920 5300342.770
2689 403.347 4576651.600 5300370.190
2690 402.551 4576627.900 5300393.890
2691 401.929 4576603.190 5300416.910
2692 401.301 4576573.980 5300436.200
2693 401.637 4576544.520 5300455.310
2694 406.548 4576419.190 5300542.340
2695 407.856 4576441.290 5300508.870
2696 409.366 4576464.500 5300476.330
2697 406.501 4576394.100 5300573.380
2698 410.436 4576519.240 5300394.720
2699 410.285 4576497.950 5300421.740
2700 410.156 4576478.430 5300447.900
2701 410.235 4576474.850 5300372.760
2702 409.899 4576424.850 5300372.760
2703 410.903 4576374.850 5300372.760
2704 411.064 4576324.850 5300372.760
2705 409.572 4576274.850 5300372.760
2706 409.540 4576224.850 5300372.760
2707 409.545 4576174.850 5300372.760
2708 409.555 4576124.850 5300372.760
2709 409.591 4576074.850 5300372.760
2710 409.530 4576024.850 5300372.760
2711 409.477 4575974.850 5300372.760
2712 409.391 4575924.850 5300372.760
2713 409.299 4575874.850 5300372.760
2714 409.137 4575824.850 5300372.760
2715 408.783 4575774.850 5300372.760
2716 408.350 4575724.850 5300372.760
2717 408.176 4575674.850 5300372.760
2718 408.203 4575624.850 5300372.760
2719 408.284 4575574.850 5300372.760
2720 408.353 4575524.850 5300372.760
2721 408.389 4575248.730 5300178.130
2722 408.402 4575474.850 5300372.760
2723 408.370 4575274.850 5300172.760
2724 408.394 4575424.850 5300322.760
2725 408.385 4575374.850 5300272.760
2726 408.378 4575324.850 5300222.760
2727 408.427 4574966.160 5300044.040
2728 408.435 4574982.900 5300080.670
2729 403.956 4576396.620 5300575.440
2730 402.365 4576424.500 5300546.690
2731 401.903 4576459.470 5300523.720
2732 401.625 4576494.440 5300500.680
2733 401.569 4576524.360 5300481.960
2734 411.384 4576709.360 5300319.440
2735 411.150 4576697.320 5300352.010
2736 411.449 4576702.520 5300331.160
2737 411.224 4576700.800 5300340.870
2738 411.183 4576693.820 5300354.380
2739 411.238 4576691.220 5300353.690
2740 411.240 4576690.020 5300355.300
2741 408.570 4576731.040 5300393.470
2742 411.058 4576699.170 5300356.820
2743 410.167 4576933.250 5300284.470
2744 408.775 4576726.540 5300409.970
2745 407.367 4576681.480 5300345.680
2746 405.601 4576655.590 5300373.440
2747 403.862 4576632.700 5300397.740
2748 402.450 4576608.150 5300420.880
2749 401.834 4576583.310 5300443.800
2750 401.387 4576553.960 5300462.980
2751 406.324 4576369.190 5300604.550
2752 409.991 4576461.510 5300473.840
2753 408.212 4576415.770 5300539.540
2754 409.728 4576438.350 5300506.460
2755 408.203 4576390.710 5300570.590
2756 410.319 4576474.850 5300422.760
2757 410.098 4576459.080 5300471.900
2758 409.982 4576424.850 5300422.760
2759 410.093 4576374.850 5300422.760
2760 410.845 4576324.850 5300422.760
2761 409.443 4576274.850 5300422.760
2762 409.477 4576224.850 5300422.760
2763 409.534 4576174.850 5300422.760
2764 409.555 4576124.850 5300422.760
2765 409.491 4576074.850 5300422.760
2766 409.448 4576024.850 5300422.760
2767 409.409 4575974.850 5300422.760
2768 409.318 4575924.850 5300422.760
2769 409.114 4575874.850 5300422.760
2770 408.797 4575824.850 5300422.760
2771 408.327 4575774.850 5300422.760
2772 408.172 4575724.850 5300422.760
2773 408.198 4575674.850 5300422.760
2774 408.287 4575624.850 5300422.760
2775 408.362 4575574.850 5300422.760
2776 408.412 4575524.850 5300422.760
2777 408.445 4575034.150 5300143.810
2778 408.412 4575234.040 5300218.080
2779 408.434 4575474.850 5300422.760
2780 408.427 4575424.850 5300372.760
2781 408.416 4575274.850 5300222.760
2782 408.421 4575374.850 5300322.760
2783 408.421 4575324.850 5300272.760
2784 408.419 4575164.410 5300191.520
2785 408.430 4575127.590 5300165.960
2786 408.429 4575171.190 5300228.380
2787 408.429 4574917.680 5300031.770
2788 408.452 4574924.850 5300072.760
2789 408.447 4574991.200 5300119.620
2790 405.975 4576344.470 5300635.870
2791 404.030 4576371.420 5300606.380
2792 402.544 4576399.270 5300577.620
2793 401.742 4576434.240 5300554.680
2794 401.597 4576469.220 5300531.670
2795 401.551 4576504.190 5300508.620
2796 401.442 4576533.950 5300489.750
2797 410.310 4576684.800 5300348.390
2798 411.146 4576694.060 5300357.060
2799 411.458 4576685.280 5300355.500
2800 408.909 4576715.670 5300414.670
2801 410.630 4576675.320 5300426.560
2802 411.076 4576680.090 5300463.340
2803 410.655 4576672.250 5300428.980
2804 411.044 4576675.960 5300462.010
2805 407.623 4576659.230 5300376.400
2806 406.334 4576637.180 5300401.330
2807 404.771 4576613.060 5300424.800
2808 402.212 4576588.050 5300447.600
2809 401.516 4576563.430 5300470.690
2810 407.982 4576365.950 5300601.880
2811 409.986 4576435.100 5300503.710
2812 409.841 4576412.660 5300536.990
2813 409.813 4576387.600 5300568.040
2814 410.066 4576424.850 5300472.760
2815 409.729 4576374.850 5300472.760
2816 410.626 4576324.850 5300472.760
2817 407.663 4576341.500 5300633.410
2818 410.788 4576274.850 5300472.760
2819 409.357 4576224.850 5300472.760
2820 409.449 4576174.850 5300472.760
2821 409.395 4576124.850 5300472.760
2822 409.381 4576074.850 5300472.760
2823 409.348 4576024.850 5300472.760
2824 409.274 4575974.850 5300472.760
2825 409.114 4575924.850 5300472.760
2826 408.786 4575874.850 5300472.760
2827 408.301 4575824.850 5300472.760
2828 408.158 4575774.850 5300472.760
2829 408.195 4575724.850 5300472.760
2830 408.290 4575674.850 5300472.760
2831 408.374 4575624.850 5300472.760
2832 408.429 4575574.850 5300472.760
2833 408.441 4575524.850 5300472.760
2834 408.433 4575080.550 5300161.750
2835 408.456 4575024.850 5300172.760
2836 408.418 4575249.010 5300248.800
2837 408.438 4575474.850 5300472.760
2838 408.437 4575424.850 5300422.760
2839 408.436 4575374.850 5300372.760
2840 408.420 4575274.850 5300272.760
2841 408.434 4575324.850 5300322.760
2842 408.443 4575124.850 5300222.760
2843 408.445 4575163.410 5300267.210
2844 408.459 4574868.500 5300039.360
2845 408.471 4574874.850 5300072.760
2846 408.474 4574924.850 5300122.760
2847 408.479 4574974.850 5300172.760
2848 405.659 4576293.130 5300691.620
2849 405.860 4576318.760 5300663.700
2850 403.816 4576346.340 5300637.410
2851 402.722 4576374.040 5300608.540
2852 401.584 4576409.020 5300585.640
2853 401.575 4576444.010 5300562.670
2854 401.594 4576478.980 5300539.650
2855 401.508 4576513.930 5300516.530
2856 401.193 4576543.560 5300497.570
2857 411.270 4576662.620 5300379.160
2858 411.294 4576637.580 5300427.330
2859 411.300 4576635.100 5300430.470
2860 411.213 4576639.240 5300431.560
2861 410.703 4576672.320 5300424.980
2862 411.326 4576644.930 5300414.010
2863 411.253 4576640.230 5300426.870
2864 410.657 4576666.880 5300436.640
2865 410.632 4576663.590 5300443.500
2866 410.641 4576667.620 5300455.560
2867 410.178 4576641.250 5300404.590
2868 407.044 4576617.690 5300428.510
2869 404.660 4576592.710 5300451.340
2870 402.083 4576568.020 5300474.380
2871 409.728 4576362.950 5300599.410
2872 409.933 4576409.280 5300534.100
2873 409.884 4576384.270 5300565.160
2874 409.812 4576374.850 5300522.760
2875 409.476 4576324.850 5300522.760
2876 409.355 4576338.750 5300631.130
2877 407.875 4576315.700 5300661.060
2878 410.569 4576274.850 5300522.760
2879 407.990 4576290.050 5300688.870
2880 405.456 4576267.610 5300719.640
2881 410.730 4576224.850 5300522.760
2882 409.291 4576174.850 5300522.760
2883 409.288 4576124.850 5300522.760
2884 409.273 4576074.850 5300522.760
2885 409.272 4576024.850 5300522.760
2886 409.102 4575974.850 5300522.760
2887 408.757 4575924.850 5300522.760
2888 408.283 4575874.850 5300522.760
2889 408.130 4575824.850 5300522.760
2890 408.182 4575774.850 5300522.760
2891 408.291 4575724.850 5300522.760
2892 408.387 4575674.850 5300522.760
2893 408.440 4575624.850 5300522.760
2894 408.449 4575574.850 5300522.760
2895 408.444 4575524.850 5300522.760
2896 408.459 4575074.850 5300222.760
2897 408.480 4575024.850 5300222.760
2898 408.443 4575220.930 5300289.210
2899 408.429 4575474.850 5300522.760
2900 408.432 4575424.850 5300472.760
2901 408.435 4575374.850 5300422.760
2902 408.437 4575324.850 5300372.760
2903 408.438 4575274.850 5300322.760
2904 408.452 4575175.890 5300301.660
2905 408.463 4575124.850 5300272.760
2906 408.489 4574824.850 5300072.760
2907 408.493 4574874.850 5300122.760
2908 408.499 4574924.850 5300172.760
2909 408.505 4574974.850 5300222.760
2910 405.181 4576242.260 5300747.810
2911 403.464 4576295.510 5300693.770
2912 403.669 4576320.900 5300665.570
2913 402.851 4576348.810 5300639.460
2914 401.426 4576383.800 5300616.600
2915 401.559 4576418.790 5300593.670
2916 401.640 4576453.770 5300570.680
2917 401.586 4576488.730 5300547.600
2918 400.913 4576523.680 5300524.460
2919 402.333 4576547.930 5300501.110
2920 411.463 4576645.090 5300407.650
2921 411.359 4576631.280 5300431.280
2922 411.264 4576635.270 5300433.160
2923 411.122 4576642.240 5300434.630
2924 410.956 4576649.860 5300437.100
2925 410.782 4576656.260 5300441.920
2926 410.681 4576659.970 5300444.770
2927 410.546 4576663.880 5300450.110
2928 410.562 4576621.880 5300431.860
2929 406.793 4576597.170 5300454.920
2930 404.621 4576572.510 5300478.000
2931 403.199 4576270.180 5300722.030
2932 409.839 4576359.800 5300596.640
2933 409.673 4576372.040 5300568.970
2934 409.559 4576324.850 5300572.760
2935 409.792 4576335.900 5300628.560
2936 409.786 4576334.090 5300627.200
2937 409.491 4576312.710 5300658.480
2938 409.600 4576274.850 5300572.760
2939 409.460 4576286.900 5300686.050
2940 407.989 4576264.580 5300716.860
2941 410.511 4576224.850 5300572.760
2942 407.781 4576239.370 5300745.080
2943 409.180 4576174.850 5300572.760
2944 409.172 4576124.850 5300572.760
2945 409.184 4576074.850 5300572.760
2946 409.070 4576024.850 5300572.760
2947 408.730 4575974.850 5300572.760
2948 408.261 4575924.850 5300572.760
2949 408.099 4575874.850 5300572.760
2950 408.170 4575824.850 5300572.760
2951 408.294 4575774.850 5300572.760
2952 408.403 4575724.850 5300572.760
2953 408.453 4575674.850 5300572.760
2954 408.457 4575624.850 5300572.760
2955 408.446 4575574.850 5300572.760
2956 408.431 4575524.850 5300572.760
2957 408.482 4575074.850 5300272.760
2958 408.511 4575024.850 5300272.760
2959 408.444 4575224.850 5300322.760
2960 408.443 4575474.850 5300572.760
2961 408.447 4575424.850 5300522.760
2962 408.453 4575374.850 5300472.760
2963 408.449 4575324.850 5300422.760
2964 408.443 4575274.850 5300372.760
2965 408.474 4575174.850 5300322.760
2966 408.485 4575124.850 5300322.760
2967 408.532 4574824.850 5300122.760
2968 408.536 4574874.850 5300172.760
2969 408.543 4574924.850 5300222.760
2970 408.550 4574974.850 5300272.760
2971 404.297 4576217.250 5300776.280
2972 402.928 4576244.940 5300750.380
2973 402.102 4576298.450 5300696.420
2974 402.458 4576323.630 5300667.940
2975 401.264 4576358.580 5300647.560
2976 401.543 4576393.580 5300624.670
2977 401.693 4576428.560 5300601.710
2978 401.665 4576463.530 5300578.670
2979 401.108 4576498.490 5300555.570
2980 402.379 4576527.740 5300527.760
2981 404.732 4576552.200 5300504.560
2982 411.409 4576625.890 5300435.030
2983 411.020 4576645.110 5300438.760
2984 410.814 4576652.660 5300444.610
2985 410.331 4576601.190 5300458.150
2986 406.913 4576576.860 5300481.500
2987 401.745 4576273.270 5300724.910
2988 404.634 4576193.130 5300802.260
2989 409.431 4576324.850 5300622.760
2990 409.735 4576309.660 5300655.620
2991 409.306 4576274.850 5300622.760
2992 409.674 4576283.710 5300682.960
2993 409.337 4576261.340 5300713.860
2994 410.160 4576224.850 5300622.760
2995 409.251 4576236.130 5300741.990
2996 407.373 4576214.660 5300773.720
2997 410.453 4576174.850 5300622.760
2998 407.185 4576190.360 5300799.740
2999 409.030 4576124.850 5300622.760
3000 408.951 4576074.850 5300622.760
3001 408.604 4576024.850 5300622.760
3002 408.226 4575974.850 5300622.760
3003 408.064 4575924.850 5300622.760
3004 408.148 4575874.850 5300622.760
3005 408.299 4575824.850 5300622.760
3006 408.422 4575774.850 5300622.760
3007 408.466 4575724.850 5300622.760
3008 408.460 4575674.850 5300622.760
3009 408.442 4575624.850 5300622.760
3010 408.438 4575574.850 5300622.760
3011 408.449 4575524.850 5300622.760
3012 408.515 4575074.850 5300322.760
3013 408.557 4575024.850 5300322.760
3014 408.474 4575224.850 5300372.760
3015 408.505 4575474.850 5300622.760
3016 408.494 4575424.850 5300572.760
3017 408.488 4575374.850 5300522.760
3018 408.478 4575324.850 5300472.760
3019 408.475 4575274.850 5300422.760
3020 408.494 4575174.850 5300372.760
3021 408.522 4575124.850 5300372.760
3022 408.563 4574774.850 5300122.760
3023 408.578 4574824.850 5300172.760
3024 408.599 4574874.850 5300222.760
3025 408.609 4574924.850 5300272.760
3026 408.620 4574974.850 5300322.760
3027 405.606 4576168.680 5300827.920
3028 402.576 4576219.890 5300778.880
3029 401.389 4576248.090 5300753.390
3030 401.362 4576308.990 5300705.910
3031 401.314 4576333.780 5300676.730
3032 401.527 4576368.360 5300655.660
3033 401.745 4576403.360 5300632.740
3034 401.743 4576438.330 5300609.740
3035 401.302 4576473.290 5300586.670
3036 402.280 4576502.640 5300558.950
3037 404.581 4576531.690 5300530.970
3038 406.925 4576556.380 5300507.940
3039 411.262 4576605.080 5300461.220
3040 410.175 4576580.770 5300484.650
3041 401.424 4576284.200 5300735.080
3042 402.588 4576195.990 5300804.910
3043 406.174 4576143.650 5300852.940
3044 409.112 4576274.850 5300672.760
3045 409.616 4576258.100 5300710.600
3046 409.053 4576224.850 5300672.760
3047 409.560 4576232.930 5300738.660
3048 408.912 4576211.600 5300770.710
3049 410.234 4576174.850 5300672.760
3050 409.095 4576186.800 5300796.870
3051 408.053 4576165.590 5300825.300
3052 410.396 4576124.850 5300672.760
3053 408.543 4576074.850 5300672.760
3054 408.697 4576139.980 5300849.920
3055 408.186 4576024.850 5300672.760
3056 408.034 4575974.850 5300672.760
3057 408.136 4575924.850 5300672.760
3058 408.309 4575874.850 5300672.760
3059 408.444 4575824.850 5300672.760
3060 408.483 4575774.850 5300672.760
3061 408.468 4575724.850 5300672.760
3062 408.435 4575674.850 5300672.760
3063 408.440 4575624.850 5300672.760
3064 408.475 4575574.850 5300672.760
3065 408.528 4575524.850 5300672.760
3066 408.573 4575074.850 5300372.760
3067 408.631 4575024.850 5300372.760
3068 408.508 4575224.850 5300422.760
3069 408.578 4575474.850 5300672.760
3070 408.558 4575424.850 5300622.760
3071 408.548 4575374.850 5300572.760
3072 408.524 4575324.850 5300522.760
3073 408.513 4575274.850 5300472.760
3074 408.539 4575174.850 5300422.760
3075 408.591 4575124.850 5300422.760
3076 408.642 4574774.850 5300172.760
3077 408.715 4574724.850 5300172.760
3078 408.652 4574824.850 5300222.760
3079 408.672 4574874.850 5300272.760
3080 408.691 4574924.850 5300322.760
3081 408.703 4574974.850 5300372.760
3082 408.208 4576118.250 5300877.500
3083 402.518 4576171.930 5300830.780
3084 401.050 4576222.910 5300781.870
3085 401.477 4576259.410 5300764.260
3086 401.652 4576319.480 5300715.330
3087 401.619 4576343.920 5300685.500
3088 401.797 4576378.150 5300663.770
3089 401.822 4576413.130 5300640.810
3090 401.497 4576448.100 5300617.780
3091 402.164 4576477.480 5300590.090
3092 404.524 4576506.700 5300562.270
3093 406.569 4576535.600 5300534.150
3094 409.995 4576560.130 5300510.980
3095 411.145 4576584.590 5300487.660
3096 401.726 4576295.040 5300745.170
3097 401.168 4576199.270 5300807.950
3098 402.651 4576147.550 5300856.290
3099 408.898 4576224.850 5300722.760
3100 409.499 4576208.620 5300767.460
3101 409.067 4576174.850 5300722.760
3102 408.203 4576183.310 5300793.800
3103 409.264 4576161.360 5300822.390
3104 410.177 4576124.850 5300722.760
3105 410.338 4576074.850 5300722.760
3106 407.168 4576134.750 5300846.610
3107 409.233 4576113.840 5300873.910
3108 407.979 4576024.850 5300722.760
3109 408.117 4575974.850 5300722.760
3110 408.331 4575924.850 5300722.760
3111 408.471 4575874.850 5300722.760
3112 408.502 4575824.850 5300722.760
3113 408.470 4575774.850 5300722.760
3114 408.421 4575724.850 5300722.760
3115 408.421 4575674.850 5300722.760
3116 408.486 4575624.850 5300722.760
3117 408.557 4575574.850 5300722.760
3118 408.599 4575524.850 5300722.760
3119 408.651 4575074.850 5300422.760
3120 408.715 4575024.850 5300422.760
3121 408.554 4575224.850 5300472.760
3122 408.617 4575474.850 5300722.760
3123 408.610 4575424.850 5300672.760
3124 408.601 4575374.850 5300622.760
3125 408.579 4575324.850 5300572.760
3126 408.567 4575274.850 5300522.760
3127 408.601 4575174.850 5300472.760
3128 408.661 4575124.850 5300472.760
3129 408.727 4574774.850 5300222.760
3130 408.803 4574724.850 5300222.760
3131 408.738 4574824.850 5300272.760
3132 408.757 4574874.850 5300322.760
3133 408.847 4574874.850 5300372.760
3134 408.781 4574924.850 5300372.760
3135 408.794 4574974.850 5300422.760
3136 403.689 4576122.970 5300881.570
3137 408.217 4576093.960 5300903.310
3138 401.301 4576175.630 5300834.030
3139 401.530 4576234.620 5300793.430
3140 401.706 4576270.600 5300775.000
3141 401.751 4576330.040 5300724.820
3142 401.767 4576354.090 5300694.300
3143 401.906 4576387.930 5300671.880
3144 401.691 4576422.900 5300648.880
3145 402.062 4576452.240 5300621.180
3146 404.401 4576481.590 5300593.460
3147 406.763 4576510.700 5300565.520
3148 409.502 4576539.100 5300536.990
3149 411.003 4576563.830 5300513.890
3150 401.733 4576305.990 5300755.350
3151 401.589 4576211.310 5300819.420
3152 401.357 4576151.990 5300860.110
3153 408.883 4576174.850 5300772.760
3154 407.962 4576157.190 5300819.330
3155 409.318 4576124.850 5300772.760
3156 410.119 4576074.850 5300772.760
3157 407.710 4576129.550 5300843.180
3158 407.971 4576107.390 5300869.940
3159 409.209 4576089.300 5300899.690
3160 408.084 4576024.850 5300772.760
3161 409.127 4576065.990 5300926.590
3162 408.349 4575974.850 5300772.760
3163 408.502 4575924.850 5300772.760
3164 408.525 4575874.850 5300772.760
3165 408.469 4575824.850 5300772.760
3166 408.411 4575774.850 5300772.760
3167 408.413 4575724.850 5300772.760
3168 408.498 4575674.850 5300772.760
3169 408.583 4575624.850 5300772.760
3170 408.619 4575574.850 5300772.760
3171 408.627 4575524.850 5300772.760
3172 408.734 4575074.850 5300472.760
3173 408.809 4575024.850 5300472.760
3174 408.618 4575224.850 5300522.760
3175 408.649 4575474.850 5300772.760
3176 408.650 4575424.850 5300722.760
3177 408.650 4575374.850 5300672.760
3178 408.634 4575324.850 5300622.760
3179 408.625 4575274.850 5300572.760
3180 408.676 4575174.850 5300522.760
3181 408.744 4575124.850 5300522.760
3182 408.816 4574774.850 5300272.760
3183 408.846 4574725.190 5300260.620
3184 408.829 4574824.850 5300322.760
3185 408.867 4574781.090 5300320.060
3186 408.889 4574834.680 5300385.990
3187 408.899 4574874.850 5300422.760
3188 408.874 4574974.850 5300472.760
3189 408.855 4574924.850 5300422.760
3190 408.045 4576070.540 5300929.920
3191 401.429 4576128.350 5300886.200
3192 403.656 4576098.990 5300907.510
3193 401.648 4576188.010 5300845.400
3194 401.702 4576246.170 5300804.840
3195 401.752 4576281.940 5300785.880
3196 401.778 4576340.590 5300734.310
3197 401.782 4576364.260 5300703.090
3198 401.881 4576397.710 5300679.990
3199 401.961 4576427.010 5300652.270
3200 404.207 4576456.340 5300624.550
3201 406.821 4576485.610 5300596.750
3202 409.598 4576514.290 5300568.460
3203 410.852 4576542.600 5300539.740
3204 401.826 4576316.920 5300765.520
3205 401.757 4576223.220 5300830.750
3206 401.700 4576164.700 5300871.390
3207 408.630 4576124.850 5300822.760
3208 409.900 4576074.850 5300822.760
3209 408.174 4576100.950 5300865.890
3210 408.281 4576082.250 5300895.750
3211 410.062 4576024.850 5300822.760
3212 408.874 4576058.860 5300923.160
3213 409.167 4576041.290 5300956.720
3214 408.536 4575974.850 5300822.760
3215 408.551 4575924.850 5300822.760
3216 408.459 4575874.850 5300822.760
3217 408.386 4575824.850 5300822.760
3218 408.413 4575774.850 5300822.760
3219 408.519 4575724.850 5300822.760
3220 408.614 4575674.850 5300822.760
3221 408.635 4575624.850 5300822.760
3222 408.638 4575574.850 5300822.760
3223 408.654 4575524.850 5300822.760
3224 408.826 4575074.850 5300522.760
3225 408.885 4575024.850 5300522.760
3226 408.916 4574974.850 5300522.760
3227 408.691 4575224.850 5300572.760
3228 408.734 4575474.850 5300822.760
3229 408.727 4575424.850 5300772.760
3230 408.722 4575374.850 5300722.760
3231 408.704 4575324.850 5300672.760
3232 408.696 4575274.850 5300622.760
3233 408.764 4575174.850 5300572.760
3234 408.843 4575124.850 5300572.760
3235 408.858 4574752.970 5300291.840
3236 408.849 4574723.710 5300262.550
3237 408.871 4574780.500 5300322.970
3238 408.878 4574807.970 5300354.150
3239 408.900 4574860.110 5300418.700
3240 408.895 4574829.960 5300390.100
3241 408.904 4574881.930 5300444.040
3242 408.908 4574924.850 5300472.760
3243 408.922 4574940.380 5300515.210
3244 408.918 4574902.390 5300470.560
3245 408.927 4574942.860 5300523.890
3246 408.923 4574963.780 5300550.040
3247 403.210 4576075.470 5300933.870
3248 408.133 4576045.720 5300960.000
3249 401.745 4576141.390 5300897.380
3250 401.412 4576104.710 5300912.280
3251 401.812 4576200.280 5300856.670
3252 401.762 4576257.880 5300816.400
3253 402.095 4576293.250 5300796.740
3254 402.279 4576351.130 5300743.790
3255 401.960 4576374.420 5300711.890
3256 401.862 4576401.790 5300683.360
3257 404.016 4576431.100 5300655.640
3258 406.723 4576460.310 5300627.810
3259 409.498 4576489.250 5300599.730
3260 410.696 4576517.940 5300571.390
3261 403.862 4576327.850 5300775.690
3262 401.898 4576235.270 5300842.220
3263 401.867 4576177.330 5300882.590
3264 408.221 4576020.900 5300990.090
3265 409.208 4576016.590 5300986.850
3266 408.534 4576074.850 5300872.760
3267 408.411 4576075.200 5300891.780
3268 409.843 4576024.850 5300872.760
3269 408.721 4576051.720 5300919.750
3270 408.267 4576034.380 5300953.180
3271 410.004 4575974.850 5300872.760
3272 408.433 4575924.850 5300872.760
3273 408.362 4575874.850 5300872.760
3274 408.430 4575824.850 5300872.760
3275 408.558 4575774.850 5300872.760
3276 408.649 4575724.850 5300872.760
3277 408.648 4575674.850 5300872.760
3278 408.629 4575624.850 5300872.760
3279 408.659 4575574.850 5300872.760
3280 408.748 4575524.850 5300872.760
3281 408.903 4575074.850 5300572.760
3282 408.932 4575024.850 5300572.760
3283 408.926 4575032.200 5300613.900
3284 408.916 4574984.200 5300576.590
3285 408.778 4575224.850 5300622.760
3286 408.893 4575474.850 5300872.760
3287 408.860 4575424.850 5300822.760
3288 408.834 4575374.850 5300772.760
3289 408.809 4575324.850 5300722.760
3290 408.791 4575274.850 5300672.760
3291 408.861 4575174.850 5300622.760
3292 408.928 4575124.850 5300622.760
3293 408.868 4574748.610 5300296.720
3294 408.858 4574720.150 5300266.990
3295 408.876 4574775.920 5300327.680
3296 408.884 4574803.190 5300358.670
3297 408.901 4574855.880 5300422.090
3298 408.897 4574825.070 5300394.330
3299 408.913 4574877.300 5300447.660
3300 408.917 4574922.190 5300497.550
3301 408.918 4574897.820 5300473.990
3302 408.921 4574938.580 5300526.860
3303 408.916 4574959.400 5300552.960
3304 401.395 4576081.070 5300938.360
3305 403.518 4576050.650 5300964.020
3306 401.926 4576154.390 5300908.500
3307 401.778 4576118.090 5300923.360
3308 402.028 4576212.660 5300868.040
3309 402.239 4576269.580 5300827.950
3310 404.154 4576304.560 5300807.590
3311 404.644 4576354.620 5300746.840
3312 402.897 4576378.210 5300715.100
3313 403.839 4576405.870 5300686.740
3314 406.645 4576435.020 5300658.880
3315 409.182 4576463.930 5300630.790
3316 410.603 4576492.980 5300602.800
3317 404.818 4576331.040 5300778.580
3318 402.332 4576247.310 5300853.680
3319 402.139 4576190.050 5300893.860
3320 403.822 4576025.840 5300994.170
3321 408.221 4575996.080 5301020.170
3322 408.077 4576009.890 5300983.180
3323 409.245 4575991.880 5301016.980
3324 409.253 4575967.180 5301047.110
3325 408.936 4576024.850 5300922.760
3326 408.362 4576027.450 5300949.640
3327 409.785 4575974.850 5300922.760
3328 409.947 4575924.850 5300922.760
3329 408.453 4575874.850 5300922.760
3330 408.604 4575824.850 5300922.760
3331 408.686 4575774.850 5300922.760
3332 408.654 4575724.850 5300922.760
3333 408.623 4575674.850 5300922.760
3334 408.655 4575624.850 5300922.760
3335 408.772 4575574.850 5300922.760
3336 408.933 4575524.850 5300922.760
3337 408.945 4575074.850 5300622.760
3338 408.925 4575032.460 5300634.870
3339 408.924 4575025.860 5300629.780
3340 408.921 4575004.930 5300603.270
3341 408.919 4574979.900 5300579.320
3342 408.885 4575224.850 5300672.760
3343 409.048 4575474.850 5300922.760
3344 409.003 4575424.850 5300872.760
3345 408.969 4575374.850 5300822.760
3346 408.945 4575324.850 5300772.760
3347 408.912 4575274.850 5300722.760
3348 408.951 4575174.850 5300672.760
3349 408.908 4575064.500 5300673.890
3350 408.964 4575124.850 5300672.760
3351 408.928 4575074.850 5300672.760
3352 408.925 4575124.850 5300722.760
3353 408.895 4575096.230 5300714.110
3354 408.874 4574744.210 5300301.650
3355 408.866 4574716.580 5300271.450
3356 408.881 4574771.260 5300332.460
3357 408.892 4574798.280 5300363.300
3358 408.910 4574851.480 5300425.620
3359 408.904 4574820.780 5300398.080
3360 408.917 4574872.560 5300451.480
3361 408.921 4574917.910 5300500.650
3362 408.915 4574893.220 5300477.700
3363 408.914 4574934.400 5300530.230
3364 408.908 4574955.200 5300556.340
3365 401.810 4576094.780 5300949.350
3366 401.449 4576056.050 5300968.400
3367 402.250 4576167.440 5300919.680
3368 401.987 4576131.440 5300934.420
3369 402.372 4576225.030 5300879.400
3370 404.706 4576281.270 5300839.490
3371 405.387 4576307.460 5300810.330
3372 405.819 4576358.180 5300749.970
3373 405.502 4576382.030 5300718.360
3374 406.633 4576409.760 5300689.970
3375 408.886 4576438.640 5300661.870
3376 410.365 4576467.690 5300633.950
3377 406.442 4576334.340 5300781.580
3378 404.136 4576259.330 5300865.120
3379 402.406 4576202.750 5300905.130
3380 401.502 4576031.030 5300998.440
3381 404.140 4576001.020 5301024.310
3382 408.130 4575971.270 5301050.260
3383 409.317 4575942.500 5301077.260
3384 408.195 4576003.180 5300979.520
3385 408.345 4575985.390 5301013.180
3386 408.510 4575960.910 5301043.200
3387 408.981 4575936.450 5301073.230
3388 409.566 4575974.850 5300972.760
3389 409.728 4575924.850 5300972.760
3390 408.629 4575874.850 5300972.760
3391 408.719 4575824.850 5300972.760
3392 408.651 4575774.850 5300972.760
3393 408.593 4575724.850 5300972.760
3394 408.651 4575674.850 5300972.760
3395 408.802 4575624.850 5300972.760
3396 408.976 4575574.850 5300972.760
3397 409.092 4575524.850 5300972.760
3398 409.072 4575474.850 5300972.760
3399 408.909 4575046.490 5300656.530
3400 408.909 4575021.330 5300632.520
3401 408.916 4575000.550 5300605.970
3402 408.914 4574975.840 5300582.570
3403 408.967 4575224.850 5300722.760
3404 409.049 4575424.850 5300922.760
3405 409.035 4575374.850 5300872.760
3406 409.027 4575324.850 5300822.760
3407 408.996 4575274.850 5300772.760
3408 408.957 4575424.850 5300972.760
3409 408.975 4575174.850 5300722.760
3410 408.866 4575126.310 5300755.460
3411 408.903 4575067.030 5300683.350
3412 408.886 4575087.500 5300710.230
3413 408.873 4575106.450 5300735.630
3414 408.878 4574739.980 5300306.420
3415 408.872 4574713.040 5300275.860
3416 408.888 4574766.910 5300336.970
3417 408.894 4574793.850 5300367.530
3418 408.915 4574847.720 5300428.640
3419 408.909 4574811.190 5300406.570
3420 408.909 4574868.450 5300454.800
3421 408.919 4574913.670 5300504.070
3422 408.917 4574889.170 5300480.960
3423 408.907 4574930.620 5300533.270
3424 408.912 4574951.340 5300559.430
3425 409.378 4575917.900 5301108.480
3426 402.048 4576108.500 5300960.330
3427 401.751 4576069.710 5300979.510
3428 402.413 4576180.480 5300930.860
3429 402.361 4576144.830 5300945.500
3430 403.537 4576237.390 5300890.760
3431 405.874 4576283.880 5300842.070
3432 406.921 4576310.490 5300813.190
3433 407.734 4576361.490 5300752.860
3434 406.885 4576385.620 5300721.410
3435 408.612 4576413.370 5300692.960
3436 410.194 4576442.420 5300665.120
3437 407.784 4576337.350 5300784.300
3438 405.533 4576262.170 5300867.800
3439 402.991 4576215.450 5300916.390
3440 401.692 4576044.630 5301009.680
3441 401.558 4576006.010 5301028.480
3442 404.580 4575976.200 5301054.460
3443 408.037 4575946.460 5301080.360
3444 408.443 4575978.900 5301009.390
3445 408.591 4575954.630 5301039.290
3446 408.857 4575930.400 5301069.200
3447 408.419 4575911.830 5301104.150
3448 408.124 4575887.220 5301135.080
3449 409.509 4575924.850 5301022.760
3450 409.670 4575874.850 5301022.760
3451 408.629 4575824.850 5301022.760
3452 408.552 4575774.850 5301022.760
3453 408.642 4575724.850 5301022.760
3454 408.836 4575674.850 5301022.760
3455 409.023 4575624.850 5301022.760
3456 409.101 4575574.850 5301022.760
3457 409.074 4575524.850 5301022.760
3458 408.934 4575474.850 5301022.760
3459 408.902 4575041.910 5300659.230
3460 408.903 4575017.010 5300635.590
3461 408.909 4574996.390 5300609.110
3462 408.903 4574972.070 5300585.590
3463 408.979 4575224.850 5300772.760
3464 408.971 4575374.850 5300922.760
3465 408.987 4575324.850 5300872.760
3466 408.983 4575274.850 5300822.760
3467 408.795 4575424.850 5301022.760
3468 408.834 4575374.850 5300972.760
3469 408.913 4575174.850 5300772.760
3470 408.806 4575174.850 5300822.760
3471 408.842 4575131.160 5300769.280
3472 408.890 4575062.440 5300685.980
3473 408.881 4575082.910 5300712.760
3474 408.861 4575102.400 5300738.590
3475 408.888 4574730.910 5300316.850
3476 408.883 4574704.150 5300286.950
3477 408.899 4574757.670 5300346.760
3478 408.909 4574784.430 5300376.670
3479 408.908 4574837.950 5300436.480
3480 408.900 4574801.580 5300415.090
3481 408.907 4574858.520 5300462.760
3482 408.913 4574909.890 5300507.120
3483 408.902 4574879.090 5300489.040
3484 408.897 4574920.240 5300541.600
3485 408.897 4574940.810 5300567.890
3486 407.304 4575922.490 5301112.240
3487 409.217 4575893.310 5301139.710
3488 402.472 4576122.220 5300971.320
3489 401.910 4576083.360 5300990.610
3490 402.480 4576193.510 5300942.020
3491 402.418 4576158.200 5300956.590
3492 405.293 4576240.460 5300893.540
3493 406.843 4576286.650 5300844.800
3494 407.667 4576313.210 5300815.750
3495 408.645 4576364.620 5300755.620
3496 409.105 4576389.000 5300724.290
3497 410.016 4576417.180 5300696.310
3498 408.910 4576340.250 5300786.950
3499 406.994 4576265.170 5300870.630
3500 404.875 4576218.740 5300919.280
3501 401.773 4576058.220 5301020.900
3502 401.634 4576019.560 5301039.840
3503 401.649 4575980.990 5301058.520
3504 404.991 4575951.400 5301084.610
3505 408.611 4575922.610 5301067.380
3506 408.532 4575905.420 5301099.520
3507 408.340 4575880.460 5301129.860
3508 408.843 4575862.590 5301166.000
3509 409.451 4575874.850 5301072.760
3510 409.613 4575824.850 5301072.760
3511 408.618 4575774.850 5301072.760
3512 408.866 4575724.850 5301072.760
3513 409.057 4575674.850 5301072.760
3514 409.135 4575624.850 5301072.760
3515 409.064 4575574.850 5301072.760
3516 408.908 4575524.850 5301072.760
3517 408.750 4575474.850 5301072.760
3518 408.893 4575037.520 5300662.150
3519 408.895 4575013.010 5300638.410
3520 408.902 4574992.540 5300612.000
3521 408.888 4574961.390 5300594.170
3522 408.900 4575224.850 5300822.760
3523 408.851 4575324.850 5300922.760
3524 408.875 4575274.850 5300872.760
3525 408.723 4575324.850 5300972.760
3526 408.667 4575424.850 5301072.760
3527 408.706 4575374.850 5301022.760
3528 408.815 4575155.150 5300803.440
3529 408.773 4575178.080 5300838.330
3530 408.830 4575125.860 5300772.670
3531 408.880 4575058.010 5300688.720
3532 408.870 4575078.470 5300715.320
3533 408.847 4575098.470 5300741.450
3534 408.904 4574721.760 5300327.400
3535 408.896 4574695.160 5300298.170
3536 408.904 4574748.370 5300356.630
3537 408.899 4574774.970 5300385.860
3538 408.898 4574828.180 5300444.320
3539 408.893 4574796.790 5300419.470
3540 408.893 4574848.600 5300470.720
3541 408.896 4574899.670 5300515.320
3542 408.892 4574869.020 5300497.130
3543 408.887 4574909.860 5300549.930
3544 408.877 4574930.280 5300576.340
3545 403.532 4575927.900 5301116.970
3546 406.666 4575898.520 5301144.120
3547 408.697 4575868.700 5301170.920
3548 408.961 4575838.140 5301197.060
3549 402.421 4576135.920 5300982.310
3550 402.194 4576097.020 5301001.730
3551 406.083 4576197.030 5300945.010
3552 401.995 4576171.570 5300967.660
3553 407.244 4576243.680 5300896.460
3554 408.162 4576289.080 5300847.200
3555 409.516 4576315.880 5300818.280
3556 410.826 4576368.200 5300758.510
3557 410.138 4576392.690 5300727.410
3558 411.040 4576343.710 5300789.600
3559 408.686 4576267.850 5300873.160
3560 407.421 4576222.190 5300922.290
3561 401.917 4576071.820 5301032.130
3562 401.630 4576033.080 5301051.180
3563 401.574 4575994.480 5301070.000
3564 401.764 4575955.970 5301088.560
3565 409.266 4575873.470 5301115.940
3566 408.952 4575855.490 5301160.180
3567 409.077 4575830.730 5301190.690
3568 409.394 4575824.850 5301122.760
3569 409.555 4575774.850 5301122.760
3570 409.098 4575724.850 5301122.760
3571 409.146 4575674.850 5301122.760
3572 409.038 4575624.850 5301122.760
3573 408.866 4575574.850 5301122.760
3574 408.701 4575524.850 5301122.760
3575 408.642 4575474.850 5301122.760
3576 408.885 4575033.490 5300664.820
3577 408.870 4575001.710 5300647.180
3578 408.883 4574981.550 5300620.670
3579 408.872 4574950.700 5300602.740
3580 408.781 4575224.850 5300872.760
3581 408.721 4575199.340 5300874.250
3582 408.745 4575274.850 5300922.760
3583 408.670 4575274.850 5300972.760
3584 408.699 4575224.850 5300922.760
3585 408.657 4575324.850 5301022.760
3586 408.665 4575424.850 5301122.760
3587 408.658 4575374.850 5301072.760
3588 408.798 4575148.860 5300807.090
3589 408.747 4575171.190 5300841.970
3590 408.819 4575120.650 5300776.010
3591 408.870 4575053.960 5300691.230
3592 408.858 4575074.430 5300717.640
3593 408.836 4575094.900 5300744.050
3594 408.901 4574717.120 5300332.730
3595 408.901 4574690.100 5300304.480
3596 408.895 4574743.960 5300361.380
3597 408.895 4574770.500 5300390.320
3598 408.890 4574822.880 5300448.570
3599 408.886 4574791.680 5300424.150
3600 408.890 4574843.690 5300474.670
3601 408.891 4574889.440 5300523.530
3602 408.889 4574864.290 5300500.960
3603 408.879 4574905.400 5300553.590
3604 408.874 4574925.820 5300580.020
3605 408.548 4574424.850 5300422.760
3606 408.555 4574374.850 5300472.760
3607 408.667 4574324.850 5300522.760
3608 408.779 4574274.850 5300522.760
3609 409.190 4574186.720 5300622.790
3610 402.495 4575933.110 5301121.510
3611 403.365 4575904.410 5301149.320
3612 405.851 4575874.540 5301176.000
3613 409.090 4575844.220 5301202.250
3614 409.704 4575813.940 5301228.320
3615 401.577 4576149.630 5300993.290
3616 402.281 4576110.660 5301012.830
3617 407.453 4576200.710 5300948.120
3618 406.200 4576175.330 5300970.750
3619 408.814 4576246.620 5300899.120
3620 410.253 4576291.510 5300849.610
3621 410.833 4576319.220 5300820.700
3622 410.457 4576348.250 5300809.650
3623 410.565 4576324.850 5300822.760
3624 409.909 4576270.410 5300875.600
3625 408.710 4576225.390 5300925.080
3626 402.153 4576085.390 5301043.350
3627 401.626 4576046.620 5301062.530
3628 401.471 4576007.940 5301081.460
3629 401.519 4575969.400 5301100.160
3630 409.175 4575824.850 5301172.760
3631 409.399 4575806.300 5301221.450
3632 409.336 4575774.850 5301172.760
3633 409.112 4575724.850 5301172.760
3634 409.000 4575674.850 5301172.760
3635 408.811 4575624.850 5301172.760
3636 408.660 4575574.850 5301172.760
3637 408.626 4575524.850 5301172.760
3638 408.674 4575474.850 5301172.760
3639 408.863 4575021.870 5300673.680
3640 408.848 4574990.270 5300656.180
3641 408.858 4574970.550 5300629.340
3642 408.862 4574946.030 5300606.480
3643 408.667 4575274.850 5301022.760
3644 408.675 4575251.110 5301030.910
3645 408.708 4575216.190 5300912.290
3646 408.709 4575192.410 5300877.540
3647 408.671 4575241.010 5300990.930
3648 408.660 4575229.640 5300951.280
3649 408.672 4575324.850 5301072.760
3650 408.711 4575424.850 5301172.760
3651 408.682 4575374.850 5301122.760
3652 408.772 4575142.610 5300810.720
3653 408.730 4575164.250 5300845.650
3654 408.801 4575115.910 5300779.030
3655 408.841 4575042.040 5300700.180
3656 408.825 4575062.200 5300726.690
3657 408.797 4575082.360 5300753.190
3658 408.890 4574712.180 5300338.400
3659 408.887 4574684.720 5300311.190
3660 408.890 4574739.260 5300366.440
3661 408.889 4574765.720 5300395.070
3662 408.887 4574817.210 5300453.120
3663 408.884 4574786.570 5300428.850
3664 408.887 4574838.460 5300478.880
3665 408.887 4574884.990 5300527.160
3666 408.886 4574859.240 5300505.050
3667 408.867 4574900.670 5300557.490
3668 408.864 4574921.090 5300583.940
3669 408.826 4574574.850 5300322.760
3670 408.728 4574524.850 5300372.760
3671 408.572 4574474.850 5300422.760
3672 408.536 4574424.850 5300472.760
3673 408.600 4574374.850 5300522.760
3674 408.814 4574324.850 5300572.760
3675 408.888 4574274.850 5300572.760
3676 408.992 4574224.850 5300572.760
3677 409.191 4574221.860 5300647.430
3678 408.854 4575786.760 5301260.450
3679 401.568 4575946.110 5301132.840
3680 402.114 4575910.240 5301154.470
3681 403.454 4575880.910 5301181.670
3682 405.365 4575850.650 5301207.950
3683 408.668 4575819.940 5301233.720
3684 406.428 4576153.620 5300996.490
3685 401.938 4576124.310 5301023.940
3686 408.139 4576204.160 5300951.040
3687 407.357 4576179.230 5300973.960
3688 409.352 4576249.320 5300901.590
3689 410.625 4576294.730 5300851.800
3690 410.345 4576327.050 5300854.030
3691 410.141 4576273.750 5300877.890
3692 408.742 4576228.210 5300927.580
3693 402.294 4576098.990 5301054.580
3694 402.107 4576060.120 5301073.870
3695 401.281 4576021.410 5301092.930
3696 401.314 4575982.800 5301111.740
3697 409.117 4575774.850 5301222.760
3698 409.024 4575779.520 5301254.040
3699 409.279 4575724.850 5301222.760
3700 408.719 4575674.850 5301222.760
3701 408.615 4575624.850 5301222.760
3702 408.612 4575574.850 5301222.760
3703 408.693 4575524.850 5301222.760
3704 408.749 4575474.850 5301222.760
3705 408.830 4575010.360 5300682.690
3706 408.835 4574985.590 5300659.790
3707 408.857 4574966.290 5300632.710
3708 408.850 4574941.090 5300610.440
3709 408.682 4575274.850 5301072.760
3710 408.675 4575260.600 5301071.060
3711 408.679 4575244.340 5301032.710
3712 408.691 4575210.700 5300914.520
3713 408.715 4575185.370 5300880.910
3714 408.664 4575234.150 5300993.020
3715 408.671 4575223.120 5300953.550
3716 408.698 4575324.850 5301122.760
3717 408.736 4575424.850 5301222.760
3718 408.718 4575374.850 5301172.760
3719 408.752 4575136.910 5300814.020
3720 408.714 4575157.920 5300849.000
3721 408.755 4575102.850 5300787.600
3722 408.803 4575030.110 5300709.140
3723 408.781 4575049.970 5300735.740
3724 408.758 4575069.820 5300762.340
3725 408.883 4574707.150 5300344.200
3726 408.882 4574679.210 5300318.070
3727 408.877 4574674.850 5300322.760
3728 408.884 4574734.500 5300371.580
3729 408.882 4574760.920 5300399.870
3730 408.877 4574724.850 5300372.760
3731 408.878 4574760.510 5300405.050
3732 408.884 4574811.570 5300457.640
3733 408.879 4574770.140 5300427.830
3734 408.883 4574794.900 5300441.040
3735 408.885 4574833.200 5300483.110
3736 408.885 4574827.080 5300478.760
3737 408.880 4574880.260 5300531.030
3738 408.879 4574854.130 5300509.190
3739 408.865 4574895.770 5300561.520
3740 408.853 4574916.160 5300588.030
3741 408.866 4574624.850 5300322.760
3742 408.774 4574574.850 5300372.760
3743 408.650 4574524.850 5300422.760
3744 408.537 4574474.850 5300472.760
3745 408.549 4574424.850 5300522.760
3746 408.705 4574374.850 5300572.760
3747 408.923 4574324.850 5300622.760
3748 409.027 4574274.850 5300622.760
3749 409.199 4574231.850 5300683.800
3750 409.397 4575792.650 5301265.670
3751 408.596 4575759.650 5301292.650
3752 401.219 4575959.080 5301144.130
3753 401.446 4575922.820 5301165.510
3754 402.031 4575887.380 5301187.420
3755 402.517 4575857.460 5301214.060
3756 405.166 4575826.890 5301240.010
3757 407.041 4576157.750 5300999.800
3758 406.165 4576128.310 5301027.190
3759 408.390 4576207.120 5300953.560
3760 407.509 4576182.940 5300977.010
3761 409.719 4576252.770 5300903.980
3762 410.323 4576297.880 5300894.650
3763 410.416 4576231.780 5300930.070
3764 409.656 4576428.140 5301184.620
3765 409.651 4576396.950 5301145.610
3766 405.905 4576103.000 5301057.890
3767 402.642 4576073.680 5301085.230
3768 402.051 4576034.860 5301104.380
3769 401.035 4575996.210 5301123.340
3770 408.842 4575752.840 5301286.710
3771 409.059 4575724.850 5301272.760
3772 409.221 4575674.850 5301272.760
3773 408.581 4575624.850 5301272.760
3774 408.730 4575574.850 5301272.760
3775 408.791 4575524.850 5301272.760
3776 408.753 4575474.850 5301272.760
3777 408.812 4575005.930 5300685.970
3778 408.818 4574980.790 5300663.430
3779 408.844 4574961.760 5300636.300
3780 408.847 4574935.870 5300614.630
3781 408.642 4575274.850 5301122.760
3782 408.657 4575270.950 5301110.810
3783 408.666 4575254.140 5301072.500
3784 408.674 4575238.010 5301034.450
3785 408.680 4575205.080 5300916.840
3786 408.706 4575178.920 5300883.990
3787 408.656 4575227.530 5300995.100
3788 408.677 4575216.640 5300955.870
3789 408.637 4575324.850 5301172.760
3790 408.594 4575424.850 5301272.760
3791 408.619 4575374.850 5301222.760
3792 408.722 4575123.340 5300822.010
3793 408.707 4575143.820 5300856.420
3794 408.728 4575089.780 5300796.180
3795 408.789 4575025.850 5300712.340
3796 408.767 4575045.590 5300738.980
3797 408.749 4575065.240 5300765.670
3798 408.859 4574674.850 5300372.760
3799 408.851 4574724.850 5300422.760
3800 408.841 4574774.850 5300472.760
3801 408.831 4574824.850 5300522.760
3802 408.869 4574875.420 5300534.990
3803 408.868 4574856.140 5300519.150
3804 408.828 4574874.850 5300572.760
3805 408.852 4574917.560 5300597.540
3806 408.816 4574624.850 5300372.760
3807 408.682 4574574.850 5300422.760
3808 408.564 4574524.850 5300472.760
3809 408.522 4574474.850 5300522.760
3810 408.622 4574424.850 5300572.760
3811 408.832 4574374.850 5300622.760
3812 409.061 4574324.850 5300672.760
3813 409.126 4574274.850 5300672.760
3814 409.189 4574240.950 5300721.450
3815 408.152 4575732.590 5301324.880
3816 405.758 4575799.180 5301271.440
3817 409.678 4575765.440 5301297.670
3818 409.656 4576424.850 5301222.760
3819 409.737 4576455.390 5301221.860
3820 401.648 4575972.060 5301155.440
3821 401.278 4575935.360 5301176.520
3822 401.327 4575899.520 5301198.180
3823 402.130 4575864.510 5301220.380
3824 402.202 4575834.080 5301246.500
3825 406.928 4576161.730 5301002.980
3826 406.777 4576132.440 5301030.550
3827 410.580 4576210.790 5300956.150
3828 408.362 4576186.030 5300979.560
3829 409.580 4576359.810 5301113.660
3830 410.219 4576244.300 5300978.930
3831 409.582 4576374.850 5301172.760
3832 406.505 4576107.140 5301061.310
3833 405.656 4576077.690 5301088.600
3834 402.939 4576048.360 5301115.870
3835 401.994 4576009.590 5301134.900
3836 408.358 4575726.210 5301319.420
3837 408.595 4575700.790 5301353.090
3838 409.002 4575674.850 5301322.760
3839 409.163 4575624.850 5301322.760
3840 408.803 4575574.850 5301322.760
3841 408.756 4575524.850 5301322.760
3842 408.598 4575474.850 5301322.760
3843 408.800 4575001.750 5300689.030
3844 408.806 4574976.350 5300666.880
3845 408.828 4574956.970 5300640.090
3846 408.815 4574924.850 5300622.760
3847 408.828 4574950.280 5300634.760
3848 408.571 4575276.600 5301151.470
3849 408.644 4575264.520 5301112.040
3850 408.659 4575248.280 5301073.850
3851 408.671 4575231.490 5301036.190
3852 408.669 4575199.930 5300918.970
3853 408.667 4575164.310 5300890.830
3854 408.661 4575220.970 5300997.110
3855 408.678 4575210.450 5300958.040
3856 408.451 4575283.440 5301192.770
3857 408.477 4575324.850 5301222.760
3858 408.387 4575424.850 5301322.760
3859 408.425 4575374.850 5301272.760
3860 408.707 4575109.750 5300830.020
3861 408.667 4575129.710 5300863.850
3862 408.724 4575086.010 5300798.590
3863 408.778 4575021.290 5300715.770
3864 408.758 4575040.900 5300742.460
3865 408.738 4575060.340 5300769.260
3866 408.815 4574674.850 5300422.760
3867 408.808 4574724.850 5300472.760
3868 408.790 4574774.850 5300522.760
3869 408.772 4574824.850 5300572.760
3870 408.751 4574874.850 5300622.760
3871 408.744 4574624.850 5300422.760
3872 408.638 4574574.850 5300472.760
3873 408.528 4574524.850 5300522.760
3874 408.575 4574474.850 5300572.760
3875 408.712 4574424.850 5300622.760
3876 408.971 4574374.850 5300672.760
3877 409.163 4574324.850 5300722.760
3878 409.197 4574274.850 5300722.760
3879 409.150 4574255.170 5300755.460
3880 408.370 4575673.930 5301386.520
3881 408.973 4575676.400 5301387.500
3882 409.635 4575738.280 5301329.710
3883 408.482 4575706.470 5301357.850
3884 402.028 4575806.010 5301277.440
3885 406.621 4575771.530 5301302.910
3886 409.659 4576374.850 5301222.760
3887 409.732 4576434.280 5301261.610
3888 402.335 4575985.020 5301166.730
3889 401.420 4575947.900 5301187.540
3890 401.243 4575911.640 5301208.920
3891 401.471 4575876.230 5301230.850
3892 401.369 4575841.650 5301253.330
3893 408.975 4576164.960 5301005.570
3894 406.784 4576136.420 5301033.780
3895 410.556 4576189.820 5300982.260
3896 409.511 4576314.180 5301094.160
3897 409.457 4576324.850 5301122.760
3898 410.096 4576224.850 5301022.760
3899 409.943 4576274.640 5301067.220
3900 410.149 4576248.570 5301025.030
3901 409.486 4576324.850 5301172.760
3902 406.596 4576111.130 5301064.600
3903 406.200 4576081.850 5301092.080
3904 405.441 4576052.330 5301119.260
3905 403.043 4576023.040 5301146.520
3906 408.760 4575674.850 5301372.760
3907 408.944 4575624.850 5301372.760
3908 408.732 4575574.850 5301372.760
3909 408.579 4575524.850 5301372.760
3910 408.365 4575474.850 5301372.760
3911 408.322 4575424.850 5301372.760
3912 408.781 4574997.070 5300692.600
3913 408.775 4574969.500 5300675.400
3914 408.732 4574924.850 5300672.760
3915 408.379 4575285.670 5301234.440
3916 408.549 4575269.940 5301152.680
3917 408.451 4575276.130 5301193.730
3918 408.631 4575258.830 5301113.120
3919 408.657 4575242.010 5301075.260
3920 408.660 4575218.900 5301039.940
3921 408.669 4575184.800 5300925.240
3922 408.665 4575149.680 5300897.690
3923 408.671 4575207.540 5301001.710
3924 408.660 4575196.170 5300963.480
3925 408.404 4575324.850 5301272.760
3926 408.329 4575374.850 5301322.760
3927 408.582 4575374.850 5301372.760
3928 408.695 4575106.340 5300831.950
3929 408.667 4575126.330 5300865.530
3930 408.720 4575081.960 5300801.180
3931 408.766 4575016.430 5300719.430
3932 408.747 4575035.880 5300746.180
3933 408.731 4575055.060 5300773.100
3934 408.740 4574674.850 5300472.760
3935 408.726 4574724.850 5300522.760
3936 408.710 4574774.850 5300572.760
3937 408.700 4574824.850 5300622.760
3938 408.687 4574874.850 5300672.760
3939 408.668 4574624.850 5300472.760
3940 408.569 4574574.850 5300522.760
3941 408.522 4574524.850 5300572.760
3942 408.614 4574474.850 5300622.760
3943 408.853 4574424.850 5300672.760
3944 409.093 4574374.850 5300722.760
3945 409.215 4574324.850 5300772.760
3946 409.152 4574287.720 5300779.270
3947 408.608 4575651.010 5301417.600
3948 409.084 4575681.150 5301391.400
3949 407.362 4575743.910 5301334.410
3950 409.587 4575711.810 5301362.300
3951 401.857 4575812.910 5301283.540
3952 402.364 4575777.970 5301308.410
3953 409.500 4576324.850 5301222.760
3954 409.625 4576374.850 5301272.760
3955 409.632 4576405.940 5301302.750
3956 403.462 4575997.910 5301177.960
3957 402.334 4575960.440 5301198.560
3958 401.431 4575923.750 5301219.650
3959 401.109 4575887.920 5301241.310
3960 401.427 4575852.930 5301263.530
3961 410.532 4576168.870 5301008.370
3962 409.048 4576139.670 5301036.430
3963 410.516 4576174.850 5301022.760
3964 410.097 4576274.850 5301122.760
3965 410.159 4576224.850 5301072.760
3966 409.461 4576274.850 5301172.760
3967 409.203 4576114.400 5301067.320
3968 406.410 4576085.850 5301095.430
3969 405.848 4576056.450 5301122.760
3970 405.185 4576026.940 5301149.890
3971 409.418 4576274.850 5301222.760
3972 408.725 4575624.850 5301422.760
3973 408.887 4575574.850 5301422.760
3974 408.281 4575524.850 5301422.760
3975 408.332 4575474.850 5301422.760
3976 408.715 4575424.850 5301422.760
3977 408.710 4574974.850 5300722.760
3978 408.684 4574924.850 5300722.760
3979 408.487 4575296.750 5301293.100
3980 408.443 4575291.810 5301274.840
3981 408.385 4575279.340 5301235.020
3982 408.536 4575264.020 5301153.740
3983 408.429 4575269.610 5301194.580
3984 408.615 4575252.530 5301114.330
3985 408.647 4575230.270 5301078.170
3986 408.647 4575206.310 5301043.700
3987 408.671 4575169.640 5300931.530
3988 408.670 4575145.790 5300899.420
3989 408.666 4575194.080 5301006.310
3990 408.661 4575181.860 5300968.920
3991 408.544 4575324.850 5301322.760
3992 409.128 4575374.850 5301422.760
3993 408.960 4575324.850 5301372.760
3994 408.684 4575102.680 5300834.040
3995 408.668 4575122.700 5300867.340
3996 408.708 4575077.710 5300803.930
3997 408.687 4575024.850 5300772.760
3998 409.294 4575374.850 5301472.760
3999 408.659 4574674.850 5300522.760
4000 408.656 4574724.850 5300572.760
4001 408.643 4574774.850 5300622.760
4002 408.635 4574824.850 5300672.760
4003 408.628 4574874.850 5300722.760
4004 408.626 4574624.850 5300522.760
4005 408.525 4574574.850 5300572.760
4006 408.570 4574524.850 5300622.760
4007 408.749 4574474.850 5300672.760
4008 408.999 4574424.850 5300722.760
4009 409.207 4574374.850 5300772.760
4010 409.143 4574316.320 5300813.930
4011 409.515 4575685.900 5301395.290
4012 408.393 4575626.640 5301448.540
4013 408.513 4575656.130 5301421.810
4014 403.443 4575749.960 5301339.400
4015 407.813 4575716.770 5301366.280
4016 401.314 4575824.770 5301293.830
4017 401.973 4575784.160 5301313.750
4018 409.498 4576324.850 5301272.760
4019 409.651 4576374.850 5301322.760
4020 409.613 4576377.710 5301344.010
4021 405.165 4576001.530 5301181.220
4022 404.127 4575972.780 5301209.390
4023 402.449 4575935.860 5301230.390
4024 401.588 4575899.590 5301251.750
4025 401.097 4575864.200 5301273.700
4026 410.499 4576143.520 5301039.380
4027 410.184 4576174.850 5301072.760
4028 410.153 4576224.850 5301122.760
4029 409.541 4576224.850 5301172.760
4030 410.440 4576118.200 5301070.430
4031 409.341 4576089.150 5301098.210
4032 406.222 4576060.410 5301126.130
4033 405.506 4576030.980 5301153.380
4034 409.388 4576274.850 5301272.760
4035 409.357 4576224.850 5301222.760
4036 407.142 4575603.130 5301480.130
4037 408.668 4575574.850 5301472.760
4038 408.829 4575524.850 5301472.760
4039 408.874 4575474.850 5301472.760
4040 409.205 4575424.850 5301472.760
4041 408.667 4574974.850 5300772.760
4042 408.622 4574924.850 5300772.760
4043 408.641 4575294.460 5301316.610
4044 408.438 4575285.070 5301275.490
4045 408.420 4575273.660 5301235.540
4046 408.516 4575257.580 5301154.920
4047 408.423 4575262.630 5301195.520
4048 408.580 4575241.640 5301116.400
4049 408.620 4575218.530 5301081.090
4050 408.646 4575201.920 5301044.990
4051 408.663 4575164.180 5300933.790
4052 408.676 4575141.610 5300901.280
4053 408.662 4575190.130 5301007.540
4054 408.655 4575177.580 5300970.350
4055 409.017 4575295.430 5301357.960
4056 409.286 4575324.850 5301422.760
4057 409.277 4575295.210 5301399.320
4058 408.672 4575098.920 5300836.220
4059 408.668 4575119.050 5300869.190
4060 408.671 4575090.870 5300835.420
4061 408.672 4575074.850 5300822.760
4062 408.665 4575024.850 5300822.760
4063 409.261 4575324.850 5301472.760
4064 409.208 4575374.850 5301522.760
4065 408.617 4574674.850 5300572.760
4066 408.610 4574724.850 5300622.760
4067 408.587 4574774.850 5300672.760
4068 408.578 4574824.850 5300722.760
4069 408.577 4574874.850 5300772.760
4070 408.558 4574624.850 5300572.760
4071 408.529 4574574.850 5300622.760
4072 408.627 4574524.850 5300672.760
4073 408.890 4574474.850 5300722.760
4074 409.137 4574424.850 5300772.760
4075 409.196 4574374.850 5300822.760
4076 409.111 4574336.150 5300854.130
4077 408.178 4575689.980 5301398.410
4078 409.462 4575661.260 5301426.010
4079 409.624 4575631.910 5301452.860
4080 401.763 4575755.420 5301343.970
4081 404.153 4575722.170 5301370.560
4082 400.843 4575836.620 5301304.100
4083 401.251 4575796.610 5301324.130
4084 409.599 4576324.850 5301322.760
4085 409.632 4576374.850 5301372.760
4086 409.610 4576397.260 5301398.250
4087 409.686 4576402.960 5301428.940
4088 405.088 4576005.160 5301184.480
4089 404.818 4575977.100 5301213.270
4090 404.245 4575947.650 5301240.830
4091 402.367 4575911.290 5301262.220
4092 401.842 4575875.440 5301283.860
4093 410.617 4576124.850 5301072.760
4094 409.862 4576174.850 5301122.760
4095 410.197 4576174.850 5301172.760
4096 410.402 4576092.890 5301101.480
4097 409.278 4576063.710 5301128.940
4098 406.034 4576034.860 5301156.730
4099 409.477 4576274.850 5301322.760
4100 409.351 4576224.850 5301272.760
4101 409.822 4576174.850 5301222.760
4102 407.335 4575580.170 5301512.130
4103 409.522 4575608.350 5301484.420
4104 408.610 4575524.850 5301522.760
4105 408.772 4575474.850 5301522.760
4106 409.229 4575424.850 5301522.760
4107 408.625 4574974.850 5300822.760
4108 408.572 4574924.850 5300822.760
4109 408.698 4575288.550 5301316.850
4110 408.492 4575279.000 5301276.080
4111 408.431 4575267.680 5301236.110
4112 408.486 4575246.540 5301156.680
4113 408.377 4575251.450 5301196.960
4114 408.538 4575230.750 5301118.480
4115 408.607 4575213.060 5301082.610
4116 408.634 4575197.370 5301046.360
4117 408.656 4575158.290 5300936.240
4118 408.673 4575137.490 5300903.140
4119 408.671 4575113.600 5300878.230
4120 408.657 4575138.110 5300919.420
4121 408.657 4575185.970 5301008.860
4122 408.658 4575173.020 5300971.890
4123 409.058 4575288.830 5301357.960
4124 409.288 4575293.340 5301440.630
4125 409.295 4575288.360 5301399.070
4126 408.645 4575074.850 5300872.760
4127 408.634 4575024.850 5300872.760
4128 409.199 4575291.500 5301499.570
4129 409.227 4575289.490 5301481.810
4130 409.178 4575324.850 5301522.760
4131 409.125 4575374.850 5301572.760
4132 408.548 4574674.850 5300622.760
4133 408.547 4574724.850 5300672.760
4134 408.538 4574774.850 5300722.760
4135 408.526 4574824.850 5300772.760
4136 408.533 4574874.850 5300822.760
4137 408.512 4574624.850 5300622.760
4138 408.571 4574574.850 5300672.760
4139 408.791 4574524.850 5300722.760
4140 409.049 4574474.850 5300772.760
4141 409.223 4574424.850 5300822.760
4142 409.126 4574374.850 5300872.760
4143 409.061 4574357.580 5300894.260
4144 408.974 4574311.150 5300903.150
4145 409.489 4575557.600 5301544.400
4146 405.704 4575694.530 5301401.830
4147 408.288 4575665.690 5301429.440
4148 409.351 4575637.180 5301457.170
4149 401.148 4575768.440 5301354.430
4150 401.531 4575725.990 5301373.580
4151 401.420 4575848.450 5301314.360
4152 400.536 4575809.040 5301334.500
4153 409.636 4576324.850 5301372.760
4154 409.584 4576352.540 5301386.390
4155 409.806 4576363.640 5301433.290
4156 410.022 4576392.730 5301472.600
4157 405.959 4576008.440 5301187.430
4158 405.408 4575981.320 5301217.040
4159 404.844 4575953.340 5301245.720
4160 404.005 4575922.520 5301272.260
4161 402.375 4575886.710 5301294.050
4162 409.761 4576274.850 5301372.760
4163 410.271 4576124.850 5301122.760
4164 409.950 4576124.850 5301172.760
4165 410.362 4576067.340 5301132.340
4166 409.098 4576038.110 5301159.550
4167 409.438 4576224.850 5301322.760
4168 409.715 4576174.850 5301272.760
4169 409.791 4576124.850 5301222.760
4170 409.202 4575613.570 5301488.700
4171 409.402 4575585.230 5301516.300
4172 410.387 4576371.120 5301517.550
4173 408.877 4575524.850 5301572.760
4174 408.553 4575474.850 5301572.760
4175 409.120 4575424.850 5301572.760
4176 409.005 4575374.850 5301622.760
4177 408.565 4574974.850 5300872.760
4178 408.519 4574924.850 5300872.760
4179 409.099 4575289.700 5301551.120
4180 408.741 4575283.210 5301317.070
4181 408.526 4575272.730 5301276.710
4182 408.444 4575256.350 5301237.240
4183 408.465 4575235.510 5301158.440
4184 408.421 4575240.270 5301198.400
4185 408.528 4575224.120 5301119.740
4186 408.591 4575207.450 5301084.200
4187 408.630 4575192.680 5301047.730
4188 408.662 4575152.590 5300938.600
4189 408.642 4575124.850 5300922.760
4190 408.650 4575181.770 5301010.160
4191 408.660 4575168.510 5300973.380
4192 408.658 4575152.710 5300964.560
4193 409.094 4575282.670 5301357.930
4194 409.292 4575286.810 5301440.160
4195 409.309 4575281.700 5301398.790
4196 408.630 4575074.850 5300922.760
4197 408.575 4575024.850 5300922.760
4198 409.133 4575284.050 5301522.800
4199 409.226 4575283.970 5301481.170
4200 409.068 4575324.850 5301572.760
4201 408.981 4575324.850 5301622.760
4202 408.513 4574674.850 5300672.760
4203 408.509 4574724.850 5300722.760
4204 408.495 4574774.850 5300772.760
4205 408.495 4574824.850 5300822.760
4206 408.484 4574874.850 5300872.760
4207 408.520 4574624.850 5300672.760
4208 408.667 4574574.850 5300722.760
4209 408.921 4574524.850 5300772.760
4210 409.165 4574474.850 5300822.760
4211 409.176 4574424.850 5300872.760
4212 409.037 4574374.850 5300922.760
4213 409.003 4574346.690 5300924.790
4214 409.204 4575562.420 5301548.410
4215 409.521 4575531.370 5301573.280
4216 402.267 4575697.930 5301404.390
4217 405.553 4575670.510 5301433.100
4218 408.306 4575641.770 5301460.760
4219 400.310 4575781.460 5301364.890
4220 401.267 4575740.280 5301384.730
4221 401.913 4575860.320 5301324.640
4222 400.747 4575821.470 5301344.860
4223 409.937 4576323.800 5301427.030
4224 410.240 4576330.140 5301470.420
4225 408.789 4576011.590 5301190.360
4226 408.012 4575984.910 5301220.270
4227 407.406 4575958.760 5301250.380
4228 404.992 4575928.450 5301277.470
4229 403.800 4575898.160 5301304.060
4230 410.206 4576274.850 5301422.760
4231 410.037 4576224.850 5301372.760
4232 410.373 4576074.850 5301172.760
4233 410.315 4576041.610 5301163.040
4234 409.658 4576174.850 5301322.760
4235 410.103 4576124.850 5301272.760
4236 410.038 4576074.850 5301222.760
4237 410.488 4576324.850 5301522.760
4238 410.501 4576294.880 5301505.810
4239 408.181 4575618.170 5301492.330
4240 409.003 4575590.290 5301520.470
4241 410.503 4576354.430 5301563.680
4242 409.473 4575506.840 5301603.630
4243 409.394 4575483.010 5301634.530
4244 408.484 4575474.850 5301622.760
4245 408.495 4575424.850 5301622.760
4246 408.438 4575374.850 5301672.760
4247 408.849 4575324.850 5301672.760
4248 408.490 4574974.850 5300922.760
4249 408.480 4574924.850 5300922.760
4250 409.055 4575279.300 5301562.580
4251 408.775 4575277.780 5301317.300
4252 408.579 4575261.250 5301277.520
4253 408.444 4575245.020 5301238.370
4254 408.454 4575230.180 5301159.320
4255 408.428 4575235.660 5301199.030
4256 408.523 4575217.380 5301121.030
4257 408.567 4575201.580 5301085.830
4258 408.610 4575186.150 5301056.760
4259 408.620 4575167.900 5301027.400
4260 408.629 4575124.850 5300972.760
4261 408.638 4575171.950 5301009.560
4262 409.127 4575276.720 5301357.960
4263 409.284 4575280.220 5301439.640
4264 409.310 4575275.660 5301398.620
4265 408.581 4575074.850 5300972.760
4266 408.486 4575024.850 5300972.760
4267 409.134 4575280.080 5301522.040
4268 409.219 4575278.160 5301480.450
4269 408.990 4575278.910 5301601.220
4270 408.958 4575282.600 5301629.200
4271 408.960 4575273.320 5301602.220
4272 408.538 4574674.850 5300722.760
4273 408.520 4574724.850 5300772.760
4274 408.516 4574774.850 5300822.760
4275 408.501 4574824.850 5300872.760
4276 408.512 4574874.850 5300922.760
4277 408.573 4574624.850 5300722.760
4278 408.810 4574574.850 5300772.760
4279 409.091 4574524.850 5300822.760
4280 409.214 4574474.850 5300872.760
4281 409.109 4574424.850 5300922.760
4282 408.995 4574371.710 5300948.290
4283 408.753 4575567.240 5301552.400
4284 409.230 4575536.750 5301577.710
4285 401.516 4575712.120 5301415.030
4286 401.917 4575674.470 5301436.120
4287 405.308 4575646.640 5301464.490
4288 400.341 4575794.490 5301375.360
4289 400.029 4575753.880 5301395.290
4290 403.143 4575871.630 5301334.440
4291 401.635 4575833.920 5301355.240
4292 410.401 4576293.080 5301466.450
4293 409.830 4576014.880 5301193.790
4294 409.789 4575988.820 5301223.950
4295 409.846 4575963.150 5301254.160
4296 407.745 4575933.990 5301282.320
4297 405.113 4575902.990 5301308.760
4298 410.400 4576224.850 5301422.760
4299 410.185 4576174.850 5301372.760
4300 410.475 4576024.850 5301222.760
4301 409.491 4576124.850 5301322.760
4302 409.715 4576074.850 5301272.760
4303 410.537 4576324.850 5301572.760
4304 410.549 4576260.360 5301541.700
4305 410.554 4576266.940 5301508.980
4306 404.667 4575622.920 5301496.000
4307 408.012 4575594.780 5301524.060
4308 410.538 4576335.100 5301609.670
4309 409.154 4575512.410 5301608.160
4310 409.037 4575488.630 5301639.060
4311 409.306 4575459.380 5301665.580
4312 408.128 4575424.850 5301672.760
4313 408.013 4575374.850 5301722.760
4314 408.754 4575324.850 5301722.760
4315 408.848 4575274.850 5301672.760
4316 408.473 4574974.850 5300972.760
4317 408.514 4574924.850 5300972.760
4318 409.045 4575274.540 5301561.610
4319 408.856 4575266.160 5301317.800
4320 408.615 4575249.780 5301278.330
4321 408.447 4575240.580 5301238.820
4322 408.442 4575224.640 5301160.230
4323 408.435 4575230.780 5301199.660
4324 408.438 4575212.350 5301152.110
4325 408.512 4575210.210 5301122.400
4326 408.517 4575196.490 5301105.390
4327 408.530 4575174.850 5301072.760
4328 408.560 4575124.850 5301022.760
4329 409.160 4575264.310 5301357.760
4330 409.290 4575274.590 5301439.270
4331 409.310 4575262.460 5301397.730
4332 408.508 4575074.850 5301022.760
4333 408.451 4575024.850 5301022.760
4334 409.135 4575275.690 5301521.200
4335 409.225 4575273.530 5301479.930
4336 408.884 4575267.010 5301641.810
4337 408.973 4575268.200 5301601.090
4338 408.791 4575260.380 5301681.350
4339 408.586 4574674.850 5300772.760
4340 408.592 4574724.850 5300822.760
4341 408.605 4574774.850 5300872.760
4342 408.619 4574824.850 5300922.760
4343 408.650 4574874.850 5300972.760
4344 408.666 4574624.850 5300772.760
4345 408.968 4574574.850 5300822.760
4346 409.191 4574524.850 5300872.760
4347 409.159 4574474.850 5300922.760
4348 409.026 4574424.850 5300972.760
4349 408.956 4574398.500 5300984.430
4350 409.001 4575361.770 5301788.210
4351 407.365 4575571.550 5301555.900
4352 408.800 4575542.120 5301582.130
4353 399.636 4575726.310 5301425.690
4354 401.431 4575688.110 5301446.430
4355 402.070 4575651.010 5301467.850
4356 401.297 4575807.530 5301385.830
4357 399.892 4575767.510 5301405.860
4358 404.787 4575877.090 5301339.220
4359 402.497 4575845.870 5301365.180
4360 410.531 4576224.850 5301472.760
4361 410.667 4575992.850 5301228.020
4362 410.692 4575968.450 5301258.980
4363 410.044 4575938.230 5301286.070
4364 407.970 4575908.110 5301313.380
4365 410.425 4576174.850 5301422.760
4366 409.746 4576124.850 5301372.760
4367 410.129 4576024.850 5301272.760
4368 409.807 4576074.850 5301322.760
4369 410.544 4576274.850 5301572.760
4370 410.549 4576238.230 5301549.740
4371 410.532 4576224.850 5301522.760
4372 402.364 4575627.540 5301499.570
4373 404.370 4575599.310 5301527.590
4374 410.497 4576315.320 5301655.600
4375 410.490 4576274.850 5301622.760
4376 408.720 4575517.970 5301612.690
4377 408.588 4575494.240 5301643.580
4378 408.909 4575464.990 5301670.070
4379 409.181 4575435.930 5301696.780
4380 409.193 4575410.260 5301726.460
4381 409.096 4575386.020 5301757.340
4382 410.416 4576295.640 5301701.540
4383 408.161 4575324.850 5301772.760
4384 408.736 4575274.850 5301722.760
4385 408.622 4575249.060 5301751.370
4386 408.694 4575252.130 5301720.580
4387 408.511 4574974.850 5301022.760
4388 408.686 4574924.850 5301022.760
4389 409.047 4575269.530 5301560.650
4390 408.929 4575254.540 5301318.290
4391 408.637 4575244.630 5301278.680
4392 408.483 4575235.760 5301239.280
4393 408.420 4575218.830 5301161.180
4394 408.442 4575225.710 5301200.340
4395 408.412 4575193.610 5301155.460
4396 408.424 4575174.850 5301122.760
4397 408.475 4575124.850 5301072.760
4398 409.229 4575251.860 5301357.560
4399 409.293 4575260.600 5301437.700
4400 409.299 4575249.190 5301396.830
4401 408.482 4575074.850 5301072.760
4402 408.564 4575024.850 5301072.760
4403 409.135 4575272.470 5301520.590
4404 409.211 4575259.100 5301477.200
4405 408.871 4575261.630 5301640.540
4406 408.967 4575263.030 5301600.060
4407 408.782 4575254.860 5301679.950
4408 408.703 4574674.850 5300822.760
4409 408.754 4574724.850 5300872.760
4410 408.782 4574774.850 5300922.760
4411 408.811 4574824.850 5300972.760
4412 408.862 4574874.850 5301022.760
4413 408.832 4574624.850 5300822.760
4414 409.123 4574574.850 5300872.760
4415 409.224 4574524.850 5300922.760
4416 409.089 4574474.850 5300972.760
4417 408.936 4574423.830 5301020.070
4418 408.905 4575337.520 5301819.070
4419 408.581 4575367.650 5301792.510
4420 404.048 4575575.800 5301559.240
4421 407.620 4575546.700 5301585.880
4422 399.652 4575740.520 5301436.360
4423 399.605 4575701.750 5301456.760
4424 401.346 4575664.100 5301477.830
4425 401.908 4575820.100 5301395.930
4426 401.000 4575781.130 5301416.430
4427 407.495 4575882.290 5301343.740
4428 404.498 4575851.240 5301369.720
4429 410.546 4576174.850 5301472.760
4430 410.701 4575973.890 5301264.090
4431 410.626 4575943.910 5301291.390
4432 409.859 4575911.820 5301316.780
4433 410.504 4576124.850 5301422.760
4434 410.470 4575976.630 5301285.980
4435 409.771 4576074.850 5301372.760
4436 409.803 4576024.850 5301322.760
4437 410.504 4576224.850 5301572.760
4438 410.502 4576174.850 5301522.760
4439 401.125 4575640.090 5301509.240
4440 402.530 4575604.080 5301531.300
4441 410.417 4576274.850 5301672.760
4442 410.437 4576224.850 5301622.760
4443 410.319 4576274.850 5301722.760
4444 407.359 4575522.500 5301616.440
4445 407.517 4575498.590 5301647.220
4446 408.470 4575470.600 5301674.550
4447 408.771 4575441.500 5301701.190
4448 408.764 4575416.140 5301731.000
4449 408.672 4575391.900 5301761.750
4450 410.298 4576275.930 5301747.500
4451 410.194 4576274.850 5301772.760
4452 410.114 4576256.260 5301793.480
4453 408.810 4575313.270 5301849.940
4454 408.812 4575324.850 5301822.760
4455 408.594 4575274.850 5301772.760
4456 408.593 4575245.470 5301759.930
4457 408.697 4575247.050 5301719.160
4458 408.732 4574974.850 5301072.760
4459 408.918 4574924.850 5301072.760
4460 409.049 4575265.530 5301559.880
4461 408.968 4575248.190 5301318.560
4462 408.687 4575238.910 5301279.050
4463 408.523 4575230.820 5301239.770
4464 408.427 4575207.700 5301202.730
4465 408.427 4575174.850 5301172.760
4466 408.439 4575124.850 5301122.760
4467 409.244 4575246.090 5301357.690
4468 409.270 4575246.510 5301436.090
4469 409.310 4575243.040 5301396.780
4470 408.589 4575074.850 5301122.760
4471 408.770 4575024.850 5301122.760
4472 409.133 4575256.900 5301517.630
4473 409.208 4575243.840 5301475.360
4474 408.878 4575256.440 5301639.460
4475 408.959 4575258.600 5301599.170
4476 408.769 4575249.760 5301678.850
4477 408.690 4575242.530 5301718.130
4478 408.876 4574674.850 5300872.760
4479 408.917 4574724.850 5300922.760
4480 408.973 4574774.850 5300972.760
4481 409.035 4574824.850 5301022.760
4482 409.104 4574874.850 5301072.760
4483 409.016 4574624.850 5300872.760
4484 409.216 4574574.850 5300922.760
4485 409.150 4574524.850 5300972.760
4486 409.003 4574474.850 5301022.760
4487 408.849 4574431.300 5301059.210
4488 408.434 4575343.420 5301823.260
4489 408.068 4575374.660 5301798.280
4490 402.919 4575580.620 5301563.030
4491 404.482 4575551.440 5301589.710
4492 400.612 4575754.740 5301447.020
4493 399.579 4575715.420 5301467.100
4494 399.583 4575677.200 5301487.840
4495 404.184 4575825.410 5301400.240
4496 401.314 4575794.340 5301426.670
4497 409.584 4575886.170 5301347.170
4498 407.447 4575856.560 5301374.180
4499 410.488 4576124.850 5301472.760
4500 410.636 4575949.650 5301296.850
4501 410.557 4575917.290 5301322.130
4502 409.179 4576074.850 5301422.760
4503 410.231 4575974.850 5301322.760
4504 409.481 4576024.850 5301372.760
4505 410.456 4576174.850 5301572.760
4506 410.474 4576124.850 5301522.760
4507 399.567 4575652.640 5301518.910
4508 400.893 4575616.080 5301540.640
4509 410.337 4576224.850 5301672.760
4510 410.351 4576174.850 5301622.760
4511 410.218 4576224.850 5301722.760
4512 404.797 4575527.430 5301620.480
4513 405.119 4575503.560 5301651.370
4514 407.725 4575474.750 5301678.050
4515 408.445 4575447.080 5301705.600
4516 408.329 4575422.400 5301736.040
4517 408.196 4575398.530 5301767.160
4518 410.088 4576224.850 5301772.760
4519 409.925 4576236.640 5301839.470
4520 409.637 4576200.850 5301924.180
4521 409.499 4576169.730 5301963.260
4522 409.457 4576175.310 5301986.550
4523 409.326 4576139.940 5302021.910
4524 409.229 4576100.340 5302052.220
4525 409.147 4576074.850 5302072.760
4526 408.237 4575319.180 5301854.020
4527 408.728 4575292.440 5301876.460
4528 408.568 4575274.850 5301872.760
4529 408.103 4575274.850 5301822.760
4530 408.454 4575239.130 5301801.050
4531 408.436 4575230.710 5301798.280
4532 408.571 4575238.790 5301758.440
4533 408.988 4574974.850 5301122.760
4534 409.181 4574924.850 5301122.760
4535 409.041 4575250.120 5301556.840
4536 409.015 4575241.010 5301318.860
4537 408.729 4575233.120 5301279.430
4538 408.626 4575215.820 5301251.650
4539 408.651 4575174.850 5301222.760
4540 408.592 4575124.850 5301172.760
4541 409.256 4575239.640 5301357.860
4542 409.296 4575236.270 5301396.750
4543 409.253 4575240.460 5301435.900
4544 408.843 4575074.850 5301172.760
4545 409.066 4575024.850 5301172.760
4546 409.125 4575241.160 5301514.630
4547 409.201 4575237.440 5301474.990
4548 408.891 4575251.660 5301638.470
4549 408.967 4575243.340 5301596.050
4550 408.768 4575244.730 5301677.760
4551 408.560 4575232.730 5301757.270
4552 408.677 4575237.790 5301717.050
4553 409.056 4574674.850 5300922.760
4554 409.119 4574724.850 5300972.760
4555 409.176 4574774.850 5301022.760
4556 409.210 4574824.850 5301072.760
4557 409.261 4574874.850 5301122.760
4558 409.160 4574624.850 5300922.760
4559 409.210 4574574.850 5300972.760
4560 409.065 4574524.850 5301022.760
4561 408.896 4574474.850 5301072.760
4562 408.707 4574439.250 5301099.530
4563 407.678 4575350.800 5301829.400
4564 406.483 4575379.830 5301802.660
4565 407.834 4575326.940 5301860.530
4566 400.737 4575592.060 5301572.040
4567 403.151 4575556.710 5301593.960
4568 400.733 4575768.580 5301457.410
4569 400.084 4575729.070 5301477.430
4570 399.532 4575690.310 5301497.840
4571 407.376 4575830.890 5301404.670
4572 403.815 4575799.580 5301430.760
4573 410.368 4575891.690 5301352.470
4574 409.320 4575860.650 5301377.680
4575 410.444 4576074.850 5301472.760
4576 410.566 4575922.750 5301327.480
4577 409.842 4576024.850 5301422.760
4578 409.885 4575974.850 5301372.760
4579 410.369 4576124.850 5301572.760
4580 410.355 4576074.850 5301522.760
4581 399.492 4575665.200 5301528.580
4582 399.550 4575628.090 5301549.990
4583 410.244 4576174.850 5301672.760
4584 410.256 4576124.850 5301622.760
4585 410.119 4576174.850 5301722.760
4586 403.310 4575532.810 5301624.890
4587 409.982 4576174.850 5301772.760
4588 403.504 4575508.900 5301655.810
4589 404.942 4575479.740 5301682.290
4590 407.643 4575451.000 5301708.960
4591 407.184 4575426.890 5301739.860
4592 406.522 4575403.360 5301771.260
4593 409.778 4576221.220 5301879.900
4594 409.838 4576174.850 5301822.760
4595 409.598 4576174.850 5301922.760
4596 409.399 4576124.850 5301972.760
4597 409.218 4576074.850 5302022.760
4598 409.124 4576053.500 5302068.790
4599 408.048 4575298.480 5301880.590
4600 408.598 4575272.220 5301903.430
4601 408.046 4575224.850 5301872.760
4602 408.310 4575223.040 5301849.060
4603 408.315 4575219.910 5301838.160
4604 408.428 4575225.330 5301797.090
4605 409.233 4574974.850 5301172.760
4606 409.280 4574924.850 5301172.760
4607 409.045 4575234.570 5301553.760
4608 409.065 4575233.800 5301319.160
4609 408.983 4575221.270 5301300.620
4610 409.026 4575174.850 5301272.760
4611 408.925 4575124.850 5301222.760
4612 409.270 4575233.100 5301358.020
4613 409.295 4575229.340 5301396.700
4614 409.244 4575233.880 5301435.720
4615 409.129 4575074.850 5301222.760
4616 409.254 4575024.850 5301222.760
4617 409.123 4575234.210 5301513.310
4618 409.182 4575230.580 5301474.600
4619 408.878 4575236.560 5301635.260
4620 408.953 4575227.980 5301592.900
4621 408.796 4575229.780 5301674.470
4622 408.426 4575220.300 5301796.100
4623 408.541 4575226.660 5301756.120
4624 408.704 4575223.000 5301713.680
4625 409.204 4574674.850 5300972.760
4626 409.242 4574724.850 5301022.760
4627 409.260 4574774.850 5301072.760
4628 409.272 4574824.850 5301122.760
4629 409.259 4574874.850 5301172.760
4630 409.229 4574624.850 5300972.760
4631 409.137 4574574.850 5301022.760
4632 408.977 4574524.850 5301072.760
4633 408.800 4574481.100 5301121.660
4634 406.289 4575356.310 5301834.050
4635 403.717 4575386.110 5301807.990
4636 407.848 4575306.110 5301886.680
4637 405.492 4575332.790 5301865.450
4638 399.532 4575603.540 5301581.060
4639 400.782 4575568.110 5301603.100
4640 403.424 4575773.740 5301461.280
4641 400.904 4575742.430 5301487.540
4642 399.755 4575703.400 5301507.840
4643 409.061 4575835.200 5301408.250
4644 407.506 4575805.210 5301435.150
4645 410.499 4575897.210 5301357.780
4646 410.179 4575866.280 5301382.980
4647 409.440 4576024.850 5301472.760
4648 410.333 4575924.850 5301372.760
4649 409.569 4575974.850 5301422.760
4650 410.267 4576074.850 5301572.760
4651 409.401 4576024.850 5301522.760
4652 399.497 4575677.730 5301538.240
4653 399.421 4575640.090 5301559.330
4654 410.138 4576124.850 5301672.760
4655 410.132 4576074.850 5301622.760
4656 409.994 4576124.850 5301722.760
4657 400.628 4575544.150 5301634.150
4658 409.850 4576124.850 5301772.760
4659 400.513 4575520.190 5301665.210
4660 403.700 4575485.000 5301686.740
4661 405.011 4575455.950 5301713.240
4662 404.922 4575432.470 5301744.650
4663 404.528 4575409.290 5301776.320
4664 409.717 4576174.850 5301872.760
4665 409.728 4576124.850 5301822.760
4666 409.498 4576124.850 5301922.760
4667 409.312 4576074.850 5301972.760
4668 409.140 4576024.850 5302022.760
4669 409.056 4576024.850 5302072.760
4670 409.011 4576010.420 5302093.840
4671 407.586 4575285.650 5301913.070
4672 407.907 4575278.300 5301907.520
4673 408.485 4575250.960 5301929.600
4674 408.324 4575224.850 5301922.760
4675 408.009 4575204.570 5301896.140
4676 408.183 4575206.250 5301877.150
4677 408.310 4575214.410 5301836.710
4678 409.279 4574974.850 5301222.760
4679 409.237 4574924.850 5301222.760
4680 409.036 4575228.470 5301552.740
4681 409.261 4575223.200 5301349.550
4682 409.269 4575174.850 5301322.760
4683 409.220 4575124.850 5301272.760
4684 409.291 4575220.320 5301397.830
4685 409.230 4575227.070 5301435.510
4686 409.267 4575074.850 5301272.760
4687 409.259 4575024.850 5301272.760
4688 409.118 4575226.860 5301511.910
4689 409.168 4575223.400 5301474.180
4690 409.220 4575222.870 5301446.100
4691 408.886 4575221.380 5301632.030
4692 408.967 4575222.600 5301592.190
4693 408.782 4575214.790 5301671.170
4694 408.321 4575209.130 5301835.410
4695 408.434 4575215.520 5301795.190
4696 408.586 4575211.750 5301752.330
4697 408.661 4575208.200 5301710.300
4698 409.243 4574674.850 5301022.760
4699 409.236 4574724.850 5301072.760
4700 409.216 4574774.850 5301122.760
4701 409.197 4574824.850 5301172.760
4702 409.180 4574874.850 5301222.760
4703 409.184 4574624.850 5301022.760
4704 409.050 4574574.850 5301072.760
4705 408.880 4574524.850 5301122.760
4706 408.597 4574481.380 5301157.910
4707 402.183 4575362.930 5301839.650
4708 400.158 4575392.800 5301813.670
4709 405.480 4575311.840 5301891.190
4710 400.728 4575339.750 5301871.320
4711 399.350 4575614.980 5301590.070
4712 399.409 4575579.610 5301612.320
4713 407.658 4575779.520 5301465.620
4714 402.616 4575747.960 5301491.740
4715 401.014 4575716.280 5301517.670
4716 409.996 4575840.980 5301413.570
4717 408.801 4575809.740 5301438.810
4718 410.432 4575871.910 5301388.280
4719 409.439 4575974.850 5301472.760
4720 409.987 4575924.850 5301422.760
4721 410.121 4576024.850 5301572.760
4722 409.721 4575974.850 5301522.760
4723 400.002 4575690.140 5301547.800
4724 399.281 4575652.060 5301568.650
4725 409.993 4576074.850 5301672.760
4726 409.996 4576024.850 5301622.760
4727 409.854 4576074.850 5301722.760
4728 399.245 4575555.680 5301643.590
4729 409.718 4576074.850 5301772.760
4730 399.231 4575531.760 5301674.850
4731 400.093 4575496.230 5301696.270
4732 403.731 4575461.090 5301717.670
4733 404.074 4575438.330 5301749.670
4734 401.820 4575415.570 5301781.670
4735 409.604 4576124.850 5301872.760
4736 409.587 4576074.850 5301822.760
4737 409.399 4576074.850 5301922.760
4738 409.224 4576024.850 5301972.760
4739 409.064 4575974.850 5302022.760
4740 408.926 4575965.140 5302087.880
4741 405.321 4575291.160 5301917.100
4742 405.616 4575270.050 5301942.670
4743 407.580 4575264.610 5301938.980
4744 407.817 4575257.290 5301933.770
4745 408.302 4575230.190 5301956.160
4746 408.215 4575190.950 5301944.700
4747 407.958 4575192.920 5301916.280
4748 408.178 4575201.650 5301875.770
4749 409.214 4574974.850 5301272.760
4750 409.167 4574924.850 5301272.760
4751 409.041 4575221.980 5301551.650
4752 409.280 4575174.850 5301372.760
4753 409.300 4575124.850 5301322.760
4754 409.207 4575174.850 5301422.760
4755 409.252 4575074.850 5301322.760
4756 409.187 4575024.850 5301322.760
4757 409.109 4575219.090 5301510.430
4758 409.133 4575216.130 5301494.290
4759 409.116 4575174.850 5301472.760
4760 408.886 4575216.590 5301630.780
4761 408.953 4575216.850 5301591.430
4762 408.783 4575209.680 5301670.010
4763 408.178 4575197.090 5301874.440
4764 408.329 4575204.390 5301834.270
4765 408.457 4575200.510 5301790.980
4766 408.565 4575196.840 5301748.520
4767 408.658 4575202.310 5301708.960
4768 409.168 4574674.850 5301072.760
4769 409.157 4574724.850 5301122.760
4770 409.143 4574774.850 5301172.760
4771 409.114 4574824.850 5301222.760
4772 409.101 4574874.850 5301272.760
4773 409.115 4574624.850 5301072.760
4774 408.957 4574574.850 5301122.760
4775 408.754 4574524.850 5301172.760
4776 408.450 4574498.770 5301193.540
4777 399.154 4575370.040 5301845.670
4778 398.726 4575402.930 5301822.300
4779 401.276 4575318.760 5301896.650
4780 398.323 4575347.280 5301877.670
4781 399.170 4575626.380 5301599.050
4782 399.382 4575591.110 5301621.560
4783 408.542 4575784.270 5301469.360
4784 407.449 4575753.930 5301496.280
4785 402.718 4575722.180 5301522.210
4786 410.365 4575846.750 5301418.890
4787 409.812 4575815.650 5301444.140
4788 410.423 4575874.850 5301422.760
4789 409.657 4575924.850 5301472.760
4790 409.109 4575974.850 5301572.760
4791 409.335 4575924.850 5301522.760
4792 402.637 4575696.340 5301552.620
4793 399.353 4575663.990 5301577.930
4794 409.854 4576024.850 5301672.760
4795 409.416 4575974.850 5301622.760
4796 409.742 4576024.850 5301722.760
4797 399.298 4575567.240 5301653.040
4798 409.610 4576024.850 5301772.760
4799 399.235 4575543.370 5301684.530
4800 399.204 4575507.830 5301706.110
4801 399.691 4575472.270 5301727.330
4802 399.230 4575449.160 5301758.980
4803 398.844 4575426.040 5301790.640
4804 409.493 4576074.850 5301872.760
4805 409.488 4576024.850 5301822.760
4806 409.305 4576024.850 5301922.760
4807 409.153 4575974.850 5301972.760
4808 408.993 4575924.850 5302022.760
4809 408.890 4575918.030 5302072.430
4810 401.732 4575297.910 5301922.050
4811 402.268 4575276.850 5301947.280
4812 405.757 4575249.170 5301968.390
4813 407.525 4575243.870 5301965.100
4814 407.719 4575236.700 5301960.310
4815 408.134 4575209.310 5301982.640
4816 408.161 4575180.510 5301953.910
4817 407.977 4575189.100 5301914.910
4818 409.138 4574974.850 5301322.760
4819 409.083 4574924.850 5301322.760
4820 409.042 4575215.140 5301550.490
4821 409.181 4575112.580 5301389.540
4822 409.148 4575124.850 5301422.760
4823 409.169 4575074.850 5301372.760
4824 409.101 4575024.850 5301372.760
4825 409.038 4575174.850 5301522.760
4826 409.061 4575124.850 5301472.760
4827 408.879 4575211.450 5301629.440
4828 408.960 4575210.800 5301590.630
4829 408.783 4575204.180 5301668.770
4830 407.996 4575185.190 5301913.510
4831 408.188 4575193.250 5301873.340
4832 408.346 4575189.260 5301829.630
4833 408.461 4575185.480 5301786.750
4834 408.567 4575191.970 5301747.320
4835 408.660 4575195.920 5301707.500
4836 409.080 4574674.850 5301122.760
4837 409.071 4574724.850 5301172.760
4838 409.059 4574774.850 5301222.760
4839 409.026 4574824.850 5301272.760
4840 409.017 4574874.850 5301322.760
4841 409.023 4574624.850 5301122.760
4842 408.856 4574574.850 5301172.760
4843 408.438 4574528.600 5301224.210
4844 398.580 4575379.820 5301853.960
4845 398.865 4575413.260 5301831.100
4846 398.572 4575326.070 5301902.410
4847 398.500 4575356.710 5301885.620
4848 398.622 4575637.840 5301608.060
4849 399.019 4575602.580 5301630.770
4850 409.628 4575790.320 5301474.710
4851 408.531 4575758.860 5301500.170
4852 407.164 4575728.330 5301526.930
4853 410.229 4575821.560 5301449.480
4854 410.089 4575874.850 5301472.760
4855 409.455 4575924.850 5301572.760
4856 409.742 4575874.850 5301522.760
4857 406.431 4575702.590 5301557.470
4858 402.347 4575670.380 5301582.930
4859 409.739 4575974.850 5301672.760
4860 409.390 4575924.850 5301622.760
4861 409.613 4575974.850 5301722.760
4862 398.986 4575578.780 5301662.490
4863 409.509 4575974.850 5301772.760
4864 398.904 4575554.980 5301694.220
4865 399.136 4575519.500 5301716.020
4866 399.122 4575483.900 5301737.380
4867 398.983 4575460.350 5301768.620
4868 398.872 4575436.800 5301799.860
4869 409.389 4576024.850 5301872.760
4870 409.406 4575974.850 5301822.760
4871 409.238 4575974.850 5301922.760
4872 409.082 4575924.850 5301972.760
4873 408.913 4575874.850 5302022.760
4874 408.815 4575872.100 5302054.490
4875 398.911 4575304.850 5301927.140
4876 399.196 4575283.630 5301951.870
4877 402.675 4575255.920 5301972.570
4878 406.187 4575228.250 5301994.060
4879 407.420 4575223.090 5301991.150
4880 407.761 4575216.050 5301986.770
4881 407.888 4575194.700 5302002.930
4882 408.074 4575173.280 5301991.720
4883 407.854 4575173.290 5302020.580
4884 408.051 4575165.440 5301990.930
4885 407.838 4575175.390 5301952.100
4886 409.052 4574974.850 5301372.760
4887 409.004 4574924.850 5301372.760
4888 408.957 4575174.850 5301572.760
4889 409.079 4575081.360 5301428.640
4890 409.010 4575024.850 5301422.760
4891 408.996 4575074.850 5301472.760
4892 408.979 4575124.850 5301522.760
4893 408.883 4575206.040 5301628.030
4894 408.783 4575198.370 5301667.460
4895 408.874 4575174.850 5301622.760
4896 407.883 4575170.250 5301950.310
4897 408.053 4575182.120 5301912.410
4898 408.199 4575178.020 5301868.270
4899 408.337 4575174.110 5301824.970
4900 408.462 4575180.830 5301785.480
4901 408.568 4575186.520 5301745.950
4902 408.666 4575189.200 5301705.970
4903 409.001 4574674.850 5301172.760
4904 408.989 4574724.850 5301222.760
4905 408.968 4574774.850 5301272.760
4906 408.945 4574824.850 5301322.760
4907 408.931 4574874.850 5301372.760
4908 408.932 4574624.850 5301172.760
4909 408.722 4574574.850 5301222.760
4910 408.085 4574520.770 5301257.740
4911 403.117 4575234.970 5301997.830
4912 398.858 4575389.710 5301862.340
4913 399.058 4575423.610 5301839.920
4914 398.576 4575335.460 5301910.360
4915 398.873 4575366.160 5301893.580
4916 402.230 4575644.360 5301613.190
4917 399.019 4575614.100 5301640.010
4918 410.051 4575796.360 5301480.060
4919 409.542 4575765.220 5301505.590
4920 408.481 4575733.430 5301530.970
4921 410.288 4575824.850 5301472.760
4922 409.423 4575874.850 5301572.760
4923 410.190 4575824.850 5301522.760
4924 408.204 4575707.800 5301561.600
4925 406.076 4575676.630 5301587.820
4926 408.932 4575924.850 5301672.760
4927 409.116 4575874.850 5301622.760
4928 409.519 4575924.850 5301722.760
4929 399.397 4575590.350 5301671.960
4930 409.411 4575924.850 5301772.760
4931 399.656 4575566.610 5301703.900
4932 398.965 4575531.180 5301725.940
4933 399.027 4575495.630 5301747.500
4934 399.010 4575471.620 5301778.310
4935 399.030 4575447.620 5301809.120
4936 409.315 4575974.850 5301872.760
4937 409.321 4575924.850 5301822.760
4938 409.152 4575924.850 5301922.760
4939 409.008 4575874.850 5301972.760
4940 408.774 4575828.500 5302032.210
4941 398.651 4575314.210 5301935.100
4942 398.727 4575292.960 5301959.850
4943 399.480 4575262.420 5301976.610
4944 403.449 4575215.190 5302021.930
4945 406.578 4575209.800 5302017.250
4946 407.498 4575205.750 5302013.720
4947 407.826 4575200.220 5302008.330
4948 407.857 4575168.230 5302034.000
4949 407.954 4575158.980 5302040.000
4950 407.801 4575147.330 5302041.380
4951 407.803 4575150.090 5302027.880
4952 408.011 4575159.970 5301988.910
4953 408.031 4575154.550 5301986.930
4954 408.963 4574974.850 5301422.760
4955 408.909 4574924.850 5301422.760
4956 408.895 4575124.850 5301572.760
4957 408.980 4575049.930 5301467.580
4958 408.923 4575024.850 5301472.760
4959 408.910 4575074.850 5301522.760
4960 408.758 4575174.850 5301672.760
4961 408.787 4575124.850 5301622.760
4962 407.904 4575165.810 5301948.730
4963 408.039 4575166.770 5301906.920
4964 408.178 4575162.750 5301863.200
4965 408.324 4575169.480 5301823.580
4966 408.448 4575175.450 5301783.980
4967 408.562 4575180.750 5301744.490
4968 408.622 4575174.850 5301722.760
4969 408.912 4574674.850 5301222.760
4970 408.898 4574724.850 5301272.760
4971 408.876 4574774.850 5301322.760
4972 408.851 4574824.850 5301372.760
4973 408.833 4574874.850 5301422.760
4974 408.839 4574624.850 5301222.760
4975 408.434 4574574.850 5301272.760
4976 407.978 4574532.000 5301286.560
4977 399.810 4575241.210 5302001.340
4978 399.104 4575399.610 5301870.730
4979 399.131 4575433.980 5301848.760
4980 398.822 4575344.880 5301918.340
4981 399.135 4575375.600 5301901.530
4982 405.587 4575650.540 5301618.060
4983 402.160 4575620.330 5301644.980
4984 409.901 4575771.560 5301511.010
4985 409.477 4575740.080 5301536.450
4986 410.123 4575774.850 5301522.760
4987 409.844 4575824.850 5301572.760
4988 409.407 4575714.660 5301567.080
4989 408.123 4575681.850 5301591.970
4990 409.487 4575874.850 5301672.760
4991 409.498 4575824.850 5301622.760
4992 409.059 4575874.850 5301722.760
4993 402.354 4575596.000 5301676.520
4994 409.124 4575874.850 5301772.760
4995 402.890 4575571.710 5301708.100
4996 399.847 4575542.860 5301735.850
4997 399.039 4575507.380 5301757.660
4998 399.055 4575482.920 5301788.030
4999 399.064 4575458.450 5301818.390
5000 409.246 4575924.850 5301872.760
5001 409.245 4575874.850 5301822.760
5002 409.100 4575874.850 5301922.760
5003 408.861 4575814.660 5301986.580
5004 398.773 4575323.610 5301943.100
5005 398.722 4575302.330 5301967.860
5006 398.803 4575271.710 5301984.590
5007 400.178 4575219.990 5302026.080
5008 405.597 4575188.210 5302049.630
5009 407.754 4575178.610 5302042.670
5010 407.974 4575148.200 5302069.570
5011 408.381 4575135.190 5302065.050
5012 407.808 4575144.350 5302025.670
5013 407.864 4575138.740 5302023.530
5014 408.027 4575149.500 5301985.060
5015 408.868 4574974.850 5301472.760
5016 408.794 4574924.850 5301472.760
5017 408.808 4575074.850 5301572.760
5018 408.869 4575018.100 5301506.180
5019 408.695 4575074.850 5301622.760
5020 408.669 4575124.850 5301672.760
5021 407.897 4575151.760 5301943.620
5022 408.021 4575151.390 5301901.420
5023 408.165 4575158.110 5301861.660
5024 408.309 4575163.940 5301821.870
5025 408.434 4575169.700 5301782.360
5026 408.538 4575124.850 5301722.760
5027 408.813 4574674.850 5301272.760
5028 408.795 4574724.850 5301322.760
5029 408.770 4574774.850 5301372.760
5030 408.741 4574824.850 5301422.760
5031 408.720 4574874.850 5301472.760
5032 408.711 4574624.850 5301272.760
5033 407.962 4574558.100 5301314.530
5034 398.878 4575250.460 5302009.340
5035 399.172 4575409.520 5301879.130
5036 400.932 4575444.330 5301857.580
5037 399.058 4575354.300 5301926.310
5038 399.169 4575385.050 5301909.490
5039 407.937 4575655.730 5301622.180
5040 406.058 4575626.450 5301649.870
5041 409.748 4575746.720 5301541.930
5042 410.148 4575774.850 5301572.760
5043 409.572 4575721.530 5301572.550
5044 409.317 4575688.810 5301597.340
5045 409.188 4575824.850 5301672.760
5046 409.946 4575774.850 5301622.760
5047 409.087 4575824.850 5301722.760
5048 406.093 4575601.760 5301681.210
5049 409.340 4575824.850 5301772.760
5050 406.085 4575577.150 5301712.610
5051 403.484 4575547.490 5301739.740
5052 400.007 4575519.120 5301767.800
5053 400.483 4575494.190 5301797.730
5054 400.790 4575469.260 5301827.660
5055 409.169 4575874.850 5301872.760
5056 408.728 4575824.850 5301822.760
5057 409.018 4575824.850 5301922.760
5058 408.864 4575791.610 5301948.790
5059 398.981 4575333.000 5301951.090
5060 398.904 4575311.700 5301975.860
5061 398.672 4575281.050 5301992.620
5062 398.941 4575229.210 5302034.080
5063 399.701 4575198.790 5302056.750
5064 404.192 4575166.950 5302081.950
5065 407.372 4575157.430 5302076.290
5066 407.510 4575128.690 5302104.500
5067 407.201 4575118.730 5302101.460
5068 408.907 4575129.030 5302062.580
5069 407.708 4575123.080 5302060.200
5070 407.879 4575133.190 5302021.380
5071 407.859 4575136.740 5301980.310
5072 408.773 4574974.850 5301522.760
5073 408.688 4574924.850 5301522.760
5074 408.730 4575024.850 5301572.760
5075 408.741 4574986.720 5301545.160
5076 408.620 4575024.850 5301622.760
5077 408.582 4575074.850 5301672.760
5078 407.895 4575137.670 5301938.490
5079 408.009 4575146.360 5301899.620
5080 408.165 4575152.360 5301859.740
5081 408.308 4575157.970 5301820.030
5082 408.414 4575124.850 5301772.760
5083 408.470 4575074.850 5301722.760
5084 408.707 4574674.850 5301322.760
5085 408.696 4574724.850 5301372.760
5086 408.658 4574774.850 5301422.760
5087 408.623 4574824.850 5301472.760
5088 408.604 4574874.850 5301522.760
5089 408.442 4574624.850 5301322.760
5090 407.771 4574556.680 5301359.470
5091 398.622 4575259.780 5302017.380
5092 398.610 4575238.500 5302042.140
5093 401.076 4575419.400 5301887.510
5094 402.873 4575447.370 5301860.020
5095 399.081 4575363.720 5301934.290
5096 401.216 4575394.470 5301917.440
5097 409.206 4575662.720 5301627.400
5098 408.136 4575631.660 5301654.060
5099 409.837 4575727.060 5301575.960
5100 409.392 4575695.760 5301602.700
5101 409.600 4575774.850 5301672.760
5102 410.009 4575724.850 5301622.760
5103 409.276 4575774.850 5301722.760
5104 408.090 4575606.730 5301685.270
5105 408.954 4575774.850 5301772.760
5106 408.064 4575581.910 5301716.570
5107 406.532 4575552.680 5301744.130
5108 403.519 4575523.300 5301771.400
5109 403.272 4575497.880 5301800.740
5110 402.963 4575472.200 5301829.920
5111 408.979 4575824.850 5301872.760
5112 409.105 4575774.850 5301822.760
5113 408.777 4575787.590 5301904.920
5114 398.993 4575342.400 5301959.080
5115 398.906 4575321.070 5301983.870
5116 398.828 4575290.400 5302000.640
5117 398.562 4575217.390 5302072.530
5118 398.529 4575208.060 5302064.610
5119 399.047 4575177.590 5302087.410
5120 405.131 4575140.720 5302112.090
5121 406.544 4575114.000 5302126.210
5122 406.846 4575110.420 5302122.560
5123 406.530 4575103.010 5302129.710
5124 407.809 4575112.670 5302098.980
5125 408.469 4575106.880 5302096.610
5126 407.705 4575116.880 5302057.710
5127 407.928 4575121.720 5302017.000
5128 407.848 4575123.950 5301975.560
5129 408.560 4574924.850 5301572.760
5130 408.604 4574956.520 5301585.040
5131 408.522 4574974.850 5301622.760
5132 408.498 4575024.850 5301672.760
5133 407.892 4575132.800 5301936.420
5134 407.994 4575139.900 5301897.310
5135 408.177 4575146.130 5301857.640
5136 408.244 4575124.850 5301822.760
5137 408.319 4575074.850 5301772.760
5138 408.358 4575024.850 5301722.760
5139 407.828 4575110.230 5302012.620
5140 408.452 4574674.850 5301372.760
5141 408.447 4574724.850 5301422.760
5142 408.472 4574774.850 5301472.760
5143 408.469 4574824.850 5301522.760
5144 408.445 4574874.850 5301572.760
5145 408.006 4574624.850 5301372.760
5146 407.707 4574557.990 5301398.240
5147 398.753 4575269.100 5302025.420
5148 398.678 4575247.800 5302050.190
5149 402.860 4575422.710 5301890.230
5150 404.703 4575450.640 5301862.650
5151 400.903 4575373.120 5301942.250
5152 402.721 4575397.550 5301920.030
5153 409.364 4575669.700 5301632.600
5154 409.115 4575638.580 5301659.370
5155 409.406 4575670.990 5301634.250
5156 410.000 4575724.850 5301672.760
5157 409.702 4575724.850 5301722.760
5158 408.964 4575613.260 5301690.400
5159 409.356 4575724.850 5301772.760
5160 408.816 4575588.090 5301721.570
5161 408.085 4575557.290 5301748.030
5162 406.990 4575528.260 5301775.690
5163 405.921 4575502.140 5301804.230
5164 404.497 4575475.490 5301832.480
5165 409.042 4575724.850 5301822.760
5166 409.252 4575759.220 5301869.660
5167 400.590 4575351.770 5301967.060
5168 400.277 4575330.420 5301991.870
5169 398.817 4575299.740 5302008.670
5170 398.528 4575226.740 5302080.450
5171 398.392 4575196.280 5302102.920
5172 398.318 4575186.900 5302095.140
5173 397.886 4575156.400 5302118.080
5174 403.933 4575121.460 5302141.060
5175 405.845 4575101.780 5302143.240
5176 406.013 4575099.340 5302131.420
5177 408.967 4575100.570 5302094.030
5178 407.699 4575106.700 5302053.700
5179 407.843 4575118.860 5301973.640
5180 408.430 4574929.070 5301626.770
5181 408.393 4574974.850 5301672.760
5182 407.897 4575126.700 5301933.830
5183 408.001 4575132.850 5301894.790
5184 408.080 4575124.850 5301872.760
5185 408.149 4575074.850 5301822.760
5186 408.201 4575024.850 5301772.760
5187 408.194 4574974.850 5301722.760
5188 407.692 4575096.510 5302049.690
5189 407.805 4575105.070 5302010.920
5190 408.013 4574674.850 5301422.760
5191 408.035 4574724.850 5301472.760
5192 408.062 4574774.850 5301522.760
5193 408.096 4574824.850 5301572.760
5194 408.139 4574874.850 5301622.760
5195 407.792 4574624.850 5301422.760
5196 407.705 4574584.630 5301425.050
5197 407.692 4574578.420 5301479.550
5198 398.727 4575278.420 5302033.460
5199 398.647 4575257.090 5302058.250
5200 398.633 4575236.090 5302088.380
5201 405.013 4575426.090 5301893.020
5202 406.117 4575453.740 5301865.150
5203 402.612 4575377.020 5301945.450
5204 404.613 4575400.530 5301922.530
5205 409.316 4575645.510 5301664.670
5206 409.870 4575674.850 5301672.760
5207 409.869 4575674.850 5301722.760
5208 409.257 4575619.800 5301695.540
5209 409.804 4575674.850 5301772.760
5210 409.188 4575594.280 5301726.570
5211 408.676 4575563.210 5301752.960
5212 408.140 4575532.750 5301779.560
5213 407.549 4575506.050 5301807.420
5214 406.411 4575478.550 5301834.860
5215 409.458 4575674.850 5301822.760
5216 408.887 4575709.400 5301866.480
5217 402.203 4575355.820 5301970.450
5218 401.818 4575334.670 5301995.490
5219 399.959 4575309.080 5302016.690
5220 398.397 4575205.690 5302110.710
5221 398.198 4575172.010 5302130.750
5222 398.207 4575135.200 5302148.750
5223 403.532 4575096.800 5302168.790
5224 405.109 4575081.140 5302161.920
5225 408.038 4575089.210 5302122.990
5226 407.696 4575091.690 5302090.390
5227 407.838 4575112.630 5301971.310
5228 408.039 4574909.730 5301672.920
5229 407.792 4574874.850 5301672.760
5230 407.917 4575120.050 5301931.000
5231 407.935 4575120.130 5301917.610
5232 407.970 4575074.850 5301872.760
5233 407.818 4574924.850 5301722.760
5234 407.912 4575024.850 5301822.760
5235 407.852 4574974.850 5301772.760
5236 407.688 4575082.790 5302086.760
5237 407.792 4575090.820 5302048.050
5238 407.788 4575098.890 5302008.910
5239 403.642 4575062.430 5302194.400
5240 407.782 4574674.850 5301472.760
5241 407.777 4574724.850 5301522.760
5242 407.780 4574774.850 5301572.760
5243 407.778 4574824.850 5301622.760
5244 407.703 4574613.660 5301459.940
5245 407.691 4574601.320 5301511.360
5246 398.754 4575215.090 5302118.510
5247 399.637 4575287.730 5302041.500
5248 399.316 4575266.380 5302066.310
5249 399.750 4575245.430 5302096.310
5250 405.855 4575429.380 5301895.740
5251 406.997 4575457.240 5301867.960
5252 404.622 4575380.800 5301948.560
5253 405.296 4575403.520 5301925.060
5254 409.731 4575624.850 5301722.760
5255 409.730 4575624.850 5301772.760
5256 409.127 4575569.120 5301757.890
5257 408.547 4575538.440 5301784.450
5258 408.457 4575510.840 5301811.330
5259 407.302 4575482.190 5301837.680
5260 409.729 4575624.850 5301822.760
5261 409.371 4575662.270 5301851.610
5262 404.143 4575359.780 5301973.770
5263 403.672 4575338.860 5301999.070
5264 401.443 4575313.540 5302020.550
5265 398.512 4575187.780 5302143.530
5266 398.177 4575150.880 5302161.180
5267 398.534 4575114.000 5302179.420
5268 402.102 4575077.600 5302201.590
5269 407.681 4575064.110 5302155.470
5270 407.622 4575066.670 5302118.590
5271 407.703 4574824.850 5301672.760
5272 407.833 4575105.820 5301968.750
5273 407.737 4574895.830 5301720.780
5274 407.712 4574874.850 5301722.760
5275 407.785 4575074.850 5301922.760
5276 407.734 4575024.850 5301872.760
5277 407.717 4574924.850 5301772.760
5278 407.729 4574974.850 5301822.760
5279 407.683 4575076.670 5302084.250
5280 407.778 4575092.150 5302006.690
5281 407.711 4575084.150 5302046.130
5282 407.746 4575085.050 5302016.190
5283 402.253 4575046.140 5302227.320
5284 406.508 4575046.830 5302187.370
5285 407.704 4574674.850 5301522.760
5286 407.701 4574724.850 5301572.760
5287 407.698 4574774.850 5301622.760
5288 407.693 4574624.850 5301522.760
5289 407.682 4574579.420 5301554.430
5290 399.771 4575224.490 5302126.310
5291 401.095 4575292.410 5302045.610
5292 400.707 4575271.180 5302070.470
5293 400.934 4575249.890 5302100.190
5294 407.258 4575432.850 5301898.600
5295 408.029 4575460.810 5301870.840
5296 405.574 4575384.580 5301951.670
5297 406.250 4575406.430 5301927.510
5298 409.391 4575574.850 5301772.760
5299 409.068 4575544.120 5301789.340
5300 408.573 4575515.660 5301815.260
5301 408.219 4575485.860 5301840.530
5302 409.591 4575574.850 5301822.760
5303 409.688 4575615.210 5301851.790
5304 405.238 4575363.710 5301977.070
5305 405.114 4575342.980 5302002.590
5306 403.186 4575317.960 5302024.390
5307 400.121 4575203.540 5302156.310
5308 398.520 4575166.740 5302173.750
5309 398.084 4575129.740 5302191.620
5310 398.824 4575092.800 5302210.080
5311 400.848 4575058.610 5302233.500
5312 407.543 4575050.560 5302150.420
5313 407.628 4575061.010 5302116.320
5314 407.696 4574774.850 5301672.760
5315 407.700 4574824.850 5301722.760
5316 407.770 4575074.850 5301972.760
5317 407.700 4574866.230 5301761.050
5318 407.745 4575024.850 5301922.760
5319 407.716 4574974.850 5301872.760
5320 407.706 4574924.850 5301822.760
5321 407.678 4575069.650 5302081.390
5322 407.716 4575076.850 5302044.030
5323 407.735 4575074.850 5302022.760
5324 400.270 4575038.000 5302257.600
5325 402.125 4575031.680 5302220.440
5326 408.336 4575034.450 5302182.250
5327 407.685 4574724.850 5301672.760
5328 407.695 4574674.850 5301572.760
5329 407.696 4574724.850 5301622.760
5330 407.686 4574624.850 5301572.760
5331 407.680 4574590.740 5301589.780
5332 400.401 4575000.480 5302286.240
5333 401.256 4575228.420 5302129.760
5334 402.868 4575297.070 5302049.700
5335 402.444 4575275.970 5302074.620
5336 402.599 4575254.340 5302104.060
5337 407.914 4575436.450 5301901.570
5338 408.921 4575466.550 5301897.870
5339 407.848 4575412.070 5301932.410
5340 407.218 4575388.200 5301954.630
5341 407.688 4575409.490 5301930.090
5342 409.053 4575524.850 5301822.760
5343 409.334 4575493.450 5301888.670
5344 409.582 4575571.750 5301871.590
5345 406.787 4575367.420 5301980.180
5346 406.357 4575346.830 5302005.860
5347 405.037 4575322.300 5302028.150
5348 401.636 4575207.080 5302159.430
5349 401.022 4575182.590 5302186.310
5350 398.525 4575145.700 5302203.970
5351 397.986 4575108.610 5302222.050
5352 399.113 4575071.600 5302240.750
5353 399.292 4575051.080 5302271.930
5354 399.614 4575014.150 5302293.780
5355 407.691 4575045.140 5302148.300
5356 407.631 4575054.730 5302113.880
5357 407.685 4574774.850 5301722.760
5358 407.689 4574824.850 5301772.760
5359 407.690 4574853.490 5301807.930
5360 407.708 4575024.850 5301972.760
5361 407.692 4574874.850 5301822.760
5362 407.699 4574974.850 5301922.760
5363 407.693 4574924.850 5301872.760
5364 407.672 4575061.950 5302078.230
5365 407.681 4575057.280 5302061.500
5366 407.684 4575024.850 5302022.760
5367 401.019 4575017.450 5302253.110
5368 407.101 4575018.330 5302214.070
5369 408.896 4575028.700 5302180.010
5370 403.906 4574986.100 5302277.730
5371 407.678 4574724.850 5301722.760
5372 407.679 4574674.850 5301672.760
5373 407.686 4574674.850 5301622.760
5374 407.682 4574633.160 5301606.940
5375 399.758 4574987.020 5302321.680
5376 403.107 4575232.340 5302133.200
5377 404.879 4575301.630 5302053.700
5378 404.421 4575280.640 5302078.670
5379 405.008 4575258.740 5302107.870
5380 408.771 4575434.010 5301935.790
5381 407.796 4575392.030 5301957.860
5382 409.468 4575530.680 5301891.240
5383 407.944 4575371.370 5301983.630
5384 408.599 4575401.970 5301974.180
5385 407.975 4575350.950 5302009.590
5386 406.483 4575326.300 5302031.610
5387 403.704 4575210.610 5302162.540
5388 402.467 4575185.910 5302189.230
5389 401.925 4575161.650 5302216.310
5390 398.529 4575124.660 5302234.180
5391 397.896 4575087.480 5302252.480
5392 397.827 4575066.350 5302282.910
5393 399.259 4575028.810 5302302.350
5394 407.795 4575039.330 5302146.150
5395 407.634 4575047.720 5302111.100
5396 407.678 4574774.850 5301772.760
5397 407.678 4574824.850 5301822.760
5398 407.676 4574845.120 5301856.820
5399 407.682 4574974.850 5301972.760
5400 407.678 4574874.850 5301872.760
5401 407.678 4574924.850 5301922.760
5402 407.639 4575037.710 5302105.340
5403 407.662 4575024.850 5302072.760
5404 407.669 4574974.850 5302022.760
5405 401.227 4574969.980 5302309.560
5406 405.926 4575002.220 5302245.900
5407 407.887 4575011.790 5302211.450
5408 407.482 4575022.700 5302177.810
5409 405.816 4574982.350 5302275.150
5410 407.677 4574724.850 5301772.760
5411 407.677 4574674.850 5301722.760
5412 407.678 4574624.850 5301672.760
5413 407.680 4574614.390 5301644.780
5414 398.803 4575007.310 5302333.480
5415 399.322 4574970.170 5302352.300
5416 405.601 4575236.290 5302136.630
5417 406.761 4575305.780 5302057.350
5418 406.602 4575284.850 5302082.320
5419 406.896 4575262.790 5302111.370
5420 409.055 4575424.850 5301972.760
5421 408.741 4575378.900 5302016.030
5422 407.811 4575330.600 5302035.620
5423 406.039 4575214.220 5302165.690
5424 404.093 4575189.210 5302192.140
5425 403.303 4575164.760 5302219.040
5426 402.823 4575140.700 5302246.300
5427 398.539 4575103.630 5302264.400
5428 398.550 4575082.590 5302294.620
5429 397.988 4575045.210 5302313.350
5430 407.831 4575032.720 5302143.620
5431 407.676 4574774.850 5301822.760
5432 407.675 4574824.850 5301872.760
5433 407.672 4574924.850 5301972.760
5434 407.674 4574874.850 5301922.760
5435 407.660 4575019.940 5302099.430
5436 407.677 4574974.850 5302072.760
5437 407.675 4574924.850 5302022.760
5438 407.626 4575015.770 5302175.180
5439 400.327 4574953.870 5302341.390
5440 405.667 4574965.040 5302306.220
5441 406.686 4574995.910 5302243.460
5442 408.848 4575005.110 5302208.910
5443 406.501 4574977.660 5302271.880
5444 407.676 4574724.850 5301822.760
5445 407.676 4574674.850 5301772.760
5446 407.677 4574624.850 5301722.760
5447 407.677 4574590.400 5301687.150
5448 398.186 4575024.370 5302344.140
5449 398.372 4574987.050 5302363.680
5450 399.459 4574949.410 5302387.160
5451 406.799 4575239.990 5302139.820
5452 407.652 4575310.260 5302061.640
5453 407.455 4575289.420 5302086.700
5454 407.780 4575267.130 5302115.500
5455 409.024 4575371.220 5302058.530
5456 408.311 4575324.850 5302072.760
5457 406.820 4575217.650 5302168.650
5458 406.117 4575192.640 5302195.130
5459 404.508 4575167.850 5302221.770
5460 404.153 4575143.650 5302248.890
5461 403.726 4575119.760 5302276.300
5462 404.629 4575098.810 5302306.300
5463 398.533 4575061.550 5302324.830
5464 407.781 4574993.850 5302195.900
5465 407.790 4574996.700 5302144.230
5466 407.676 4574774.850 5301872.760
5467 407.675 4574821.920 5301900.180
5468 407.675 4574874.850 5301972.760
5469 407.676 4574824.850 5301922.760
5470 407.764 4574974.850 5302122.760
5471 407.705 4574924.850 5302072.760
5472 407.687 4574874.850 5302022.760
5473 407.713 4574997.300 5302205.840
5474 407.774 4574992.620 5302208.820
5475 399.274 4574928.650 5302422.010
5476 400.246 4574933.470 5302376.570
5477 404.210 4574947.730 5302337.290
5478 406.393 4574958.800 5302301.980
5479 407.757 4574989.600 5302241.140
5480 407.349 4574974.050 5302269.430
5481 407.679 4574724.850 5301872.760
5482 407.678 4574674.850 5301822.760
5483 407.678 4574624.850 5301772.760
5484 407.678 4574577.240 5301731.410
5485 398.505 4575040.510 5302355.050
5486 398.230 4575002.950 5302374.210
5487 398.675 4574965.780 5302398.050
5488 398.631 4574944.430 5302432.400
5489 408.043 4575243.880 5302143.550
5490 407.678 4575292.010 5302088.390
5491 408.309 4575277.250 5302142.320
5492 408.959 4575348.090 5302099.800
5493 408.267 4575221.230 5302172.070
5494 407.033 4575195.960 5302197.980
5495 406.139 4575171.120 5302224.600
5496 404.972 4575146.570 5302251.450
5497 404.992 4575122.570 5302278.760
5498 405.813 4575101.490 5302308.620
5499 402.765 4575077.860 5302336.300
5500 407.834 4574973.950 5302189.210
5501 407.833 4574974.850 5302172.760
5502 407.681 4574783.040 5301931.290
5503 407.682 4574824.850 5301972.760
5504 407.689 4574724.850 5301922.760
5505 407.804 4574924.850 5302122.760
5506 407.749 4574874.850 5302072.760
5507 407.711 4574824.850 5302022.760
5508 408.603 4574982.150 5302238.300
5509 408.154 4574974.850 5302222.760
5510 408.142 4574971.010 5302239.200
5511 399.055 4574907.890 5302456.870
5512 399.680 4574913.080 5302411.750
5513 403.495 4574926.960 5302372.260
5514 406.291 4574939.890 5302332.040
5515 407.565 4574954.100 5302298.820
5516 408.070 4574969.220 5302266.090
5517 407.684 4574674.850 5301872.760
5518 407.683 4574624.850 5301822.760
5519 407.682 4574574.850 5301772.760
5520 407.684 4574553.880 5301774.760
5521 407.705 4574674.850 5301922.760
5522 398.693 4574923.240 5302466.900
5523 400.569 4575056.920 5302366.300
5524 398.614 4575019.470 5302385.270
5525 398.455 4574981.430 5302408.410
5526 398.486 4574959.910 5302442.600
5527 407.757 4575227.400 5302184.100
5528 408.454 4575258.170 5302177.370
5529 408.889 4575322.940 5302139.510
5530 408.316 4575199.390 5302201.220
5531 407.261 4575174.320 5302227.350
5532 406.166 4575149.710 5302254.160
5533 405.492 4575125.360 5302281.190
5534 406.288 4575104.150 5302310.920
5535 404.602 4575080.440 5302338.500
5536 407.901 4574924.850 5302172.760
5537 407.705 4574757.940 5301974.430
5538 407.722 4574724.850 5301972.760
5539 407.862 4574874.850 5302122.760
5540 407.807 4574824.850 5302072.760
5541 407.752 4574774.850 5302022.760
5542 408.787 4574964.380 5302262.750
5543 408.257 4574924.850 5302222.760
5544 408.184 4574955.100 5302260.970
5545 398.859 4574887.120 5302491.730
5546 399.420 4574892.680 5302446.930
5547 401.413 4574906.180 5302407.220
5548 406.259 4574919.270 5302367.150
5549 407.846 4574934.140 5302328.210
5550 408.654 4574947.720 5302294.500
5551 407.695 4574624.850 5301872.760
5552 407.690 4574574.850 5301822.760
5553 407.694 4574546.840 5301816.800
5554 407.735 4574624.850 5301922.760
5555 407.764 4574674.850 5301972.760
5556 398.522 4574938.400 5302476.800
5557 398.722 4574902.050 5302501.390
5558 402.709 4575060.020 5302368.780
5559 398.595 4575035.970 5302396.300
5560 398.645 4574997.540 5302419.110
5561 398.421 4574975.610 5302452.950
5562 408.386 4575224.850 5302222.760
5563 408.687 4575250.460 5302223.430
5564 408.278 4575177.600 5302230.410
5565 407.546 4575152.830 5302256.820
5566 406.389 4575128.400 5302283.790
5567 406.638 4575107.090 5302313.420
5568 405.741 4575082.990 5302340.680
5569 408.055 4574874.850 5302172.760
5570 408.337 4574874.850 5302222.760
5571 407.792 4574721.260 5302006.150
5572 407.967 4574824.850 5302122.760
5573 407.876 4574774.850 5302072.760
5574 407.935 4574674.850 5302022.760
5575 408.004 4574690.510 5302044.300
5576 408.350 4574941.330 5302290.170
5577 408.264 4574924.850 5302272.760
5578 408.367 4574936.230 5302288.980
5579 408.377 4574874.850 5302272.760
5580 398.680 4574866.360 5302526.580
5581 399.134 4574872.290 5302482.110
5582 400.536 4574885.340 5302442.150
5583 405.894 4574898.610 5302402.230
5584 408.002 4574913.190 5302363.120
5585 408.622 4574926.190 5302322.890
5586 407.714 4574574.850 5301872.760
5587 407.733 4574518.000 5301857.290
5588 407.803 4574574.850 5301922.760
5589 407.858 4574624.850 5301972.760
5590 398.712 4574880.860 5302535.880
5591 398.204 4574953.680 5302486.780
5592 398.432 4574916.880 5302510.990
5593 404.974 4575063.100 5302371.220
5594 402.081 4575040.920 5302399.610
5595 398.851 4575013.610 5302429.780
5596 398.753 4574991.260 5302463.250
5597 408.410 4575211.670 5302245.620
5598 408.349 4575156.010 5302259.750
5599 408.030 4575177.440 5302274.530
5600 407.770 4575131.460 5302286.390
5601 407.970 4575110.080 5302315.950
5602 406.758 4575085.840 5302343.090
5603 408.614 4575224.850 5302372.760
5604 408.556 4575203.620 5302350.510
5605 408.277 4574824.850 5302172.760
5606 408.400 4574824.850 5302222.760
5607 408.034 4574724.850 5302072.760
5608 408.140 4574774.850 5302122.760
5609 408.104 4574624.850 5302022.760
5610 408.208 4574674.850 5302072.760
5611 408.289 4574688.620 5302094.240
5612 408.416 4574824.850 5302272.760
5613 408.548 4574918.240 5302317.570
5614 408.373 4574874.850 5302322.760
5615 398.933 4574842.100 5302558.770
5616 398.867 4574851.890 5302517.290
5617 399.770 4574864.430 5302477.040
5618 405.611 4574877.840 5302437.250
5619 407.738 4574892.190 5302398.020
5620 408.507 4574905.390 5302357.950
5621 407.806 4574520.640 5301890.450
5622 407.921 4574524.850 5301922.760
5623 408.013 4574574.850 5301972.760
5624 408.186 4574434.880 5301918.610
5625 398.753 4574856.560 5302567.890
5626 398.331 4574895.370 5302545.190
5627 398.560 4574968.900 5302496.730
5628 397.997 4574931.750 5302520.620
5629 406.915 4575066.590 5302373.980
5630 406.580 4575045.820 5302402.880
5631 401.333 4575018.710 5302433.270
5632 401.307 4574996.230 5302466.750
5633 408.493 4575180.720 5302309.040
5634 408.304 4575134.570 5302289.190
5635 408.570 4575113.110 5302318.630
5636 407.513 4575088.780 5302345.560
5637 408.593 4575217.350 5302395.620
5638 408.476 4575174.850 5302372.760
5639 408.456 4574774.850 5302172.760
5640 408.441 4574774.850 5302222.760
5641 408.326 4574724.850 5302122.760
5642 408.267 4574574.850 5302022.760
5643 408.368 4574624.850 5302072.760
5644 408.475 4574674.850 5302122.760
5645 408.430 4574774.850 5302272.760
5646 408.351 4574824.850 5302322.760
5647 408.532 4574897.410 5302352.650
5648 408.215 4574874.850 5302372.760
5649 398.767 4574817.840 5302590.960
5650 398.905 4574827.710 5302549.680
5651 399.291 4574843.460 5302511.880
5652 403.956 4574856.920 5302472.170
5653 407.516 4574871.020 5302432.810
5654 408.413 4574884.520 5302392.960
5655 408.029 4574480.470 5301917.860
5656 408.177 4574524.850 5301972.760
5657 408.301 4574449.790 5301955.340
5658 398.626 4574832.270 5302599.910
5659 398.617 4574871.040 5302577.020
5660 397.775 4574909.820 5302554.460
5661 402.128 4574974.570 5302500.670
5662 398.368 4574946.550 5302530.200
5663 408.041 4575070.210 5302376.840
5664 407.891 4575051.430 5302406.640
5665 406.315 4575023.830 5302436.780
5666 406.169 4575001.340 5302470.340
5667 408.070 4575124.850 5302322.760
5668 408.389 4575091.740 5302348.130
5669 408.402 4575073.860 5302379.760
5670 408.565 4575207.360 5302442.250
5671 408.475 4575174.850 5302422.760
5672 408.337 4575124.850 5302372.760
5673 407.667 4575246.350 5302645.150
5674 408.386 4574524.850 5302022.760
5675 408.487 4574724.850 5302172.760
5676 408.477 4574724.850 5302222.760
5677 408.481 4574691.130 5302144.190
5678 408.453 4574574.850 5302072.760
5679 408.491 4574624.850 5302122.760
5680 408.384 4574724.850 5302272.760
5681 408.266 4574774.850 5302322.760
5682 408.098 4574824.850 5302372.760
5683 408.453 4574876.480 5302387.670
5684 398.564 4574793.580 5302623.150
5685 398.651 4574803.530 5302582.070
5686 399.591 4574819.950 5302544.760
5687 402.418 4574835.880 5302507.020
5688 406.954 4574849.640 5302467.470
5689 408.317 4574863.420 5302427.840
5690 398.247 4574769.320 5302655.330
5691 408.311 4574474.850 5301972.760
5692 408.403 4574424.850 5301972.760
5693 398.500 4574807.980 5302631.920
5694 398.376 4574783.690 5302663.940
5695 398.422 4574846.710 5302608.860
5696 398.317 4574885.450 5302586.130
5697 398.175 4574924.190 5302563.680
5698 406.486 4574980.480 5302504.790
5699 403.043 4574953.010 5302534.620
5700 408.856 4575057.320 5302410.580
5701 407.833 4575029.690 5302440.790
5702 407.495 4575007.140 5302474.410
5703 408.336 4575074.730 5302381.980
5704 408.133 4575063.250 5302414.540
5705 408.546 4575200.810 5302488.420
5706 408.587 4575222.980 5302524.440
5707 408.474 4575174.850 5302472.760
5708 408.336 4575124.850 5302422.760
5709 407.988 4575228.350 5302612.920
5710 408.107 4575197.570 5302635.700
5711 407.041 4575442.930 5303295.640
5712 407.053 4575424.850 5303272.760
5713 408.473 4574474.850 5302022.760
5714 408.484 4574524.850 5302072.760
5715 408.468 4574678.690 5302190.360
5716 408.402 4574674.850 5302222.760
5717 408.442 4574624.850 5302172.760
5718 408.464 4574574.850 5302122.760
5719 408.247 4574674.850 5302272.760
5720 408.158 4574724.850 5302322.760
5721 407.998 4574774.850 5302372.760
5722 407.748 4574824.850 5302422.760
5723 407.819 4574855.260 5302422.510
5724 398.545 4574779.350 5302614.470
5725 400.201 4574796.430 5302577.630
5726 404.899 4574812.760 5302540.210
5727 406.301 4574828.080 5302502.020
5728 408.249 4574842.020 5302462.530
5729 397.846 4574745.060 5302687.520
5730 398.279 4574755.170 5302646.860
5731 408.457 4574417.730 5301993.550
5732 407.806 4575256.590 5302836.710
5733 407.630 4575256.880 5302788.530
5734 398.283 4574759.390 5302695.950
5735 398.153 4574740.660 5302724.270
5736 398.339 4574822.380 5302640.700
5737 398.227 4574798.050 5302672.540
5738 398.214 4574861.090 5302617.790
5739 399.049 4574899.800 5302595.180
5740 401.313 4574929.220 5302566.910
5741 407.324 4574987.170 5302509.440
5742 406.488 4574959.880 5302539.300
5743 408.661 4575035.650 5302444.880
5744 408.078 4575041.780 5302449.080
5745 408.459 4575012.870 5302478.460
5746 407.993 4575074.850 5302422.760
5747 408.287 4575230.760 5302566.700
5748 408.474 4575174.850 5302522.760
5749 408.336 4575124.850 5302472.760
5750 408.400 4575174.850 5302622.760
5751 406.843 4575424.850 5303322.760
5752 406.927 4575398.690 5303277.420
5753 408.456 4574424.850 5302022.760
5754 408.434 4574474.850 5302072.760
5755 408.396 4574524.850 5302122.760
5756 408.365 4574636.220 5302216.050
5757 408.374 4574574.850 5302172.760
5758 408.149 4574624.850 5302272.760
5759 408.062 4574674.850 5302322.760
5760 397.986 4574721.930 5302752.590
5761 397.701 4574726.560 5302715.850
5762 407.914 4574724.850 5302372.760
5763 407.768 4574774.850 5302422.760
5764 407.917 4574833.670 5302457.130
5765 400.422 4574772.890 5302610.480
5766 404.583 4574789.610 5302573.380
5767 407.361 4574805.290 5302535.480
5768 408.073 4574820.400 5302497.080
5769 398.526 4574730.990 5302679.250
5770 400.986 4574749.400 5302643.370
5771 408.395 4574389.410 5302034.420
5772 397.879 4574703.200 5302780.920
5773 407.760 4575256.770 5302882.300
5774 407.388 4575224.850 5302822.760
5775 407.638 4575224.440 5302787.790
5776 407.724 4575264.410 5302927.930
5777 398.018 4574773.720 5302704.380
5778 398.089 4574754.770 5302732.690
5779 398.190 4574836.730 5302649.450
5780 398.075 4574812.370 5302681.120
5781 399.241 4574875.420 5302626.670
5782 399.866 4574905.170 5302598.660
5783 405.907 4574934.650 5302570.390
5784 408.041 4574993.580 5302513.920
5785 407.760 4574967.620 5302544.580
5786 408.070 4575028.720 5302470.520
5787 408.057 4575018.900 5302482.700
5788 408.197 4575074.850 5302472.760
5789 408.406 4575174.850 5302572.760
5790 408.335 4575124.850 5302522.760
5791 408.369 4575148.390 5302627.880
5792 408.334 4575124.850 5302622.760
5793 398.024 4574735.820 5302761.010
5794 397.979 4574716.870 5302789.330
5795 406.845 4575374.850 5303272.760
5796 406.733 4575351.140 5303275.320
5797 406.722 4575404.540 5303325.130
5798 408.375 4574424.850 5302072.760
5799 408.339 4574474.850 5302122.760
5800 408.283 4574524.850 5302172.760
5801 408.216 4574589.990 5302235.190
5802 408.079 4574574.850 5302272.760
5803 408.007 4574624.850 5302322.760
5804 407.957 4574674.850 5302372.760
5805 397.580 4574708.060 5302744.190
5806 398.482 4574712.670 5302707.560
5807 407.866 4574724.850 5302422.760
5808 407.702 4574774.850 5302472.760
5809 408.087 4574811.780 5302491.560
5810 404.945 4574766.430 5302606.520
5811 407.324 4574782.470 5302568.920
5812 408.066 4574798.100 5302530.920
5813 402.689 4574726.080 5302676.360
5814 405.832 4574743.330 5302639.720
5815 408.282 4574357.320 5302072.740
5816 397.708 4574684.470 5302809.240
5817 397.535 4574689.550 5302772.520
5818 407.740 4575224.850 5302872.760
5819 407.659 4575195.390 5302828.420
5820 407.690 4575224.850 5302922.760
5821 407.662 4575264.460 5302973.580
5822 407.619 4575268.070 5303020.600
5823 397.896 4574788.000 5302712.780
5824 397.947 4574768.840 5302741.100
5825 398.582 4574851.030 5302658.170
5826 398.346 4574826.650 5302689.660
5827 400.719 4574882.470 5302631.160
5828 403.702 4574910.800 5302602.310
5829 406.602 4574940.740 5302574.290
5830 408.042 4575000.490 5302518.730
5831 408.008 4574974.820 5302549.500
5832 407.974 4574996.640 5302530.660
5833 408.058 4575024.850 5302522.760
5834 408.197 4575074.850 5302522.760
5835 408.335 4575124.850 5302572.760
5836 408.273 4575102.600 5302614.380
5837 397.826 4574697.920 5302817.650
5838 398.005 4574749.680 5302769.420
5839 398.012 4574730.520 5302797.740
5840 406.674 4575374.850 5303322.760
5841 406.666 4575353.430 5303317.850
5842 406.672 4575397.980 5303367.550
5843 408.262 4574424.850 5302122.760
5844 408.205 4574474.850 5302172.760
5845 408.186 4574374.850 5302122.760
5846 408.141 4574524.850 5302222.760
5847 408.082 4574544.810 5302256.550
5848 407.996 4574574.850 5302322.760
5849 407.965 4574624.850 5302372.760
5850 407.945 4574674.850 5302422.760
5851 398.450 4574694.350 5302735.880
5852 402.106 4574708.200 5302704.910
5853 407.867 4574724.850 5302472.760
5854 407.896 4574774.850 5302522.760
5855 408.115 4574789.940 5302525.750
5856 407.485 4574759.570 5302602.310
5857 407.950 4574775.760 5302564.730
5858 405.599 4574720.590 5302673.140
5859 407.327 4574736.820 5302635.800
5860 408.125 4574324.850 5302122.760
5861 408.186 4574311.380 5302088.460
5862 397.544 4574665.730 5302837.560
5863 397.440 4574671.050 5302800.850
5864 398.297 4574676.030 5302764.190
5865 407.550 4575282.380 5303064.710
5866 407.367 4575290.380 5303108.870
5867 407.483 4575174.850 5302872.760
5868 407.549 4575157.510 5302838.420
5869 407.431 4575174.850 5302922.760
5870 407.628 4575224.850 5302972.760
5871 407.542 4575224.850 5303022.760
5872 398.109 4574802.260 5302721.160
5873 398.117 4574782.880 5302749.480
5874 401.162 4574858.650 5302662.960
5875 399.821 4574833.530 5302693.770
5876 404.162 4574889.680 5302635.750
5877 406.742 4574916.990 5302606.330
5878 407.624 4574946.240 5302577.830
5879 407.941 4574982.760 5302554.920
5880 408.057 4575024.850 5302572.760
5881 408.219 4575083.080 5302585.370
5882 398.082 4574711.360 5302826.060
5883 397.879 4574678.970 5302845.970
5884 398.166 4574763.500 5302777.790
5885 398.078 4574744.110 5302806.100
5886 397.730 4574660.020 5302874.290
5887 406.999 4575269.300 5303152.380
5888 406.880 4575274.850 5303172.760
5889 406.848 4575285.690 5303196.300
5890 406.730 4575298.820 5303246.650
5891 406.629 4575358.220 5303356.580
5892 406.637 4575372.890 5303410.690
5893 408.132 4574424.850 5302172.760
5894 408.080 4574474.850 5302222.760
5895 408.080 4574374.850 5302172.760
5896 408.009 4574502.540 5302283.310
5897 407.986 4574524.850 5302322.760
5898 407.966 4574574.850 5302372.760
5899 407.934 4574624.850 5302422.760
5900 407.853 4574674.850 5302472.760
5901 401.497 4574690.360 5302733.470
5902 405.058 4574703.180 5302701.930
5903 407.727 4574724.850 5302522.760
5904 408.071 4574768.040 5302559.910
5905 407.878 4574753.330 5302598.470
5906 407.100 4574714.620 5302669.620
5907 407.804 4574731.080 5302632.340
5908 408.023 4574324.850 5302172.760
5909 408.057 4574284.180 5302130.300
5910 397.372 4574647.000 5302865.880
5911 397.396 4574652.550 5302829.180
5912 398.239 4574657.710 5302792.500
5913 400.949 4574672.440 5302761.990
5914 407.271 4575224.850 5303072.760
5915 406.926 4575224.850 5303122.760
5916 407.327 4575122.160 5302869.560
5917 407.675 4575124.850 5302922.760
5918 407.526 4575174.850 5302972.760
5919 407.345 4575174.850 5303022.760
5920 397.609 4574638.070 5302907.590
5921 398.605 4574808.890 5302725.060
5922 398.843 4574788.650 5302752.780
5923 403.688 4574866.260 5302667.750
5924 402.949 4574840.240 5302697.770
5925 406.995 4574897.450 5302640.710
5926 407.552 4574922.770 5302610.080
5927 407.949 4574952.460 5302581.820
5928 407.919 4574974.850 5302572.760
5929 408.057 4575024.850 5302622.760
5930 408.125 4575049.550 5302621.950
5931 408.269 4575104.830 5302729.490
5932 398.142 4574724.730 5302834.420
5933 397.990 4574692.200 5302854.380
5934 398.750 4574768.940 5302780.940
5935 398.735 4574749.660 5302809.410
5936 398.118 4574673.040 5302882.700
5937 406.669 4575224.850 5303172.760
5938 406.556 4575224.850 5303222.760
5939 406.644 4575269.880 5303240.850
5940 406.681 4575292.800 5303285.150
5941 406.608 4575321.290 5303385.990
5942 406.643 4575316.300 5303349.660
5943 406.602 4575324.850 5303422.760
5944 406.633 4575383.730 5303453.040
5945 406.680 4575350.910 5303487.020
5946 408.047 4574424.850 5302222.760
5947 407.993 4574474.850 5302272.760
5948 407.986 4574374.850 5302222.760
5949 407.902 4574324.850 5302222.760
5950 407.938 4574455.820 5302299.120
5951 407.919 4574474.850 5302322.760
5952 407.880 4574524.850 5302372.760
5953 407.808 4574574.850 5302422.760
5954 407.719 4574624.850 5302472.760
5955 407.562 4574674.850 5302522.760
5956 404.511 4574685.840 5302730.750
5957 406.830 4574697.710 5302698.660
5958 407.187 4574724.850 5302572.760
5959 406.979 4574746.020 5302593.980
5960 407.725 4574709.560 5302666.650
5961 407.140 4574724.240 5302628.210
5962 407.257 4574674.850 5302572.760
5963 407.945 4574274.850 5302172.760
5964 407.943 4574243.550 5302152.630
5965 397.515 4574616.120 5302940.890
5966 397.356 4574625.590 5302899.610
5967 397.383 4574634.050 5302857.510
5968 397.918 4574639.390 5302820.820
5969 401.204 4574654.010 5302790.190
5970 403.978 4574668.360 5302759.480
5971 406.967 4575174.850 5303072.760
5972 406.688 4575174.850 5303122.760
5973 407.359 4575083.340 5302900.420
5974 407.285 4575074.850 5302922.760
5975 407.152 4575124.850 5302972.760
5976 407.403 4575124.850 5303022.760
5977 397.906 4574650.560 5302915.560
5978 397.705 4574628.080 5302948.430
5979 402.301 4574815.220 5302728.780
5980 400.506 4574794.210 5302755.960
5981 407.044 4574874.290 5302672.820
5982 405.748 4574847.190 5302701.920
5983 407.852 4574904.920 5302645.480
5984 407.895 4574929.150 5302614.230
5985 407.918 4574974.850 5302622.760
5986 408.107 4575043.070 5302652.770
5987 408.195 4575075.160 5302705.850
5988 408.093 4575038.170 5302686.910
5989 408.186 4575077.940 5302771.480
5990 398.654 4574730.280 5302837.810
5991 398.185 4574705.350 5302862.740
5992 400.391 4574774.230 5302784.000
5993 400.836 4574755.080 5302812.650
5994 398.232 4574685.970 5302891.050
5995 406.599 4575174.850 5303172.760
5996 406.532 4575174.850 5303222.760
5997 406.642 4575224.850 5303272.760
5998 406.651 4575294.730 5303324.510
5999 406.591 4575274.850 5303372.760
6000 406.623 4575274.850 5303422.760
6001 406.670 4575323.400 5303457.420
6002 406.699 4575323.340 5303560.260
6003 407.812 4574274.850 5302222.760
6004 407.963 4574424.850 5302272.760
6005 407.872 4574374.850 5302272.760
6006 407.756 4574324.850 5302272.760
6007 407.814 4574424.850 5302322.760
6008 407.752 4574474.850 5302372.760
6009 407.666 4574524.850 5302422.760
6010 407.562 4574574.850 5302472.760
6011 407.429 4574624.850 5302522.760
6012 406.399 4574680.910 5302727.760
6013 407.537 4574693.130 5302695.940
6014 407.169 4574715.900 5302621.700
6015 407.494 4574703.390 5302663.020
6016 407.338 4574624.850 5302572.760
6017 407.290 4574674.850 5302622.760
6018 407.783 4574212.180 5302190.690
6019 397.452 4574594.180 5302974.190
6020 397.261 4574604.180 5302933.350
6021 397.336 4574613.150 5302891.670
6022 397.682 4574621.070 5302849.130
6023 401.368 4574635.510 5302818.350
6024 403.884 4574649.780 5302787.550
6025 405.873 4574663.890 5302756.730
6026 406.650 4575124.850 5303072.760
6027 406.573 4575124.850 5303122.760
6028 397.562 4574605.600 5302981.300
6029 407.454 4575049.430 5302928.830
6030 407.328 4575074.850 5302972.760
6031 407.667 4575024.850 5302922.760
6032 407.433 4575074.850 5303022.760
6033 398.096 4574662.980 5302923.500
6034 397.931 4574639.990 5302955.950
6035 404.999 4574821.670 5302732.570
6036 403.916 4574799.820 5302759.160
6037 407.795 4574882.250 5302677.840
6038 407.438 4574854.280 5302706.160
6039 407.786 4574913.010 5302650.640
6040 407.838 4574930.200 5302624.400
6041 407.918 4574974.850 5302672.760
6042 408.056 4575024.850 5302722.760
6043 408.083 4575035.080 5302774.090
6044 408.005 4575007.110 5302815.550
6045 400.942 4574735.760 5302841.180
6046 398.463 4574710.900 5302866.220
6047 403.072 4574779.520 5302787.070
6048 402.827 4574760.480 5302815.870
6049 398.448 4574691.520 5302894.620
6050 406.596 4575124.850 5303172.760
6051 406.553 4575124.850 5303222.760
6052 406.485 4575174.850 5303272.760
6053 406.625 4575224.850 5303322.760
6054 406.633 4575224.850 5303372.760
6055 406.669 4575274.850 5303472.760
6056 406.697 4575224.850 5303422.760
6057 406.709 4575296.390 5303494.030
6058 406.689 4575294.210 5303530.700
6059 406.693 4575290.040 5303594.110
6060 406.677 4575274.850 5303572.760
6061 406.651 4575303.820 5303636.670
6062 407.711 4574224.850 5302222.760
6063 407.648 4574274.850 5302272.760
6064 407.845 4574406.300 5302302.670
6065 407.703 4574357.360 5302309.360
6066 407.527 4574321.190 5302341.750
6067 407.629 4574424.850 5302372.760
6068 407.543 4574474.850 5302422.760
6069 407.458 4574524.850 5302472.760
6070 407.388 4574574.850 5302522.760
6071 407.279 4574676.830 5302725.300
6072 407.703 4574687.490 5302692.580
6073 407.414 4574574.850 5302572.760
6074 407.284 4574674.850 5302672.760
6075 407.382 4574624.850 5302622.760
6076 407.646 4574167.090 5302208.610
6077 397.343 4574572.230 5303007.490
6078 397.317 4574582.770 5302967.080
6079 397.274 4574592.240 5302925.820
6080 397.451 4574600.680 5302883.700
6081 401.388 4574617.060 5302846.540
6082 404.343 4574631.070 5302815.520
6083 405.892 4574645.130 5302784.640
6084 406.752 4574660.240 5302754.490
6085 407.525 4574123.370 5302229.750
6086 407.133 4575074.850 5303072.760
6087 406.475 4575074.850 5303122.760
6088 397.685 4574617.010 5302988.400
6089 397.403 4574583.110 5303014.170
6090 397.359 4574560.630 5303047.040
6091 407.373 4575024.850 5302972.760
6092 407.801 4575002.340 5302932.560
6093 407.071 4575024.850 5303022.760
6094 398.452 4574668.640 5302927.090
6095 398.304 4574645.840 5302959.610
6096 406.882 4574828.420 5302736.550
6097 406.202 4574805.630 5302762.490
6098 407.727 4574890.710 5302683.170
6099 407.726 4574861.680 5302710.570
6100 407.779 4574924.850 5302672.760
6101 407.917 4574974.850 5302722.760
6102 407.917 4574974.850 5302772.760
6103 407.916 4574974.850 5302822.760
6104 407.923 4574977.420 5302855.760
6105 402.440 4574741.150 5302844.490
6106 400.940 4574716.430 5302869.710
6107 405.418 4574784.940 5302790.200
6108 405.407 4574765.920 5302819.110
6109 400.356 4574697.120 5302898.250
6110 406.514 4575074.850 5303172.760
6111 406.484 4575074.850 5303222.760
6112 406.464 4575124.850 5303272.760
6113 406.563 4575174.850 5303322.760
6114 406.662 4575174.850 5303372.760
6115 406.735 4575224.850 5303472.760
6116 406.698 4575174.850 5303422.760
6117 406.702 4575224.850 5303522.760
6118 406.631 4575224.850 5303572.760
6119 406.636 4575274.850 5303622.760
6120 406.561 4575288.370 5303680.800
6121 406.514 4575250.530 5303688.730
6122 406.556 4575224.850 5303622.760
6123 406.456 4575228.980 5303754.400
6124 406.430 4575238.310 5303797.280
6125 406.418 4575218.040 5303830.500
6126 407.571 4574224.850 5302272.760
6127 407.521 4574274.850 5302322.760
6128 407.523 4574374.850 5302372.760
6129 407.449 4574322.320 5302389.930
6130 407.477 4574424.850 5302422.760
6131 407.423 4574474.850 5302472.760
6132 407.402 4574524.850 5302522.760
6133 407.476 4574524.850 5302572.760
6134 407.607 4574671.770 5302722.240
6135 407.447 4574574.850 5302622.760
6136 407.315 4574624.850 5302672.760
6137 407.518 4574174.850 5302272.760
6138 397.173 4574550.280 5303040.790
6139 397.221 4574561.350 5303000.820
6140 397.242 4574571.340 5302959.980
6141 397.262 4574580.290 5302918.280
6142 400.613 4574596.390 5302881.020
6143 404.401 4574612.420 5302843.550
6144 405.904 4574626.160 5302812.390
6145 406.789 4574641.390 5302782.300
6146 407.419 4574655.670 5302751.690
6147 407.477 4574078.570 5302245.960
6148 407.472 4574124.850 5302272.760
6149 407.456 4574029.780 5302252.580
6150 397.183 4574541.680 5303075.100
6151 407.339 4575024.850 5303072.760
6152 407.102 4575024.850 5303122.760
6153 398.032 4574623.100 5302992.170
6154 397.534 4574594.020 5303020.850
6155 397.410 4574571.030 5303053.300
6156 407.904 4574982.170 5302905.320
6157 407.852 4574952.250 5302897.830
6158 407.769 4574974.850 5302972.760
6159 407.423 4574974.850 5303022.760
6160 399.967 4574674.450 5302930.790
6161 400.078 4574651.920 5302963.420
6162 407.661 4574835.340 5302740.610
6163 407.279 4574811.630 5302765.910
6164 407.669 4574874.850 5302722.760
6165 407.779 4574924.850 5302722.760
6166 407.778 4574924.850 5302772.760
6167 407.777 4574924.850 5302822.760
6168 407.777 4574924.850 5302872.760
6169 405.236 4574746.510 5302847.770
6170 402.868 4574721.830 5302873.110
6171 406.936 4574790.570 5302793.450
6172 407.032 4574771.620 5302822.510
6173 403.404 4574702.520 5302901.740
6174 407.078 4575024.850 5303172.760
6175 406.356 4575024.850 5303222.760
6176 406.498 4575074.850 5303272.760
6177 406.555 4575124.850 5303322.760
6178 406.707 4575124.850 5303372.760
6179 406.710 4575174.850 5303472.760
6180 406.711 4575124.850 5303422.760
6181 406.675 4575174.850 5303522.760
6182 406.579 4575174.850 5303572.760
6183 406.530 4575232.710 5303657.390
6184 406.512 4575174.850 5303622.760
6185 406.489 4575214.830 5303692.660
6186 406.473 4575220.400 5303713.960
6187 406.418 4575174.850 5303772.760
6188 406.396 4575174.980 5303831.150
6189 407.475 4574224.850 5302322.760
6190 407.452 4574274.850 5302372.760
6191 407.442 4574324.850 5302422.760
6192 407.449 4574361.850 5302413.920
6193 407.428 4574424.850 5302472.760
6194 407.441 4574474.850 5302522.760
6195 407.470 4574474.850 5302572.760
6196 407.385 4574524.850 5302622.760
6197 406.837 4574624.850 5302722.760
6198 407.225 4574574.850 5302672.760
6199 407.460 4574174.850 5302322.760
6200 397.024 4574522.720 5303103.160
6201 397.120 4574531.190 5303068.730
6202 397.169 4574539.940 5303034.550
6203 397.223 4574550.440 5302994.130
6204 397.144 4574559.900 5302952.850
6205 400.079 4574575.320 5302915.240
6206 403.836 4574591.880 5302878.180
6207 405.953 4574607.280 5302840.230
6208 406.879 4574622.260 5302809.910
6209 407.427 4574636.650 5302779.340
6210 407.263 4574624.850 5302772.760
6211 407.457 4574074.850 5302272.760
6212 407.454 4574124.850 5302322.760
6213 407.451 4574045.920 5302282.380
6214 407.448 4574024.850 5302272.760
6215 407.447 4573994.830 5302261.790
6216 397.174 4574552.200 5303081.490
6217 397.032 4574533.370 5303109.670
6218 407.138 4574974.850 5303072.760
6219 407.006 4574974.850 5303122.760
6220 400.237 4574629.540 5302996.150
6221 397.658 4574600.310 5303024.690
6222 397.446 4574577.470 5303057.180
6223 407.776 4574924.850 5302922.760
6224 407.728 4574924.850 5302972.760
6225 407.723 4574924.850 5303022.760
6226 403.369 4574680.080 5302934.360
6227 403.037 4574657.840 5302967.120
6228 407.586 4574824.850 5302772.760
6229 407.639 4574874.850 5302772.760
6230 407.639 4574874.850 5302822.760
6231 407.638 4574874.850 5302872.760
6232 407.076 4574752.190 5302851.240
6233 405.516 4574727.110 5302876.430
6234 407.276 4574778.100 5302824.200
6235 405.623 4574707.720 5302905.090
6236 407.303 4574974.850 5303172.760
6237 406.771 4574974.850 5303222.760
6238 406.574 4575024.850 5303272.760
6239 406.582 4575074.850 5303322.760
6240 406.691 4575074.850 5303372.760
6241 406.673 4575124.850 5303472.760
6242 406.684 4575074.850 5303422.760
6243 406.632 4575124.850 5303522.760
6244 406.551 4575124.850 5303572.760
6245 406.484 4575174.850 5303672.760
6246 406.497 4575124.850 5303622.760
6247 406.435 4575174.850 5303722.760
6248 406.384 4575124.850 5303772.760
6249 406.388 4575140.650 5303798.130
6250 407.447 4574224.850 5302372.760
6251 407.456 4574274.850 5302422.760
6252 407.450 4574324.850 5302472.760
6253 407.445 4574364.040 5302460.240
6254 407.467 4574424.850 5302522.760
6255 407.414 4574424.850 5302572.760
6256 407.329 4574474.850 5302622.760
6257 407.146 4574524.850 5302672.760
6258 406.928 4574574.850 5302722.760
6259 407.442 4574174.850 5302372.760
6260 396.919 4574503.770 5303131.220
6261 397.103 4574512.110 5303096.660
6262 397.128 4574520.720 5303062.360
6263 397.133 4574529.530 5303028.290
6264 397.097 4574539.510 5302987.430
6265 399.750 4574553.790 5302949.130
6266 403.659 4574570.450 5302912.250
6267 405.531 4574586.810 5302874.990
6268 406.881 4574603.270 5302837.630
6269 407.374 4574617.280 5302806.750
6270 406.774 4574574.850 5302772.760
6271 407.449 4574074.850 5302322.760
6272 407.465 4574124.850 5302372.760
6273 407.441 4574024.850 5302322.760
6274 407.395 4573974.850 5302322.760
6275 407.405 4573966.060 5302302.690
6276 397.668 4574558.870 5303085.540
6277 397.917 4574540.270 5303113.890
6278 396.938 4574514.540 5303137.850
6279 407.525 4574924.850 5303072.760
6280 407.178 4574924.850 5303122.760
6281 403.233 4574635.820 5303000.030
6282 400.216 4574607.040 5303028.800
6283 399.263 4574584.440 5303061.390
6284 407.638 4574874.850 5302922.760
6285 407.637 4574874.850 5302972.760
6286 407.636 4574874.850 5303022.760
6287 404.716 4574685.550 5302937.840
6288 404.458 4574663.650 5302970.760
6289 407.516 4574824.850 5302822.760
6290 407.500 4574824.850 5302872.760
6291 406.976 4574732.760 5302879.980
6292 407.378 4574774.850 5302872.760
6293 407.417 4574713.330 5302908.720
6294 406.904 4574924.850 5303172.760
6295 406.976 4574924.850 5303222.760
6296 406.934 4574974.850 5303272.760
6297 406.678 4575024.850 5303322.760
6298 406.662 4575024.850 5303372.760
6299 406.604 4575074.850 5303472.760
6300 406.635 4575024.850 5303422.760
6301 406.531 4575074.850 5303522.760
6302 406.486 4575074.850 5303572.760
6303 406.467 4575124.850 5303672.760
6304 406.448 4575074.850 5303622.760
6305 406.433 4575124.850 5303722.760
6306 406.368 4575093.140 5303792.470
6307 406.329 4575050.060 5303833.950
6308 406.336 4575161.610 5303904.500
6309 406.333 4575191.060 5303934.620
6310 407.483 4574224.850 5302422.760
6311 407.454 4574274.850 5302472.760
6312 407.470 4574339.720 5302503.960
6313 407.460 4574374.850 5302522.760
6314 407.319 4574374.850 5302572.760
6315 407.216 4574424.850 5302622.760
6316 407.092 4574474.850 5302672.760
6317 406.972 4574524.850 5302722.760
6318 407.447 4574174.850 5302422.760
6319 396.830 4574484.810 5303159.280
6320 396.980 4574493.020 5303124.600
6321 397.076 4574501.490 5303090.170
6322 397.121 4574510.190 5303055.980
6323 397.209 4574519.120 5303022.000
6324 399.391 4574532.320 5302983.070
6325 404.037 4574548.100 5302945.650
6326 405.470 4574564.920 5302908.850
6327 406.544 4574582.830 5302872.490
6328 407.317 4574598.090 5302834.290
6329 406.673 4574574.850 5302822.760
6330 406.890 4574524.850 5302772.760
6331 407.413 4574074.850 5302372.760
6332 407.387 4574124.850 5302422.760
6333 407.351 4574024.850 5302372.760
6334 407.269 4573974.850 5302372.760
6335 407.302 4573924.130 5302324.920
6336 407.174 4573891.480 5302360.610
6337 396.759 4574495.720 5303166.040
6338 396.681 4574476.890 5303194.220
6339 399.523 4574565.850 5303089.780
6340 399.782 4574547.260 5303118.170
6341 397.984 4574521.670 5303142.250
6342 407.563 4574874.850 5303072.760
6343 407.622 4574874.850 5303122.760
6344 404.870 4574642.040 5303003.860
6345 403.233 4574613.630 5303032.820
6346 403.082 4574591.280 5303065.510
6347 407.499 4574824.850 5302922.760
6348 407.498 4574824.850 5302972.760
6349 407.498 4574824.850 5303022.760
6350 407.123 4574691.350 5302941.520
6351 407.053 4574669.700 5302974.550
6352 407.367 4574774.850 5302922.760
6353 407.229 4574724.850 5302922.760
6354 407.280 4574874.850 5303172.760
6355 406.992 4574874.850 5303222.760
6356 407.052 4574924.850 5303272.760
6357 406.743 4574974.850 5303322.760
6358 406.701 4574974.850 5303372.760
6359 406.546 4575024.850 5303472.760
6360 406.594 4574974.850 5303422.760
6361 406.501 4575024.850 5303522.760
6362 406.465 4575024.850 5303572.760
6363 406.442 4575074.850 5303672.760
6364 406.446 4575024.850 5303622.760
6365 406.409 4575074.850 5303722.760
6366 406.360 4575058.570 5303798.100
6367 406.319 4575024.850 5303822.760
6368 406.304 4575115.750 5303920.160
6369 406.314 4575162.170 5303960.800
6370 406.296 4575080.320 5303953.710
6371 406.288 4575044.620 5303945.820
6372 396.729 4574465.860 5303187.340
6373 407.416 4574224.850 5302472.760
6374 407.340 4574274.850 5302522.760
6375 407.321 4574313.530 5302546.590
6376 407.221 4574324.850 5302572.760
6377 407.150 4574374.850 5302622.760
6378 407.063 4574424.850 5302672.760
6379 406.978 4574474.850 5302722.760
6380 407.320 4574174.850 5302472.760
6381 396.814 4574473.930 5303152.540
6382 396.989 4574482.270 5303117.990
6383 397.197 4574490.840 5303083.660
6384 397.102 4574499.660 5303049.580
6385 399.002 4574510.910 5303017.060
6386 404.137 4574525.910 5302979.180
6387 405.794 4574541.580 5302941.660
6388 406.551 4574560.560 5302906.180
6389 407.190 4574577.680 5302869.250
6390 406.635 4574524.850 5302822.760
6391 406.851 4574474.850 5302772.760
6392 407.290 4574074.850 5302422.760
6393 407.209 4574124.850 5302472.760
6394 407.193 4574024.850 5302422.760
6395 407.147 4573974.850 5302422.760
6396 407.185 4573924.850 5302372.760
6397 407.010 4573863.340 5302401.950
6398 396.652 4574458.060 5303222.410
6399 397.943 4574503.050 5303170.580
6400 397.936 4574484.540 5303198.990
6401 403.144 4574572.770 5303093.980
6402 403.204 4574554.260 5303122.440
6403 400.256 4574528.670 5303146.550
6404 407.497 4574824.850 5303072.760
6405 407.491 4574824.850 5303122.760
6406 407.163 4574648.420 5303007.810
6407 405.252 4574620.200 5303036.830
6408 405.445 4574598.160 5303069.650
6409 407.360 4574774.850 5302972.760
6410 407.359 4574774.850 5303022.760
6411 407.348 4574673.700 5302982.100
6412 407.218 4574724.850 5302972.760
6413 407.472 4574824.850 5303172.760
6414 407.382 4574824.850 5303222.760
6415 406.711 4574874.850 5303272.760
6416 406.775 4574924.850 5303322.760
6417 406.634 4574924.850 5303372.760
6418 406.509 4574974.850 5303472.760
6419 406.543 4574924.850 5303422.760
6420 406.461 4574974.850 5303522.760
6421 406.440 4574974.850 5303572.760
6422 406.411 4575024.850 5303672.760
6423 406.426 4574974.850 5303622.760
6424 406.374 4575024.850 5303722.760
6425 406.350 4575024.850 5303772.760
6426 406.303 4575000.800 5303833.880
6427 406.295 4575117.540 5303970.020
6428 406.283 4575136.340 5304012.040
6429 406.283 4575043.210 5303986.530
6430 406.284 4575012.170 5303945.850
6431 407.074 4573924.850 5302422.760
6432 396.641 4574446.900 5303215.400
6433 396.785 4574454.840 5303180.470
6434 407.227 4574224.850 5302522.760
6435 407.102 4574285.050 5302587.680
6436 407.094 4574324.850 5302622.760
6437 407.081 4574374.850 5302672.760
6438 406.956 4574424.850 5302722.760
6439 407.146 4574174.850 5302522.760
6440 396.896 4574463.040 5303145.800
6441 397.004 4574471.490 5303111.350
6442 397.107 4574480.190 5303077.150
6443 399.448 4574491.910 5303044.890
6444 404.136 4574503.850 5303012.800
6445 406.025 4574518.510 5302974.680
6446 406.796 4574536.430 5302938.520
6447 407.178 4574554.900 5302902.710
6448 406.430 4574524.850 5302872.760
6449 406.716 4574474.850 5302822.760
6450 406.866 4574424.850 5302772.760
6451 407.144 4574074.850 5302472.760
6452 407.096 4574124.850 5302522.760
6453 407.098 4574024.850 5302472.760
6454 407.022 4573974.850 5302472.760
6455 407.000 4573874.850 5302422.760
6456 406.910 4573824.850 5302422.760
6457 397.906 4574466.190 5303227.500
6458 396.670 4574436.650 5303256.240
6459 396.607 4574415.240 5303290.070
6460 400.613 4574510.030 5303174.910
6461 400.919 4574491.620 5303203.420
6462 405.287 4574579.770 5303098.230
6463 405.125 4574561.370 5303126.800
6464 403.275 4574535.740 5303150.910
6465 407.359 4574774.850 5303072.760
6466 407.358 4574774.850 5303122.760
6467 407.135 4574626.860 5303040.890
6468 407.347 4574605.040 5303073.800
6469 407.221 4574724.850 5303022.760
6470 407.077 4574674.850 5303022.760
6471 407.357 4574774.850 5303172.760
6472 407.283 4574774.850 5303222.760
6473 407.036 4574824.850 5303272.760
6474 406.963 4574874.850 5303322.760
6475 406.721 4574874.850 5303372.760
6476 406.486 4574924.850 5303472.760
6477 406.708 4574874.850 5303422.760
6478 406.450 4574924.850 5303522.760
6479 406.412 4574924.850 5303572.760
6480 406.395 4574974.850 5303672.760
6481 406.362 4574924.850 5303622.760
6482 406.353 4574974.850 5303722.760
6483 406.321 4574974.850 5303772.760
6484 406.271 4574955.570 5303835.190
6485 406.295 4575074.850 5304022.760
6486 406.299 4575110.870 5304054.750
6487 406.264 4575024.850 5304022.760
6488 406.289 4574966.060 5303961.710
6489 406.173 4575148.820 5304234.490
6490 406.157 4575180.320 5304265.180
6491 406.139 4575196.100 5304299.660
6492 406.947 4573924.850 5302472.760
6493 396.659 4574425.520 5303249.300
6494 396.576 4574404.140 5303283.190
6495 396.709 4574435.750 5303208.410
6496 396.889 4574443.820 5303173.610
6497 407.106 4574224.850 5302572.760
6498 407.019 4574257.510 5302629.390
6499 406.996 4574324.850 5302672.760
6500 406.971 4574374.850 5302722.760
6501 407.061 4574174.850 5302572.760
6502 396.987 4574452.140 5303139.040
6503 397.332 4574460.730 5303104.730
6504 400.170 4574472.910 5303072.720
6505 404.064 4574485.030 5303040.720
6506 406.190 4574495.640 5303007.850
6507 406.985 4574512.640 5302971.120
6508 407.111 4574529.740 5302934.420
6509 406.718 4574524.850 5302922.760
6510 406.673 4574474.850 5302872.760
6511 406.760 4574424.850 5302822.760
6512 406.862 4574374.850 5302772.760
6513 407.050 4574074.850 5302522.760
6514 407.004 4574124.850 5302572.760
6515 407.005 4574024.850 5302522.760
6516 406.920 4573974.850 5302522.760
6517 406.891 4573874.850 5302472.760
6518 406.895 4573834.460 5302442.780
6519 406.821 4573824.850 5302472.760
6520 401.338 4574473.520 5303232.100
6521 397.656 4574444.500 5303261.120
6522 397.701 4574422.960 5303294.840
6523 396.616 4574393.820 5303323.890
6524 403.334 4574517.160 5303179.330
6525 403.577 4574498.930 5303207.970
6526 407.211 4574586.770 5303102.480
6527 407.076 4574568.500 5303131.150
6528 405.335 4574542.980 5303155.360
6529 407.220 4574724.850 5303072.760
6530 407.219 4574724.850 5303122.760
6531 406.928 4574624.850 5303072.760
6532 407.117 4574674.850 5303072.760
6533 407.219 4574724.850 5303172.760
6534 407.218 4574724.850 5303222.760
6535 407.285 4574774.850 5303272.760
6536 406.758 4574824.850 5303322.760
6537 406.654 4574824.850 5303372.760
6538 406.430 4574874.850 5303472.760
6539 406.930 4574824.850 5303422.760
6540 406.432 4574874.850 5303522.760
6541 406.412 4574874.850 5303572.760
6542 406.347 4574924.850 5303672.760
6543 406.368 4574874.850 5303622.760
6544 406.316 4574924.850 5303722.760
6545 406.282 4574924.850 5303772.760
6546 406.270 4574924.850 5303822.760
6547 406.279 4574939.110 5303877.020
6548 406.265 4574916.390 5303894.060
6549 406.203 4575126.580 5304192.940
6550 406.273 4575070.800 5304079.360
6551 406.269 4575024.850 5304072.760
6552 406.260 4574974.850 5304022.760
6553 406.252 4574919.980 5303966.180
6554 406.170 4575124.850 5304222.760
6555 406.104 4575124.850 5304272.760
6556 406.058 4575158.800 5304332.050
6557 406.052 4575124.850 5304322.760
6558 406.850 4573924.850 5302522.760
6559 396.654 4574372.410 5303357.720
6560 396.613 4574382.750 5303317.090
6561 396.717 4574414.390 5303242.370
6562 396.730 4574393.030 5303276.330
6563 396.873 4574424.590 5303201.420
6564 396.898 4574432.800 5303166.730
6565 407.051 4574224.850 5302622.760
6566 406.968 4574274.850 5302672.760
6567 406.913 4574324.850 5302722.760
6568 406.991 4574174.850 5302622.760
6569 397.817 4574441.270 5303132.310
6570 400.675 4574453.910 5303100.550
6571 403.992 4574466.210 5303068.640
6572 406.221 4574477.150 5303035.940
6573 407.004 4574489.120 5303003.930
6574 406.510 4574505.010 5302966.480
6575 406.516 4574474.850 5302922.760
6576 406.658 4574424.850 5302872.760
6577 406.743 4574374.850 5302822.760
6578 406.828 4574324.850 5302772.760
6579 406.938 4574074.850 5302572.760
6580 406.906 4574124.850 5302622.760
6581 406.877 4574024.850 5302572.760
6582 406.823 4573974.850 5302572.760
6583 406.798 4573874.850 5302522.760
6584 406.758 4573824.850 5302522.760
6585 406.800 4573795.380 5302468.110
6586 406.775 4573774.850 5302472.760
6587 397.139 4574379.880 5303362.280
6588 403.956 4574481.150 5303236.890
6589 401.017 4574451.500 5303265.480
6590 401.069 4574429.780 5303299.060
6591 397.549 4574401.430 5303328.570
6592 405.631 4574524.490 5303183.880
6593 405.949 4574506.470 5303212.680
6594 406.830 4574573.800 5303134.600
6595 406.942 4574550.230 5303159.830
6596 407.081 4574674.850 5303122.760
6597 406.925 4574624.850 5303122.760
6598 407.080 4574674.850 5303172.760
6599 407.080 4574674.850 5303222.760
6600 407.218 4574724.850 5303272.760
6601 407.138 4574774.850 5303322.760
6602 406.792 4574774.850 5303372.760
6603 406.390 4574824.850 5303472.760
6604 406.523 4574774.850 5303422.760
6605 406.496 4574824.850 5303522.760
6606 406.343 4574824.850 5303572.760
6607 406.319 4574874.850 5303672.760
6608 406.348 4574824.850 5303622.760
6609 406.292 4574874.850 5303722.760
6610 406.264 4574874.850 5303772.760
6611 406.244 4574874.850 5303822.760
6612 406.269 4574877.650 5303875.780
6613 406.194 4575080.490 5304176.580
6614 406.244 4575043.430 5304117.630
6615 406.237 4574974.850 5304072.760
6616 406.259 4574924.850 5304022.760
6617 406.247 4574874.850 5303972.760
6618 406.271 4574873.760 5303948.350
6619 406.133 4575074.850 5304222.760
6620 406.062 4575074.850 5304272.760
6621 405.969 4575181.830 5304418.610
6622 406.012 4575187.070 5304391.120
6623 406.009 4575129.090 5304359.500
6624 405.990 4575074.850 5304322.760
6625 405.918 4575149.480 5304447.460
6626 406.778 4573924.850 5302572.760
6627 396.606 4574351.000 5303391.550
6628 396.784 4574361.370 5303350.990
6629 396.726 4574371.680 5303310.290
6630 396.834 4574403.270 5303235.440
6631 396.798 4574381.940 5303269.470
6632 396.830 4574413.450 5303194.420
6633 397.767 4574421.800 5303159.880
6634 406.964 4574236.740 5302674.610
6635 406.854 4574274.850 5302722.760
6636 406.862 4574174.850 5302672.760
6637 401.058 4574434.910 5303128.390
6638 404.102 4574447.400 5303096.560
6639 406.241 4574458.660 5303064.030
6640 406.915 4574470.840 5303032.130
6641 406.842 4574480.630 5302998.810
6642 406.559 4574474.850 5302972.760
6643 406.646 4574424.850 5302922.760
6644 406.707 4574374.850 5302872.760
6645 406.769 4574324.850 5302822.760
6646 406.790 4574274.850 5302772.760
6647 406.834 4574074.850 5302622.760
6648 406.816 4574124.850 5302672.760
6649 406.787 4574024.850 5302622.760
6650 406.751 4573974.850 5302622.760
6651 406.732 4573874.850 5302572.760
6652 406.689 4573824.850 5302572.760
6653 406.710 4573774.850 5302522.760
6654 406.725 4573760.190 5302499.560
6655 401.406 4574386.320 5303366.220
6656 397.134 4574358.320 5303395.990
6657 396.638 4574334.360 5303420.410
6658 406.294 4574489.050 5303241.840
6659 403.652 4574458.940 5303270.110
6660 403.609 4574437.160 5303303.620
6661 401.343 4574408.080 5303332.660
6662 406.628 4574531.840 5303188.430
6663 406.601 4574514.040 5303217.400
6664 406.776 4574574.850 5303172.760
6665 406.963 4574624.850 5303172.760
6666 406.941 4574624.850 5303222.760
6667 407.079 4574674.850 5303272.760
6668 407.142 4574724.850 5303322.760
6669 407.202 4574724.850 5303372.760
6670 406.624 4574774.850 5303472.760
6671 406.894 4574724.850 5303422.760
6672 406.670 4574774.850 5303522.760
6673 406.490 4574774.850 5303572.760
6674 406.318 4574824.850 5303672.760
6675 406.277 4574774.850 5303622.760
6676 406.271 4574824.850 5303722.760
6677 406.251 4574824.850 5303772.760
6678 406.251 4574824.850 5303822.760
6679 406.258 4574838.180 5303876.190
6680 406.263 4574841.060 5303915.830
6681 406.152 4575041.930 5304181.420
6682 406.191 4575043.690 5304152.870
6683 406.173 4574974.850 5304122.760
6684 406.185 4574924.850 5304072.760
6685 406.216 4574874.850 5304022.760
6686 406.226 4574824.850 5303972.760
6687 406.089 4575024.130 5304222.030
6688 406.011 4575024.850 5304272.760
6689 405.964 4575143.530 5304403.700
6690 405.961 4575074.850 5304372.760
6691 405.971 4575024.850 5304322.760
6692 405.873 4575103.020 5304451.940
6693 406.713 4573924.850 5302622.760
6694 396.861 4574339.980 5303384.880
6695 396.795 4574350.320 5303344.250
6696 396.555 4574317.720 5303449.270
6697 396.859 4574323.040 5303413.590
6698 396.776 4574360.610 5303303.490
6699 396.818 4574392.150 5303228.510
6700 396.806 4574370.840 5303262.600
6701 397.793 4574402.340 5303187.460
6702 401.660 4574415.890 5303156.200
6703 406.806 4574220.590 5302721.920
6704 406.786 4574174.850 5302722.760
6705 404.458 4574428.600 5303124.490
6706 406.258 4574440.180 5303092.130
6707 406.861 4574452.570 5303060.320
6708 406.605 4574462.680 5303027.180
6709 406.672 4574424.850 5302972.760
6710 406.692 4574374.850 5302922.760
6711 406.727 4574324.850 5302872.760
6712 406.737 4574274.850 5302822.760
6713 406.757 4574224.850 5302772.760
6714 406.770 4574074.850 5302672.760
6715 406.754 4574124.850 5302722.760
6716 406.733 4574024.850 5302672.760
6717 406.693 4573974.850 5302672.760
6718 406.662 4573874.850 5302622.760
6719 406.606 4573824.850 5302622.760
6720 406.545 4573774.850 5302622.760
6721 406.632 4573774.850 5302572.760
6722 406.638 4573741.510 5302544.960
6723 397.096 4574324.350 5303453.250
6724 403.426 4574393.600 5303370.650
6725 401.469 4574364.570 5303399.770
6726 397.102 4574341.300 5303424.600
6727 406.545 4574497.000 5303246.820
6728 406.214 4574466.520 5303274.830
6729 406.146 4574444.560 5303308.200
6730 403.797 4574415.430 5303337.170
6731 406.628 4574524.850 5303222.760
6732 406.773 4574574.850 5303222.760
6733 406.940 4574624.850 5303272.760
6734 407.078 4574674.850 5303322.760
6735 407.054 4574674.850 5303372.760
6736 406.611 4574724.850 5303472.760
6737 407.051 4574674.850 5303422.760
6738 406.359 4574724.850 5303522.760
6739 406.592 4574724.850 5303572.760
6740 406.294 4574774.850 5303672.760
6741 406.339 4574724.850 5303622.760
6742 406.262 4574774.850 5303722.760
6743 406.241 4574774.850 5303772.760
6744 406.262 4574774.850 5303822.760
6745 406.274 4574774.850 5303872.760
6746 406.246 4574774.850 5303922.760
6747 406.111 4574974.850 5304172.760
6748 406.097 4574924.850 5304122.760
6749 406.144 4574874.850 5304072.760
6750 406.157 4574824.850 5304022.760
6751 406.180 4574774.850 5303972.760
6752 406.036 4574974.850 5304222.760
6753 405.998 4574974.850 5304272.760
6754 405.896 4575074.850 5304422.760
6755 405.914 4575024.850 5304372.760
6756 405.928 4574974.850 5304322.760
6757 405.819 4575055.390 5304462.020
6758 396.538 4574301.080 5303478.130
6759 406.639 4573924.850 5302672.760
6760 396.732 4574328.960 5303378.210
6761 396.565 4574339.280 5303337.520
6762 396.783 4574306.090 5303442.300
6763 396.657 4574311.700 5303406.760
6764 396.806 4574349.540 5303296.690
6765 397.587 4574381.060 5303221.610
6766 397.384 4574359.770 5303255.760
6767 402.225 4574396.830 5303183.990
6768 404.680 4574409.740 5303152.380
6769 406.754 4574203.960 5302769.080
6770 406.732 4574174.850 5302772.760
6771 406.245 4574421.720 5303120.230
6772 406.788 4574434.300 5303088.520
6773 406.463 4574444.740 5303055.550
6774 406.535 4574424.850 5303022.760
6775 406.635 4574374.850 5302972.760
6776 406.682 4574324.850 5302922.760
6777 406.695 4574274.850 5302872.760
6778 406.708 4574224.850 5302822.760
6779 406.718 4574074.850 5302722.760
6780 406.702 4574124.850 5302772.760
6781 406.670 4574024.850 5302722.760
6782 406.612 4573974.850 5302722.760
6783 406.573 4573874.850 5302672.760
6784 406.517 4573824.850 5302672.760
6785 406.458 4573774.850 5302672.760
6786 406.496 4573724.850 5302622.760
6787 406.539 4573714.030 5302586.690
6788 396.536 4574284.440 5303506.990
6789 397.112 4574307.450 5303481.940
6790 401.275 4574329.820 5303456.540
6791 405.953 4574400.660 5303374.960
6792 403.290 4574371.780 5303404.130
6793 401.335 4574347.130 5303428.110
6794 406.535 4574474.230 5303279.620
6795 406.478 4574452.180 5303312.910
6796 406.107 4574422.680 5303341.630
6797 406.624 4574524.850 5303272.760
6798 406.810 4574574.850 5303272.760
6799 406.940 4574624.850 5303322.760
6800 406.939 4574624.850 5303372.760
6801 406.996 4574674.850 5303472.760
6802 406.939 4574624.850 5303422.760
6803 406.649 4574674.850 5303522.760
6804 406.377 4574674.850 5303572.760
6805 406.306 4574724.850 5303672.760
6806 406.301 4574674.850 5303622.760
6807 406.259 4574724.850 5303722.760
6808 406.242 4574724.850 5303772.760
6809 406.221 4574724.850 5303822.760
6810 406.261 4574724.850 5303872.760
6811 406.227 4574724.850 5303922.760
6812 406.057 4574924.850 5304172.760
6813 406.060 4574874.850 5304122.760
6814 406.083 4574824.850 5304072.760
6815 406.114 4574774.850 5304022.760
6816 406.126 4574724.850 5303972.760
6817 406.001 4574924.850 5304222.760
6818 405.944 4574924.850 5304272.760
6819 405.861 4575024.850 5304422.760
6820 405.874 4574974.850 5304372.760
6821 405.900 4574924.850 5304322.760
6822 405.781 4575010.000 5304467.650
6823 396.662 4574289.150 5303471.010
6824 396.535 4574267.800 5303535.850
6825 396.701 4574272.200 5303499.720
6826 406.547 4573924.850 5302722.760
6827 396.624 4574317.950 5303371.550
6828 396.757 4574328.240 5303330.780
6829 396.564 4574294.430 5303435.310
6830 396.728 4574300.370 5303399.940
6831 397.188 4574338.490 5303289.900
6832 401.339 4574376.070 5303218.470
6833 400.978 4574354.420 5303252.420
6834 404.917 4574390.800 5303180.220
6835 406.290 4574403.160 5303148.280
6836 406.701 4574190.780 5302816.170
6837 406.705 4574416.050 5303116.740
6838 406.659 4574426.800 5303083.930
6839 406.523 4574424.850 5303072.760
6840 406.530 4574374.850 5303022.760
6841 406.598 4574324.850 5302972.760
6842 406.642 4574274.850 5302922.760
6843 406.656 4574224.850 5302872.760
6844 406.651 4574074.850 5302772.760
6845 406.631 4574124.850 5302822.760
6846 406.583 4574024.850 5302772.760
6847 406.508 4573974.850 5302772.760
6848 406.484 4573874.850 5302722.760
6849 406.423 4573824.850 5302722.760
6850 406.360 4573774.850 5302722.760
6851 406.406 4573724.850 5302672.760
6852 406.447 4573691.250 5302628.720
6853 396.524 4574251.160 5303564.710
6854 397.137 4574290.580 5303510.640
6855 397.162 4574273.730 5303539.360
6856 401.274 4574312.620 5303485.030
6857 403.559 4574336.280 5303460.400
6858 406.453 4574408.100 5303379.500
6859 405.893 4574378.650 5303408.300
6860 403.408 4574353.930 5303432.210
6861 406.476 4574474.850 5303322.760
6862 406.474 4574430.230 5303346.260
6863 406.585 4574524.850 5303322.760
6864 406.801 4574574.850 5303322.760
6865 406.801 4574574.850 5303372.760
6866 406.838 4574624.850 5303472.760
6867 406.800 4574574.850 5303422.760
6868 406.863 4574624.850 5303522.760
6869 406.751 4574624.850 5303572.760
6870 406.558 4574674.850 5303672.760
6871 406.405 4574624.850 5303622.760
6872 406.091 4574674.850 5303722.760
6873 406.256 4574674.850 5303772.760
6874 406.217 4574674.850 5303822.760
6875 406.191 4574674.850 5303872.760
6876 406.177 4574674.850 5303922.760
6877 406.002 4574874.850 5304172.760
6878 406.033 4574824.850 5304122.760
6879 406.048 4574774.850 5304072.760
6880 406.043 4574724.850 5304022.760
6881 406.086 4574674.850 5303972.760
6882 405.972 4574874.850 5304222.760
6883 405.925 4574874.850 5304272.760
6884 405.805 4574974.850 5304422.760
6885 405.824 4574924.850 5304372.760
6886 405.859 4574874.850 5304322.760
6887 405.704 4574964.140 5304486.170
6888 396.559 4574277.170 5303463.860
6889 396.739 4574255.260 5303528.430
6890 396.577 4574259.910 5303492.420
6891 406.448 4573924.850 5302772.760
6892 396.699 4574306.930 5303364.870
6893 396.965 4574317.200 5303324.050
6894 396.590 4574282.790 5303428.340
6895 396.750 4574289.040 5303393.110
6896 400.557 4574332.790 5303286.370
6897 403.884 4574370.710 5303215.110
6898 404.596 4574348.790 5303248.900
6899 406.356 4574384.480 5303176.250
6900 406.614 4574397.690 5303144.880
6901 406.647 4574197.250 5302865.680
6902 406.600 4574174.850 5302872.760
6903 405.897 4574408.900 5303112.320
6904 406.328 4574374.850 5303072.760
6905 406.439 4574324.850 5303022.760
6906 406.507 4574274.850 5302972.760
6907 406.558 4574224.850 5302922.760
6908 406.553 4574074.850 5302822.760
6909 406.505 4574124.850 5302872.760
6910 406.472 4574024.850 5302822.760
6911 406.399 4573974.850 5302822.760
6912 406.384 4573874.850 5302772.760
6913 406.323 4573824.850 5302772.760
6914 396.598 4574233.570 5303593.670
6915 396.778 4574238.310 5303557.140
6916 406.267 4573774.850 5302772.760
6917 406.298 4573724.850 5302722.760
6918 406.355 4573677.290 5302668.090
6919 397.178 4574256.860 5303568.070
6920 397.722 4574239.070 5303596.920
6921 401.298 4574295.470 5303513.550
6922 401.328 4574278.330 5303542.080
6923 403.739 4574318.780 5303488.710
6924 405.693 4574342.610 5303464.210
6925 406.388 4574424.850 5303372.760
6926 406.428 4574385.990 5303412.750
6927 405.768 4574360.510 5303436.170
6928 406.472 4574474.850 5303372.760
6929 406.662 4574524.850 5303372.760
6930 406.800 4574574.850 5303472.760
6931 406.661 4574524.850 5303422.760
6932 406.799 4574574.850 5303522.760
6933 406.720 4574574.850 5303572.760
6934 406.143 4574624.850 5303672.760
6935 406.772 4574574.850 5303622.760
6936 406.273 4574624.850 5303722.760
6937 406.289 4574624.850 5303772.760
6938 406.108 4574624.850 5303822.760
6939 406.125 4574624.850 5303872.760
6940 406.084 4574624.850 5303922.760
6941 405.662 4574964.540 5304528.290
6942 405.968 4574824.850 5304172.760
6943 405.993 4574774.850 5304122.760
6944 406.013 4574724.850 5304072.760
6945 405.990 4574674.850 5304022.760
6946 406.024 4574624.850 5303972.760
6947 405.918 4574824.850 5304222.760
6948 405.871 4574824.850 5304272.760
6949 405.754 4574924.850 5304422.760
6950 405.791 4574874.850 5304372.760
6951 405.810 4574824.850 5304322.760
6952 405.700 4574924.850 5304472.760
6953 396.690 4574265.210 5303456.730
6954 396.597 4574242.640 5303520.970
6955 396.730 4574247.630 5303485.130
6956 406.347 4573924.850 5302822.760
6957 396.708 4574295.920 5303358.200
6958 399.934 4574311.450 5303320.530
6959 396.733 4574271.140 5303421.350
6960 396.990 4574277.720 5303386.290
6961 404.661 4574326.900 5303282.730
6962 405.696 4574364.990 5303211.520
6963 405.908 4574342.670 5303245.090
6964 406.509 4574379.170 5303172.920
6965 406.099 4574390.840 5303140.620
6966 406.522 4574196.640 5302915.380
6967 406.458 4574174.850 5302922.760
6968 406.125 4574374.850 5303122.760
6969 406.255 4574324.850 5303072.760
6970 406.346 4574274.850 5303022.760
6971 406.404 4574224.850 5302972.760
6972 406.419 4574074.850 5302872.760
6973 406.388 4574124.850 5302922.760
6974 406.362 4574024.850 5302872.760
6975 406.308 4573974.850 5302872.760
6976 406.293 4573874.850 5302822.760
6977 406.243 4573824.850 5302822.760
6978 396.650 4574215.980 5303622.620
6979 396.702 4574220.760 5303586.050
6980 396.616 4574225.380 5303549.520
6981 406.194 4573774.850 5302822.760
6982 406.221 4573724.850 5302772.760
6983 406.259 4573668.550 5302712.100
6984 401.359 4574261.190 5303570.610
6985 401.466 4574243.410 5303599.500
6986 398.144 4574221.290 5303625.790
6987 398.289 4574203.520 5303654.670
6988 403.934 4574301.370 5303517.060
6989 404.056 4574283.980 5303545.430
6990 405.687 4574324.940 5303492.390
6991 406.394 4574349.330 5303468.240
6992 406.324 4574424.850 5303422.760
6993 406.403 4574367.500 5303440.390
6994 406.550 4574474.850 5303422.760
6995 406.661 4574524.850 5303472.760
6996 406.660 4574524.850 5303522.760
6997 406.660 4574524.850 5303572.760
6998 406.507 4574574.850 5303672.760
6999 406.609 4574524.850 5303622.760
7000 406.231 4574574.850 5303722.760
7001 406.011 4574574.850 5303772.760
7002 406.237 4574574.850 5303822.760
7003 405.958 4574574.850 5303872.760
7004 406.033 4574574.850 5303922.760
7005 405.653 4574924.850 5304522.760
7006 405.634 4574929.840 5304559.180
7007 405.585 4574935.570 5304636.070
7008 405.582 4574923.890 5304607.540
7009 405.949 4574774.850 5304172.760
7010 405.971 4574724.850 5304122.760
7011 405.957 4574574.850 5303972.760
7012 405.970 4574674.850 5304072.760
7013 405.983 4574624.850 5304022.760
7014 405.882 4574774.850 5304222.760
7015 405.827 4574774.850 5304272.760
7016 405.763 4574774.850 5304322.760
7017 405.715 4574874.850 5304422.760
7018 405.736 4574824.850 5304372.760
7019 405.659 4574874.850 5304472.760
7020 396.794 4574253.250 5303449.590
7021 396.704 4574230.050 5303513.520
7022 396.712 4574235.350 5303477.830
7023 406.259 4573924.850 5302872.760
7024 399.333 4574290.070 5303354.660
7025 404.455 4574305.610 5303316.950
7026 397.140 4574259.510 5303414.380
7027 399.418 4574271.990 5303382.840
7028 406.168 4574320.390 5303278.690
7029 406.554 4574360.190 5303208.510
7030 406.548 4574337.520 5303241.880
7031 406.417 4574372.580 5303168.790
7032 406.382 4574193.300 5302965.310
7033 406.286 4574324.850 5303122.760
7034 406.274 4574274.850 5303072.760
7035 406.309 4574224.850 5303022.760
7036 406.329 4574074.850 5302922.760
7037 406.311 4574124.850 5302972.760
7038 406.294 4574024.850 5302922.760
7039 406.241 4573974.850 5302922.760
7040 406.212 4573874.850 5302872.760
7041 406.168 4573824.850 5302872.760
7042 396.667 4574198.390 5303651.580
7043 396.626 4574203.210 5303614.960
7044 396.555 4574207.880 5303578.390
7045 396.679 4574212.470 5303541.920
7046 406.158 4573774.850 5302872.760
7047 406.165 4573724.850 5302822.760
7048 406.186 4573674.850 5302772.760
7049 406.188 4573639.410 5302752.640
7050 405.500 4574928.820 5304684.610
7051 398.400 4574185.740 5303683.530
7052 404.111 4574266.580 5303573.790
7053 404.054 4574248.730 5303602.670
7054 401.591 4574225.660 5303628.410
7055 401.728 4574207.920 5303657.330
7056 405.717 4574307.390 5303520.640
7057 405.752 4574289.850 5303548.910
7058 406.400 4574331.440 5303496.270
7059 406.175 4574374.850 5303472.760
7060 406.320 4574424.850 5303472.760
7061 406.522 4574474.850 5303472.760
7062 406.522 4574474.850 5303522.760
7063 406.521 4574474.850 5303572.760
7064 406.629 4574524.850 5303672.760
7065 406.521 4574474.850 5303622.760
7066 406.609 4574524.850 5303722.760
7067 406.263 4574524.850 5303772.760
7068 405.996 4574524.850 5303822.760
7069 398.624 4574168.010 5303712.430
7070 405.948 4574524.850 5303872.760
7071 405.843 4574524.850 5303972.760
7072 406.190 4574524.850 5303922.760
7073 405.632 4574874.850 5304522.760
7074 405.590 4574874.850 5304572.760
7075 405.542 4574874.850 5304622.760
7076 405.473 4574874.850 5304672.760
7077 405.916 4574724.850 5304172.760
7078 405.934 4574547.640 5303998.410
7079 405.938 4574674.850 5304122.760
7080 405.945 4574589.420 5304023.680
7081 405.918 4574624.850 5304072.760
7082 405.866 4574724.850 5304222.760
7083 405.779 4574724.850 5304272.760
7084 405.709 4574724.850 5304322.760
7085 405.693 4574774.850 5304372.760
7086 405.673 4574824.850 5304422.760
7087 405.635 4574824.850 5304472.760
7088 397.156 4574241.310 5303442.460
7089 396.730 4574217.460 5303506.070
7090 397.285 4574223.110 5303470.550
7091 406.183 4573924.850 5302922.760
7092 404.141 4574284.240 5303351.130
7093 406.105 4574299.030 5303312.920
7094 399.503 4574253.910 5303411.020
7095 403.990 4574266.130 5303379.300
7096 406.479 4574314.900 5303275.290
7097 405.996 4574354.240 5303204.790
7098 405.834 4574331.170 5303237.920
7099 406.056 4574324.850 5303172.760
7100 406.298 4574189.930 5303015.230
7101 406.249 4574274.850 5303122.760
7102 406.271 4574224.850 5303072.760
7103 406.264 4574074.850 5302972.760
7104 406.243 4574124.850 5303022.760
7105 406.211 4574024.850 5302972.760
7106 406.174 4573974.850 5302972.760
7107 406.156 4573874.850 5302922.760
7108 406.165 4573824.850 5302922.760
7109 396.686 4574180.810 5303680.540
7110 396.549 4574185.660 5303643.870
7111 396.495 4574190.370 5303607.260
7112 396.676 4574195.000 5303570.740
7113 396.759 4574199.570 5303534.320
7114 396.701 4574163.220 5303709.490
7115 406.167 4573724.850 5302872.760
7116 406.169 4573774.850 5302922.760
7117 406.163 4573674.850 5302822.760
7118 406.174 4573624.850 5302772.760
7119 406.172 4573611.380 5302794.040
7120 405.351 4574874.850 5304722.760
7121 405.396 4574919.620 5304733.480
7122 401.939 4574190.170 5303686.240
7123 405.901 4574272.310 5303577.170
7124 405.829 4574254.340 5303606.000
7125 404.018 4574230.930 5303631.570
7126 404.050 4574213.150 5303660.500
7127 406.413 4574313.690 5303524.390
7128 406.279 4574324.850 5303522.760
7129 406.428 4574295.970 5303552.530
7130 406.172 4574374.850 5303522.760
7131 406.411 4574424.850 5303522.760
7132 406.383 4574424.850 5303572.760
7133 406.520 4574474.850 5303672.760
7134 406.382 4574424.850 5303622.760
7135 406.393 4574474.850 5303722.760
7136 406.446 4574474.850 5303772.760
7137 406.365 4574474.850 5303822.760
7138 402.183 4574172.510 5303715.200
7139 398.990 4574150.350 5303741.370
7140 406.019 4574474.850 5303872.760
7141 405.926 4574499.100 5303985.930
7142 405.762 4574474.850 5303922.760
7143 405.600 4574824.850 5304522.760
7144 405.563 4574824.850 5304572.760
7145 405.501 4574824.850 5304622.760
7146 405.427 4574824.850 5304672.760
7147 405.876 4574674.850 5304172.760
7148 405.904 4574524.850 5304022.760
7149 405.895 4574624.850 5304122.760
7150 405.901 4574574.850 5304072.760
7151 405.919 4574602.920 5304068.700
7152 405.814 4574674.850 5304222.760
7153 405.731 4574674.850 5304272.760
7154 405.661 4574674.850 5304322.760
7155 405.664 4574724.850 5304372.760
7156 405.633 4574774.850 5304422.760
7157 405.607 4574774.850 5304472.760
7158 405.280 4574824.850 5304722.760
7159 399.758 4574235.840 5303439.200
7160 397.248 4574204.900 5303498.640
7161 400.899 4574217.760 5303467.380
7162 406.150 4573924.850 5302972.760
7163 406.068 4574277.560 5303347.080
7164 406.508 4574293.490 5303309.530
7165 403.838 4574248.020 5303407.480
7166 406.061 4574259.490 5303375.300
7167 405.981 4574308.170 5303271.130
7168 405.823 4574324.850 5303222.760
7169 406.017 4574274.850 5303172.760
7170 406.244 4574172.910 5303061.550
7171 406.170 4574224.850 5303122.760
7172 406.194 4574074.850 5303022.760
7173 406.163 4574124.850 5303072.760
7174 406.123 4574154.070 5303107.750
7175 406.150 4574024.850 5303022.760
7176 406.143 4573974.850 5303022.760
7177 406.151 4573874.850 5302972.760
7178 406.182 4573824.850 5302972.760
7179 396.473 4574168.110 5303672.780
7180 396.434 4574172.870 5303636.130
7181 396.672 4574177.530 5303599.560
7182 396.766 4574182.130 5303563.090
7183 397.229 4574186.700 5303526.730
7184 396.718 4574145.630 5303738.450
7185 396.376 4574150.560 5303701.690
7186 406.189 4573674.850 5302872.760
7187 406.205 4573724.850 5302922.760
7188 406.217 4573774.850 5302972.760
7189 406.185 4573624.850 5302822.760
7190 406.206 4573624.850 5302872.760
7191 405.220 4574874.850 5304772.760
7192 405.249 4574898.960 5304778.870
7193 404.150 4574195.340 5303689.400
7194 406.438 4574278.250 5303580.670
7195 406.496 4574260.150 5303609.450
7196 405.782 4574236.430 5303634.870
7197 405.752 4574218.560 5303663.760
7198 406.023 4574324.850 5303572.760
7199 406.169 4574374.850 5303572.760
7200 406.381 4574424.850 5303672.760
7201 406.258 4574374.850 5303622.760
7202 406.381 4574424.850 5303722.760
7203 406.371 4574424.850 5303772.760
7204 397.977 4574132.760 5303769.360
7205 406.299 4574424.850 5303822.760
7206 404.271 4574177.680 5303718.390
7207 402.482 4574154.990 5303744.250
7208 397.634 4574115.240 5303797.400
7209 406.337 4574424.850 5303872.760
7210 405.908 4574474.850 5304022.760
7211 405.690 4574450.500 5303973.990
7212 406.120 4574424.850 5303922.760
7213 405.573 4574774.850 5304522.760
7214 405.539 4574774.850 5304572.760
7215 405.443 4574774.850 5304622.760
7216 405.311 4574774.850 5304672.760
7217 405.835 4574624.850 5304172.760
7218 405.885 4574524.850 5304072.760
7219 405.887 4574583.550 5304113.680
7220 405.758 4574624.850 5304222.760
7221 405.693 4574624.850 5304272.760
7222 405.632 4574624.850 5304322.760
7223 405.627 4574674.850 5304372.760
7224 405.610 4574724.850 5304422.760
7225 405.579 4574724.850 5304472.760
7226 405.125 4574824.850 5304772.760
7227 405.199 4574774.850 5304722.760
7228 403.957 4574229.900 5303435.650
7229 401.414 4574199.690 5303495.560
7230 404.111 4574211.790 5303463.830
7231 406.181 4573924.850 5303022.760
7232 406.538 4574271.920 5303343.660
7233 406.126 4574286.720 5303305.380
7234 406.013 4574241.420 5303403.520
7235 406.501 4574253.910 5303371.930
7236 405.979 4574274.850 5303272.760
7237 405.974 4574274.300 5303237.430
7238 406.057 4574224.850 5303172.760
7239 406.111 4574174.850 5303122.760
7240 406.129 4574074.850 5303072.760
7241 406.104 4574124.850 5303122.760
7242 406.143 4574024.850 5303072.760
7243 406.189 4573974.850 5303072.760
7244 406.206 4573874.850 5303022.760
7245 406.237 4573824.850 5303022.760
7246 396.373 4574155.370 5303665.000
7247 396.671 4574160.060 5303628.380
7248 396.773 4574164.690 5303591.860
7249 397.278 4574169.290 5303555.450
7250 402.103 4574181.620 5303523.740
7251 396.551 4574128.130 5303766.520
7252 396.242 4574133.010 5303730.600
7253 396.533 4574110.620 5303794.600
7254 396.317 4574137.870 5303693.870
7255 406.223 4573674.850 5302922.760
7256 406.242 4573724.850 5302972.760
7257 406.255 4573774.850 5303022.760
7258 406.205 4573576.740 5302827.210
7259 406.189 4573563.110 5302792.470
7260 406.226 4573574.850 5302872.760
7261 406.235 4573624.850 5302922.760
7262 405.010 4574824.850 5304822.760
7263 405.087 4574871.270 5304819.370
7264 404.918 4574934.620 5304915.290
7265 404.899 4574952.180 5304950.370
7266 405.719 4574200.630 5303692.630
7267 406.114 4574274.850 5303622.760
7268 406.387 4574242.110 5303638.280
7269 406.241 4574224.130 5303667.140
7270 406.020 4574324.850 5303622.760
7271 406.243 4574374.850 5303672.760
7272 406.242 4574374.850 5303722.760
7273 406.242 4574374.850 5303772.760
7274 402.179 4574137.070 5303772.020
7275 406.241 4574374.850 5303822.760
7276 405.700 4574182.920 5303721.620
7277 404.422 4574160.230 5303747.510
7278 401.940 4574119.320 5303799.890
7279 397.326 4574097.830 5303825.510
7280 406.165 4574374.850 5303872.760
7281 405.745 4574474.850 5304072.760
7282 405.661 4574424.850 5304022.760
7283 406.033 4574401.150 5303966.080
7284 406.208 4574374.850 5303922.760
7285 405.554 4574724.850 5304522.760
7286 405.483 4574724.850 5304572.760
7287 405.386 4574724.850 5304622.760
7288 405.248 4574724.850 5304672.760
7289 405.786 4574574.850 5304172.760
7290 405.801 4574524.850 5304122.760
7291 405.772 4574548.290 5304149.310
7292 405.716 4574574.850 5304222.760
7293 405.750 4574474.850 5304122.760
7294 405.648 4574574.850 5304272.760
7295 405.604 4574574.850 5304322.760
7296 405.590 4574624.850 5304372.760
7297 405.592 4574674.850 5304422.760
7298 405.545 4574674.850 5304472.760
7299 405.038 4574774.850 5304772.760
7300 405.121 4574724.850 5304722.760
7301 397.062 4574080.440 5303853.630
7302 396.437 4574093.120 5303822.670
7303 405.850 4574223.360 5303431.740
7304 404.462 4574193.680 5303492.000
7305 405.796 4574205.290 5303459.960
7306 406.235 4573924.850 5303072.760
7307 406.518 4574265.060 5303339.510
7308 405.936 4574269.200 5303318.400
7309 406.487 4574235.900 5303400.200
7310 406.180 4574247.090 5303367.820
7311 406.122 4574231.200 5303260.230
7312 406.073 4574224.850 5303222.760
7313 406.099 4574174.850 5303172.760
7314 406.130 4574128.790 5303150.920
7315 406.157 4574074.850 5303122.760
7316 406.221 4574024.850 5303122.760
7317 406.261 4573974.850 5303122.760
7318 406.260 4573874.850 5303072.760
7319 406.266 4573824.850 5303072.760
7320 396.674 4574142.590 5303657.200
7321 396.777 4574147.250 5303620.630
7322 397.332 4574151.870 5303584.170
7323 401.822 4574164.000 5303552.310
7324 404.464 4574175.570 5303520.180
7325 396.286 4574115.900 5303758.980
7326 396.262 4574120.360 5303722.740
7327 396.331 4574098.790 5303787.360
7328 396.676 4574125.110 5303686.020
7329 406.243 4573674.850 5302972.760
7330 406.244 4573724.850 5303022.760
7331 406.232 4573774.850 5303072.760
7332 406.216 4573624.850 5302972.760
7333 406.219 4573524.950 5302825.370
7334 406.226 4573524.850 5302872.760
7335 406.224 4573574.850 5302922.760
7336 404.905 4574774.850 5304822.760
7337 404.898 4574824.850 5304872.760
7338 404.930 4574848.410 5304862.290
7339 404.840 4574893.020 5304927.900
7340 404.841 4574924.850 5304972.760
7341 404.833 4574948.750 5304992.170
7342 406.163 4574206.090 5303695.960
7343 406.119 4574226.100 5303682.800
7344 405.871 4574274.850 5303672.760
7345 405.952 4574324.850 5303672.760
7346 406.114 4574324.850 5303722.760
7347 406.103 4574324.850 5303772.760
7348 404.383 4574142.100 5303775.120
7349 406.102 4574324.850 5303822.760
7350 406.117 4574188.310 5303724.940
7351 405.700 4574165.490 5303750.780
7352 404.454 4574124.210 5303802.880
7353 401.773 4574101.750 5303827.880
7354 406.102 4574324.850 5303872.760
7355 400.769 4574084.240 5303855.910
7356 405.882 4574424.850 5304072.760
7357 405.876 4574374.850 5304022.760
7358 406.218 4574374.850 5303972.760
7359 406.134 4574352.140 5303955.560
7360 406.101 4574324.850 5303922.760
7361 405.525 4574674.850 5304522.760
7362 405.431 4574674.850 5304572.760
7363 405.291 4574674.850 5304622.760
7364 405.167 4574674.850 5304672.760
7365 405.721 4574511.720 5304183.620
7366 405.678 4574524.850 5304222.760
7367 405.667 4574474.850 5304172.760
7368 405.577 4574424.850 5304122.760
7369 405.620 4574524.850 5304272.760
7370 405.566 4574524.850 5304322.760
7371 405.578 4574574.850 5304372.760
7372 405.576 4574624.850 5304422.760
7373 405.518 4574624.850 5304472.760
7374 404.987 4574724.850 5304772.760
7375 405.038 4574674.850 5304722.760
7376 396.829 4574063.020 5303881.730
7377 396.333 4574075.620 5303850.740
7378 396.374 4574081.680 5303815.730
7379 406.395 4574217.890 5303428.470
7380 405.835 4574187.230 5303488.190
7381 406.297 4574199.880 5303456.740
7382 406.278 4573924.850 5303122.760
7383 406.262 4574224.850 5303322.760
7384 406.057 4574229.130 5303396.140
7385 406.065 4574224.850 5303372.760
7386 406.308 4574192.260 5303289.460
7387 406.197 4574174.850 5303222.760
7388 406.258 4574107.540 5303196.060
7389 406.284 4574124.850 5303222.760
7390 406.251 4574074.850 5303172.760
7391 406.289 4574024.850 5303172.760
7392 406.287 4573974.850 5303172.760
7393 406.260 4573874.850 5303122.760
7394 406.211 4573824.850 5303122.760
7395 396.779 4574129.810 5303649.400
7396 397.381 4574134.460 5303612.890
7397 401.504 4574146.400 5303580.880
7398 404.277 4574158.020 5303548.750
7399 405.874 4574169.180 5303516.410
7400 396.307 4574103.630 5303751.410
7401 396.679 4574107.640 5303714.840
7402 396.386 4574086.900 5303780.080
7403 396.782 4574112.370 5303678.180
7404 396.592 4574045.570 5303909.810
7405 406.172 4573574.850 5302972.760
7406 406.200 4573674.850 5303022.760
7407 406.173 4573724.850 5303072.760
7408 406.133 4573774.850 5303122.760
7409 406.144 4573624.850 5303022.760
7410 406.217 4573490.190 5302859.850
7411 406.192 4573524.850 5302922.760
7412 406.179 4573450.140 5302882.870
7413 404.843 4574774.850 5304872.760
7414 404.842 4574724.850 5304822.760
7415 404.845 4574840.370 5304910.240
7416 404.805 4574866.100 5304951.700
7417 404.796 4574874.850 5304972.760
7418 404.781 4574926.990 5305037.190
7419 404.759 4574899.330 5305078.570
7420 396.824 4574027.880 5303938.700
7421 405.949 4574224.850 5303722.760
7422 405.868 4574274.850 5303722.760
7423 405.921 4574274.850 5303772.760
7424 405.604 4574147.320 5303778.330
7425 405.964 4574274.850 5303822.760
7426 406.110 4574170.890 5303754.140
7427 405.478 4574129.480 5303806.080
7428 404.565 4574106.620 5303830.830
7429 405.963 4574274.850 5303872.760
7430 404.592 4574089.110 5303858.830
7431 400.173 4574066.640 5303883.880
7432 398.447 4574049.000 5303911.820
7433 405.616 4574374.850 5304072.760
7434 406.019 4574324.850 5304022.760
7435 405.961 4574324.850 5303972.760
7436 406.041 4574303.090 5303945.160
7437 405.963 4574274.850 5303922.760
7438 405.460 4574624.850 5304522.760
7439 405.347 4574624.850 5304572.760
7440 405.244 4574624.850 5304622.760
7441 405.090 4574624.850 5304672.760
7442 405.614 4574470.110 5304210.550
7443 405.743 4574424.850 5304172.760
7444 405.596 4574374.850 5304122.760
7445 405.597 4574474.850 5304272.760
7446 405.557 4574474.850 5304322.760
7447 405.565 4574524.850 5304372.760
7448 405.546 4574574.850 5304422.760
7449 405.486 4574574.850 5304472.760
7450 404.900 4574674.850 5304772.760
7451 404.954 4574624.850 5304722.760
7452 396.410 4574058.110 5303878.820
7453 396.419 4574064.570 5303844.110
7454 396.406 4574070.160 5303808.750
7455 406.197 4574211.160 5303424.450
7456 406.198 4574181.880 5303485.010
7457 405.648 4574193.200 5303452.770
7458 406.250 4573924.850 5303172.760
7459 406.214 4574156.410 5303322.500
7460 406.102 4574174.850 5303372.760
7461 406.198 4574124.850 5303322.760
7462 406.285 4574124.850 5303272.760
7463 406.310 4574089.770 5303242.350
7464 406.283 4574024.850 5303222.760
7465 406.221 4573974.850 5303222.760
7466 406.177 4573874.850 5303172.760
7467 406.098 4573824.850 5303172.760
7468 397.370 4574117.050 5303641.610
7469 401.028 4574128.820 5303609.470
7470 404.077 4574140.520 5303577.360
7471 405.708 4574151.550 5303544.910
7472 406.100 4574163.880 5303513.290
7473 396.662 4574091.300 5303743.810
7474 396.785 4574094.940 5303706.950
7475 396.506 4574074.950 5303772.780
7476 397.255 4574099.630 5303670.330
7477 396.491 4574040.610 5303906.890
7478 406.121 4573524.850 5302972.760
7479 406.083 4573574.850 5303022.760
7480 406.109 4573674.850 5303072.760
7481 406.067 4573724.850 5303122.760
7482 406.023 4573774.850 5303172.760
7483 406.046 4573624.850 5303072.760
7484 406.150 4573474.850 5302922.760
7485 406.116 4573407.830 5302903.250
7486 406.066 4573474.850 5302972.760
7487 396.447 4574022.970 5303935.780
7488 404.793 4574774.850 5304922.760
7489 404.782 4574724.850 5304872.760
7490 404.831 4574674.850 5304822.760
7491 404.770 4574824.850 5304972.760
7492 404.774 4574874.850 5305022.760
7493 404.760 4574865.720 5305062.390
7494 398.906 4574031.420 5303940.800
7495 397.057 4574010.200 5303967.590
7496 405.719 4574224.850 5303772.760
7497 406.197 4574152.660 5303781.610
7498 405.716 4574224.850 5303822.760
7499 406.005 4574174.850 5303772.760
7500 406.026 4574134.830 5303809.340
7501 405.419 4574112.050 5303834.100
7502 405.859 4574224.850 5303872.760
7503 405.380 4574094.740 5303862.190
7504 404.580 4574071.470 5303886.750
7505 404.469 4574053.770 5303914.630
7506 405.978 4574324.850 5304072.760
7507 405.936 4574274.850 5304022.760
7508 405.962 4574274.850 5303972.760
7509 405.904 4574254.050 5303995.290
7510 405.824 4574224.850 5303922.760
7511 405.632 4574324.850 5304122.760
7512 405.402 4574574.850 5304522.760
7513 405.266 4574574.850 5304572.760
7514 405.164 4574574.850 5304622.760
7515 405.038 4574574.850 5304672.760
7516 405.570 4574420.120 5304214.210
7517 405.822 4574374.850 5304172.760
7518 405.551 4574424.850 5304272.760
7519 405.558 4574424.850 5304322.760
7520 405.521 4574474.850 5304372.760
7521 405.525 4574524.850 5304422.760
7522 405.419 4574524.850 5304472.760
7523 404.827 4574624.850 5304772.760
7524 404.886 4574574.850 5304722.760
7525 406.021 4573378.030 5302939.110
7526 396.463 4574047.460 5303872.480
7527 396.448 4574053.430 5303837.420
7528 396.563 4574058.600 5303801.740
7529 405.907 4574174.850 5303422.760
7530 405.782 4574175.240 5303481.090
7531 405.794 4574174.850 5303472.760
7532 406.128 4573924.850 5303222.760
7533 406.097 4574119.550 5303354.410
7534 406.124 4574074.850 5303322.760
7535 406.211 4574065.170 5303285.110
7536 406.177 4574024.850 5303272.760
7537 406.084 4573974.850 5303272.760
7538 406.050 4573874.850 5303222.760
7539 405.999 4573824.850 5303222.760
7540 400.553 4574111.240 5303638.060
7541 403.865 4574123.060 5303605.990
7542 405.497 4574134.010 5303573.450
7543 405.994 4574146.090 5303541.650
7544 406.073 4574157.290 5303509.410
7545 396.749 4574078.980 5303736.220
7546 397.140 4574082.220 5303699.050
7547 396.685 4574063.020 5303765.480
7548 400.077 4574093.660 5303666.650
7549 396.506 4574030.350 5303900.860
7550 406.028 4573524.850 5303022.760
7551 405.990 4573574.850 5303072.760
7552 406.007 4573674.850 5303122.760
7553 405.969 4573724.850 5303172.760
7554 405.953 4573774.850 5303222.760
7555 405.959 4573624.850 5303122.760
7556 406.010 4573424.850 5302972.760
7557 405.972 4573474.850 5303022.760
7558 397.290 4573992.510 5303996.490
7559 396.418 4574005.330 5303964.680
7560 396.474 4574012.180 5303929.370
7561 404.755 4574774.850 5304972.760
7562 404.765 4574724.850 5304922.760
7563 404.781 4574674.850 5304872.760
7564 404.774 4574624.850 5304822.760
7565 404.769 4574830.760 5305030.760
7566 404.763 4574834.080 5305084.130
7567 404.769 4574858.360 5305104.550
7568 404.386 4574036.160 5303943.620
7569 399.365 4574013.840 5303969.780
7570 405.783 4574174.850 5303822.760
7571 405.979 4574117.540 5303837.410
7572 405.567 4574174.850 5303872.760
7573 405.951 4574100.410 5303865.580
7574 405.332 4574077.240 5303890.170
7575 405.291 4574059.670 5303918.100
7576 405.564 4574174.850 5303922.760
7577 399.825 4573996.260 5303998.760
7578 405.877 4574274.850 5304072.760
7579 405.865 4574240.120 5304040.460
7580 405.823 4574224.850 5303972.760
7581 400.360 4573978.680 5304027.740
7582 405.387 4574324.850 5304172.760
7583 405.899 4574274.850 5304122.760
7584 405.327 4574524.850 5304522.760
7585 405.188 4574524.850 5304572.760
7586 405.044 4574524.850 5304622.760
7587 404.940 4574524.850 5304672.760
7588 405.513 4574371.370 5304225.500
7589 405.495 4574374.850 5304272.760
7590 405.511 4574374.850 5304322.760
7591 405.467 4574424.850 5304372.760
7592 405.467 4574474.850 5304422.760
7593 405.361 4574474.850 5304472.760
7594 404.791 4574574.850 5304772.760
7595 404.819 4574524.850 5304722.760
7596 405.910 4573352.070 5302981.860
7597 405.958 4573374.850 5302972.760
7598 396.513 4574036.700 5303866.090
7599 396.558 4574042.250 5303830.710
7600 396.680 4574047.070 5303794.750
7601 405.876 4574124.850 5303422.760
7602 405.902 4574124.850 5303472.760
7603 406.012 4573924.850 5303272.760
7604 405.943 4574084.390 5303388.160
7605 406.041 4574039.350 5303327.960
7606 405.979 4573974.850 5303322.760
7607 405.963 4573874.850 5303272.760
7608 405.928 4573824.850 5303272.760
7609 403.651 4574105.590 5303634.610
7610 405.276 4574116.520 5303602.030
7611 405.997 4574128.410 5303570.080
7612 405.803 4574139.430 5303537.700
7613 405.746 4574124.850 5303522.760
7614 397.000 4574066.650 5303728.610
7615 399.602 4574076.080 5303695.240
7616 396.809 4574051.070 5303758.180
7617 403.438 4574088.110 5303663.230
7618 396.540 4574019.970 5303894.760
7619 405.943 4573524.850 5303072.760
7620 405.918 4573574.850 5303122.760
7621 405.933 4573674.850 5303172.760
7622 405.910 4573724.850 5303222.760
7623 405.898 4573774.850 5303272.760
7624 405.892 4573624.850 5303172.760
7625 405.934 4573424.850 5303022.760
7626 405.893 4573474.850 5303072.760
7627 397.489 4573974.820 5304025.380
7628 396.390 4573987.700 5303993.570
7629 396.432 4573994.010 5303957.870
7630 396.452 4574001.280 5303922.890
7631 404.768 4574774.850 5305022.760
7632 404.766 4574724.850 5304972.760
7633 404.757 4574674.850 5304922.760
7634 404.758 4574624.850 5304872.760
7635 404.744 4574574.850 5304822.760
7636 404.764 4574799.970 5305064.810
7637 404.752 4574824.850 5305122.760
7638 404.753 4574869.100 5305148.400
7639 404.737 4574874.850 5305172.760
7640 405.229 4574041.900 5303947.020
7641 404.307 4574018.550 5303972.600
7642 405.844 4574116.900 5303881.900
7643 405.894 4574083.030 5303893.600
7644 405.826 4574065.560 5303921.560
7645 405.706 4574174.850 5303972.760
7646 405.618 4574124.850 5303922.760
7647 404.241 4574000.950 5304001.590
7648 405.804 4574218.170 5304082.720
7649 405.684 4574174.850 5304022.760
7650 404.144 4573983.340 5304030.570
7651 400.899 4573961.110 5304056.720
7652 405.569 4574324.850 5304222.760
7653 405.734 4574274.850 5304172.760
7654 405.757 4574206.440 5304128.720
7655 405.226 4574474.850 5304522.760
7656 405.147 4574474.850 5304572.760
7657 404.979 4574474.850 5304622.760
7658 404.837 4574474.850 5304672.760
7659 405.682 4574324.700 5304243.850
7660 405.526 4574324.850 5304272.760
7661 405.392 4574324.850 5304322.760
7662 405.427 4574374.850 5304372.760
7663 405.393 4574424.850 5304422.760
7664 405.285 4574424.850 5304472.760
7665 404.761 4574524.850 5304772.760
7666 404.767 4574474.850 5304722.760
7667 405.783 4573328.030 5303025.660
7668 405.862 4573374.850 5303022.760
7669 396.561 4574025.910 5303859.680
7670 396.648 4574031.110 5303824.020
7671 396.810 4574035.500 5303787.740
7672 405.926 4574055.510 5303427.300
7673 405.895 4574074.850 5303472.760
7674 405.948 4573924.850 5303322.760
7675 405.942 4574012.700 5303370.320
7676 405.919 4574024.850 5303422.760
7677 405.926 4573974.850 5303372.760
7678 405.912 4573874.850 5303322.760
7679 405.879 4573824.850 5303322.760
7680 405.057 4574099.020 5303630.600
7681 405.957 4574110.800 5303598.550
7682 405.693 4574121.710 5303566.060
7683 405.754 4574074.850 5303522.760
7684 398.097 4574059.950 5303724.510
7685 403.226 4574070.630 5303691.850
7686 397.404 4574043.860 5303753.800
7687 404.837 4574081.520 5303659.180
7688 396.503 4574009.560 5303888.650
7689 405.862 4573524.850 5303122.760
7690 405.830 4573574.850 5303172.760
7691 405.866 4573674.850 5303222.760
7692 405.836 4573724.850 5303272.760
7693 405.808 4573774.850 5303322.760
7694 405.788 4573624.850 5303222.760
7695 405.822 4573424.850 5303072.760
7696 405.781 4573474.850 5303122.760
7697 397.582 4573957.140 5304054.270
7698 396.361 4573970.060 5304022.460
7699 396.339 4573975.840 5303986.380
7700 396.372 4573982.600 5303951.010
7701 396.490 4573990.360 5303916.390
7702 404.768 4574774.850 5305072.760
7703 404.767 4574724.850 5305022.760
7704 404.768 4574674.850 5304972.760
7705 404.756 4574624.850 5304922.760
7706 404.759 4574574.850 5304872.760
7707 404.737 4574524.850 5304822.760
7708 404.737 4574774.850 5305122.760
7709 404.722 4574824.850 5305172.760
7710 404.702 4574856.720 5305195.610
7711 404.687 4574881.520 5305226.390
7712 405.764 4574047.650 5303950.430
7713 405.167 4574024.140 5303975.940
7714 405.851 4574074.850 5303922.760
7715 405.415 4574124.850 5303972.760
7716 405.107 4574006.380 5304004.870
7717 405.684 4574174.850 5304072.760
7718 405.318 4574124.850 5304022.760
7719 405.683 4574174.850 5304122.760
7720 405.045 4573988.620 5304033.790
7721 404.014 4573965.730 5304059.560
7722 401.418 4573943.530 5304085.700
7723 405.469 4574274.850 5304222.760
7724 405.787 4574224.850 5304172.760
7725 405.629 4574193.490 5304174.490
7726 405.138 4574424.850 5304522.760
7727 405.032 4574424.850 5304572.760
7728 404.923 4574424.850 5304622.760
7729 404.794 4574424.850 5304672.760
7730 405.310 4574278.750 5304263.860
7731 405.526 4574274.850 5304322.760
7732 405.350 4574324.850 5304372.760
7733 405.290 4574374.850 5304422.760
7734 405.216 4574374.850 5304472.760
7735 404.721 4574474.850 5304772.760
7736 404.722 4574424.850 5304722.760
7737 405.672 4573324.850 5303072.760
7738 405.635 4573302.810 5303068.820
7739 405.742 4573374.850 5303072.760
7740 396.627 4574015.150 5303853.280
7741 396.647 4574019.930 5303817.300
7742 396.997 4574027.810 5303783.110
7743 405.866 4574031.140 5303469.500
7744 405.900 4573924.850 5303372.760
7745 405.912 4573983.080 5303410.450
7746 405.855 4573874.850 5303372.760
7747 405.754 4573824.850 5303372.760
7748 405.912 4574093.170 5303627.020
7749 405.793 4574104.080 5303594.490
7750 405.689 4573998.860 5303505.920
7751 405.670 4574024.850 5303522.760
7752 405.593 4574074.850 5303572.760
7753 403.091 4574053.830 5303720.760
7754 404.620 4574064.010 5303687.740
7755 402.911 4574037.090 5303749.700
7756 405.872 4574075.540 5303655.490
7757 396.607 4573999.200 5303882.550
7758 405.738 4573524.850 5303172.760
7759 405.691 4573574.850 5303222.760
7760 405.747 4573674.850 5303272.760
7761 405.689 4573724.850 5303322.760
7762 405.618 4573774.850 5303372.760
7763 405.634 4573624.850 5303272.760
7764 405.699 4573424.850 5303122.760
7765 405.654 4573474.850 5303172.760
7766 397.672 4573939.450 5304083.160
7767 396.333 4573952.420 5304051.360
7768 396.311 4573957.680 5304014.890
7769 396.342 4573963.910 5303979.140
7770 396.347 4573971.160 5303944.140
7771 396.529 4573979.480 5303909.920
7772 404.750 4574724.850 5305072.760
7773 404.761 4574674.850 5305022.760
7774 404.766 4574624.850 5304972.760
7775 404.767 4574574.850 5304922.760
7776 404.760 4574524.850 5304872.760
7777 404.757 4574474.850 5304822.760
7778 404.686 4574774.850 5305172.760
7779 404.706 4574724.850 5305122.760
7780 404.654 4574824.850 5305222.760
7781 404.623 4574864.240 5305273.310
7782 405.683 4574029.750 5303979.300
7783 405.675 4574074.850 5303972.760
7784 405.740 4574011.850 5304008.170
7785 405.573 4574124.850 5304072.760
7786 405.310 4574074.850 5304022.760
7787 405.544 4574124.850 5304122.760
7788 405.761 4573993.940 5304037.030
7789 404.984 4573970.860 5304062.710
7790 403.886 4573948.130 5304088.550
7791 401.643 4573925.020 5304119.590
7792 405.544 4574124.850 5304172.760
7793 401.840 4573906.490 5304153.490
7794 405.804 4574224.850 5304222.760
7795 405.613 4574184.120 5304221.170
7796 405.108 4574374.850 5304522.760
7797 404.949 4574374.850 5304572.760
7798 404.810 4574374.850 5304622.760
7799 404.750 4574374.850 5304672.760
7800 405.324 4574237.940 5304292.280
7801 405.235 4574224.850 5304322.760
7802 405.195 4574274.850 5304372.760
7803 405.215 4574324.850 5304422.760
7804 405.118 4574324.850 5304472.760
7805 404.720 4574424.850 5304772.760
7806 404.717 4574374.850 5304722.760
7807 405.571 4573312.360 5303105.580
7808 405.621 4573374.850 5303122.760
7809 396.579 4574004.350 5303846.870
7810 396.673 4574011.770 5303812.440
7811 402.008 4574020.430 5303778.690
7812 405.754 4573974.850 5303472.760
7813 405.807 4573924.850 5303422.760
7814 405.801 4573945.570 5303443.130
7815 405.687 4573874.850 5303422.760
7816 405.552 4573824.850 5303422.760
7817 404.725 4574086.440 5303622.910
7818 405.384 4573963.300 5303539.240
7819 405.344 4574024.850 5303572.760
7820 404.568 4574046.840 5303716.460
7821 405.835 4574057.910 5303683.940
7822 404.499 4574029.770 5303745.240
7823 405.010 4574068.780 5303651.320
7824 396.550 4573988.780 5303876.430
7825 405.600 4573524.850 5303222.760
7826 405.540 4573574.850 5303272.760
7827 405.577 4573674.850 5303322.760
7828 405.501 4573724.850 5303372.760
7829 405.450 4573774.850 5303422.760
7830 405.470 4573624.850 5303322.760
7831 405.573 4573424.850 5303172.760
7832 405.517 4573474.850 5303222.760
7833 397.979 4573921.000 5304117.170
7834 396.304 4573934.780 5304080.250
7835 396.242 4573939.510 5304043.400
7836 396.331 4573945.220 5304007.270
7837 396.295 4573951.970 5303971.890
7838 396.344 4573959.770 5303937.290
7839 396.409 4573968.560 5303903.430
7840 398.303 4573902.550 5304151.180
7841 404.736 4574674.850 5305072.760
7842 404.734 4574624.850 5305022.760
7843 404.762 4574574.850 5304972.760
7844 404.754 4574524.850 5304922.760
7845 404.740 4574474.850 5304872.760
7846 404.756 4574424.850 5304822.760
7847 404.598 4574774.850 5305222.760
7848 404.655 4574724.850 5305172.760
7849 404.667 4574674.850 5305122.760
7850 404.583 4574800.060 5305258.280
7851 404.580 4574824.850 5305272.760
7852 404.509 4574838.390 5305314.250
7853 405.669 4574024.850 5304022.760
7854 405.263 4574074.850 5304072.760
7855 405.292 4574074.850 5304122.760
7856 405.780 4573976.040 5304065.900
7857 404.913 4573953.110 5304091.640
7858 403.909 4573929.420 5304122.250
7859 405.543 4574124.850 5304222.760
7860 405.405 4574074.850 5304172.760
7861 403.934 4573910.710 5304155.960
7862 402.034 4573887.960 5304187.370
7863 405.598 4574176.380 5304268.140
7864 405.491 4574124.850 5304272.760
7865 405.014 4574324.850 5304522.760
7866 404.885 4574324.850 5304572.760
7867 404.758 4574324.850 5304622.760
7868 404.696 4574324.850 5304672.760
7869 405.331 4574201.220 5304326.250
7870 405.243 4574224.850 5304372.760
7871 405.370 4574274.850 5304422.760
7872 405.063 4574274.850 5304472.760
7873 404.737 4574374.850 5304772.760
7874 404.726 4574324.850 5304722.760
7875 405.477 4573324.090 5303146.030
7876 405.486 4573374.850 5303172.760
7877 396.651 4573995.700 5303841.740
7878 400.716 4574003.800 5303807.690
7879 404.404 4574012.830 5303774.110
7880 405.523 4573916.970 5303484.160
7881 405.464 4573874.850 5303472.760
7882 405.389 4573824.850 5303472.760
7883 405.197 4574024.850 5303622.760
7884 405.392 4573924.850 5303522.760
7885 405.290 4573974.850 5303572.760
7886 405.814 4574040.460 5303712.540
7887 405.709 4574051.120 5303679.730
7888 405.790 4574023.140 5303741.200
7889 405.400 4574027.000 5303668.100
7890 396.591 4573979.610 5303871.030
7891 405.455 4573524.850 5303272.760
7892 405.394 4573574.850 5303322.760
7893 405.422 4573674.850 5303372.760
7894 405.372 4573724.850 5303422.760
7895 405.343 4573774.850 5303472.760
7896 405.347 4573624.850 5303372.760
7897 405.430 4573424.850 5303222.760
7898 405.380 4573474.850 5303272.760
7899 398.802 4573884.090 5304185.190
7900 396.399 4573916.720 5304114.560
7901 396.170 4573921.340 5304071.900
7902 396.239 4573926.540 5304035.390
7903 396.204 4573932.770 5303999.640
7904 396.322 4573940.050 5303964.660
7905 396.388 4573948.340 5303930.430
7906 396.361 4573960.240 5303898.500
7907 396.610 4573898.650 5304148.870
7908 404.697 4574624.850 5305072.760
7909 404.719 4574574.850 5305022.760
7910 404.719 4574524.850 5304972.760
7911 404.763 4574474.850 5304922.760
7912 404.744 4574424.850 5304872.760
7913 404.747 4574374.850 5304822.760
7914 404.556 4574754.880 5305251.350
7915 404.576 4574724.850 5305222.760
7916 404.570 4574674.850 5305172.760
7917 404.657 4574624.850 5305122.760
7918 404.508 4574774.850 5305272.760
7919 404.506 4574798.430 5305295.510
7920 405.509 4574024.850 5304072.760
7921 405.115 4574024.850 5304122.760
7922 405.582 4573977.400 5304075.600
7923 405.773 4573958.150 5304094.780
7924 404.809 4573934.200 5304125.140
7925 405.405 4574074.850 5304222.760
7926 405.111 4574024.850 5304172.760
7927 404.704 4573915.280 5304158.640
7928 403.951 4573891.980 5304189.650
7929 402.221 4573869.560 5304221.340
7930 405.629 4574166.710 5304314.750
7931 405.456 4574124.850 5304322.760
7932 405.404 4574074.850 5304272.760
7933 404.918 4574274.850 5304522.760
7934 404.783 4574274.850 5304572.760
7935 404.704 4574274.850 5304622.760
7936 404.689 4574274.850 5304672.760
7937 405.247 4574174.850 5304372.760
7938 405.454 4574224.850 5304422.760
7939 405.174 4574224.850 5304472.760
7940 404.740 4574324.850 5304772.760
7941 404.748 4574274.850 5304722.760
7942 405.395 4573333.840 5303188.540
7943 405.374 4573374.850 5303222.760
7944 399.851 4573987.100 5303836.660
7945 404.307 4573995.910 5303802.980
7946 405.761 4574005.990 5303769.980
7947 405.349 4573891.770 5303527.370
7948 405.310 4573824.850 5303522.760
7949 405.351 4573974.850 5303622.760
7950 405.324 4573925.270 5303569.650
7951 405.016 4574033.160 5303708.050
7952 404.734 4574015.350 5303736.480
7953 405.192 4573974.850 5303672.760
7954 399.007 4573970.360 5303865.600
7955 405.337 4573524.850 5303322.760
7956 405.302 4573574.850 5303372.760
7957 405.310 4573674.850 5303422.760
7958 405.300 4573724.850 5303472.760
7959 405.294 4573774.850 5303522.760
7960 405.288 4573624.850 5303422.760
7961 405.338 4573424.850 5303272.760
7962 405.310 4573474.850 5303322.760
7963 402.440 4573851.280 5304255.360
7964 399.212 4573865.700 5304219.240
7965 397.043 4573880.590 5304183.170
7966 396.230 4573903.370 5304106.520
7967 396.157 4573907.850 5304063.520
7968 396.157 4573913.570 5304027.390
7969 396.236 4573920.330 5303992.030
7970 396.286 4573928.130 5303957.420
7971 396.333 4573940.870 5303925.980
7972 400.077 4573951.570 5303893.390
7973 396.206 4573885.410 5304141.140
7974 404.648 4574574.850 5305072.760
7975 404.680 4574524.850 5305022.760
7976 404.703 4574474.850 5304972.760
7977 404.724 4574424.850 5304922.760
7978 404.732 4574374.850 5304872.760
7979 404.751 4574324.850 5304822.760
7980 404.477 4574724.850 5305272.760
7981 404.510 4574674.850 5305222.760
7982 404.555 4574624.850 5305172.760
7983 404.575 4574574.850 5305122.760
7984 404.408 4574774.850 5305322.760
7985 405.500 4573974.850 5304122.760
7986 405.716 4573939.010 5304128.060
7987 405.274 4574024.850 5304222.760
7988 405.344 4573974.850 5304172.760
7989 405.656 4573919.860 5304161.340
7990 404.599 4573896.340 5304192.130
7991 404.026 4573873.450 5304223.460
7992 404.048 4573855.110 5304257.370
7993 405.525 4574153.280 5304360.340
7994 405.461 4574124.850 5304372.760
7995 405.404 4574074.850 5304322.760
7996 405.266 4574024.850 5304272.760
7997 404.838 4574224.850 5304522.760
7998 404.709 4574224.850 5304572.760
7999 404.675 4574224.850 5304622.760
8000 404.710 4574224.850 5304672.760
8001 405.026 4574174.850 5304422.760
8002 405.217 4574174.850 5304472.760
8003 404.751 4574274.850 5304772.760
8004 404.728 4574224.850 5304722.760
8005 405.322 4573317.280 5303234.290
8006 405.317 4573374.850 5303272.760
8007 404.226 4573978.900 5303831.800
8008 405.732 4573988.870 5303798.770
8009 405.694 4573997.770 5303765.040
8010 405.304 4573861.700 5303567.090
8011 405.301 4573819.310 5303589.150
8012 405.323 4573924.850 5303622.760
8013 405.307 4573891.640 5303604.760
8014 405.127 4573974.850 5303722.760
8015 405.212 4573924.850 5303672.760
8016 404.155 4573961.830 5303860.590
8017 405.296 4573524.850 5303372.760
8018 405.294 4573574.850 5303422.760
8019 405.289 4573674.850 5303472.760
8020 405.307 4573724.850 5303522.760
8021 405.304 4573771.470 5303574.540
8022 405.310 4573624.850 5303472.760
8023 405.310 4573424.850 5303322.760
8024 405.310 4573474.850 5303372.760
8025 402.149 4573834.460 5304284.380
8026 400.485 4573847.360 5304253.310
8027 397.425 4573862.520 5304217.480
8028 396.266 4573867.440 5304175.760
8029 396.165 4573889.950 5304098.440
8030 396.141 4573894.370 5304055.140
8031 396.222 4573900.620 5304019.400
8032 396.111 4573907.910 5303984.420
8033 396.661 4573921.490 5303953.450
8034 401.891 4573932.780 5303921.170
8035 404.330 4573943.530 5303888.630
8036 396.211 4573872.050 5304133.350
8037 404.638 4574524.850 5305072.760
8038 404.655 4574474.850 5305022.760
8039 404.686 4574424.850 5304972.760
8040 404.713 4574374.850 5304922.760
8041 404.728 4574324.850 5304872.760
8042 404.718 4574274.850 5304822.760
8043 404.332 4574724.850 5305322.760
8044 404.384 4574674.850 5305272.760
8045 404.425 4574624.850 5305222.760
8046 404.511 4574574.850 5305172.760
8047 404.530 4574524.850 5305122.760
8048 404.329 4574780.660 5305353.560
8049 405.481 4573924.850 5304172.760
8050 404.963 4573974.850 5304222.760
8051 405.583 4573900.680 5304194.590
8052 404.509 4573877.670 5304225.760
8053 404.434 4573859.270 5304259.550
8054 403.863 4573838.440 5304286.450
8055 405.427 4574131.510 5304402.590
8056 405.275 4574074.850 5304372.760
8057 405.265 4574024.850 5304322.760
8058 404.959 4573974.850 5304272.760
8059 405.145 4574174.850 5304522.760
8060 405.006 4574174.850 5304572.760
8061 404.652 4574174.850 5304622.760
8062 404.730 4574174.850 5304672.760
8063 405.335 4574109.300 5304444.670
8064 405.089 4574124.850 5304472.760
8065 404.753 4574224.850 5304772.760
8066 404.724 4574174.850 5304722.760
8067 405.320 4573337.760 5303275.720
8068 405.326 4573374.850 5303322.760
8069 405.708 4573971.630 5303827.500
8070 405.255 4573980.230 5303793.620
8071 405.259 4573974.850 5303772.760
8072 405.299 4573824.850 5303622.760
8073 405.278 4573863.680 5303644.610
8074 405.300 4573874.850 5303672.760
8075 405.347 4573924.850 5303722.760
8076 405.687 4573954.320 5303856.170
8077 405.319 4573524.850 5303422.760
8078 405.336 4573774.850 5303622.760
8079 405.338 4573574.850 5303472.760
8080 405.323 4573674.850 5303522.760
8081 405.321 4573724.380 5303557.690
8082 405.343 4573624.850 5303522.760
8083 405.344 4573424.850 5303372.760
8084 405.364 4573474.850 5303422.760
8085 402.158 4573817.710 5304313.430
8086 398.903 4573830.600 5304282.360
8087 397.583 4573844.460 5304251.790
8088 396.294 4573849.470 5304210.370
8089 396.136 4573854.150 5304168.270
8090 396.311 4573887.690 5304011.420
8091 396.047 4573876.490 5304090.330
8092 396.066 4573880.900 5304046.770
8093 397.223 4573902.120 5303980.920
8094 402.735 4573913.990 5303948.950
8095 404.507 4573925.230 5303916.670
8096 405.684 4573936.390 5303884.400
8097 396.004 4573858.600 5304125.510
8098 404.578 4574474.850 5305072.760
8099 404.607 4574424.850 5305022.760
8100 404.663 4574374.850 5304972.760
8101 404.662 4574324.850 5304922.760
8102 404.695 4574274.850 5304872.760
8103 404.705 4574224.850 5304822.760
8104 404.200 4574724.850 5305372.760
8105 404.272 4574674.850 5305322.760
8106 404.333 4574624.850 5305272.760
8107 404.387 4574574.850 5305222.760
8108 404.429 4574524.850 5305172.760
8109 404.468 4574474.850 5305122.760
8110 404.186 4574760.810 5305399.460
8111 403.457 4573821.870 5304315.590
8112 403.239 4573805.370 5304344.770
8113 405.363 4573924.850 5304222.760
8114 405.518 4573881.850 5304228.050
8115 405.382 4573863.350 5304261.690
8116 404.436 4573842.770 5304288.720
8117 405.365 4574074.850 5304422.760
8118 405.264 4574024.850 5304372.760
8119 405.154 4573974.850 5304322.760
8120 405.178 4573924.850 5304272.760
8121 404.960 4574124.850 5304522.760
8122 405.171 4574124.850 5304572.760
8123 404.814 4574124.850 5304622.760
8124 404.889 4574124.850 5304672.760
8125 405.360 4574070.710 5304477.290
8126 404.704 4574174.850 5304772.760
8127 404.711 4574124.850 5304722.760
8128 405.356 4573336.010 5303317.600
8129 405.388 4573374.850 5303372.760
8130 405.429 4573962.530 5303822.110
8131 405.304 4573924.850 5303772.760
8132 405.383 4573837.910 5303685.990
8133 405.404 4573874.850 5303722.760
8134 405.815 4573944.740 5303850.540
8135 405.378 4573524.850 5303472.760
8136 405.410 4573724.850 5303622.760
8137 405.439 4573774.850 5303672.760
8138 405.400 4573574.850 5303522.760
8139 405.367 4573679.670 5303571.270
8140 405.433 4573624.850 5303572.760
8141 405.407 4573424.850 5303422.760
8142 405.424 4573474.850 5303472.760
8143 403.071 4573788.880 5304373.950
8144 401.698 4573801.010 5304342.500
8145 398.406 4573813.870 5304311.420
8146 397.564 4573827.300 5304280.630
8147 396.279 4573831.500 5304244.990
8148 396.184 4573836.250 5304203.180
8149 395.988 4573840.710 5304160.700
8150 398.342 4573882.750 5304008.400
8151 396.774 4573867.470 5304038.420
8152 396.092 4573863.010 5304082.220
8153 403.176 4573895.200 5303976.740
8154 404.705 4573906.930 5303944.710
8155 405.680 4573918.470 5303912.630
8156 405.450 4573927.380 5303879.070
8157 395.887 4573845.130 5304117.660
8158 404.534 4574424.850 5305072.760
8159 404.582 4574374.850 5305022.760
8160 404.596 4574324.850 5304972.760
8161 404.670 4574274.850 5304922.760
8162 404.638 4574224.850 5304872.760
8163 404.687 4574174.850 5304822.760
8164 404.068 4574724.850 5305422.760
8165 404.118 4574674.850 5305372.760
8166 404.199 4574624.850 5305322.760
8167 404.226 4574574.850 5305272.760
8168 404.329 4574524.850 5305222.760
8169 404.359 4574474.850 5305172.760
8170 404.433 4574424.850 5305122.760
8171 404.030 4574739.700 5305444.790
8172 404.444 4573826.410 5304317.960
8173 404.455 4573810.170 5304347.260
8174 404.457 4573793.920 5304376.570
8175 405.317 4573874.850 5304272.760
8176 405.378 4573846.890 5304290.870
8177 405.251 4574024.850 5304422.760
8178 405.126 4573974.850 5304372.760
8179 404.811 4573924.850 5304322.760
8180 405.103 4574074.850 5304522.760
8181 404.854 4574074.850 5304572.760
8182 404.890 4574074.850 5304622.760
8183 405.086 4574074.850 5304672.760
8184 405.118 4574024.850 5304472.760
8185 404.670 4574124.850 5304772.760
8186 404.793 4574074.850 5304722.760
8187 405.365 4573268.140 5303298.550
8188 405.402 4573294.660 5303333.020
8189 405.412 4573324.850 5303372.760
8190 405.437 4573374.850 5303422.760
8191 405.349 4573241.260 5303260.260
8192 405.346 4573207.170 5303238.750
8193 405.431 4573924.850 5303822.760
8194 405.444 4573874.850 5303772.760
8195 405.491 4573812.750 5303727.750
8196 405.389 4573924.850 5303872.760
8197 405.448 4573524.850 5303522.760
8198 405.484 4573674.850 5303622.760
8199 405.499 4573724.850 5303672.760
8200 405.513 4573774.850 5303722.760
8201 405.488 4573574.850 5303572.760
8202 405.487 4573645.910 5303607.810
8203 405.516 4573624.850 5303622.760
8204 405.463 4573424.850 5303472.760
8205 405.493 4573474.850 5303522.760
8206 403.244 4573772.430 5304403.160
8207 400.499 4573784.310 5304371.580
8208 398.491 4573797.160 5304340.500
8209 396.902 4573810.140 5304309.480
8210 396.271 4573814.230 5304273.790
8211 396.160 4573818.350 5304238.100
8212 396.064 4573822.820 5304195.880
8213 395.915 4573827.240 5304153.110
8214 403.258 4573876.420 5304004.520
8215 401.036 4573863.370 5304035.870
8216 396.204 4573849.560 5304074.120
8217 404.900 4573888.630 5303972.750
8218 405.676 4573900.540 5303940.860
8219 405.300 4573910.020 5303907.600
8220 396.026 4573831.650 5304109.820
8221 404.451 4574374.850 5305072.760
8222 404.513 4574324.850 5305022.760
8223 404.546 4574274.850 5304972.760
8224 404.590 4574224.850 5304922.760
8225 404.631 4574174.850 5304872.760
8226 404.622 4574124.850 5304822.760
8227 404.000 4574674.850 5305422.760
8228 404.062 4574624.850 5305372.760
8229 404.112 4574574.850 5305322.760
8230 404.181 4574524.850 5305272.760
8231 404.233 4574474.850 5305222.760
8232 404.309 4574424.850 5305172.760
8233 404.368 4574374.850 5305122.760
8234 403.853 4574674.850 5305472.760
8235 403.888 4574716.010 5305487.490
8236 404.451 4573777.720 5304405.900
8237 405.027 4573830.610 5304320.150
8238 404.725 4573814.470 5304349.500
8239 404.738 4573798.330 5304378.860
8240 405.235 4573874.850 5304322.760
8241 405.125 4573974.850 5304422.760
8242 404.685 4573924.850 5304372.760
8243 404.535 4573761.580 5304435.260
8244 405.194 4574031.280 5304508.890
8245 405.205 4574024.850 5304572.760
8246 404.863 4574024.850 5304622.760
8247 404.666 4574024.850 5304672.760
8248 405.125 4573974.850 5304472.760
8249 404.670 4574074.850 5304772.760
8250 404.865 4574024.850 5304722.760
8251 405.425 4573224.850 5303322.760
8252 405.439 4573274.850 5303372.760
8253 405.468 4573324.850 5303422.760
8254 405.495 4573374.850 5303472.760
8255 405.407 4573177.800 5303279.180
8256 405.509 4573374.850 5303522.760
8257 405.393 4573874.850 5303822.760
8258 405.498 4573824.850 5303772.760
8259 405.285 4573874.850 5303872.760
8260 405.514 4573524.850 5303572.760
8261 405.504 4573785.790 5303768.150
8262 405.530 4573674.850 5303672.760
8263 405.521 4573724.850 5303722.760
8264 405.528 4573574.850 5303622.760
8265 405.526 4573633.290 5303654.470
8266 405.521 4573474.850 5303572.760
8267 405.515 4573424.850 5303522.760
8268 403.420 4573756.010 5304432.380
8269 399.888 4573767.630 5304400.670
8270 397.642 4573780.460 5304369.580
8271 396.677 4573792.970 5304338.330
8272 396.232 4573796.960 5304302.600
8273 396.139 4573801.000 5304266.880
8274 396.073 4573804.930 5304231.070
8275 395.894 4573809.350 5304188.560
8276 395.874 4573813.750 5304145.520
8277 404.978 4573870.330 5304000.790
8278 403.222 4573857.630 5304032.310
8279 398.765 4573844.740 5304071.270
8280 405.645 4573882.610 5303969.090
8281 405.626 4573892.670 5303936.130
8282 405.367 4573874.850 5303922.760
8283 397.681 4573826.110 5304106.670
8284 404.420 4574324.850 5305072.760
8285 404.411 4574274.850 5305022.760
8286 404.492 4574224.850 5304972.760
8287 404.514 4574174.850 5304922.760
8288 404.574 4574124.850 5304872.760
8289 404.591 4574074.850 5304822.760
8290 403.924 4574624.850 5305422.760
8291 403.999 4574574.850 5305372.760
8292 404.031 4574524.850 5305322.760
8293 404.118 4574474.850 5305272.760
8294 404.160 4574424.850 5305222.760
8295 404.241 4574374.850 5305172.760
8296 404.276 4574324.850 5305122.760
8297 403.821 4574624.850 5305472.760
8298 403.824 4574676.980 5305497.710
8299 404.823 4573782.250 5304408.250
8300 405.135 4573824.850 5304372.760
8301 405.013 4573874.850 5304372.760
8302 405.001 4573924.850 5304422.760
8303 404.986 4573924.850 5304472.760
8304 404.908 4573766.230 5304437.670
8305 404.510 4573745.950 5304465.120
8306 405.059 4573991.130 5304539.560
8307 405.034 4573974.850 5304572.760
8308 405.023 4573974.850 5304622.760
8309 404.961 4573974.850 5304672.760
8310 404.985 4573924.850 5304522.760
8311 404.764 4574024.850 5304772.760
8312 404.708 4573974.850 5304722.760
8313 405.445 4573174.850 5303322.760
8314 405.472 4573224.850 5303372.760
8315 405.490 4573274.850 5303422.760
8316 405.505 4573324.850 5303472.760
8317 405.456 4573152.250 5303322.170
8318 405.482 4573324.850 5303522.760
8319 405.467 4573374.850 5303572.760
8320 405.467 4573824.850 5303822.760
8321 405.354 4573824.850 5303872.760
8322 405.445 4573755.460 5303805.880
8323 405.514 4573524.850 5303622.760
8324 405.493 4573724.850 5303772.760
8325 405.507 4573674.850 5303722.760
8326 405.508 4573574.850 5303672.760
8327 405.509 4573632.790 5303704.500
8328 405.481 4573474.850 5303622.760
8329 405.497 4573424.850 5303572.760
8330 403.404 4573740.460 5304462.280
8331 399.286 4573750.980 5304429.770
8332 397.298 4573763.760 5304398.660
8333 396.568 4573775.810 5304367.170
8334 396.218 4573779.690 5304331.400
8335 396.112 4573783.650 5304295.650
8336 395.966 4573787.560 5304259.850
8337 395.899 4573791.460 5304224.010
8338 395.922 4573795.840 5304181.220
8339 397.058 4573807.490 5304142.080
8340 405.598 4573864.690 5303997.320
8341 405.062 4573852.040 5304028.830
8342 403.070 4573838.800 5304067.710
8343 405.010 4573875.310 5303964.660
8344 405.237 4573824.850 5303922.760
8345 402.923 4573819.970 5304103.120
8346 403.387 4573724.910 5304492.170
8347 404.344 4574274.850 5305072.760
8348 404.379 4574224.850 5305022.760
8349 404.391 4574174.850 5304972.760
8350 404.462 4574124.850 5304922.760
8351 404.480 4574074.850 5304872.760
8352 404.603 4574024.850 5304822.760
8353 403.854 4574574.850 5305422.760
8354 403.925 4574524.850 5305372.760
8355 403.972 4574474.850 5305322.760
8356 404.021 4574424.850 5305272.760
8357 404.099 4574374.850 5305222.760
8358 404.166 4574324.850 5305172.760
8359 404.252 4574274.850 5305122.760
8360 403.788 4574574.850 5305472.760
8361 403.734 4574624.850 5305522.760
8362 403.749 4574644.950 5305533.930
8363 405.097 4573777.200 5304432.000
8364 405.032 4573768.340 5304438.760
8365 405.070 4573824.850 5304422.760
8366 404.659 4573874.850 5304422.760
8367 404.663 4573874.850 5304472.760
8368 404.881 4573750.660 5304467.560
8369 404.485 4573730.310 5304494.970
8370 405.018 4573944.470 5304556.900
8371 404.830 4573924.850 5304622.760
8372 404.944 4573924.850 5304672.760
8373 404.861 4573874.850 5304522.760
8374 404.609 4573974.850 5304772.760
8375 404.947 4573924.850 5304722.760
8376 405.483 4573174.850 5303372.760
8377 405.493 4573224.850 5303422.760
8378 405.495 4573274.850 5303472.760
8379 405.482 4573126.210 5303364.840
8380 405.449 4573274.850 5303522.760
8381 405.431 4573324.850 5303572.760
8382 405.396 4573374.850 5303622.760
8383 405.348 4573774.850 5303872.760
8384 405.245 4573774.850 5303922.760
8385 405.362 4573723.760 5303842.600
8386 405.459 4573524.850 5303672.760
8387 405.446 4573674.850 5303772.760
8388 405.434 4573635.250 5303754.470
8389 405.424 4573574.850 5303722.760
8390 405.409 4573474.850 5303672.760
8391 405.441 4573424.850 5303622.760
8392 399.564 4573735.500 5304459.710
8393 397.115 4573747.090 5304427.760
8394 396.361 4573758.650 5304396.020
8395 396.113 4573762.410 5304360.200
8396 395.987 4573766.300 5304324.430
8397 395.823 4573770.180 5304288.620
8398 395.748 4573774.060 5304252.790
8399 395.927 4573777.930 5304216.920
8400 396.482 4573788.860 5304177.480
8401 402.545 4573801.160 5304138.540
8402 405.121 4573857.960 5303993.190
8403 405.550 4573846.770 5304025.560
8404 404.783 4573832.830 5304064.150
8405 405.107 4573824.850 5303972.760
8406 404.481 4573813.640 5304099.470
8407 405.220 4573774.850 5303972.760
8408 403.310 4573709.350 5304522.070
8409 399.847 4573720.030 5304489.640
8410 404.253 4574224.850 5305072.760
8411 404.327 4574174.850 5305022.760
8412 404.343 4574124.850 5304972.760
8413 404.370 4574074.850 5304922.760
8414 404.433 4574024.850 5304872.760
8415 404.811 4573974.850 5304822.760
8416 403.819 4574524.850 5305422.760
8417 403.841 4574474.850 5305372.760
8418 403.910 4574424.850 5305322.760
8419 403.935 4574374.850 5305272.760
8420 404.031 4574324.850 5305222.760
8421 404.076 4574274.850 5305172.760
8422 404.141 4574224.850 5305122.760
8423 403.735 4574524.850 5305472.760
8424 403.723 4574574.850 5305522.760
8425 403.699 4574602.600 5305555.940
8426 404.953 4573774.850 5304472.760
8427 404.849 4573824.850 5304472.760
8428 404.444 4573714.670 5304524.830
8429 404.877 4573735.080 5304497.450
8430 404.402 4573699.040 5304554.680
8431 404.846 4573874.850 5304622.760
8432 404.775 4573849.210 5304584.440
8433 404.816 4573874.850 5304672.760
8434 404.507 4573824.850 5304522.760
8435 404.645 4573824.850 5304572.760
8436 404.716 4573924.850 5304772.760
8437 404.697 4573874.850 5304722.760
8438 405.478 4573174.850 5303422.760
8439 405.463 4573224.850 5303472.760
8440 405.455 4573116.290 5303410.150
8441 405.419 4573224.850 5303522.760
8442 405.386 4573274.850 5303572.760
8443 405.362 4573324.850 5303622.760
8444 405.334 4573374.850 5303672.760
8445 405.315 4573724.850 5303872.760
8446 405.251 4573724.850 5303922.760
8447 405.352 4573674.850 5303822.760
8448 405.379 4573524.850 5303722.760
8449 405.351 4573637.100 5303804.470
8450 405.350 4573574.850 5303772.760
8451 405.341 4573474.850 5303722.760
8452 405.367 4573424.850 5303672.760
8453 397.107 4573731.620 5304457.690
8454 396.202 4573741.490 5304424.860
8455 395.895 4573745.140 5304389.010
8456 395.876 4573748.950 5304353.200
8457 395.706 4573752.810 5304317.400
8458 395.567 4573756.660 5304281.560
8459 395.819 4573760.530 5304245.710
8460 396.042 4573770.240 5304212.890
8461 401.699 4573782.350 5304173.960
8462 404.096 4573794.460 5304134.810
8463 405.440 4573840.610 5304021.730
8464 405.452 4573827.020 5304060.690
8465 405.201 4573824.850 5304022.760
8466 405.355 4573807.300 5304095.840
8467 405.197 4573724.850 5303972.760
8468 405.062 4573774.850 5304022.760
8469 403.226 4573693.800 5304551.960
8470 400.037 4573704.550 5304519.570
8471 397.101 4573716.150 5304487.630
8472 404.209 4574174.850 5305072.760
8473 404.224 4574124.850 5305022.760
8474 404.287 4574074.850 5304972.760
8475 404.308 4574024.850 5304922.760
8476 404.547 4573974.850 5304872.760
8477 404.473 4573924.850 5304822.760
8478 403.783 4574474.850 5305422.760
8479 403.786 4574424.850 5305372.760
8480 403.851 4574374.850 5305322.760
8481 403.896 4574324.850 5305272.760
8482 403.934 4574274.850 5305222.760
8483 404.031 4574224.850 5305172.760
8484 404.063 4574174.850 5305122.760
8485 403.699 4574524.850 5305522.760
8486 403.722 4574474.850 5305472.760
8487 403.658 4574563.070 5305579.540
8488 403.647 4574524.850 5305572.760
8489 404.904 4573774.850 5304522.760
8490 404.875 4573719.500 5304527.330
8491 404.944 4573726.800 5304526.300
8492 404.870 4573703.930 5304557.220
8493 404.361 4573683.410 5304584.540
8494 404.692 4573810.980 5304617.350
8495 404.706 4573824.850 5304672.760
8496 404.493 4573774.850 5304572.760
8497 404.355 4573774.850 5304622.760
8498 404.743 4573874.850 5304772.760
8499 404.706 4573824.850 5304722.760
8500 405.440 4573174.850 5303472.760
8501 405.414 4573106.960 5303455.650
8502 405.342 4573083.400 5303499.670
8503 405.293 4573074.850 5303522.760
8504 405.253 4573052.630 5303534.790
8505 405.378 4573174.850 5303522.760
8506 405.352 4573224.850 5303572.760
8507 404.811 4572924.850 5303622.760
8508 404.882 4572954.940 5303611.130
8509 405.320 4573274.850 5303622.760
8510 405.302 4573324.850 5303672.760
8511 405.283 4573374.850 5303722.760
8512 405.305 4573674.850 5303872.760
8513 405.252 4573674.850 5303922.760
8514 405.303 4573634.280 5303853.540
8515 405.320 4573524.850 5303772.760
8516 405.304 4573574.850 5303822.760
8517 405.295 4573474.850 5303772.760
8518 405.313 4573424.850 5303722.760
8519 396.061 4573726.210 5304454.890
8520 395.868 4573727.870 5304417.810
8521 395.759 4573731.600 5304381.980
8522 395.599 4573735.430 5304346.180
8523 395.513 4573739.260 5304310.340
8524 395.662 4573743.130 5304274.500
8525 396.374 4573753.440 5304242.000
8526 400.647 4573763.530 5304209.370
8527 403.638 4573775.280 5304170.140
8528 405.257 4573787.600 5304131.000
8529 405.134 4573674.850 5303972.760
8530 405.069 4573820.470 5304056.780
8531 404.925 4573800.350 5304091.840
8532 404.988 4573724.850 5304022.760
8533 404.757 4573774.850 5304072.760
8534 404.320 4573667.780 5304614.400
8535 403.144 4573678.250 5304581.860
8536 400.228 4573689.070 5304549.500
8537 397.098 4573700.680 5304517.560
8538 395.920 4573710.930 5304484.920
8539 404.171 4573649.510 5304649.630
8540 404.117 4574124.850 5305072.760
8541 404.204 4574074.850 5305022.760
8542 404.214 4574024.850 5304972.760
8543 404.408 4573974.850 5304922.760
8544 404.538 4573924.850 5304872.760
8545 404.815 4573874.850 5304822.760
8546 403.733 4574424.850 5305422.760
8547 403.781 4574374.850 5305372.760
8548 403.768 4574324.850 5305322.760
8549 403.827 4574274.850 5305272.760
8550 403.870 4574224.850 5305222.760
8551 403.910 4574174.850 5305172.760
8552 403.989 4574124.850 5305122.760
8553 403.650 4574474.850 5305522.760
8554 403.689 4574424.850 5305472.760
8555 403.617 4574523.980 5305606.870
8556 403.625 4574474.850 5305572.760
8557 404.771 4573724.850 5304572.760
8558 404.866 4573688.350 5304587.110
8559 404.861 4573672.780 5304617.000
8560 404.825 4573654.400 5304652.150
8561 404.624 4573783.770 5304659.120
8562 404.739 4573724.850 5304622.760
8563 404.578 4573768.830 5304707.290
8564 404.612 4573824.850 5304822.760
8565 404.601 4573824.850 5304772.760
8566 405.343 4573124.850 5303522.760
8567 405.158 4573056.460 5303576.700
8568 405.311 4573174.850 5303572.760
8569 405.289 4573224.850 5303622.760
8570 404.717 4572938.560 5303665.230
8571 404.776 4572959.960 5303655.480
8572 404.584 4572936.950 5303744.880
8573 405.259 4573274.850 5303672.760
8574 405.219 4573324.850 5303722.760
8575 405.174 4573374.850 5303772.760
8576 405.227 4573624.850 5303922.760
8577 405.237 4573611.570 5303897.880
8578 405.242 4573574.850 5303872.760
8579 405.269 4573524.850 5303822.760
8580 405.210 4573474.850 5303822.760
8581 405.251 4573424.850 5303772.760
8582 395.774 4573712.720 5304447.900
8583 395.619 4573714.260 5304410.750
8584 395.426 4573718.060 5304374.950
8585 395.437 4573721.860 5304339.120
8586 395.640 4573725.720 5304303.290
8587 396.757 4573736.650 5304271.120
8588 401.422 4573746.980 5304238.620
8589 403.378 4573756.100 5304205.480
8590 404.969 4573624.850 5303972.760
8591 405.159 4573767.890 5304166.170
8592 404.017 4573780.260 5304126.920
8593 404.826 4573674.850 5304022.760
8594 404.118 4573774.850 5304122.760
8595 404.614 4573724.850 5304072.760
8596 403.063 4573662.710 5304611.760
8597 400.424 4573673.600 5304579.430
8598 397.128 4573685.210 5304547.500
8599 395.779 4573695.650 5304514.950
8600 395.681 4573697.570 5304477.990
8601 404.018 4573631.240 5304684.870
8602 402.960 4573644.440 5304647.030
8603 403.545 4574495.460 5305643.730
8604 404.034 4574074.850 5305072.760
8605 404.097 4574024.850 5305022.760
8606 404.161 4573974.850 5304972.760
8607 404.714 4573924.850 5304922.760
8608 404.479 4573874.850 5304872.760
8609 403.720 4574374.850 5305422.760
8610 403.720 4574324.850 5305372.760
8611 403.766 4574274.850 5305322.760
8612 403.783 4574224.850 5305272.760
8613 403.839 4574174.850 5305222.760
8614 403.845 4574124.850 5305172.760
8615 403.838 4574074.850 5305122.760
8616 403.649 4574424.850 5305522.760
8617 403.649 4574374.850 5305472.760
8618 403.566 4574474.850 5305622.760
8619 403.582 4574424.850 5305572.760
8620 404.585 4573824.850 5304872.760
8621 404.769 4573676.700 5304624.500
8622 404.634 4573636.020 5304687.290
8623 404.206 4573724.850 5304672.760
8624 404.589 4573674.850 5304672.760
8625 404.524 4573759.310 5304756.910
8626 404.053 4573724.850 5304722.760
8627 404.478 4573799.180 5304847.010
8628 404.555 4573770.770 5304805.420
8629 405.265 4573124.850 5303572.760
8630 405.045 4573060.530 5303617.700
8631 405.226 4573174.850 5303622.760
8632 405.187 4573224.850 5303672.760
8633 404.950 4573052.570 5303644.160
8634 404.659 4572953.500 5303702.810
8635 404.841 4573008.050 5303658.750
8636 404.626 4572975.320 5303728.620
8637 405.132 4573274.850 5303722.760
8638 405.063 4573324.850 5303772.760
8639 404.984 4573374.850 5303822.760
8640 405.060 4573570.330 5303925.340
8641 405.155 4573524.850 5303872.760
8642 405.027 4573474.850 5303872.760
8643 405.109 4573424.850 5303822.760
8644 395.602 4573699.220 5304440.900
8645 395.320 4573700.680 5304403.730
8646 395.343 4573704.460 5304367.900
8647 395.580 4573708.320 5304332.090
8648 397.108 4573719.870 5304300.240
8649 404.806 4573574.850 5303972.760
8650 402.141 4573730.430 5304267.870
8651 403.574 4573739.810 5304234.870
8652 405.061 4573748.190 5304201.330
8653 404.662 4573624.850 5304022.760
8654 404.252 4573760.170 5304162.000
8655 404.513 4573674.850 5304072.760
8656 404.271 4573724.850 5304122.760
8657 395.592 4573684.190 5304471.050
8658 400.617 4573658.120 5304609.370
8659 397.155 4573669.740 5304577.430
8660 395.635 4573680.380 5304544.980
8661 395.588 4573682.420 5304508.090
8662 403.857 4573612.960 5304720.100
8663 402.857 4573626.170 5304682.300
8664 400.555 4573639.920 5304644.700
8665 403.502 4574453.710 5305660.310
8666 403.955 4574024.850 5305072.760
8667 404.004 4573974.850 5305022.760
8668 404.412 4573924.850 5304972.760
8669 404.305 4573874.850 5304922.760
8670 403.690 4574324.850 5305422.760
8671 403.686 4574274.850 5305372.760
8672 403.703 4574224.850 5305322.760
8673 403.739 4574174.850 5305272.760
8674 403.760 4574124.850 5305222.760
8675 403.808 4574074.850 5305172.760
8676 403.825 4574024.850 5305122.760
8677 403.621 4574374.850 5305522.760
8678 403.651 4574324.850 5305472.760
8679 403.548 4574424.850 5305622.760
8680 403.570 4574374.850 5305572.760
8681 404.574 4573824.850 5304922.760
8682 404.565 4573813.470 5304894.870
8683 404.620 4573617.630 5304722.440
8684 404.601 4573624.850 5304722.760
8685 404.574 4573674.850 5304722.760
8686 404.449 4573724.850 5304772.760
8687 404.385 4573774.850 5304872.760
8688 404.427 4573724.850 5304822.760
8689 405.148 4573124.850 5303622.760
8690 405.038 4573096.930 5303641.940
8691 405.092 4573174.850 5303672.760
8692 405.023 4573224.850 5303722.760
8693 404.899 4573074.850 5303672.760
8694 404.715 4573013.970 5303705.340
8695 404.946 4573274.850 5303772.760
8696 404.875 4573324.850 5303822.760
8697 404.776 4573374.850 5303872.760
8698 404.834 4573522.410 5303939.300
8699 404.796 4573474.850 5303922.760
8700 404.894 4573424.850 5303872.760
8701 404.689 4573524.850 5303972.760
8702 395.388 4573685.760 5304433.930
8703 395.327 4573687.060 5304396.680
8704 395.987 4573690.920 5304360.880
8705 398.143 4573703.080 5304329.360
8706 402.494 4573713.890 5304297.120
8707 404.600 4573574.850 5304022.760
8708 403.720 4573723.520 5304264.260
8709 405.015 4573732.220 5304230.890
8710 404.915 4573740.080 5304197.080
8711 404.524 4573624.850 5304072.760
8712 404.478 4573724.850 5304172.760
8713 404.467 4573674.850 5304122.760
8714 395.412 4573670.840 5304464.130
8715 395.572 4573669.160 5304501.200
8716 397.183 4573654.270 5304607.360
8717 395.485 4573665.100 5304575.010
8718 395.483 4573667.270 5304538.180
8719 403.697 4573594.690 5304755.330
8720 402.851 4573607.900 5304717.570
8721 400.433 4573621.720 5304680.040
8722 397.291 4573635.990 5304642.690
8723 403.539 4573576.440 5304790.570
8724 403.468 4574433.650 5305689.650
8725 403.846 4573974.850 5305072.760
8726 403.928 4573924.850 5305022.760
8727 404.513 4573874.850 5304972.760
8728 404.442 4573822.810 5304944.410
8729 403.639 4574274.850 5305422.760
8730 403.673 4574224.850 5305372.760
8731 403.670 4574174.850 5305322.760
8732 403.714 4574124.850 5305272.760
8733 403.700 4574074.850 5305222.760
8734 403.696 4574024.850 5305172.760
8735 403.742 4573974.850 5305122.760
8736 403.581 4574324.850 5305522.760
8737 403.620 4574274.850 5305472.760
8738 403.489 4574374.850 5305622.760
8739 403.532 4574324.850 5305572.760
8740 404.523 4573774.850 5304922.760
8741 404.606 4573599.250 5304757.580
8742 404.590 4573580.890 5304792.740
8743 404.407 4573624.850 5304772.760
8744 404.054 4573674.850 5304772.760
8745 404.034 4573674.850 5304822.760
8746 404.427 4573724.850 5304872.760
8747 404.988 4573124.850 5303672.760
8748 404.923 4573174.850 5303722.760
8749 404.845 4573224.850 5303772.760
8750 404.735 4573060.690 5303719.390
8751 404.763 4573274.850 5303822.760
8752 404.705 4573324.850 5303872.760
8753 404.625 4573374.850 5303922.760
8754 404.682 4573474.500 5303952.310
8755 404.698 4573424.850 5303922.760
8756 404.628 4573474.850 5303972.760
8757 404.579 4573524.850 5304022.760
8758 395.346 4573672.260 5304426.940
8759 396.459 4573673.520 5304389.670
8760 398.558 4573686.300 5304358.470
8761 402.720 4573697.350 5304326.370
8762 403.843 4573707.250 5304293.660
8763 404.554 4573574.850 5304072.760
8764 404.969 4573716.270 5304260.470
8765 404.340 4573724.470 5304226.840
8766 404.335 4573721.500 5304217.900
8767 404.560 4573624.850 5304122.760
8768 404.554 4573674.850 5304172.760
8769 395.355 4573657.450 5304457.190
8770 395.404 4573655.910 5304494.320
8771 395.552 4573654.130 5304531.350
8772 395.335 4573649.820 5304605.040
8773 395.385 4573652.120 5304568.270
8774 402.862 4573589.630 5304752.840
8775 400.205 4573603.510 5304715.370
8776 397.353 4573617.720 5304678.020
8777 395.388 4573631.570 5304640.410
8778 403.459 4573559.090 5304826.220
8779 402.874 4573571.370 5304788.110
8780 403.419 4574432.300 5305733.520
8781 403.454 4574374.850 5305672.760
8782 403.770 4573924.850 5305072.760
8783 404.382 4573874.850 5305022.760
8784 404.188 4573826.590 5304994.730
8785 404.512 4573774.850 5304972.760
8786 403.619 4574224.850 5305422.760
8787 403.621 4574174.850 5305372.760
8788 403.658 4574124.850 5305322.760
8789 403.660 4574074.850 5305272.760
8790 403.700 4574024.850 5305222.760
8791 403.714 4573974.850 5305172.760
8792 403.689 4573924.850 5305122.760
8793 403.573 4574274.850 5305522.760
8794 403.578 4574224.850 5305472.760
8795 403.468 4574324.850 5305622.760
8796 403.500 4574274.850 5305572.760
8797 404.373 4573724.850 5304922.760
8798 404.275 4573724.850 5304972.760
8799 404.441 4573574.850 5304822.760
8800 404.301 4573563.780 5304828.460
8801 404.408 4573624.850 5304822.760
8802 404.321 4573674.850 5304872.760
8803 404.214 4573546.690 5304864.190
8804 404.322 4573724.850 5305022.760
8805 404.684 4573224.850 5303822.760
8806 404.834 4573124.850 5303722.760
8807 404.753 4573174.850 5303772.760
8808 404.716 4573098.500 5303747.120
8809 404.633 4573274.850 5303872.760
8810 404.589 4573324.850 5303922.760
8811 404.566 4573374.850 5303972.760
8812 404.591 4573430.670 5303976.200
8813 404.566 4573474.850 5304022.760
8814 404.557 4573524.850 5304072.760
8815 396.230 4573658.830 5304419.970
8816 400.908 4573669.520 5304387.590
8817 403.006 4573680.810 5304355.630
8818 403.967 4573690.980 5304323.060
8819 404.921 4573700.330 5304290.050
8820 404.572 4573574.850 5304122.760
8821 404.132 4573708.880 5304256.610
8822 404.325 4573674.850 5304222.760
8823 404.521 4573624.850 5304172.760
8824 396.058 4573644.140 5304450.280
8825 395.406 4573642.650 5304487.440
8826 395.438 4573640.990 5304524.520
8827 395.530 4573639.100 5304561.500
8828 395.324 4573636.970 5304598.360
8829 404.570 4573474.850 5304072.760
8830 400.116 4573585.310 5304750.710
8831 397.313 4573599.450 5304713.350
8832 395.441 4573613.320 5304675.780
8833 395.312 4573618.550 5304633.740
8834 403.366 4573541.760 5304861.880
8835 402.524 4573553.980 5304823.780
8836 400.027 4573567.110 5304786.050
8837 403.350 4574430.510 5305781.820
8838 403.391 4574374.850 5305722.760
8839 403.425 4574324.850 5305672.760
8840 404.308 4573874.850 5305072.760
8841 404.322 4573825.690 5305044.470
8842 404.330 4573774.850 5305022.760
8843 403.616 4574174.850 5305422.760
8844 403.615 4574124.850 5305372.760
8845 403.633 4574074.850 5305322.760
8846 403.649 4574024.850 5305272.760
8847 403.606 4573974.850 5305222.760
8848 403.631 4573924.850 5305172.760
8849 403.676 4573874.850 5305122.760
8850 403.526 4574224.850 5305522.760
8851 403.553 4574174.850 5305472.760
8852 403.458 4574274.850 5305622.760
8853 403.479 4574224.850 5305572.760
8854 404.288 4573674.850 5304922.760
8855 404.287 4573674.850 5304972.760
8856 404.253 4573574.850 5304872.760
8857 403.902 4573624.850 5304872.760
8858 404.123 4573529.540 5304899.890
8859 404.157 4573674.850 5305022.760
8860 404.405 4573724.850 5305072.760
8861 403.391 4574274.850 5305672.760
8862 403.265 4573524.380 5304897.510
8863 404.631 4573174.850 5303822.760
8864 404.588 4573224.850 5303872.760
8865 404.637 4573119.250 5303788.870
8866 404.565 4573274.850 5303922.760
8867 404.561 4573324.850 5303972.760
8868 404.562 4573389.270 5304004.210
8869 404.561 4573424.850 5304022.760
8870 404.565 4573424.850 5304072.760
8871 404.558 4573524.850 5304122.760
8872 400.352 4573654.420 5304417.690
8873 403.293 4573664.270 5304384.880
8874 404.090 4573674.710 5304352.460
8875 404.862 4573684.390 5304319.630
8876 404.715 4573693.310 5304286.390
8877 404.515 4573574.850 5304172.760
8878 404.498 4573674.850 5304272.760
8879 404.442 4573624.850 5304222.760
8880 400.023 4573639.320 5304447.780
8881 395.948 4573629.440 5304480.590
8882 395.486 4573627.850 5304517.690
8883 395.503 4573626.070 5304554.720
8884 395.492 4573624.060 5304591.640
8885 404.542 4573474.850 5304122.760
8886 395.457 4573605.470 5304627.030
8887 397.289 4573581.170 5304748.670
8888 395.494 4573595.070 5304711.150
8889 395.330 4573600.130 5304669.110
8890 402.068 4573536.590 5304859.440
8891 399.558 4573549.610 5304821.700
8892 397.273 4573562.900 5304784.000
8893 403.150 4573507.070 5304933.180
8894 403.322 4574442.720 5305822.470
8895 403.360 4574374.850 5305772.760
8896 403.367 4574324.850 5305722.760
8897 403.324 4574274.850 5305722.760
8898 404.358 4573809.370 5305092.140
8899 404.093 4573774.850 5305072.760
8900 404.237 4573824.850 5305122.760
8901 403.567 4574124.850 5305422.760
8902 403.608 4574074.850 5305372.760
8903 403.602 4574024.850 5305322.760
8904 403.622 4573974.850 5305272.760
8905 403.622 4573924.850 5305222.760
8906 403.592 4573874.850 5305172.760
8907 403.503 4574174.850 5305522.760
8908 403.536 4574124.850 5305472.760
8909 403.394 4574224.850 5305622.760
8910 403.423 4574174.850 5305572.760
8911 404.016 4573624.850 5304922.760
8912 404.149 4573624.850 5304972.760
8913 404.243 4573574.850 5304922.760
8914 404.039 4573512.480 5304935.630
8915 404.207 4573524.850 5304922.760
8916 403.990 4573495.840 5304971.570
8917 404.148 4573624.850 5305022.760
8918 404.191 4573674.850 5305072.760
8919 404.095 4573724.850 5305122.760
8920 403.381 4574224.850 5305672.760
8921 401.666 4573519.170 5304895.100
8922 404.594 4573124.850 5303822.760
8923 404.568 4573174.850 5303872.760
8924 404.558 4573224.850 5303922.760
8925 404.572 4573097.200 5303833.560
8926 404.557 4573274.850 5303972.760
8927 404.563 4573324.850 5304022.760
8928 404.564 4573356.550 5304041.950
8929 404.544 4573374.850 5304072.760
8930 404.517 4573424.850 5304122.760
8931 404.555 4573224.850 5303972.760
8932 404.505 4573524.850 5304172.760
8933 403.131 4573649.080 5304414.920
8934 404.214 4573658.440 5304381.860
8935 404.802 4573668.460 5304349.220
8936 404.260 4573677.740 5304316.170
8937 404.487 4573574.850 5304222.760
8938 404.464 4573624.850 5304272.760
8939 402.972 4573633.880 5304444.960
8940 398.963 4573624.230 5304477.870
8941 395.850 4573614.750 5304510.890
8942 395.539 4573613.040 5304547.950
8943 395.626 4573611.150 5304584.920
8944 404.498 4573474.850 5304172.760
8945 395.483 4573592.370 5304620.300
8946 395.403 4573586.880 5304662.410
8947 395.510 4573576.820 5304746.520
8948 395.349 4573581.710 5304704.490
8949 399.171 4573532.120 5304857.350
8950 396.721 4573545.230 5304819.600
8951 395.503 4573558.570 5304781.890
8952 403.079 4573490.100 5304969.000
8953 401.355 4573501.800 5304930.770
8954 403.298 4574452.560 5305865.730
8955 403.294 4574424.850 5305872.760
8956 403.301 4574374.850 5305822.760
8957 403.296 4574324.850 5305772.760
8958 403.284 4574274.850 5305772.760
8959 403.307 4574224.850 5305722.760
8960 404.349 4573787.890 5305137.850
8961 403.568 4573824.850 5305172.760
8962 403.541 4574074.850 5305422.760
8963 403.555 4574024.850 5305372.760
8964 403.607 4573974.850 5305322.760
8965 403.573 4573924.850 5305272.760
8966 403.540 4573874.850 5305222.760
8967 403.450 4574124.850 5305522.760
8968 403.477 4574074.850 5305472.760
8969 403.399 4574174.850 5305622.760
8970 403.409 4574124.850 5305572.760
8971 403.750 4573574.850 5304972.760
8972 403.997 4573574.850 5305022.760
8973 404.108 4573524.850 5304972.760
8974 403.880 4573482.140 5305002.030
8975 404.131 4573624.850 5305072.760
8976 404.147 4573674.850 5305122.760
8977 403.950 4573724.850 5305172.760
8978 404.009 4573574.850 5305072.760
8979 403.334 4574174.850 5305672.760
8980 398.716 4573514.610 5304892.990
8981 404.557 4573124.850 5303872.760
8982 404.555 4573174.850 5303922.760
8983 404.556 4573102.180 5303876.510
8984 404.542 4573174.850 5303972.760
8985 404.543 4573274.850 5304022.760
8986 404.516 4573329.850 5304084.240
8987 404.505 4573374.850 5304122.760
8988 404.507 4573424.850 5304172.760
8989 404.527 4573224.850 5304022.760
8990 404.503 4573524.850 5304222.760
8991 404.168 4573643.090 5304411.820
8992 404.743 4573652.520 5304378.800
8993 404.378 4573662.180 5304345.960
8994 404.376 4573624.850 5304322.760
8995 404.467 4573574.850 5304272.760
8996 404.130 4573627.740 5304441.770
8997 402.811 4573618.690 5304475.000
8998 398.778 4573609.130 5304507.970
8999 395.749 4573600.060 5304541.200
9000 395.606 4573598.240 5304578.200
9001 404.516 4573474.850 5304222.760
9002 395.586 4573579.290 5304613.580
9003 395.515 4573573.590 5304655.680
9004 395.346 4573568.290 5304697.790
9005 395.301 4573563.290 5304739.860
9006 396.288 4573527.550 5304855.210
9007 395.376 4573540.710 5304817.440
9008 395.252 4573544.870 5304775.240
9009 403.855 4573468.360 5305032.460
9010 403.075 4573476.220 5304999.390
9011 401.177 4573484.670 5304966.560
9012 398.025 4573497.130 5304928.650
9013 403.262 4574442.000 5305911.520
9014 403.235 4574374.850 5305872.760
9015 403.296 4574324.850 5305822.760
9016 403.246 4574274.850 5305822.760
9017 403.268 4574224.850 5305772.760
9018 403.258 4574174.850 5305722.760
9019 404.294 4573764.470 5305182.550
9020 403.544 4573824.850 5305222.760
9021 403.532 4574024.850 5305422.760
9022 403.529 4573974.850 5305372.760
9023 403.572 4573924.850 5305322.760
9024 403.599 4573874.850 5305272.760
9025 403.478 4573824.850 5305272.760
9026 403.436 4574074.850 5305522.760
9027 403.431 4574024.850 5305472.760
9028 403.357 4574124.850 5305622.760
9029 403.360 4574055.330 5305574.400
9030 404.093 4573524.850 5305022.760
9031 403.994 4573477.300 5305036.000
9032 403.424 4573524.850 5305072.760
9033 404.122 4573728.880 5305209.900
9034 403.941 4573624.850 5305122.760
9035 404.187 4573674.850 5305172.760
9036 404.008 4573574.850 5305122.760
9037 403.311 4574124.850 5305672.760
9038 396.043 4573509.870 5304890.800
9039 404.553 4573113.360 5303921.720
9040 404.535 4573124.850 5303972.760
9041 404.513 4573174.850 5304022.760
9042 404.513 4573274.850 5304072.760
9043 404.513 4573305.920 5304128.170
9044 404.520 4573424.850 5304222.760
9045 404.518 4573374.850 5304172.760
9046 404.506 4573224.850 5304072.760
9047 404.499 4573524.850 5304272.760
9048 404.709 4573637.180 5304408.760
9049 404.657 4573646.610 5304375.740
9050 404.472 4573624.850 5304372.760
9051 404.493 4573574.850 5304322.760
9052 404.675 4573621.840 5304438.720
9053 404.092 4573612.390 5304471.730
9054 402.658 4573603.500 5304505.040
9055 398.588 4573594.040 5304538.060
9056 395.795 4573585.370 5304571.500
9057 404.512 4573474.850 5304272.760
9058 395.862 4573566.220 5304606.880
9059 395.583 4573560.330 5304648.970
9060 395.564 4573554.820 5304691.060
9061 395.347 4573549.700 5304733.180
9062 395.384 4573522.850 5304852.990
9063 395.285 4573531.110 5304768.560
9064 395.392 4573526.980 5304810.880
9065 403.834 4573454.530 5305062.860
9066 403.061 4573462.280 5305029.760
9067 400.967 4573470.620 5304996.890
9068 397.497 4573479.820 5304964.380
9069 395.852 4573492.200 5304926.410
9070 403.174 4574421.490 5305957.130
9071 403.205 4574374.850 5305922.760
9072 403.238 4574324.850 5305872.760
9073 403.195 4574274.850 5305872.760
9074 403.203 4574224.850 5305822.760
9075 403.254 4574174.850 5305772.760
9076 403.279 4574124.850 5305722.760
9077 404.062 4573773.770 5305227.040
9078 403.505 4573787.090 5305270.650
9079 404.163 4573724.850 5305222.760
9080 403.460 4573974.850 5305422.760
9081 403.510 4573924.850 5305372.760
9082 403.495 4573874.850 5305322.760
9083 403.510 4573824.850 5305322.760
9084 403.368 4574017.140 5305545.000
9085 403.389 4574024.850 5305522.760
9086 403.412 4573974.850 5305472.760
9087 403.326 4574075.030 5305619.260
9088 403.348 4574024.850 5305572.760
9089 403.964 4573474.850 5305072.760
9090 403.897 4573524.850 5305122.760
9091 403.848 4573685.050 5305232.150
9092 404.101 4573624.850 5305172.760
9093 403.928 4573574.850 5305172.760
9094 403.278 4574069.930 5305667.480
9095 403.804 4573440.710 5305093.270
9096 395.437 4573504.980 5304888.540
9097 404.533 4573104.340 5303967.540
9098 404.506 4573124.850 5304022.760
9099 404.509 4573174.850 5304072.760
9100 404.514 4573274.850 5304122.760
9101 404.515 4573304.400 5304171.800
9102 404.516 4573324.850 5304172.760
9103 404.504 4573424.850 5304272.760
9104 404.508 4573374.850 5304222.760
9105 404.511 4573224.850 5304122.760
9106 404.497 4573524.850 5304322.760
9107 404.380 4573631.070 5304405.590
9108 404.426 4573574.850 5304372.760
9109 404.264 4573615.550 5304435.450
9110 404.641 4573606.510 5304468.680
9111 404.053 4573597.040 5304501.690
9112 402.515 4573588.310 5304535.080
9113 398.403 4573578.940 5304568.160
9114 404.480 4573474.850 5304322.760
9115 398.800 4573559.960 5304603.660
9116 396.052 4573547.070 5304642.260
9117 395.598 4573541.380 5304684.350
9118 395.646 4573536.040 5304726.440
9119 395.406 4573509.100 5304846.520
9120 395.620 4573517.270 5304761.830
9121 395.214 4573513.230 5304804.300
9122 403.037 4573448.290 5305060.110
9123 400.798 4573456.520 5305027.200
9124 403.017 4573434.320 5305090.460
9125 397.391 4573465.530 5304994.620
9126 395.734 4573474.620 5304962.050
9127 395.523 4573487.120 5304924.090
9128 403.028 4574400.770 5306002.640
9129 403.095 4574374.850 5305972.760
9130 403.166 4574324.850 5305922.760
9131 403.079 4574274.850 5305922.760
9132 403.170 4574224.850 5305872.760
9133 403.207 4574174.850 5305822.760
9134 403.218 4574124.850 5305772.760
9135 403.238 4574074.850 5305722.760
9136 403.461 4573774.850 5305272.760
9137 403.467 4573801.370 5305313.990
9138 404.001 4573724.850 5305272.760
9139 403.448 4573924.850 5305422.760
9140 403.483 4573874.850 5305372.760
9141 403.433 4573818.260 5305360.270
9142 403.909 4573641.770 5305255.760
9143 403.905 4573674.850 5305272.760
9144 403.365 4573973.540 5305530.910
9145 403.401 4573924.850 5305472.760
9146 403.295 4574024.850 5305622.760
9147 403.304 4573974.850 5305572.760
9148 403.235 4574024.850 5305672.760
9149 403.676 4573474.850 5305122.760
9150 403.869 4573524.850 5305172.760
9151 404.074 4573624.850 5305222.760
9152 403.854 4573574.850 5305222.760
9153 403.237 4574045.130 5305709.730
9154 403.230 4574024.850 5305722.760
9155 403.774 4573426.900 5305123.680
9156 395.339 4573491.220 5304882.160
9157 404.509 4573095.490 5304012.980
9158 404.506 4573124.850 5304072.760
9159 404.502 4573174.850 5304122.760
9160 404.509 4573282.660 5304172.470
9161 404.493 4573299.400 5304222.200
9162 404.497 4573324.850 5304222.760
9163 404.466 4573424.850 5304322.760
9164 404.490 4573374.850 5304272.760
9165 404.493 4573224.850 5304172.760
9166 404.425 4573524.850 5304372.760
9167 404.356 4573574.850 5304422.760
9168 404.582 4573600.020 5304465.310
9169 404.607 4573591.170 5304498.640
9170 404.016 4573581.690 5304531.640
9171 402.370 4573573.120 5304565.130
9172 404.425 4573474.850 5304372.760
9173 402.416 4573554.120 5304600.660
9174 398.726 4573540.970 5304639.160
9175 396.046 4573527.930 5304677.650
9176 395.713 4573522.420 5304719.740
9177 395.164 4573495.350 5304840.050
9178 395.870 4573503.470 5304755.130
9179 395.546 4573499.400 5304797.680
9180 403.745 4573413.090 5305154.090
9181 402.871 4573420.350 5305120.820
9182 400.554 4573442.390 5305057.500
9183 397.276 4573451.210 5305024.850
9184 400.315 4573428.270 5305087.800
9185 395.776 4573460.110 5304992.200
9186 395.591 4573469.260 5304959.640
9187 395.391 4573473.330 5304917.800
9188 402.964 4574374.850 5306022.760
9189 403.027 4574324.850 5305972.760
9190 402.876 4574379.880 5306048.080
9191 402.968 4574274.850 5305972.760
9192 403.056 4574224.850 5305922.760
9193 403.105 4574174.850 5305872.760
9194 403.164 4574124.850 5305822.760
9195 403.195 4574074.850 5305772.760
9196 403.420 4573774.850 5305322.760
9197 403.373 4573788.570 5305351.570
9198 404.046 4573724.850 5305322.760
9199 403.405 4573874.850 5305422.760
9200 403.349 4573833.320 5305406.950
9201 403.380 4573774.850 5305372.760
9202 403.943 4573624.850 5305272.760
9203 404.066 4573674.850 5305322.760
9204 403.314 4573924.850 5305522.760
9205 403.354 4573874.850 5305472.760
9206 403.276 4573974.850 5305622.760
9207 403.294 4573931.970 5305556.960
9208 403.252 4573974.850 5305672.760
9209 403.405 4573474.850 5305172.760
9210 403.868 4573524.850 5305222.760
9211 403.935 4573593.990 5305263.070
9212 403.900 4573574.850 5305272.760
9213 403.200 4574024.070 5305754.220
9214 403.187 4573974.850 5305722.760
9215 403.833 4573424.850 5305172.760
9216 395.250 4573477.470 5304875.790
9217 404.504 4573069.560 5304055.700
9218 404.488 4573124.850 5304122.760
9219 404.476 4573174.850 5304172.760
9220 404.481 4573266.720 5304219.480
9221 404.449 4573299.900 5304271.000
9222 404.465 4573324.850 5304272.760
9223 404.393 4573424.850 5304372.760
9224 404.431 4573374.850 5304322.760
9225 404.459 4573224.850 5304222.760
9226 404.403 4573524.850 5304422.760
9227 404.234 4573574.850 5304472.760
9228 404.108 4573584.490 5304495.170
9229 404.573 4573575.830 5304528.590
9230 403.977 4573566.340 5304561.600
9231 404.353 4573474.850 5304422.760
9232 404.042 4573547.370 5304597.200
9233 402.448 4573535.110 5304636.200
9234 398.512 4573521.980 5304674.670
9235 396.189 4573508.780 5304713.030
9236 395.476 4573481.520 5304833.530
9237 396.039 4573489.630 5304748.410
9238 395.780 4573485.600 5304791.080
9239 403.685 4573399.420 5305184.530
9240 402.639 4573406.380 5305151.170
9241 400.164 4573414.150 5305118.100
9242 397.163 4573436.870 5305055.060
9243 395.986 4573445.590 5305022.350
9244 397.115 4573422.540 5305085.280
9245 395.399 4573454.500 5304989.700
9246 395.371 4573455.450 5304953.440
9247 395.337 4573459.580 5304911.530
9248 402.844 4574324.850 5306022.760
9249 402.799 4574374.850 5306072.760
9250 402.816 4574274.850 5306022.760
9251 402.871 4574224.850 5305972.760
9252 402.971 4574174.850 5305922.760
9253 403.066 4574124.850 5305872.760
9254 403.135 4574074.850 5305822.760
9255 403.146 4574033.320 5305801.870
9256 403.305 4573754.550 5305370.870
9257 403.334 4573724.850 5305372.760
9258 403.339 4573838.570 5305455.210
9259 403.287 4573774.850 5305422.760
9260 403.857 4573674.850 5305372.760
9261 403.712 4573624.850 5305322.760
9262 403.315 4573874.850 5305522.760
9263 403.245 4573924.850 5305622.760
9264 403.241 4573891.980 5305585.440
9265 403.195 4573924.850 5305672.760
9266 403.779 4573474.850 5305222.760
9267 403.712 4573524.850 5305272.760
9268 403.758 4573545.190 5305268.520
9269 403.980 4573574.850 5305322.760
9270 403.127 4573974.850 5305772.760
9271 403.213 4573924.850 5305722.760
9272 403.298 4573424.850 5305222.760
9273 395.441 4573463.650 5304869.380
9274 404.468 4573074.850 5304122.760
9275 404.474 4573042.540 5304097.610
9276 404.453 4573124.850 5304172.760
9277 404.426 4573174.850 5304222.760
9278 404.436 4573275.060 5304267.780
9279 404.409 4573301.180 5304301.260
9280 404.400 4573324.850 5304322.760
9281 404.352 4573424.850 5304422.760
9282 404.377 4573374.850 5304372.760
9283 404.405 4573224.850 5304272.760
9284 404.248 4573524.850 5304472.760
9285 404.232 4573568.960 5304525.030
9286 404.542 4573560.490 5304558.560
9287 404.309 4573474.850 5304472.760
9288 404.588 4573541.600 5304594.230
9289 404.225 4573528.390 5304632.790
9290 402.496 4573516.100 5304671.730
9291 398.216 4573503.000 5304710.170
9292 395.687 4573467.730 5304827.030
9293 399.274 4573484.010 5304745.670
9294 396.120 4573471.770 5304784.470
9295 403.647 4573386.010 5305215.070
9296 402.640 4573393.040 5305181.750
9297 400.068 4573400.030 5305148.400
9298 397.220 4573408.200 5305115.500
9299 396.106 4573431.050 5305052.490
9300 395.445 4573439.740 5305019.750
9301 395.982 4573416.520 5305082.630
9302 395.268 4573440.930 5304983.640
9303 395.338 4573441.700 5304947.280
9304 395.356 4573445.780 5304905.240
9305 402.733 4574324.850 5306072.760
9306 402.704 4574359.110 5306093.570
9307 402.652 4574274.850 5306072.760
9308 402.722 4574224.850 5306022.760
9309 402.807 4574174.850 5305972.760
9310 402.905 4574124.850 5305922.760
9311 403.005 4574074.850 5305872.760
9312 402.740 4574124.850 5305972.760
9313 403.038 4574041.330 5305850.350
9314 403.075 4574024.850 5305822.760
9315 403.048 4573974.850 5305822.760
9316 403.283 4573826.520 5305502.780
9317 403.304 4573728.940 5305409.570
9318 403.302 4573774.850 5305472.760
9319 403.212 4573697.430 5305445.600
9320 403.234 4573674.850 5305422.760
9321 403.833 4573624.850 5305372.760
9322 403.194 4573821.360 5305549.690
9323 403.244 4573874.850 5305622.760
9324 403.190 4573846.690 5305590.150
9325 403.232 4573824.850 5305572.760
9326 403.183 4573874.850 5305672.760
9327 403.729 4573474.850 5305272.760
9328 403.726 4573502.140 5305290.520
9329 403.769 4573524.850 5305322.760
9330 403.711 4573574.850 5305372.760
9331 403.387 4573424.850 5305272.760
9332 403.099 4573924.850 5305772.760
9333 403.097 4573874.850 5305722.760
9334 403.705 4573374.850 5305272.760
9335 403.611 4573372.750 5305245.690
9336 395.585 4573449.850 5304862.990
9337 404.425 4573074.850 5304172.760
9338 404.430 4573018.620 5304140.840
9339 404.384 4573074.850 5304222.760
9340 404.406 4573124.850 5304222.760
9341 404.383 4573174.850 5304272.760
9342 404.382 4573274.850 5304322.760
9343 404.377 4573305.770 5304351.080
9344 404.370 4573324.850 5304372.760
9345 404.337 4573424.850 5304472.760
9346 404.354 4573374.850 5304422.760
9347 404.373 4573224.850 5304322.760
9348 404.253 4573524.850 5304522.760
9349 404.533 4573553.440 5304554.890
9350 404.303 4573474.850 5304522.760
9351 404.199 4573534.600 5304590.640
9352 404.601 4573522.700 5304629.900
9353 404.323 4573509.410 5304668.390
9354 402.600 4573497.100 5304707.260
9355 396.186 4573453.910 5304820.530
9356 402.705 4573478.090 5304742.800
9357 399.768 4573466.160 5304781.780
9358 402.741 4573379.900 5305212.430
9359 400.209 4573387.000 5305179.130
9360 397.289 4573393.870 5305145.710
9361 395.961 4573401.990 5305112.770
9362 395.316 4573424.980 5305049.800
9363 395.278 4573426.410 5305013.830
9364 395.161 4573410.230 5305079.860
9365 395.245 4573427.420 5304977.600
9366 395.383 4573427.910 5304941.090
9367 395.581 4573431.980 5304898.940
9368 402.615 4574324.850 5306122.760
9369 402.587 4574346.320 5306141.170
9370 402.575 4574274.850 5306122.760
9371 402.593 4574224.850 5306072.760
9372 402.657 4574174.850 5306022.760
9373 402.594 4574124.850 5306022.760
9374 402.815 4574074.850 5305922.760
9375 402.859 4574036.440 5305899.320
9376 402.648 4574074.850 5305972.760
9377 402.905 4574024.850 5305872.760
9378 402.859 4573974.850 5305872.760
9379 402.907 4573924.850 5305822.760
9380 402.565 4574074.850 5306022.760
9381 403.188 4573774.850 5305522.760
9382 403.207 4573724.850 5305472.760
9383 403.173 4573674.850 5305472.760
9384 403.951 4573624.850 5305422.760
9385 403.179 4573774.850 5305572.760
9386 403.144 4573824.850 5305622.760
9387 403.183 4573824.850 5305672.760
9388 403.621 4573483.250 5305334.150
9389 403.603 4573574.850 5305422.760
9390 403.722 4573524.850 5305372.760
9391 403.608 4573424.850 5305322.760
9392 403.036 4573874.850 5305772.760
9393 403.109 4573824.850 5305722.760
9394 403.556 4573359.180 5305276.170
9395 403.146 4573374.850 5305322.760
9396 402.902 4573366.890 5305243.150
9397 396.145 4573436.050 5304856.590
9398 404.396 4573024.000 5304184.070
9399 404.371 4573024.850 5304222.760
9400 404.358 4573074.850 5304272.760
9401 404.374 4573124.850 5304272.760
9402 404.361 4573174.850 5304322.760
9403 404.363 4573274.850 5304372.760
9404 404.358 4573309.840 5304400.950
9405 404.348 4573324.850 5304422.760
9406 404.306 4573424.850 5304522.760
9407 404.335 4573374.850 5304472.760
9408 404.347 4573224.850 5304372.760
9409 404.074 4573524.850 5304572.760
9410 404.160 4573474.850 5304572.760
9411 404.077 4573515.750 5304626.380
9412 404.541 4573503.800 5304665.580
9413 404.423 4573490.430 5304703.980
9414 399.719 4573448.310 5304817.890
9415 404.520 4573471.460 5304739.580
9416 402.607 4573460.210 5304778.930
9417 400.420 4573374.130 5305209.920
9418 397.348 4573381.220 5305176.610
9419 395.736 4573387.460 5305142.920
9420 395.164 4573395.470 5305109.910
9421 395.264 4573411.900 5305044.020
9422 395.147 4573413.140 5305007.920
9423 395.161 4573397.380 5305074.210
9424 395.363 4573413.870 5304971.540
9425 395.603 4573414.110 5304934.900
9426 396.117 4573418.190 5304892.650
9427 402.519 4574324.850 5306172.760
9428 402.561 4574361.710 5306182.730
9429 402.537 4574274.850 5306172.760
9430 402.519 4574224.850 5306122.760
9431 402.573 4574174.850 5306072.760
9432 402.529 4574124.850 5306072.760
9433 402.517 4574074.850 5306072.760
9434 402.649 4574019.360 5305945.090
9435 402.609 4574024.850 5305972.760
9436 402.651 4573974.850 5305922.760
9437 402.747 4573924.850 5305872.760
9438 402.868 4573874.850 5305822.760
9439 402.515 4574024.850 5306022.760
9440 403.209 4573724.850 5305522.760
9441 403.169 4573675.310 5305488.470
9442 403.705 4573624.850 5305472.760
9443 403.145 4573724.850 5305572.760
9444 403.191 4573774.850 5305622.760
9445 403.104 4573774.850 5305672.760
9446 403.816 4573574.850 5305472.760
9447 403.669 4573489.120 5305382.250
9448 403.801 4573524.850 5305422.760
9449 403.589 4573424.850 5305372.760
9450 402.936 4573824.850 5305772.760
9451 403.007 4573774.850 5305722.760
9452 403.368 4573374.850 5305372.760
9453 403.519 4573345.700 5305306.690
9454 402.851 4573353.630 5305273.780
9455 403.458 4573332.380 5305337.280
9456 400.672 4573361.350 5305240.760
9457 399.919 4573430.460 5304854.000
9458 404.361 4572998.850 5304227.300
9459 404.328 4573024.850 5304272.760
9460 404.291 4573074.850 5304322.760
9461 404.341 4573124.850 5304322.760
9462 404.309 4573174.850 5304372.760
9463 404.124 4573424.850 5304572.760
9464 404.331 4573274.850 5304422.760
9465 404.327 4573312.300 5304450.920
9466 404.304 4573324.850 5304472.760
9467 404.222 4573374.850 5304522.760
9468 404.273 4573224.850 5304422.760
9469 403.948 4573474.850 5304622.760
9470 403.431 4573496.900 5304662.130
9471 404.418 4573484.900 5304701.250
9472 403.899 4573424.850 5304622.760
9473 402.730 4573442.350 5304815.070
9474 404.359 4573466.000 5304736.920
9475 404.149 4573453.570 5304775.760
9476 397.418 4573368.670 5305207.550
9477 395.959 4573375.110 5305173.950
9478 395.000 4573380.710 5305139.970
9479 395.092 4573382.860 5305104.400
9480 395.095 4573398.860 5305038.240
9481 395.339 4573399.830 5305002.000
9482 395.065 4573384.570 5305068.560
9483 395.537 4573400.320 5304965.490
9484 396.090 4573400.330 5304928.710
9485 400.194 4573412.630 5304890.110
9486 402.499 4574343.680 5306229.230
9487 402.524 4574405.850 5306317.020
9488 402.538 4574274.850 5306222.760
9489 402.508 4574224.850 5306172.760
9490 402.514 4574174.850 5306122.760
9491 402.501 4574124.850 5306122.760
9492 402.511 4574074.850 5306122.760
9493 402.497 4574024.850 5306072.760
9494 402.533 4573974.850 5305972.760
9495 402.591 4573924.850 5305922.760
9496 402.651 4573874.850 5305872.760
9497 402.734 4573824.850 5305822.760
9498 402.512 4573974.850 5306022.760
9499 403.151 4573655.190 5305532.310
9500 403.135 4573624.850 5305522.760
9501 403.142 4573674.850 5305572.760
9502 403.121 4573724.850 5305622.760
9503 403.102 4573724.850 5305672.760
9504 403.620 4573574.850 5305522.760
9505 403.566 4573524.850 5305472.760
9506 403.680 4573474.850 5305422.760
9507 403.697 4573498.940 5305430.450
9508 403.483 4573424.850 5305422.760
9509 402.879 4573774.850 5305772.760
9510 402.954 4573724.850 5305722.760
9511 402.499 4574024.850 5306122.760
9512 403.450 4573374.850 5305422.760
9513 403.577 4573324.850 5305372.760
9514 403.487 4573319.450 5305368.260
9515 402.807 4573340.440 5305304.430
9516 400.784 4573348.390 5305271.510
9517 402.779 4573327.370 5305335.130
9518 397.517 4573356.190 5305238.520
9519 402.724 4573424.460 5304851.210
9520 404.282 4572972.890 5304268.240
9521 404.225 4573024.850 5304322.760
9522 404.172 4573074.850 5304372.760
9523 404.248 4573124.850 5304372.760
9524 404.193 4573174.850 5304422.760
9525 404.036 4573374.850 5304572.760
9526 404.219 4573274.850 5304472.760
9527 404.191 4573311.380 5304500.920
9528 404.134 4573324.850 5304522.760
9529 404.126 4573224.850 5304472.760
9530 403.639 4573474.850 5304672.760
9531 403.742 4573478.060 5304697.870
9532 403.966 4573374.850 5304622.760
9533 403.918 4573424.850 5304672.760
9534 404.093 4573435.700 5304811.950
9535 404.324 4573459.210 5304733.620
9536 404.279 4573448.110 5304773.140
9537 396.242 4573362.820 5305205.010
9538 395.164 4573368.700 5305171.160
9539 395.053 4573368.350 5305134.590
9540 395.162 4573370.290 5305098.880
9541 395.314 4573385.790 5305032.460
9542 395.465 4573386.520 5304996.080
9543 395.241 4573371.750 5305062.910
9544 396.078 4573386.770 5304959.430
9545 400.351 4573394.890 5304926.270
9546 402.704 4573406.630 5304887.370
9547 402.527 4574359.460 5306298.380
9548 402.526 4574321.420 5306270.020
9549 402.550 4574374.850 5306322.760
9550 402.533 4574274.850 5306272.760
9551 402.502 4574224.850 5306222.760
9552 402.525 4574174.850 5306172.760
9553 402.515 4574124.850 5306172.760
9554 402.530 4574074.850 5306172.760
9555 402.511 4574024.850 5306172.760
9556 402.520 4573974.850 5306072.760
9557 402.514 4573924.850 5305972.760
9558 402.511 4573874.850 5305922.760
9559 402.578 4573824.850 5305872.760
9560 402.648 4573774.850 5305822.760
9561 402.485 4573924.850 5306022.760
9562 403.111 4573635.210 5305576.230
9563 403.112 4573624.850 5305572.760
9564 403.095 4573674.850 5305622.760
9565 403.000 4573674.850 5305672.760
9566 403.738 4573574.850 5305572.760
9567 403.553 4573524.850 5305522.760
9568 403.693 4573493.490 5305478.880
9569 403.432 4573424.850 5305472.760
9570 403.557 4573474.850 5305522.760
9571 402.735 4573724.850 5305772.760
9572 402.881 4573674.850 5305722.760
9573 402.516 4573974.850 5306122.760
9574 402.522 4573974.850 5306172.760
9575 403.446 4573374.850 5305472.760
9576 402.795 4573324.850 5305422.760
9577 403.475 4573306.270 5305399.140
9578 402.760 4573314.350 5305366.070
9579 400.902 4573335.470 5305302.280
9580 397.779 4573343.580 5305269.440
9581 401.047 4573322.660 5305333.100
9582 396.342 4573350.560 5305236.080
9583 404.170 4572933.990 5304294.940
9584 404.135 4573417.810 5304848.130
9585 404.152 4572974.850 5304322.760
9586 404.128 4573024.850 5304372.760
9587 404.078 4573074.850 5304422.760
9588 404.130 4573124.850 5304422.760
9589 404.076 4573174.850 5304472.760
9590 403.999 4573324.850 5304572.760
9591 404.046 4573274.850 5304522.760
9592 404.027 4573291.050 5304542.830
9593 404.034 4573224.850 5304522.760
9594 404.065 4573424.850 5304722.760
9595 404.043 4573324.850 5304622.760
9596 404.094 4573374.850 5304672.760
9597 404.243 4573430.240 5304809.370
9598 403.774 4573441.330 5304769.890
9599 403.747 4573424.850 5304772.760
9600 395.190 4573356.690 5305202.340
9601 395.014 4573356.020 5305165.650
9602 395.127 4573356.010 5305129.200
9603 395.296 4573357.710 5305093.370
9604 395.394 4573372.730 5305026.670
9605 396.062 4573373.210 5304990.160
9606 395.324 4573358.930 5305057.270
9607 400.154 4573381.140 5304956.930
9608 402.640 4573388.980 5304923.610
9609 404.161 4573400.000 5304884.340
9610 402.543 4574309.730 5306319.730
9611 402.536 4574274.850 5306322.760
9612 402.523 4574224.850 5306272.760
9613 402.540 4574174.850 5306222.760
9614 402.499 4574124.850 5306222.760
9615 402.527 4574074.850 5306222.760
9616 402.477 4574024.850 5306222.760
9617 402.482 4573924.850 5306072.760
9618 402.488 4573874.850 5305972.760
9619 402.495 4573824.850 5305922.760
9620 402.509 4573774.850 5305872.760
9621 402.570 4573724.850 5305822.760
9622 402.500 4573874.850 5306022.760
9623 403.056 4573613.730 5305619.410
9624 402.973 4573624.850 5305672.760
9625 402.991 4573574.850 5305622.760
9626 403.694 4573524.850 5305572.760
9627 403.641 4573467.070 5305520.570
9628 403.479 4573424.850 5305522.760
9629 403.341 4573474.850 5305572.760
9630 403.267 4573374.850 5305522.760
9631 402.667 4573674.850 5305772.760
9632 402.747 4573624.850 5305722.760
9633 402.487 4573924.850 5306122.760
9634 402.485 4573974.850 5306222.760
9635 402.493 4573924.850 5306172.760
9636 403.326 4573324.850 5305472.760
9637 403.461 4573292.880 5305429.920
9638 402.712 4573301.120 5305396.920
9639 401.139 4573309.540 5305364.000
9640 398.173 4573331.010 5305300.370
9641 396.394 4573338.240 5305267.120
9642 398.602 4573318.500 5305331.330
9643 395.263 4573344.680 5305233.530
9644 404.075 4572918.780 5304339.880
9645 404.205 4573412.350 5304845.590
9646 404.051 4572924.850 5304372.760
9647 404.063 4572974.850 5304372.760
9648 404.043 4573024.850 5304422.760
9649 404.045 4573074.850 5304472.760
9650 404.038 4573124.850 5304472.760
9651 404.029 4573174.850 5304522.760
9652 404.034 4573260.990 5304581.770
9653 404.044 4573224.850 5304572.760
9654 404.005 4573374.850 5304722.760
9655 404.073 4573274.850 5304622.760
9656 404.101 4573324.850 5304672.760
9657 403.506 4573423.470 5304806.180
9658 403.745 4573374.850 5304772.760
9659 395.037 4573343.690 5305196.710
9660 395.097 4573343.340 5305160.140
9661 395.298 4573343.680 5305123.830
9662 395.253 4573345.140 5305087.860
9663 396.046 4573359.660 5305020.880
9664 399.922 4573367.380 5304987.570
9665 396.030 4573346.100 5305051.610
9666 402.609 4573375.240 5304954.280
9667 404.124 4573382.470 5304920.700
9668 404.176 4573394.550 5304881.850
9669 403.002 4573283.600 5305477.000
9670 402.544 4574275.870 5306355.680
9671 402.520 4574224.850 5306322.760
9672 402.513 4574174.850 5306272.760
9673 402.501 4574124.850 5306272.760
9674 402.476 4574074.850 5306272.760
9675 402.495 4574024.850 5306272.760
9676 402.421 4573974.850 5306272.760
9677 402.532 4573874.850 5306072.760
9678 402.494 4573824.850 5305972.760
9679 402.460 4573774.850 5305922.760
9680 402.471 4573724.850 5305872.760
9681 402.492 4573674.850 5305822.760
9682 402.497 4573824.850 5306022.760
9683 402.957 4573586.510 5305658.820
9684 403.477 4573524.850 5305622.760
9685 403.508 4573447.520 5305565.160
9686 403.552 4573424.850 5305572.760
9687 403.480 4573474.850 5305622.760
9688 403.310 4573324.850 5305522.760
9689 403.348 4573374.850 5305572.760
9690 402.549 4573624.850 5305772.760
9691 402.698 4573554.410 5305694.820
9692 402.679 4573574.850 5305722.760
9693 402.503 4573874.850 5306122.760
9694 402.463 4573924.850 5306222.760
9695 402.453 4573874.850 5306172.760
9696 403.447 4573279.460 5305460.700
9697 402.641 4573287.730 5305427.700
9698 401.196 4573296.280 5305394.830
9699 398.672 4573305.280 5305362.170
9700 396.415 4573325.930 5305298.180
9701 395.509 4573332.670 5305264.720
9702 396.580 4573313.660 5305329.240
9703 395.072 4573331.360 5305227.770
9704 404.019 4572893.430 5304374.120
9705 403.154 4573405.580 5304842.450
9706 404.015 4572924.850 5304422.760
9707 404.033 4572974.850 5304422.760
9708 404.022 4573024.850 5304472.760
9709 404.025 4573074.850 5304522.760
9710 404.038 4573124.850 5304522.760
9711 404.044 4573174.850 5304572.760
9712 404.062 4573233.820 5304612.480
9713 403.912 4573324.850 5304722.760
9714 404.019 4573274.850 5304672.760
9715 403.493 4573374.850 5304822.760
9716 403.683 4573324.850 5304772.760
9717 394.957 4573330.680 5305191.070
9718 395.222 4573330.670 5305154.630
9719 395.186 4573331.340 5305118.450
9720 396.015 4573332.540 5305082.330
9721 399.697 4573353.610 5305018.210
9722 402.585 4573361.470 5304984.940
9723 399.434 4573339.880 5305048.880
9724 404.058 4573368.640 5304951.340
9725 404.188 4573377.130 5304918.300
9726 403.464 4573387.820 5304878.780
9727 403.439 4573266.050 5305491.470
9728 402.776 4573274.850 5305522.760
9729 402.495 4574270.270 5306404.340
9730 402.511 4574224.850 5306372.760
9731 402.471 4574174.850 5306322.760
9732 402.485 4574124.850 5306322.760
9733 402.438 4574074.850 5306322.760
9734 402.458 4574024.850 5306322.760
9735 402.422 4573974.850 5306322.760
9736 402.472 4573924.850 5306272.760
9737 402.418 4573924.850 5306322.760
9738 402.477 4573824.850 5306072.760
9739 402.456 4573774.850 5305972.760
9740 402.485 4573724.850 5305922.760
9741 402.453 4573674.850 5305872.760
9742 402.437 4573624.850 5305822.760
9743 402.478 4573774.850 5306022.760
9744 402.770 4573524.850 5305672.760
9745 403.316 4573444.060 5305614.330
9746 403.569 4573474.850 5305672.760
9747 403.254 4573324.850 5305572.760
9748 403.304 4573374.850 5305622.760
9749 402.480 4573574.850 5305772.760
9750 402.524 4573524.850 5305722.760
9751 402.454 4573528.020 5305734.820
9752 402.478 4573824.850 5306122.760
9753 402.442 4573874.850 5306222.760
9754 402.463 4573824.850 5306172.760
9755 402.569 4573274.330 5305458.480
9756 401.223 4573282.890 5305425.610
9757 398.681 4573291.960 5305392.970
9758 396.619 4573300.340 5305360.040
9759 395.592 4573320.660 5305295.900
9760 395.067 4573319.040 5305258.840
9761 395.800 4573308.650 5305327.090
9762 395.021 4573318.020 5305222.000
9763 403.985 4572866.350 5304415.680
9764 403.585 4573374.850 5304872.760
9765 403.965 4572924.850 5304472.760
9766 404.002 4572974.850 5304472.760
9767 403.988 4573024.850 5304522.760
9768 403.964 4573074.850 5304572.760
9769 404.020 4573124.850 5304572.760
9770 403.987 4573189.190 5304633.760
9771 403.918 4573224.850 5304672.760
9772 403.656 4573274.850 5304722.760
9773 403.659 4573274.850 5304772.760
9774 403.630 4573324.850 5304822.760
9775 395.107 4573317.670 5305185.430
9776 395.145 4573318.000 5305149.120
9777 395.999 4573318.980 5305113.060
9778 399.174 4573326.150 5305079.540
9779 402.564 4573347.690 5305015.590
9780 403.928 4573354.760 5304981.960
9781 402.524 4573333.990 5305046.280
9782 404.078 4573363.210 5304948.910
9783 404.025 4573370.530 5304915.340
9784 403.408 4573252.630 5305522.250
9785 402.496 4573260.920 5305489.250
9786 403.206 4573274.850 5305572.760
9787 402.415 4574252.170 5306450.920
9788 402.465 4574224.850 5306422.760
9789 402.453 4574174.850 5306372.760
9790 402.478 4574124.850 5306372.760
9791 402.432 4574074.850 5306372.760
9792 402.403 4574024.850 5306372.760
9793 402.435 4573974.850 5306372.760
9794 402.401 4573874.850 5306272.760
9795 402.365 4573924.850 5306372.760
9796 402.420 4573874.850 5306322.760
9797 402.509 4573774.850 5306072.760
9798 402.507 4573724.850 5305972.760
9799 402.453 4573674.850 5305922.760
9800 402.455 4573624.850 5305872.760
9801 402.434 4573574.850 5305822.760
9802 402.481 4573724.850 5306022.760
9803 403.390 4573478.250 5305694.690
9804 403.353 4573440.270 5305663.180
9805 403.095 4573324.850 5305622.760
9806 403.411 4573374.850 5305672.760
9807 402.385 4573516.910 5305777.650
9808 402.452 4573498.920 5305740.450
9809 403.303 4573474.850 5305722.760
9810 403.171 4573274.850 5305622.760
9811 402.435 4573774.850 5306122.760
9812 402.427 4573824.850 5306222.760
9813 402.435 4573774.850 5306172.760
9814 403.906 4572842.760 5304459.760
9815 401.247 4573269.490 5305456.390
9816 398.645 4573278.560 5305423.740
9817 396.645 4573286.970 5305390.810
9818 395.769 4573295.250 5305357.850
9819 395.005 4573306.710 5305289.900
9820 394.908 4573305.350 5305252.940
9821 395.047 4573294.380 5305320.960
9822 394.990 4573304.670 5305216.230
9823 403.914 4572874.850 5304472.760
9824 403.830 4573324.850 5304872.760
9825 403.872 4572924.850 5304522.760
9826 403.934 4572974.850 5304522.760
9827 403.889 4573024.850 5304572.760
9828 403.829 4573074.850 5304622.760
9829 403.901 4573124.850 5304622.760
9830 403.831 4573143.150 5304652.720
9831 403.812 4573174.850 5304672.760
9832 403.727 4573224.850 5304722.760
9833 403.684 4573224.850 5304772.760
9834 403.749 4573274.850 5304822.760
9835 395.103 4573304.670 5305179.790
9836 395.893 4573305.310 5305143.600
9837 398.904 4573312.430 5305110.210
9838 402.482 4573320.300 5305076.970
9839 403.756 4573340.870 5305012.570
9840 403.962 4573349.220 5304979.500
9841 403.584 4573327.090 5305043.240
9842 403.567 4573356.520 5304945.930
9843 403.738 4573324.850 5304922.760
9844 403.015 4573236.640 5305558.910
9845 402.424 4573247.510 5305520.030
9846 401.257 4573256.090 5305487.160
9847 402.680 4573220.820 5305595.640
9848 402.415 4574237.070 5306498.570
9849 402.432 4574224.850 5306472.760
9850 402.419 4574174.850 5306422.760
9851 402.418 4574269.650 5306505.880
9852 402.444 4574299.660 5306485.050
9853 402.435 4574124.850 5306422.760
9854 402.420 4574074.850 5306422.760
9855 402.375 4574024.850 5306422.760
9856 402.353 4573974.850 5306422.760
9857 402.326 4573924.850 5306422.760
9858 402.432 4573824.850 5306272.760
9859 402.365 4573874.850 5306372.760
9860 402.384 4573824.850 5306322.760
9861 402.275 4573874.850 5306422.760
9862 402.425 4573724.850 5306072.760
9863 402.448 4573674.850 5305972.760
9864 402.476 4573624.850 5305922.760
9865 402.448 4573574.850 5305872.760
9866 402.429 4573516.940 5305827.860
9867 402.447 4573674.850 5306022.760
9868 403.420 4573428.260 5305711.310
9869 403.258 4573324.850 5305672.760
9870 403.185 4573374.850 5305722.760
9871 402.406 4573474.850 5305772.760
9872 402.427 4573474.850 5305822.760
9873 402.758 4573224.850 5305622.760
9874 403.038 4573274.850 5305672.760
9875 402.467 4573724.850 5306122.760
9876 402.416 4573774.850 5306222.760
9877 402.434 4573724.850 5306172.760
9878 402.414 4573204.900 5305632.330
9879 403.811 4572826.030 5304505.900
9880 398.597 4573265.140 5305454.500
9881 396.655 4573273.550 5305421.570
9882 395.738 4573281.850 5305388.610
9883 395.015 4573280.980 5305351.700
9884 394.856 4573292.690 5305283.870
9885 394.957 4573291.670 5305247.030
9886 394.785 4573280.020 5305314.800
9887 395.061 4573291.330 5305210.460
9888 403.812 4572874.850 5304522.760
9889 403.858 4573274.850 5304872.760
9890 403.756 4572924.850 5304572.760
9891 403.807 4572974.850 5304572.760
9892 403.768 4573024.850 5304622.760
9893 403.707 4573074.850 5304672.760
9894 403.700 4573101.480 5304680.260
9895 403.726 4573124.850 5304672.760
9896 403.692 4573174.850 5304722.760
9897 403.746 4573174.850 5304772.760
9898 403.808 4573224.850 5304822.760
9899 395.786 4573291.640 5305174.140
9900 398.822 4573298.920 5305140.820
9901 402.438 4573306.620 5305107.670
9902 403.412 4573313.340 5305073.920
9903 403.845 4573335.230 5305010.080
9904 403.288 4573342.440 5304976.490
9905 403.774 4573321.380 5305040.730
9906 403.456 4573324.850 5304972.760
9907 403.694 4573274.850 5304922.760
9908 402.433 4573231.600 5305556.730
9909 401.163 4573242.690 5305517.930
9910 398.554 4573251.730 5305485.260
9911 402.462 4573215.840 5305593.490
9912 402.374 4574224.850 5306522.760
9913 402.413 4574174.850 5306472.760
9914 402.409 4574286.510 5306533.180
9915 402.386 4574124.850 5306472.760
9916 402.341 4574074.850 5306472.760
9917 402.328 4574024.850 5306472.760
9918 402.285 4573974.850 5306472.760
9919 402.261 4573924.850 5306472.760
9920 402.419 4573774.850 5306272.760
9921 402.316 4573824.850 5306372.760
9922 402.361 4573774.850 5306322.760
9923 402.214 4573874.850 5306472.760
9924 402.249 4573824.850 5306422.760
9925 402.422 4573674.850 5306072.760
9926 402.449 4573624.850 5305972.760
9927 402.454 4573574.850 5305922.760
9928 402.417 4573517.920 5305878.070
9929 402.414 4573624.850 5306022.760
9930 403.385 4573406.150 5305756.120
9931 403.199 4573324.850 5305722.760
9932 403.200 4573374.850 5305772.760
9933 403.329 4573424.850 5305822.760
9934 402.435 4573474.850 5305872.760
9935 403.067 4573224.850 5305672.760
9936 403.010 4573274.850 5305722.760
9937 402.416 4573674.850 5306122.760
9938 402.426 4573724.850 5306222.760
9939 402.410 4573674.850 5306172.760
9940 402.497 4573188.750 5305668.920
9941 402.479 4573199.980 5305630.220
9942 403.736 4572832.620 5304548.200
9943 396.664 4573260.130 5305452.320
9944 395.707 4573268.450 5305419.370
9945 394.983 4573267.570 5305382.450
9946 394.816 4573266.620 5305345.530
9947 394.928 4573278.670 5305277.830
9948 395.020 4573277.990 5305241.130
9949 394.900 4573265.670 5305308.630
9950 395.660 4573277.970 5305204.680
9951 403.738 4572874.850 5304572.760
9952 403.800 4573224.850 5304872.760
9953 403.701 4572924.850 5304622.760
9954 403.722 4572974.850 5304622.760
9955 403.712 4573024.850 5304672.760
9956 403.720 4573058.500 5304705.860
9957 403.697 4573124.850 5304722.760
9958 403.771 4573124.850 5304772.760
9959 403.814 4573174.850 5304822.760
9960 398.736 4573285.410 5305171.440
9961 402.481 4573292.950 5305138.220
9962 403.240 4573299.600 5305104.610
9963 403.769 4573307.560 5305071.390
9964 403.785 4573328.340 5305007.040
9965 402.921 4573314.420 5305037.670
9966 403.650 4573224.850 5304922.760
9967 403.600 4573274.850 5304972.760
9968 401.267 4573226.820 5305554.660
9969 398.506 4573238.310 5305516.020
9970 396.671 4573246.700 5305483.080
9971 401.293 4573211.060 5305591.440
9972 402.698 4573172.470 5305705.450
9973 402.358 4574221.980 5306546.200
9974 402.361 4574174.850 5306522.760
9975 402.317 4574224.850 5306572.760
9976 402.324 4574272.410 5306580.930
9977 402.317 4574124.850 5306522.760
9978 402.288 4574074.850 5306522.760
9979 402.250 4574024.850 5306522.760
9980 402.225 4573974.850 5306522.760
9981 402.177 4573924.850 5306522.760
9982 402.395 4573724.850 5306272.760
9983 402.292 4573774.850 5306372.760
9984 402.334 4573724.850 5306322.760
9985 402.176 4573874.850 5306522.760
9986 402.190 4573824.850 5306472.760
9987 402.226 4573774.850 5306422.760
9988 402.392 4573624.850 5306072.760
9989 402.398 4573574.850 5305972.760
9990 402.456 4573518.020 5305928.280
9991 402.369 4573574.850 5306022.760
9992 403.343 4573384.510 5305801.220
9993 403.170 4573324.850 5305772.760
9994 403.322 4573374.850 5305822.760
9995 402.389 4573424.850 5305872.760
9996 402.353 4573474.850 5305922.760
9997 403.011 4573224.850 5305722.760
9998 403.057 4573274.850 5305772.760
9999 402.739 4573174.850 5305722.760
10000 402.443 4573624.850 5306122.760
10001 402.442 4573674.850 5306222.760
10002 402.430 4573624.850 5306172.760
10003 402.483 4573183.950 5305666.870
10004 401.320 4573195.240 5305628.190
10005 403.721 4572808.500 5304591.960
10006 403.698 4572824.850 5304622.760
10007 395.675 4573255.050 5305450.120
10008 394.944 4573254.160 5305413.190
10009 394.846 4573253.220 5305376.260
10010 394.900 4573252.270 5305339.350
10011 394.979 4573264.650 5305271.800
10012 395.534 4573264.300 5305235.220
10013 394.937 4573251.310 5305302.470
10014 398.963 4573271.910 5305202.050
10015 403.721 4572874.850 5304622.760
10016 403.743 4573174.850 5304872.760
10017 403.716 4572924.850 5304672.760
10018 403.729 4572974.850 5304672.760
10019 403.753 4573016.440 5304732.940
10020 403.777 4573074.850 5304772.760
10021 403.786 4573124.850 5304822.760
10022 402.517 4573279.280 5305168.780
10023 403.277 4573286.140 5305135.250
10024 403.760 4573293.760 5305102.060
10025 403.569 4573174.850 5304922.760
10026 403.135 4573300.560 5305068.330
10027 403.283 4573274.850 5305022.760
10028 403.497 4573224.850 5304972.760
10029 398.681 4573222.460 5305552.770
10030 396.680 4573233.280 5305513.830
10031 395.644 4573241.650 5305480.880
10032 398.908 4573206.690 5305589.550
10033 403.728 4572609.550 5304456.450
10034 403.695 4572761.720 5304587.410
10035 402.783 4573156.740 5305742.380
10036 402.477 4573167.820 5305703.470
10037 402.283 4574174.850 5306572.760
10038 402.262 4574224.850 5306622.760
10039 402.272 4574265.140 5306629.770
10040 402.266 4574124.850 5306572.760
10041 402.215 4574074.850 5306572.760
10042 402.185 4574024.850 5306572.760
10043 402.162 4573974.850 5306572.760
10044 402.132 4573924.850 5306572.760
10045 402.374 4573674.850 5306272.760
10046 402.251 4573724.850 5306372.760
10047 402.272 4573674.850 5306322.760
10048 402.083 4573874.850 5306572.760
10049 402.126 4573824.850 5306522.760
10050 402.150 4573774.850 5306472.760
10051 402.190 4573724.850 5306422.760
10052 402.432 4573574.850 5306072.760
10053 402.393 4573513.970 5305978.320
10054 402.343 4573524.850 5306022.760
10055 402.981 4573324.850 5305822.760
10056 403.299 4573364.130 5305846.900
10057 403.079 4573374.850 5305872.760
10058 402.264 4573424.850 5305922.760
10059 402.287 4573474.850 5305972.760
10060 402.822 4573224.850 5305772.760
10061 403.121 4573274.850 5305822.760
10062 402.895 4573174.850 5305772.760
10063 402.383 4573574.850 5306122.760
10064 402.368 4573624.850 5306222.760
10065 402.402 4573574.850 5306172.760
10066 401.277 4573179.280 5305664.880
10067 399.169 4573190.870 5305626.300
10068 403.719 4572774.850 5304622.760
10069 403.714 4572824.850 5304672.760
10070 394.906 4573240.760 5305443.930
10071 394.876 4573239.820 5305406.990
10072 394.900 4573238.880 5305370.070
10073 394.937 4573237.920 5305333.180
10074 395.408 4573250.630 5305265.760
10075 399.208 4573258.440 5305232.690
10076 395.281 4573236.960 5305296.300
10077 402.533 4573265.620 5305199.340
10078 403.740 4572874.850 5304672.760
10079 403.669 4573124.850 5304872.760
10080 403.732 4572924.850 5304722.760
10081 403.756 4572974.850 5304722.760
10082 403.761 4573024.850 5304772.760
10083 403.738 4573074.850 5304822.760
10084 403.488 4573124.850 5304922.760
10085 403.314 4573272.670 5305165.900
10086 403.750 4573280.030 5305132.600
10087 403.510 4573286.700 5305098.990
10088 403.422 4573174.850 5304972.760
10089 403.342 4573274.850 5305072.760
10090 403.338 4573224.850 5305022.760
10091 396.545 4573217.810 5305550.750
10092 395.607 4573228.250 5305511.640
10093 394.873 4573227.350 5305474.670
10094 396.421 4573202.380 5305587.680
10095 403.693 4572579.730 5304484.990
10096 403.695 4572600.540 5304505.410
10097 403.687 4572554.530 5304526.320
10098 403.688 4572717.860 5304573.240
10099 403.692 4572724.850 5304622.760
10100 402.761 4573141.010 5305779.300
10101 402.409 4573151.780 5305740.260
10102 401.211 4573163.250 5305701.540
10103 402.228 4574174.850 5306622.760
10104 402.196 4574242.480 5306670.720
10105 402.196 4574124.850 5306622.760
10106 402.152 4574074.850 5306622.760
10107 402.124 4574024.850 5306622.760
10108 402.066 4573974.850 5306622.760
10109 402.030 4573924.850 5306622.760
10110 402.326 4573624.850 5306272.760
10111 402.236 4573674.850 5306372.760
10112 402.270 4573624.850 5306322.760
10113 401.999 4573874.850 5306622.760
10114 402.031 4573824.850 5306572.760
10115 402.092 4573774.850 5306522.760
10116 402.143 4573724.850 5306472.760
10117 402.162 4573674.850 5306422.760
10118 402.374 4573524.850 5306072.760
10119 402.338 4573492.830 5306023.090
10120 403.127 4573324.850 5305872.760
10121 403.211 4573344.150 5305892.760
10122 402.182 4573374.850 5305922.760
10123 402.341 4573424.850 5305972.760
10124 402.926 4573224.850 5305822.760
10125 402.943 4573274.850 5305872.760
10126 402.809 4573174.850 5305822.760
10127 402.415 4573524.850 5306122.760
10128 402.382 4573574.850 5306222.760
10129 402.380 4573524.850 5306172.760
10130 399.366 4573174.960 5305663.020
10131 396.326 4573186.930 5305624.610
10132 403.686 4572774.850 5304672.760
10133 403.648 4572824.850 5304722.760
10134 394.907 4573226.420 5305437.720
10135 394.900 4573225.480 5305400.790
10136 394.937 4573224.530 5305363.880
10137 395.268 4573223.580 5305327.000
10138 399.306 4573244.990 5305263.330
10139 402.536 4573252.020 5305229.920
10140 399.374 4573231.570 5305293.980
10141 403.350 4573259.220 5305196.560
10142 403.708 4572874.850 5304722.760
10143 403.567 4573074.850 5304872.760
10144 403.650 4572924.850 5304772.760
10145 403.740 4572976.540 5304763.130
10146 403.657 4573024.850 5304822.760
10147 403.436 4573074.850 5304922.760
10148 403.387 4573124.850 5304972.760
10149 402.801 4573266.290 5305163.140
10150 403.147 4573272.900 5305129.510
10151 403.290 4573267.700 5305111.200
10152 403.372 4573174.850 5305022.760
10153 403.400 4573224.850 5305072.760
10154 395.332 4573212.870 5305548.610
10155 394.858 4573213.940 5305505.420
10156 394.803 4573213.020 5305468.450
10157 395.050 4573197.500 5305585.570
10158 403.685 4572574.850 5304522.760
10159 403.690 4572604.870 5304550.490
10160 403.639 4572530.210 5304569.000
10161 403.556 4572497.240 5304605.370
10162 403.688 4572692.200 5304615.860
10163 403.634 4572724.850 5304672.760
10164 402.737 4573125.280 5305816.230
10165 402.341 4573135.740 5305777.050
10166 401.017 4573146.970 5305738.230
10167 399.533 4573159.010 5305699.720
10168 402.156 4574174.850 5306672.760
10169 402.135 4574227.570 5306714.690
10170 402.111 4574124.850 5306672.760
10171 402.078 4574228.070 5306737.760
10172 402.055 4574074.850 5306672.760
10173 402.018 4574024.850 5306672.760
10174 401.982 4573974.850 5306672.760
10175 401.946 4573924.850 5306672.760
10176 401.878 4573874.850 5306672.760
10177 402.274 4573574.850 5306272.760
10178 402.167 4573624.850 5306372.760
10179 402.215 4573574.850 5306322.760
10180 401.947 4573824.850 5306622.760
10181 402.000 4573774.850 5306572.760
10182 402.048 4573724.850 5306522.760
10183 402.088 4573674.850 5306472.760
10184 402.148 4573624.850 5306422.760
10185 401.864 4573824.850 5306672.760
10186 402.342 4573469.870 5306062.960
10187 402.322 4573424.850 5306022.760
10188 403.039 4573324.170 5305938.620
10189 402.255 4573374.850 5305972.760
10190 402.351 4573456.470 5306111.200
10191 402.887 4573224.850 5305872.760
10192 402.906 4573274.850 5305922.760
10193 402.766 4573125.100 5305829.400
10194 402.673 4573174.850 5305872.760
10195 402.353 4573474.850 5306172.760
10196 402.294 4573524.850 5306222.760
10197 402.340 4573452.540 5306160.960
10198 396.261 4573171.430 5305661.510
10199 394.767 4573182.120 5305622.540
10200 403.580 4572774.850 5304722.760
10201 403.516 4572824.850 5304772.760
10202 394.900 4573212.090 5305431.510
10203 394.936 4573211.150 5305394.590
10204 395.239 4573210.200 5305357.700
10205 399.162 4573218.210 5305324.680
10206 402.527 4573238.470 5305260.530
10207 403.388 4573245.860 5305227.250
10208 402.507 4573224.970 5305291.160
10209 403.558 4573252.580 5305193.680
10210 403.573 4572874.850 5304772.760
10211 403.500 4573024.850 5304872.760
10212 403.618 4572937.230 5304794.090
10213 403.572 4572974.850 5304822.760
10214 403.397 4573024.850 5304922.760
10215 403.374 4573074.850 5304972.760
10216 403.361 4573124.850 5305022.760
10217 402.948 4573259.100 5305160.020
10218 403.142 4573224.850 5305122.760
10219 403.324 4573174.850 5305072.760
10220 394.839 4573198.310 5305542.300
10221 394.802 4573199.620 5305499.180
10222 394.888 4573198.690 5305462.230
10223 394.821 4573182.680 5305579.190
10224 403.663 4572652.570 5304617.970
10225 403.645 4572570.270 5304584.710
10226 403.547 4572524.850 5304622.760
10227 403.463 4572492.180 5304649.580
10228 403.588 4572674.850 5304672.760
10229 403.520 4572724.850 5304722.760
10230 402.713 4573109.560 5305853.160
10231 402.246 4573119.700 5305813.850
10232 400.827 4573130.700 5305774.920
10233 398.792 4573142.430 5305736.280
10234 396.215 4573155.900 5305698.400
10235 402.097 4574188.400 5306727.470
10236 402.005 4574124.850 5306722.760
10237 401.972 4574212.280 5306781.030
10238 401.977 4574074.850 5306722.760
10239 401.933 4574024.850 5306722.760
10240 401.860 4573974.850 5306722.760
10241 401.851 4573924.850 5306722.760
10242 401.790 4573874.850 5306722.760
10243 402.258 4573524.850 5306272.760
10244 402.179 4573574.850 5306372.760
10245 402.168 4573524.850 5306322.760
10246 401.780 4573824.850 5306722.760
10247 401.892 4573774.850 5306622.760
10248 401.914 4573724.850 5306572.760
10249 402.010 4573674.850 5306522.760
10250 402.059 4573624.850 5306472.760
10251 402.073 4573574.850 5306422.760
10252 401.777 4573774.850 5306672.760
10253 402.346 4573424.850 5306072.760
10254 402.329 4573374.850 5306022.760
10255 402.961 4573315.790 5305980.620
10256 402.371 4573424.850 5306122.760
10257 403.003 4573224.850 5305922.760
10258 403.071 4573274.850 5305972.760
10259 402.752 4573124.850 5305872.760
10260 402.837 4573174.850 5305922.760
10261 402.281 4573459.610 5306210.660
10262 402.271 4573424.850 5306172.760
10263 394.664 4573166.750 5305659.500
10264 394.805 4573167.050 5305616.070
10265 403.445 4572774.850 5304772.760
10266 403.400 4572824.850 5304822.760
10267 394.936 4573197.760 5305425.300
10268 395.211 4573196.820 5305388.390
10269 399.001 4573204.800 5305355.360
10270 402.370 4573211.850 5305321.960
10271 403.416 4573232.580 5305257.980
10272 403.142 4573238.980 5305224.290
10273 403.366 4573219.380 5305288.750
10274 403.576 4573245.320 5305190.550
10275 403.433 4572874.850 5304822.760
10276 403.454 4572898.170 5304825.140
10277 403.437 4572974.850 5304872.760
10278 403.517 4572924.850 5304822.760
10279 403.382 4572974.850 5304922.760
10280 403.337 4573024.850 5304972.760
10281 403.320 4573074.850 5305022.760
10282 403.266 4573124.850 5305072.760
10283 403.323 4573224.850 5305172.760
10284 403.193 4573174.850 5305122.760
10285 394.808 4573183.740 5305535.990
10286 394.877 4573185.300 5305492.950
10287 394.928 4573184.370 5305456.010
10288 394.822 4573167.860 5305572.790
10289 403.597 4572605.570 5304632.910
10290 403.582 4572573.430 5304628.330
10291 403.407 4572513.340 5304687.090
10292 403.539 4572624.850 5304672.760
10293 403.471 4572674.850 5304722.760
10294 403.409 4572724.850 5304772.760
10295 402.691 4573093.830 5305890.080
10296 402.150 4573103.660 5305850.640
10297 400.607 4573114.420 5305811.610
10298 398.128 4573125.840 5305772.840
10299 395.803 4573138.830 5305734.750
10300 394.961 4573151.370 5305696.470
10301 401.949 4574124.850 5306772.760
10302 401.863 4574192.080 5306826.780
10303 401.870 4574074.850 5306772.760
10304 401.846 4574024.850 5306772.760
10305 401.833 4574171.900 5306872.540
10306 401.816 4573974.850 5306772.760
10307 401.780 4573924.850 5306772.760
10308 401.750 4573874.850 5306772.760
10309 402.186 4573460.470 5306260.760
10310 402.157 4573474.850 5306322.760
10311 402.109 4573524.850 5306372.760
10312 401.697 4573824.850 5306772.760
10313 401.736 4573774.850 5306722.760
10314 401.854 4573724.850 5306622.760
10315 401.906 4573674.850 5306572.760
10316 401.932 4573624.850 5306522.760
10317 402.010 4573574.850 5306472.760
10318 402.067 4573524.850 5306422.760
10319 401.761 4573724.850 5306672.760
10320 402.692 4573080.540 5305920.760
10321 402.327 4573374.850 5306072.760
10322 402.343 4573317.920 5306030.600
10323 402.312 4573374.850 5306122.760
10324 402.804 4573224.850 5305972.760
10325 402.969 4573274.850 5306022.760
10326 402.593 4573124.850 5305922.760
10327 402.760 4573174.850 5305972.760
10328 402.243 4573424.850 5306222.760
10329 402.276 4573374.850 5306172.760
10330 402.169 4573424.850 5306272.760
10331 394.812 4573151.410 5305652.960
10332 394.839 4573151.980 5305609.600
10333 403.371 4572774.850 5304822.760
10334 403.323 4572824.850 5304872.760
10335 395.182 4573183.450 5305419.090
10336 398.824 4573191.350 5305386.030
10337 402.259 4573198.610 5305352.700
10338 403.271 4573206.160 5305319.510
10339 403.301 4573225.500 5305254.940
10340 403.262 4573231.690 5305221.140
10341 403.580 4573212.120 5305285.630
10342 403.006 4573224.850 5305222.760
10343 403.377 4572860.520 5304857.550
10344 403.403 4572924.850 5304872.760
10345 403.331 4572924.850 5304922.760
10346 403.305 4572974.850 5304972.760
10347 403.295 4573024.850 5305022.760
10348 403.258 4573074.850 5305072.760
10349 403.255 4573124.850 5305122.760
10350 403.336 4573174.850 5305172.760
10351 394.861 4573169.170 5305529.670
10352 394.920 4573170.980 5305486.710
10353 395.153 4573170.070 5305449.790
10354 394.846 4573153.030 5305566.400
10355 403.491 4572574.850 5304672.760
10356 403.391 4572551.210 5304711.410
10357 403.426 4572624.850 5304722.760
10358 403.376 4572674.850 5304772.760
10359 403.336 4572724.850 5304822.760
10360 402.054 4573087.620 5305887.430
10361 400.291 4573098.150 5305848.300
10362 397.356 4573109.260 5305809.400
10363 395.518 4573121.760 5305771.110
10364 394.548 4573134.010 5305732.700
10365 394.819 4573135.780 5305689.840
10366 401.844 4574124.850 5306822.760
10367 401.837 4574074.850 5306822.760
10368 401.778 4574024.850 5306822.760
10369 401.802 4574151.750 5306918.310
10370 401.786 4573974.850 5306822.760
10371 401.721 4573924.850 5306822.760
10372 401.752 4573874.850 5306822.760
10373 401.700 4573824.850 5306822.760
10374 402.152 4573451.210 5306309.740
10375 402.080 4573474.850 5306372.760
10376 402.092 4573424.850 5306322.760
10377 401.725 4573774.850 5306772.760
10378 401.726 4573724.850 5306722.760
10379 401.777 4573674.850 5306622.760
10380 401.818 4573624.850 5306572.760
10381 401.914 4573574.850 5306522.760
10382 401.945 4573524.850 5306472.760
10383 402.019 4573474.850 5306422.760
10384 401.724 4573674.850 5306672.760
10385 402.633 4573067.250 5305951.440
10386 402.029 4573074.550 5305918.200
10387 402.318 4573317.810 5306079.080
10388 402.280 4573324.850 5306122.760
10389 402.848 4573224.850 5306022.760
10390 402.844 4573274.850 5306072.760
10391 402.589 4573124.850 5305972.760
10392 402.783 4573174.850 5306022.760
10393 402.182 4573374.850 5306222.760
10394 402.220 4573324.850 5306172.760
10395 402.137 4573374.850 5306272.760
10396 394.855 4573136.090 5305646.400
10397 394.589 4573136.900 5305603.130
10398 403.316 4572827.770 5304894.400
10399 403.306 4572774.850 5304872.760
10400 398.628 4573177.890 5305416.690
10401 402.170 4573185.280 5305383.410
10402 403.169 4573192.780 5305350.200
10403 403.524 4573199.070 5305316.500
10404 403.388 4573218.210 5305251.800
10405 403.557 4573204.870 5305282.520
10406 403.312 4573174.850 5305222.760
10407 403.290 4572824.850 5304922.760
10408 403.305 4572874.850 5304922.760
10409 403.297 4572924.850 5304972.760
10410 403.274 4572974.850 5305022.760
10411 403.264 4573024.850 5305072.760
10412 403.297 4573074.850 5305122.760
10413 403.348 4573124.850 5305172.760
10414 394.777 4573154.600 5305523.360
10415 395.124 4573156.690 5305480.490
10416 398.425 4573164.440 5305447.350
10417 394.773 4573138.210 5305560.010
10418 403.389 4572574.850 5304722.760
10419 403.327 4572546.810 5304759.850
10420 403.349 4572624.850 5304772.760
10421 403.315 4572674.850 5304822.760
10422 403.289 4572724.850 5304872.760
10423 399.860 4573081.870 5305884.990
10424 396.829 4573092.680 5305845.970
10425 395.224 4573104.680 5305807.460
10426 394.463 4573116.660 5305768.930
10427 394.814 4573118.710 5305726.190
10428 394.872 4573120.210 5305683.210
10429 401.778 4574074.850 5306872.760
10430 401.751 4574024.850 5306872.760
10431 401.717 4574131.710 5306964.130
10432 401.747 4573974.850 5306872.760
10433 401.729 4573924.850 5306872.760
10434 401.685 4573874.850 5306872.760
10435 401.706 4573824.850 5306872.760
10436 401.698 4573774.850 5306822.760
10437 402.064 4573429.190 5306354.750
10438 402.082 4573374.850 5306322.760
10439 401.709 4573724.850 5306772.760
10440 401.727 4573674.850 5306722.760
10441 401.761 4573624.850 5306622.760
10442 401.785 4573574.850 5306572.760
10443 402.018 4573394.880 5306390.520
10444 401.837 4573524.850 5306522.760
10445 401.951 4573424.850 5306422.760
10446 401.916 4573474.850 5306472.760
10447 401.704 4573624.850 5306672.760
10448 402.576 4573074.850 5305972.760
10449 402.575 4573053.970 5305982.120
10450 402.007 4573061.490 5305948.980
10451 400.078 4573068.980 5305915.840
10452 402.231 4573275.160 5306105.220
10453 402.949 4573224.850 5306072.760
10454 402.636 4573124.850 5306022.760
10455 402.621 4573174.850 5306072.760
10456 402.149 4573324.850 5306222.760
10457 402.181 4573274.850 5306172.760
10458 402.081 4573324.850 5306272.760
10459 394.757 4573120.770 5305639.860
10460 394.563 4573121.830 5305596.660
10461 403.280 4572799.990 5304936.010
10462 403.282 4572774.850 5304922.760
10463 402.084 4573171.950 5305414.120
10464 403.065 4573179.260 5305380.830
10465 403.466 4573185.780 5305347.270
10466 403.387 4573191.980 5305313.500
10467 403.412 4573174.850 5305272.760
10468 403.395 4573124.850 5305222.760
10469 403.281 4572824.850 5304972.760
10470 403.282 4572874.850 5304972.760
10471 403.273 4572924.850 5305022.760
10472 403.287 4572974.850 5305072.760
10473 403.337 4573024.850 5305122.760
10474 403.376 4573074.850 5305172.760
10475 395.176 4573140.060 5305517.060
10476 398.228 4573150.980 5305478.010
10477 401.998 4573158.620 5305444.820
10478 395.388 4573123.430 5305553.630
10479 403.310 4572524.850 5304772.760
10480 403.324 4572574.850 5304772.760
10481 403.300 4572624.850 5304822.760
10482 403.285 4572674.850 5304872.760
10483 403.287 4572724.850 5304922.760
10484 396.488 4573076.090 5305882.530
10485 394.511 4573087.610 5305843.810
10486 394.717 4573099.300 5305805.170
10487 394.674 4573101.640 5305762.550
10488 394.580 4573103.410 5305719.680
10489 394.772 4573104.640 5305676.590
10490 401.711 4573724.850 5306822.760
10491 401.665 4574092.540 5307056.160
10492 401.721 4574024.850 5306922.760
10493 401.713 4574111.770 5307009.990
10494 401.702 4573974.850 5306922.760
10495 401.717 4573924.850 5306922.760
10496 401.673 4573874.850 5306922.760
10497 401.684 4573824.850 5306922.760
10498 401.661 4573774.850 5306872.760
10499 401.991 4573374.850 5306372.760
10500 402.039 4573324.850 5306322.760
10501 401.704 4573674.850 5306772.760
10502 401.682 4573624.850 5306722.760
10503 401.698 4573574.850 5306622.760
10504 401.724 4573524.850 5306572.760
10505 401.911 4573374.850 5306422.760
10506 401.796 4573474.850 5306522.760
10507 401.839 4573424.850 5306472.760
10508 401.704 4573574.850 5306672.760
10509 402.377 4573074.850 5306022.760
10510 402.517 4573040.680 5306012.800
10511 401.985 4573048.430 5305979.760
10512 400.302 4573056.100 5305946.690
10513 396.898 4573063.410 5305913.470
10514 402.917 4573234.920 5306134.190
10515 402.688 4573124.850 5306072.760
10516 402.775 4573174.850 5306122.760
10517 402.090 4573274.850 5306222.760
10518 402.119 4573224.850 5306172.760
10519 402.066 4573274.850 5306272.760
10520 402.505 4573074.850 5306072.760
10521 394.873 4573105.440 5305633.310
10522 395.607 4573106.790 5305590.210
10523 403.295 4572787.480 5304984.170
10524 402.961 4573165.730 5305411.460
10525 403.381 4573172.300 5305377.960
10526 403.261 4573178.790 5305344.350
10527 403.370 4573174.850 5305322.760
10528 403.417 4573124.850 5305272.760
10529 403.433 4573074.850 5305222.760
10530 403.311 4572824.850 5305022.760
10531 403.290 4572874.850 5305022.760
10532 403.320 4572924.850 5305072.760
10533 403.374 4572974.850 5305122.760
10534 403.402 4573024.850 5305172.760
10535 399.553 4573134.500 5305514.690
10536 401.914 4573145.280 5305475.530
10537 402.858 4573152.200 5305442.090
10538 399.828 4573117.980 5305551.340
10539 403.298 4572515.810 5304793.550
10540 403.290 4572574.850 5304822.760
10541 403.289 4572624.850 5304872.760
10542 403.294 4572674.850 5304922.760
10543 403.309 4572724.850 5304972.760
10544 403.319 4572442.310 5304842.640
10545 394.364 4573070.540 5305880.160
10546 394.555 4573081.950 5305841.400
10547 394.660 4573084.570 5305798.900
10548 394.850 4573086.620 5305756.150
10549 394.874 4573088.120 5305713.180
10550 394.580 4573089.060 5305669.960
10551 401.675 4573724.850 5306872.760
10552 401.674 4573674.850 5306822.760
10553 401.639 4574048.540 5307050.980
10554 401.716 4574024.850 5306972.760
10555 401.660 4573974.850 5306972.760
10556 401.677 4573924.850 5306972.760
10557 401.643 4573874.850 5306972.760
10558 401.585 4574028.900 5307096.890
10559 401.631 4573824.850 5306972.760
10560 401.636 4573774.850 5306922.760
10561 401.995 4573274.850 5306322.760
10562 401.900 4573354.370 5306420.000
10563 401.951 4573324.850 5306372.760
10564 401.706 4573624.850 5306772.760
10565 401.709 4573574.850 5306722.760
10566 401.698 4573524.850 5306622.760
10567 401.711 4573474.850 5306572.760
10568 401.798 4573374.850 5306472.760
10569 401.734 4573424.850 5306522.760
10570 401.674 4573524.850 5306672.760
10571 402.458 4573027.390 5306043.470
10572 402.400 4573014.100 5306074.150
10573 401.962 4573035.370 5306010.540
10574 400.572 4573043.220 5305977.550
10575 397.508 4573050.740 5305944.420
10576 394.483 4573058.120 5305911.220
10577 402.620 4573202.320 5306172.130
10578 402.559 4573124.850 5306122.760
10579 402.807 4573174.850 5306172.760
10580 402.082 4573224.850 5306222.760
10581 401.994 4573224.850 5306272.760
10582 402.365 4573024.850 5306072.760
10583 402.468 4573074.850 5306122.760
10584 395.761 4573090.160 5305626.780
10585 399.660 4573102.100 5305588.230
10586 403.362 4572763.660 5305027.710
10587 403.295 4573158.810 5305408.640
10588 403.230 4573165.350 5305375.090
10589 403.262 4573124.850 5305322.760
10590 403.381 4573074.850 5305272.760
10591 403.435 4573024.850 5305222.760
10592 403.388 4572824.850 5305072.760
10593 403.359 4572874.850 5305072.760
10594 403.398 4572924.850 5305122.760
10595 403.417 4572974.850 5305172.760
10596 401.945 4573128.830 5305512.260
10597 402.755 4573138.660 5305472.720
10598 403.208 4573145.310 5305439.320
10599 401.930 4573112.240 5305548.920
10600 403.377 4572724.850 5305022.760
10601 403.298 4572480.920 5304826.720
10602 403.292 4572524.850 5304822.760
10603 403.300 4572574.850 5304872.760
10604 403.309 4572624.850 5304922.760
10605 403.335 4572674.850 5304972.760
10606 403.331 4572457.930 5304871.060
10607 394.434 4573064.590 5305877.630
10608 394.623 4573067.500 5305835.250
10609 394.918 4573069.820 5305792.620
10610 394.878 4573071.590 5305749.760
10611 394.394 4573072.810 5305706.660
10612 395.912 4573073.530 5305663.350
10613 401.640 4573724.850 5306922.760
10614 401.625 4573674.850 5306872.760
10615 401.665 4573624.850 5306822.760
10616 401.639 4573974.850 5307022.760
10617 401.625 4573924.850 5307022.760
10618 401.593 4573874.850 5307022.760
10619 401.537 4574009.640 5307143.040
10620 401.504 4573984.600 5307177.730
10621 401.569 4573824.850 5307022.760
10622 401.595 4573774.850 5306972.760
10623 401.864 4573274.850 5306372.760
10624 401.932 4573224.850 5306322.760
10625 401.791 4573308.380 5306439.480
10626 401.775 4573274.850 5306422.760
10627 401.692 4573574.850 5306772.760
10628 401.687 4573524.850 5306722.760
10629 401.639 4573474.850 5306622.760
10630 401.718 4573324.850 5306472.760
10631 401.631 4573424.850 5306572.760
10632 401.678 4573374.850 5306522.760
10633 401.690 4573474.850 5306672.760
10634 402.322 4573000.650 5306104.980
10635 401.931 4573022.300 5306041.310
10636 401.892 4573009.240 5306072.090
10637 400.812 4573030.330 5306008.400
10638 398.175 4573038.060 5305975.360
10639 394.708 4573045.710 5305942.280
10640 394.769 4573052.510 5305908.830
10641 402.683 4573163.270 5306202.880
10642 402.556 4573124.850 5306172.760
10643 401.993 4573174.850 5306272.760
10644 402.252 4573024.850 5306122.760
10645 402.581 4573074.850 5306172.760
10646 399.177 4573086.680 5305625.270
10647 401.781 4573096.970 5305586.080
10648 403.406 4572762.350 5305075.030
10649 402.833 4573151.890 5305405.820
10650 403.071 4573124.850 5305372.760
10651 403.223 4573074.850 5305322.760
10652 403.326 4573024.850 5305272.760
10653 403.402 4572974.850 5305222.760
10654 403.407 4572824.850 5305122.760
10655 403.411 4572874.850 5305122.760
10656 403.416 4572924.850 5305172.760
10657 402.805 4573122.210 5305509.480
10658 403.122 4573131.820 5305470.000
10659 402.922 4573138.430 5305436.560
10660 402.894 4573105.530 5305546.140
10661 403.402 4572724.850 5305072.760
10662 403.392 4572674.850 5305022.760
10663 403.312 4572524.850 5304872.760
10664 403.329 4572574.850 5304922.760
10665 403.360 4572624.850 5304972.760
10666 403.349 4572468.680 5304902.270
10667 394.908 4573050.420 5305871.600
10668 394.791 4573053.020 5305829.090
10669 394.538 4573055.070 5305786.350
10670 394.844 4573056.560 5305743.360
10671 396.001 4573057.540 5305700.160
10672 399.073 4573070.700 5305662.140
10673 401.573 4573724.850 5306972.760
10674 401.561 4573674.850 5306922.760
10675 401.630 4573624.850 5306872.760
10676 401.647 4573574.850 5306822.760
10677 401.572 4573924.850 5307072.760
10678 401.537 4573874.850 5307072.760
10679 401.455 4573947.310 5307186.180
10680 401.471 4573908.300 5307193.100
10681 401.515 4573824.850 5307072.760
10682 401.546 4573774.850 5307022.760
10683 401.849 4573224.850 5306372.760
10684 401.839 4573174.850 5306322.760
10685 401.676 4573275.510 5306475.020
10686 401.681 4573224.850 5306422.760
10687 401.681 4573524.850 5306772.760
10688 401.679 4573474.850 5306722.760
10689 401.671 4573424.850 5306622.760
10690 401.594 4573324.850 5306522.760
10691 401.642 4573374.850 5306572.760
10692 401.652 4573424.850 5306672.760
10693 402.302 4572987.200 5306135.820
10694 401.884 4572995.970 5306103.000
10695 400.940 4573017.440 5306039.250
10696 401.024 4573004.550 5306070.110
10697 398.674 4573025.380 5306006.300
10698 395.154 4573033.300 5305973.330
10699 394.614 4573040.430 5305940.030
10700 394.617 4573038.180 5305902.740
10701 402.664 4573122.040 5306231.200
10702 402.549 4573124.850 5306272.760
10703 402.416 4573024.850 5306172.760
10704 402.423 4573074.850 5306222.760
10705 402.282 4572973.750 5306166.650
10706 401.306 4573082.710 5305623.560
10707 402.794 4573090.950 5305583.590
10708 403.392 4572777.320 5305122.740
10709 402.895 4573124.850 5305422.760
10710 403.035 4573074.850 5305372.760
10711 403.151 4573024.850 5305322.760
10712 403.254 4572974.850 5305272.760
10713 403.344 4572924.850 5305222.760
10714 403.354 4572805.890 5305163.080
10715 403.391 4572874.850 5305172.760
10716 403.018 4573115.430 5305506.780
10717 403.080 4573124.970 5305467.290
10718 402.727 4573098.710 5305543.420
10719 403.353 4572724.850 5305122.760
10720 403.385 4572674.850 5305072.760
10721 403.393 4572624.850 5305022.760
10722 403.348 4572524.850 5304922.760
10723 403.381 4572574.850 5304972.760
10724 403.378 4572464.210 5304939.940
10725 394.924 4573036.220 5305865.560
10726 394.722 4573038.550 5305822.940
10727 394.831 4573040.310 5305780.070
10728 395.944 4573041.560 5305736.980
10729 398.751 4573054.800 5305698.990
10730 401.104 4573067.270 5305660.690
10731 401.517 4573724.850 5307022.760
10732 401.547 4573674.850 5306972.760
10733 401.585 4573624.850 5306922.760
10734 401.575 4573574.850 5306872.760
10735 401.626 4573524.850 5306822.760
10736 401.495 4573874.850 5307122.760
10737 401.446 4573884.800 5307230.810
10738 401.486 4573824.850 5307122.760
10739 401.498 4573774.850 5307072.760
10740 401.416 4573849.140 5307245.380
10741 401.607 4573277.240 5306522.530
10742 401.741 4573174.850 5306372.760
10743 402.322 4573124.850 5306322.760
10744 401.558 4573224.850 5306472.760
10745 401.586 4573174.850 5306422.760
10746 401.657 4573474.850 5306772.760
10747 401.682 4573424.850 5306722.760
10748 401.600 4573303.310 5306565.320
10749 401.614 4573374.850 5306622.760
10750 401.596 4573324.850 5306572.760
10751 401.687 4573374.850 5306672.760
10752 401.875 4572982.700 5306133.900
10753 400.920 4572991.500 5306101.100
10754 399.020 4573012.710 5306037.250
10755 399.308 4573000.030 5306068.190
10756 395.561 4573020.880 5306004.390
10757 394.372 4573028.340 5305971.230
10758 394.579 4573025.930 5305933.870
10759 394.697 4573023.810 5305896.630
10760 402.114 4572970.800 5306185.000
10761 402.630 4573092.200 5306271.200
10762 402.322 4573024.850 5306222.760
10763 402.282 4572960.230 5306197.450
10764 401.862 4572969.430 5306164.800
10765 402.650 4573078.030 5305621.560
10766 403.111 4573084.890 5305581.140
10767 403.289 4572774.850 5305172.760
10768 402.957 4573074.850 5305422.760
10769 403.273 4572874.850 5305222.760
10770 403.019 4573024.850 5305372.760
10771 403.093 4572974.850 5305322.760
10772 403.181 4572924.850 5305272.760
10773 403.249 4572825.580 5305208.240
10774 403.170 4572856.170 5305247.770
10775 402.897 4573108.810 5305504.170
10776 402.905 4573074.850 5305472.760
10777 402.808 4573092.290 5305540.880
10778 403.221 4572724.850 5305172.760
10779 403.301 4572674.850 5305122.760
10780 403.351 4572624.850 5305072.760
10781 403.380 4572574.850 5305022.760
10782 403.383 4572524.850 5304972.760
10783 403.347 4572442.670 5304985.080
10784 403.278 4572437.820 5305023.510
10785 394.880 4573022.030 5305859.520
10786 395.098 4573024.070 5305816.770
10787 395.888 4573025.570 5305773.790
10788 398.549 4573038.800 5305735.800
10789 400.865 4573051.570 5305697.620
10790 401.997 4573063.210 5305658.960
10791 401.463 4573724.850 5307072.760
10792 401.504 4573674.850 5307022.760
10793 401.502 4573624.850 5306972.760
10794 401.513 4573574.850 5306922.760
10795 401.554 4573524.850 5306872.760
10796 401.593 4573474.850 5306822.760
10797 401.452 4573824.850 5307172.760
10798 401.455 4573774.850 5307122.760
10799 401.457 4573724.850 5307122.760
10800 401.386 4573812.560 5307270.410
10801 401.623 4573274.850 5306572.760
10802 401.550 4573224.850 5306522.760
10803 401.642 4573124.850 5306372.760
10804 402.567 4573073.030 5306316.160
10805 401.566 4573174.850 5306472.760
10806 401.495 4573124.850 5306422.760
10807 401.643 4573424.850 5306772.760
10808 401.646 4573374.850 5306722.760
10809 401.661 4573309.410 5306613.460
10810 401.634 4573324.850 5306672.760
10811 400.814 4572978.440 5306132.080
10812 399.296 4572987.110 5306099.230
10813 395.961 4573008.470 5306035.450
10814 396.619 4572996.050 5306066.500
10815 394.260 4573016.260 5306002.430
10816 394.640 4573013.680 5305965.010
10817 394.806 4573011.400 5305927.700
10818 394.917 4573009.450 5305890.530
10819 402.260 4573024.850 5306322.760
10820 402.167 4572974.850 5306222.760
10821 402.397 4573024.850 5306272.760
10822 402.183 4572947.060 5306228.410
10823 401.837 4572956.110 5306195.680
10824 400.722 4572965.380 5306163.070
10825 402.849 4573073.360 5305619.590
10826 402.706 4573079.400 5305578.940
10827 403.145 4572774.850 5305222.760
10828 402.991 4573024.850 5305422.760
10829 402.938 4573014.520 5305444.650
10830 403.099 4572884.820 5305288.380
10831 403.008 4572974.850 5305372.760
10832 403.058 4572924.850 5305322.760
10833 403.079 4572824.850 5305272.760
10834 402.689 4573074.850 5305522.760
10835 402.865 4573024.850 5305472.760
10836 402.809 4573074.850 5305572.760
10837 403.101 4572724.850 5305222.760
10838 403.165 4572674.850 5305172.760
10839 403.243 4572624.850 5305122.760
10840 403.306 4572574.850 5305072.760
10841 403.351 4572524.850 5305022.760
10842 403.312 4572474.850 5305022.760
10843 403.217 4572448.500 5305057.740
10844 403.164 4572424.850 5305072.760
10845 395.167 4573007.820 5305853.470
10846 395.831 4573009.590 5305810.610
10847 398.719 4573022.760 5305772.600
10848 400.681 4573035.640 5305734.460
10849 401.824 4573047.760 5305696.000
10850 402.800 4573059.220 5305657.260
10851 401.461 4573674.850 5307072.760
10852 401.444 4573624.850 5307022.760
10853 401.484 4573574.850 5306972.760
10854 401.512 4573524.850 5306922.760
10855 401.525 4573474.850 5306872.760
10856 401.573 4573424.850 5306822.760
10857 401.421 4573774.850 5307172.760
10858 401.418 4573724.850 5307172.760
10859 401.405 4573674.850 5307122.760
10860 401.385 4573764.970 5307279.440
10861 401.600 4573274.850 5306622.760
10862 401.596 4573224.850 5306572.760
10863 401.565 4573174.850 5306522.760
10864 402.462 4573062.390 5306365.030
10865 401.487 4573124.850 5306472.760
10866 401.360 4573074.850 5306422.760
10867 401.581 4573374.850 5306772.760
10868 401.626 4573324.850 5306722.760
10869 401.624 4573288.920 5306659.290
10870 399.284 4572974.190 5306130.270
10871 396.838 4572983.260 5306097.590
10872 394.342 4573004.180 5306033.630
10873 394.546 4572992.100 5306064.830
10874 394.669 4573001.440 5305996.140
10875 394.701 4572998.980 5305958.770
10876 394.961 4572996.870 5305921.530
10877 395.090 4572995.080 5305884.410
10878 402.422 4573024.850 5306372.760
10879 402.250 4572974.850 5306322.760
10880 402.215 4572974.850 5306272.760
10881 401.950 4572934.370 5306259.560
10882 401.857 4572943.060 5306226.680
10883 400.627 4572952.280 5306194.040
10884 399.271 4572961.270 5306161.300
10885 403.126 4573069.340 5305617.910
10886 403.044 4572774.850 5305272.760
10887 402.945 4572974.850 5305422.760
10888 402.907 4572970.360 5305443.990
10889 403.027 4572900.480 5305334.540
10890 403.030 4572874.850 5305322.760
10891 402.995 4572924.850 5305372.760
10892 403.000 4572824.850 5305322.760
10893 402.745 4573024.850 5305522.760
10894 402.839 4572974.850 5305472.760
10895 402.681 4573024.850 5305572.760
10896 403.010 4572724.850 5305272.760
10897 403.053 4572674.850 5305222.760
10898 403.119 4572624.850 5305172.760
10899 403.188 4572574.850 5305122.760
10900 403.260 4572524.850 5305072.760
10901 403.207 4572474.850 5305072.760
10902 403.097 4572427.120 5305102.890
10903 395.775 4572993.600 5305847.420
10904 398.644 4573006.730 5305809.390
10905 400.516 4573019.630 5305771.260
10906 401.988 4573031.920 5305732.880
10907 402.723 4573043.960 5305694.380
10908 402.971 4573056.010 5305655.890
10909 401.427 4573624.850 5307072.760
10910 401.460 4573574.850 5307022.760
10911 401.448 4573524.850 5306972.760
10912 401.416 4573624.850 5307122.760
10913 401.471 4573474.850 5306922.760
10914 401.496 4573424.850 5306872.760
10915 401.527 4573374.850 5306822.760
10916 401.406 4573724.850 5307222.760
10917 401.399 4573674.850 5307172.760
10918 401.414 4573624.850 5307172.760
10919 401.359 4573719.010 5307294.780
10920 401.663 4573224.850 5306622.760
10921 401.601 4573174.850 5306572.760
10922 401.514 4573124.850 5306522.760
10923 402.310 4573049.580 5306413.380
10924 401.385 4573074.850 5306472.760
10925 402.425 4573024.850 5306422.760
10926 401.592 4573324.850 5306772.760
10927 401.594 4573274.850 5306722.760
10928 401.598 4573260.590 5306698.150
10929 401.574 4573224.850 5306672.760
10930 397.030 4572970.470 5306128.680
10931 394.803 4572979.390 5306095.950
10932 394.419 4572989.190 5306027.270
10933 394.440 4572976.940 5306058.410
10934 394.598 4572986.570 5305989.830
10935 394.988 4572984.290 5305952.530
10936 395.013 4572982.340 5305915.350
10937 395.657 4572980.710 5305878.300
10938 402.177 4572974.850 5306372.760
10939 402.083 4572924.850 5306322.760
10940 401.978 4572917.960 5306296.250
10941 401.904 4572930.390 5306257.840
10942 400.559 4572939.390 5306225.090
10943 399.267 4572948.320 5306192.330
10944 396.962 4572957.680 5306159.770
10945 401.915 4572901.870 5306333.090
10946 402.993 4572409.740 5305149.730
10947 402.357 4573024.850 5305622.760
10948 402.970 4572774.850 5305322.760
10949 402.883 4572926.520 5305439.790
10950 402.964 4572874.850 5305372.760
10951 402.966 4572898.850 5305384.490
10952 402.931 4572824.850 5305372.760
10953 402.782 4572974.850 5305522.760
10954 402.830 4572924.850 5305472.760
10955 402.817 4572974.850 5305572.760
10956 402.938 4572724.850 5305322.760
10957 402.977 4572674.850 5305272.760
10958 403.022 4572624.850 5305222.760
10959 403.073 4572574.850 5305172.760
10960 403.143 4572524.850 5305122.760
10961 403.095 4572474.850 5305122.760
10962 398.585 4572990.690 5305846.190
10963 400.467 4573003.630 5305808.070
10964 402.209 4573015.970 5305769.710
10965 402.663 4573028.160 5305731.270
10966 402.881 4573040.910 5305693.080
10967 402.689 4573024.850 5305672.760
10968 401.417 4573574.850 5307072.760
10969 401.428 4573524.850 5307022.760
10970 401.430 4573474.850 5306972.760
10971 401.413 4573574.850 5307122.760
10972 401.441 4573424.850 5306922.760
10973 401.484 4573374.850 5306872.760
10974 401.495 4573324.850 5306822.760
10975 401.375 4573674.850 5307222.760
10976 401.385 4573574.850 5307172.760
10977 401.385 4573624.850 5307222.760
10978 401.317 4573690.720 5307334.360
10979 401.580 4573174.850 5306622.760
10980 401.599 4573124.850 5306572.760
10981 401.508 4573074.850 5306522.760
10982 402.404 4573036.770 5306461.740
10983 402.206 4572974.850 5306422.760
10984 401.474 4573274.850 5306772.760
10985 401.534 4573221.720 5306729.730
10986 401.582 4573174.850 5306672.760
10987 394.863 4572966.680 5306127.060
10988 394.555 4572964.590 5306089.650
10989 394.599 4572974.160 5306020.900
10990 394.492 4572961.750 5306051.970
10991 394.818 4572971.710 5305983.530
10992 394.977 4572969.610 5305946.290
10993 395.538 4572967.830 5305909.180
10994 398.233 4572977.680 5305877.010
10995 402.042 4572924.850 5306372.760
10996 401.729 4572913.820 5306294.460
10997 400.528 4572926.770 5306256.260
10998 399.539 4572935.510 5306223.410
10999 396.889 4572944.880 5306190.850
11000 395.101 4572953.970 5306158.170
11001 401.728 4572886.390 5306370.190
11002 401.574 4572897.510 5306331.210
11003 402.968 4572424.850 5305172.760
11004 402.923 4572390.810 5305195.710
11005 402.812 4572206.110 5305346.360
11006 402.694 4572146.390 5305389.590
11007 402.613 4572126.990 5305433.570
11008 402.753 4572182.880 5305367.180
11009 402.515 4572974.850 5305622.760
11010 402.904 4572774.850 5305372.760
11011 402.871 4572883.150 5305430.870
11012 402.863 4572824.850 5305422.760
11013 402.827 4572924.850 5305522.760
11014 402.828 4572874.850 5305472.760
11015 402.828 4572924.850 5305572.760
11016 402.883 4572724.850 5305372.760
11017 402.914 4572674.850 5305322.760
11018 402.946 4572624.850 5305272.760
11019 402.987 4572574.850 5305222.760
11020 403.034 4572524.850 5305172.760
11021 403.000 4572474.850 5305172.760
11022 400.524 4572987.630 5305844.880
11023 402.142 4573000.040 5305806.550
11024 402.608 4573012.190 5305768.100
11025 402.831 4573025.140 5305729.990
11026 402.598 4573017.600 5305719.400
11027 402.297 4572974.850 5305672.760
11028 401.401 4573524.850 5307072.760
11029 401.409 4573474.850 5307022.760
11030 401.440 4573424.850 5306972.760
11031 401.392 4573524.850 5307122.760
11032 401.428 4573374.850 5306922.760
11033 401.415 4573324.850 5306872.760
11034 401.454 4573274.850 5306822.760
11035 401.388 4573524.850 5307172.760
11036 401.350 4573624.850 5307272.760
11037 401.346 4573574.850 5307222.760
11038 401.358 4573524.850 5307222.760
11039 401.318 4573642.130 5307333.980
11040 401.586 4573124.850 5306622.760
11041 401.548 4573074.850 5306572.760
11042 401.458 4573035.760 5306511.330
11043 402.156 4572924.850 5306422.760
11044 402.320 4572974.850 5306472.760
11045 401.478 4573224.850 5306772.760
11046 401.464 4573174.850 5306722.760
11047 401.478 4573124.850 5306672.760
11048 394.735 4572952.240 5306120.890
11049 394.845 4572949.760 5306083.340
11050 394.655 4572959.130 5306014.530
11051 394.858 4572946.550 5306045.530
11052 395.181 4572956.870 5305977.230
11053 395.420 4572954.940 5305940.060
11054 397.877 4572964.670 5305907.840
11055 400.303 4572974.610 5305875.710
11056 401.908 4572871.260 5306407.430
11057 394.616 4572939.880 5306152.130
11058 400.179 4572910.030 5306292.820
11059 399.913 4572922.870 5306254.570
11060 396.894 4572932.140 5306221.960
11061 395.288 4572941.270 5306189.290
11062 401.506 4572881.680 5306368.150
11063 399.857 4572893.490 5306329.460
11064 402.912 4572424.850 5305222.760
11065 402.901 4572404.340 5305237.490
11066 402.460 4572136.260 5305517.350
11067 402.522 4572113.650 5305479.350
11068 402.840 4572224.850 5305322.760
11069 402.782 4572224.850 5305372.760
11070 402.649 4572174.600 5305430.840
11071 402.734 4572206.960 5305396.120
11072 402.857 4572278.680 5305331.140
11073 402.882 4572390.530 5305282.850
11074 402.484 4572174.850 5305522.760
11075 402.436 4572173.260 5305547.700
11076 402.601 4572924.850 5305622.760
11077 402.854 4572774.850 5305422.760
11078 402.833 4572851.900 5305468.170
11079 402.842 4572824.850 5305472.760
11080 402.842 4572874.850 5305522.760
11081 402.786 4572874.850 5305572.760
11082 402.855 4572724.850 5305422.760
11083 402.873 4572674.850 5305372.760
11084 402.895 4572624.850 5305322.760
11085 402.921 4572574.850 5305272.760
11086 402.954 4572524.850 5305222.760
11087 402.929 4572474.850 5305222.760
11088 402.074 4572984.110 5305843.390
11089 402.560 4572996.260 5305804.940
11090 402.781 4573009.180 5305766.810
11091 401.949 4572974.850 5305722.760
11092 402.429 4572924.850 5305672.760
11093 401.417 4573474.850 5307072.760
11094 401.406 4573424.850 5307022.760
11095 401.385 4573374.850 5306972.760
11096 401.392 4573474.850 5307122.760
11097 401.414 4573324.850 5306922.760
11098 401.421 4573274.850 5306872.760
11099 401.381 4573224.850 5306822.760
11100 401.345 4573474.850 5307172.760
11101 401.312 4573474.850 5307222.760
11102 401.319 4573574.850 5307272.760
11103 401.314 4573524.850 5307272.760
11104 401.277 4573603.070 5307363.290
11105 401.530 4573074.850 5306622.760
11106 401.994 4572874.850 5306422.760
11107 401.522 4573037.450 5306561.310
11108 402.162 4572974.850 5306522.760
11109 402.043 4572924.850 5306472.760
11110 401.447 4573178.970 5306755.660
11111 401.445 4573124.850 5306722.760
11112 401.433 4573074.850 5306672.760
11113 394.877 4572937.770 5306114.710
11114 394.950 4572934.910 5306077.030
11115 394.927 4572944.130 5306008.170
11116 395.182 4572931.390 5306039.100
11117 395.302 4572942.050 5305970.950
11118 397.522 4572951.660 5305938.670
11119 400.089 4572961.580 5305906.530
11120 401.922 4572971.090 5305874.210
11121 401.978 4572855.770 5306444.520
11122 401.467 4572866.120 5306405.200
11123 394.616 4572925.780 5306146.090
11124 394.683 4572927.530 5306183.370
11125 399.049 4572906.180 5306291.150
11126 397.311 4572919.500 5306253.110
11127 395.410 4572928.560 5306220.400
11128 399.579 4572877.290 5306366.250
11129 398.255 4572889.610 5306327.780
11130 402.889 4572424.850 5305272.760
11131 402.578 4572182.380 5305478.720
11132 402.806 4572250.130 5305371.970
11133 402.682 4572224.850 5305422.760
11134 402.816 4572274.850 5305372.760
11135 402.869 4572312.250 5305312.620
11136 402.871 4572374.850 5305322.760
11137 402.871 4572352.380 5305313.930
11138 402.524 4572208.200 5305518.700
11139 402.408 4572200.290 5305569.630
11140 402.582 4572874.850 5305622.760
11141 402.855 4572774.850 5305472.760
11142 402.853 4572815.000 5305499.980
11143 402.859 4572824.850 5305522.760
11144 402.747 4572824.850 5305572.760
11145 402.865 4572724.850 5305472.760
11146 402.858 4572674.850 5305422.760
11147 402.870 4572624.850 5305372.760
11148 402.889 4572574.850 5305322.760
11149 402.904 4572524.850 5305272.760
11150 402.894 4572474.850 5305272.760
11151 402.512 4572980.330 5305841.780
11152 402.736 4572993.250 5305803.660
11153 402.568 4572974.850 5305772.760
11154 402.301 4572924.850 5305722.760
11155 402.524 4572874.850 5305672.760
11156 401.375 4573424.850 5307072.760
11157 401.408 4573374.850 5307022.760
11158 401.391 4573324.850 5306972.760
11159 401.369 4573424.850 5307122.760
11160 401.355 4573274.850 5306922.760
11161 401.373 4573224.850 5306872.760
11162 401.394 4573174.850 5306822.760
11163 401.353 4573147.920 5306794.050
11164 401.345 4573424.850 5307172.760
11165 401.293 4573474.850 5307272.760
11166 401.320 4573424.850 5307222.760
11167 401.273 4573524.850 5307322.760
11168 401.251 4573559.290 5307379.060
11169 401.907 4572842.890 5306475.400
11170 401.503 4573037.410 5306611.330
11171 401.884 4572874.850 5306472.760
11172 401.440 4572974.850 5306572.760
11173 402.142 4572924.850 5306522.760
11174 401.356 4573124.850 5306772.760
11175 401.351 4573074.850 5306722.760
11176 401.390 4573025.020 5306658.810
11177 394.797 4572923.280 5306108.530
11178 395.035 4572920.120 5306070.730
11179 395.149 4572929.170 5306001.830
11180 394.965 4572916.280 5306032.710
11181 397.175 4572938.640 5305969.490
11182 399.870 4572948.560 5305937.350
11183 401.769 4572958.060 5305905.040
11184 402.372 4572967.300 5305872.600
11185 401.399 4572850.280 5306442.150
11186 399.635 4572861.310 5306403.130
11187 394.888 4572911.650 5306140.030
11188 394.863 4572913.790 5306177.460
11189 394.794 4572915.170 5306214.620
11190 396.501 4572902.530 5306289.560
11191 395.538 4572915.850 5306251.520
11192 397.603 4572873.280 5306364.510
11193 396.203 4572885.610 5306326.050
11194 401.320 4572837.130 5306472.920
11195 402.872 4572424.850 5305322.760
11196 402.613 4572224.850 5305472.760
11197 402.726 4572274.850 5305422.760
11198 402.831 4572324.850 5305372.760
11199 402.858 4572374.850 5305372.760
11200 402.541 4572256.840 5305528.940
11201 402.456 4572238.600 5305563.730
11202 402.621 4572824.850 5305622.760
11203 402.849 4572774.770 5305527.390
11204 402.712 4572774.850 5305572.760
11205 402.814 4572724.850 5305522.760
11206 402.857 4572674.850 5305472.760
11207 402.863 4572624.850 5305422.760
11208 402.866 4572574.850 5305372.760
11209 402.882 4572524.850 5305322.760
11210 402.874 4572474.850 5305322.760
11211 402.691 4572977.330 5305840.500
11212 402.478 4572974.850 5305822.760
11213 402.215 4572924.850 5305772.760
11214 402.473 4572874.850 5305722.760
11215 402.516 4572824.850 5305672.760
11216 401.396 4573374.850 5307072.760
11217 401.359 4573324.850 5307022.760
11218 401.387 4573274.850 5306972.760
11219 401.356 4573374.850 5307122.760
11220 401.377 4573224.850 5306922.760
11221 401.313 4573174.850 5306872.760
11222 401.342 4573134.860 5306842.020
11223 401.325 4573137.850 5306891.920
11224 401.318 4573374.850 5307172.760
11225 401.254 4573474.850 5307322.760
11226 401.275 4573424.850 5307272.760
11227 401.278 4573374.850 5307222.760
11228 401.226 4573513.730 5307379.780
11229 401.836 4572830.010 5306506.290
11230 401.448 4572974.850 5306622.760
11231 402.007 4572874.850 5306522.760
11232 402.205 4572924.850 5306572.760
11233 401.315 4573074.850 5306772.760
11234 401.342 4573011.440 5306705.550
11235 401.288 4572974.850 5306672.760
11236 401.285 4573075.560 5306836.730
11237 401.302 4573049.010 5306794.520
11238 394.808 4572908.840 5306102.360
11239 394.885 4572905.390 5306064.480
11240 396.713 4572925.650 5306000.330
11241 396.474 4572912.680 5306031.170
11242 399.637 4572935.530 5305968.170
11243 401.610 4572945.040 5305935.860
11244 402.232 4572954.270 5305903.430
11245 402.590 4572964.150 5305871.260
11246 399.643 4572845.110 5306439.920
11247 397.057 4572857.090 5306401.310
11248 394.779 4572897.560 5306133.990
11249 394.525 4572900.020 5306171.530
11250 394.638 4572901.800 5306208.830
11251 394.657 4572902.820 5306245.860
11252 395.290 4572898.720 5306287.910
11253 395.949 4572868.820 5306362.590
11254 395.136 4572881.580 5306324.300
11255 401.252 4572823.990 5306503.700
11256 399.478 4572831.760 5306470.610
11257 401.197 4572810.850 5306534.470
11258 402.851 4572424.850 5305372.760
11259 402.645 4572274.850 5305472.760
11260 402.753 4572324.850 5305422.760
11261 402.800 4572374.850 5305422.760
11262 402.595 4572302.920 5305516.430
11263 402.453 4572282.930 5305584.310
11264 402.642 4572774.850 5305622.760
11265 402.748 4572733.320 5305553.000
11266 402.798 4572674.850 5305522.760
11267 402.860 4572624.850 5305472.760
11268 402.862 4572574.850 5305422.760
11269 402.866 4572524.850 5305372.760
11270 402.864 4572474.850 5305372.760
11271 402.080 4572924.850 5305822.760
11272 402.391 4572874.850 5305772.760
11273 402.497 4572824.850 5305722.760
11274 402.562 4572774.850 5305672.760
11275 401.350 4573198.090 5306965.740
11276 401.348 4573224.850 5306972.760
11277 401.357 4573324.850 5307072.760
11278 401.390 4573274.850 5307022.760
11279 401.336 4573324.850 5307122.760
11280 401.360 4573156.850 5306937.430
11281 401.371 4573174.850 5306972.760
11282 401.311 4573102.560 5306878.530
11283 401.359 4573136.100 5306915.640
11284 401.298 4573074.850 5306872.760
11285 401.313 4573324.850 5307172.760
11286 401.277 4573324.850 5307222.760
11287 401.217 4573474.850 5307372.760
11288 401.236 4573424.850 5307322.760
11289 401.260 4573374.850 5307272.760
11290 401.205 4573469.910 5307396.880
11291 399.470 4572721.590 5308659.630
11292 401.766 4572817.130 5306537.180
11293 401.772 4572832.500 5306531.400
11294 402.019 4572924.850 5306622.760
11295 401.900 4572874.850 5306572.760
11296 401.696 4572804.280 5306568.070
11297 401.292 4573019.120 5306754.980
11298 401.208 4572974.850 5306722.760
11299 401.095 4572924.850 5306672.760
11300 401.235 4573024.850 5306822.760
11301 401.145 4572797.720 5306565.260
11302 394.667 4572894.500 5306096.250
11303 395.608 4572901.230 5306062.690
11304 399.372 4572922.530 5305999.010
11305 399.070 4572909.590 5306029.870
11306 401.453 4572932.010 5305966.680
11307 402.093 4572941.250 5305934.250
11308 402.536 4572950.970 5305902.020
11309 402.448 4572924.850 5305872.760
11310 396.636 4572840.770 5306438.050
11311 395.873 4572852.100 5306399.150
11312 394.394 4572883.610 5306128.010
11313 394.453 4572886.280 5306165.620
11314 394.609 4572888.390 5306203.030
11315 394.891 4572889.810 5306240.200
11316 394.804 4572885.430 5306282.150
11317 394.780 4572864.450 5306360.700
11318 394.650 4572868.040 5306318.440
11319 399.319 4572818.420 5306501.300
11320 396.488 4572827.110 5306468.610
11321 399.163 4572805.080 5306532.000
11322 402.819 4572424.850 5305422.760
11323 402.658 4572336.910 5305485.170
11324 402.696 4572374.850 5305472.760
11325 402.598 4572324.850 5305522.760
11326 402.475 4572332.060 5305592.630
11327 402.420 4572357.780 5305631.740
11328 402.597 4572724.850 5305622.760
11329 402.654 4572696.640 5305585.080
11330 402.676 4572674.850 5305572.760
11331 402.734 4572624.850 5305522.760
11332 402.824 4572574.850 5305472.760
11333 402.858 4572524.850 5305422.760
11334 402.848 4572474.850 5305422.760
11335 402.267 4572874.850 5305822.760
11336 402.397 4572824.850 5305772.760
11337 402.490 4572774.850 5305722.760
11338 402.556 4572724.850 5305672.760
11339 401.358 4573217.150 5307009.270
11340 401.361 4573274.850 5307072.760
11341 401.330 4573274.850 5307122.760
11342 401.343 4573174.850 5307022.760
11343 401.342 4573124.850 5306972.760
11344 401.335 4573074.850 5306922.760
11345 401.288 4573024.850 5306872.760
11346 401.283 4573274.850 5307172.760
11347 401.248 4573274.850 5307222.760
11348 401.221 4573324.850 5307272.760
11349 401.208 4573424.850 5307372.760
11350 401.224 4573374.850 5307322.760
11351 401.175 4573426.860 5307419.980
11352 401.157 4573384.020 5307444.410
11353 399.389 4572674.850 5308672.760
11354 399.564 4572730.720 5308619.380
11355 401.812 4572824.850 5306572.760
11356 402.069 4572874.850 5306622.760
11357 401.663 4572791.310 5306598.920
11358 401.169 4572974.850 5306772.760
11359 401.139 4572924.850 5306722.760
11360 402.044 4572874.850 5306672.760
11361 401.248 4572974.850 5306822.760
11362 401.079 4572784.500 5306596.000
11363 399.012 4572791.750 5306562.700
11364 394.697 4572889.810 5306094.220
11365 398.202 4572897.480 5306061.100
11366 401.286 4572919.030 5305997.530
11367 401.100 4572906.140 5306028.410
11368 401.969 4572928.210 5305965.070
11369 402.414 4572937.800 5305932.780
11370 402.328 4572924.850 5305922.760
11371 402.041 4572874.850 5305872.760
11372 395.884 4572835.300 5306435.690
11373 394.701 4572847.310 5306397.090
11374 394.703 4572878.410 5306125.770
11375 394.667 4572872.720 5306159.780
11376 394.581 4572875.010 5306197.250
11377 394.574 4572876.750 5306234.530
11378 394.612 4572872.160 5306276.390
11379 394.533 4572850.660 5306354.730
11380 394.647 4572854.520 5306312.580
11381 396.320 4572813.460 5306499.170
11382 395.464 4572821.440 5306466.170
11383 396.102 4572799.820 5306529.740
11384 402.728 4572424.850 5305472.760
11385 402.655 4572385.370 5305495.150
11386 402.632 4572374.850 5305522.760
11387 402.539 4572374.850 5305572.760
11388 402.436 4572380.810 5305632.190
11389 402.599 4572667.180 5305623.570
11390 402.654 4572624.850 5305572.760
11391 402.721 4572574.850 5305522.760
11392 402.795 4572524.850 5305472.760
11393 402.763 4572474.850 5305472.760
11394 402.300 4572824.850 5305822.760
11395 402.421 4572774.850 5305772.760
11396 402.502 4572724.850 5305722.760
11397 402.551 4572674.850 5305672.760
11398 401.336 4573210.120 5307058.690
11399 401.300 4573224.850 5307122.760
11400 401.326 4573174.850 5307072.760
11401 401.329 4573124.850 5307022.760
11402 401.326 4573074.850 5306972.760
11403 401.360 4573024.850 5306922.760
11404 401.271 4572974.850 5306872.760
11405 401.271 4573224.850 5307172.760
11406 401.214 4573274.850 5307272.760
11407 401.222 4573224.850 5307222.760
11408 401.215 4573324.850 5307322.760
11409 401.195 4573374.850 5307372.760
11410 401.184 4573374.850 5307422.760
11411 401.143 4573341.010 5307469.370
11412 399.477 4572674.850 5308622.760
11413 399.604 4572711.460 5308582.440
11414 401.795 4572824.850 5306622.760
11415 401.584 4572778.190 5306629.700
11416 401.114 4572924.850 5306772.760
11417 402.042 4572874.850 5306722.760
11418 401.855 4572824.850 5306672.760
11419 401.199 4572924.850 5306822.760
11420 400.997 4572771.170 5306626.700
11421 398.787 4572778.360 5306593.370
11422 395.884 4572786.180 5306560.310
11423 396.937 4572885.420 5306092.350
11424 400.930 4572893.500 5306059.400
11425 401.856 4572915.250 5305995.920
11426 401.732 4572902.400 5306026.830
11427 402.316 4572924.590 5305963.530
11428 401.871 4572874.850 5305922.760
11429 402.086 4572824.850 5305872.760
11430 394.518 4572830.180 5306433.480
11431 394.697 4572833.270 5306391.020
11432 395.871 4572873.400 5306123.610
11433 394.399 4572867.020 5306157.310
11434 394.249 4572861.830 5306191.550
11435 394.631 4572863.730 5306228.870
11436 394.410 4572858.860 5306270.620
11437 394.832 4572836.870 5306348.760
11438 394.396 4572840.970 5306306.710
11439 395.098 4572807.590 5306496.650
11440 394.330 4572816.020 5306463.830
11441 394.591 4572793.730 5306527.130
11442 402.661 4572433.060 5305510.740
11443 402.537 4572401.380 5305586.630
11444 402.626 4572624.850 5305622.760
11445 402.637 4572574.850 5305572.760
11446 402.694 4572524.850 5305522.760
11447 402.655 4572473.230 5305532.020
11448 402.307 4572774.850 5305822.760
11449 402.387 4572724.850 5305772.760
11450 402.490 4572674.850 5305722.760
11451 402.571 4572640.530 5305664.450
11452 401.177 4573274.850 5307322.760
11453 401.195 4573296.000 5307345.580
11454 401.296 4573194.070 5307106.140
11455 401.292 4573124.850 5307072.760
11456 401.313 4573074.850 5307022.760
11457 401.315 4573024.850 5306972.760
11458 401.310 4572974.850 5306922.760
11459 401.249 4572924.850 5306872.760
11460 401.262 4573177.230 5307153.380
11461 401.202 4573224.850 5307272.760
11462 401.189 4573193.460 5307250.950
11463 401.217 4573178.950 5307202.960
11464 401.166 4573319.350 5307384.760
11465 401.157 4573324.850 5307422.760
11466 401.117 4573295.410 5307474.000
11467 399.411 4572624.850 5308622.760
11468 399.577 4572674.850 5308572.760
11469 399.677 4572711.400 5308544.500
11470 399.328 4572574.850 5308622.760
11471 401.584 4572762.300 5306666.750
11472 401.726 4572774.850 5306672.760
11473 401.090 4572874.850 5306772.760
11474 401.945 4572824.850 5306722.760
11475 401.150 4572874.850 5306822.760
11476 401.039 4572755.890 5306664.010
11477 398.486 4572764.880 5306624.000
11478 395.673 4572772.490 5306590.860
11479 394.123 4572779.880 5306557.610
11480 400.398 4572880.930 5306090.420
11481 401.697 4572889.310 5306057.610
11482 402.113 4572774.850 5305872.760
11483 402.229 4572911.500 5305994.330
11484 402.400 4572898.550 5306025.190
11485 402.328 4572874.850 5305972.760
11486 401.908 4572824.850 5305922.760
11487 394.530 4572815.880 5306427.310
11488 394.358 4572819.220 5306384.950
11489 399.739 4572868.440 5306121.480
11490 395.304 4572861.400 5306154.890
11491 394.408 4572855.570 5306188.830
11492 394.309 4572850.940 5306223.320
11493 394.307 4572845.580 5306264.860
11494 394.148 4572823.070 5306342.800
11495 394.172 4572827.430 5306300.840
11496 394.228 4572801.860 5306494.190
11497 394.380 4572801.770 5306457.690
11498 394.160 4572787.700 5306524.540
11499 402.557 4572434.760 5305587.960
11500 402.612 4572474.850 5305572.760
11501 402.578 4572574.850 5305622.760
11502 402.640 4572524.850 5305572.760
11503 402.623 4572499.200 5305574.580
11504 402.254 4572724.850 5305822.760
11505 402.358 4572674.850 5305772.760
11506 402.476 4572617.540 5305707.340
11507 402.515 4572574.850 5305672.760
11508 402.453 4572423.280 5305636.180
11509 401.193 4573249.050 5307327.780
11510 401.182 4573274.850 5307372.760
11511 401.261 4573124.850 5307122.760
11512 401.287 4573074.850 5307072.760
11513 401.296 4573024.850 5307022.760
11514 401.292 4572974.850 5306972.760
11515 401.271 4572924.850 5306922.760
11516 401.217 4572874.850 5306872.760
11517 401.222 4573124.850 5307172.760
11518 401.175 4573212.090 5307297.380
11519 401.176 4573224.850 5307322.760
11520 401.173 4573174.850 5307272.760
11521 401.184 4573124.850 5307222.760
11522 401.173 4573288.860 5307420.420
11523 401.050 4573265.510 5307542.660
11524 401.107 4573274.850 5307472.760
11525 401.121 4573248.640 5307450.490
11526 401.062 4573284.920 5307518.570
11527 399.511 4572624.850 5308572.760
11528 399.672 4572674.850 5308522.760
11529 399.719 4572693.120 5308502.350
11530 399.439 4572574.850 5308572.760
11531 401.585 4572746.410 5306703.810
11532 401.662 4572774.850 5306722.760
11533 401.746 4572824.850 5306772.760
11534 401.097 4572824.850 5306822.760
11535 401.102 4572740.610 5306701.320
11536 398.980 4572750.060 5306661.510
11537 394.679 4572758.740 5306621.380
11538 393.930 4572766.010 5306588.080
11539 394.150 4572773.540 5306554.890
11540 401.632 4572876.320 5306088.450
11541 402.201 4572885.020 5306055.780
11542 402.088 4572724.850 5305872.760
11543 401.969 4572774.850 5305922.760
11544 402.177 4572874.850 5306022.760
11545 401.781 4572824.850 5305972.760
11546 394.429 4572801.580 5306421.130
11547 394.124 4572805.180 5306378.890
11548 401.326 4572863.420 5306119.320
11549 399.109 4572855.970 5306152.540
11550 394.799 4572849.290 5306186.120
11551 394.002 4572844.030 5306220.310
11552 393.964 4572832.490 5306259.180
11553 393.884 4572809.270 5306336.830
11554 394.064 4572814.040 5306295.050
11555 394.656 4572787.670 5306488.080
11556 394.098 4572787.580 5306451.570
11557 394.310 4572773.570 5306518.460
11558 402.518 4572474.850 5305622.760
11559 402.551 4572506.860 5305623.530
11560 402.210 4572674.850 5305822.760
11561 402.320 4572624.850 5305772.760
11562 402.332 4572603.780 5305754.060
11563 402.400 4572574.850 5305722.760
11564 402.472 4572524.850 5305672.760
11565 402.383 4572424.850 5305672.760
11566 402.335 4572402.580 5305681.700
11567 401.150 4573224.850 5307372.760
11568 401.226 4573074.850 5307122.760
11569 401.243 4573024.850 5307072.760
11570 401.268 4572974.850 5307022.760
11571 401.238 4572924.850 5306972.760
11572 401.255 4572874.850 5306922.760
11573 401.154 4572824.850 5306872.760
11574 401.204 4573074.850 5307172.760
11575 401.167 4573174.850 5307322.760
11576 401.165 4573124.850 5307272.760
11577 401.173 4573074.850 5307222.760
11578 401.148 4573224.850 5307422.760
11579 401.038 4573217.480 5307546.730
11580 401.067 4573221.270 5307491.660
11581 399.601 4572624.850 5308522.760
11582 399.751 4572670.630 5308464.470
11583 399.809 4572700.860 5308445.830
11584 399.361 4572524.850 5308572.760
11585 399.535 4572574.850 5308522.760
11586 401.584 4572730.520 5306740.860
11587 401.790 4572774.850 5306772.760
11588 401.832 4572774.850 5306822.760
11589 401.565 4572714.630 5306777.920
11590 401.177 4572725.320 5306738.630
11591 399.474 4572735.240 5306699.020
11592 395.583 4572744.460 5306659.110
11593 393.832 4572752.100 5306618.540
11594 394.290 4572759.380 5306585.250
11595 394.079 4572759.460 5306548.850
11596 402.266 4572871.640 5306086.440
11597 402.178 4572868.500 5306073.500
11598 402.100 4572674.850 5305872.760
11599 401.982 4572724.850 5305922.760
11600 401.802 4572774.850 5305972.760
11601 401.602 4572824.850 5306022.760
11602 394.062 4572787.280 5306414.970
11603 393.811 4572791.120 5306372.810
11604 402.304 4572858.360 5306117.140
11605 401.154 4572850.560 5306150.210
11606 398.611 4572843.320 5306183.530
11607 394.131 4572837.000 5306217.260
11608 394.184 4572826.250 5306256.470
11609 394.091 4572795.600 5306330.910
11610 394.110 4572808.290 5306292.550
11611 394.530 4572773.580 5306482.010
11612 393.913 4572773.330 5306445.440
11613 394.115 4572759.590 5306512.450
11614 402.422 4572474.850 5305672.760
11615 402.434 4572497.270 5305672.750
11616 402.184 4572624.850 5305822.760
11617 402.214 4572596.580 5305802.060
11618 402.259 4572574.850 5305772.760
11619 402.334 4572524.850 5305722.760
11620 402.250 4572424.850 5305722.760
11621 402.199 4572382.910 5305727.680
11622 401.150 4573174.850 5307372.760
11623 401.222 4573024.850 5307122.760
11624 401.228 4572974.850 5307072.760
11625 401.218 4572924.850 5307022.760
11626 401.221 4572874.850 5306972.760
11627 401.213 4572824.850 5306922.760
11628 401.601 4572774.850 5306872.760
11629 401.172 4573024.850 5307172.760
11630 401.134 4573124.850 5307322.760
11631 401.149 4573074.850 5307272.760
11632 401.153 4573024.850 5307222.760
11633 401.095 4573174.850 5307422.760
11634 400.986 4573178.700 5307567.730
11635 401.030 4573181.950 5307522.730
11636 401.070 4573174.850 5307472.760
11637 399.677 4572624.850 5308472.760
11638 399.813 4572674.850 5308422.760
11639 399.836 4572699.300 5308415.620
11640 399.280 4572474.850 5308572.760
11641 399.464 4572524.850 5308522.760
11642 399.625 4572574.850 5308472.760
11643 401.552 4572723.500 5306786.700
11644 401.542 4572724.850 5306822.760
11645 401.532 4572698.740 5306814.970
11646 401.238 4572710.040 5306775.940
11647 399.950 4572720.420 5306736.530
11648 395.922 4572730.190 5306696.850
11649 393.891 4572738.470 5306656.550
11650 394.176 4572745.220 5306615.600
11651 394.039 4572745.360 5306579.230
11652 394.118 4572745.590 5306542.890
11653 402.207 4572824.850 5306072.760
11654 402.049 4572624.850 5305872.760
11655 401.982 4572674.850 5305922.760
11656 401.919 4572724.850 5305972.760
11657 401.714 4572774.850 5306022.760
11658 393.757 4572772.970 5306408.800
11659 394.075 4572777.150 5306366.780
11660 402.026 4572824.850 5306122.760
11661 402.328 4572845.130 5306147.860
11662 401.031 4572837.460 5306180.990
11663 398.284 4572830.430 5306214.400
11664 394.731 4572820.090 5306253.800
11665 394.375 4572790.340 5306328.630
11666 395.137 4572802.820 5306290.170
11667 394.298 4572759.390 5306475.910
11668 393.762 4572759.070 5306439.300
11669 394.265 4572745.440 5306506.380
11670 402.326 4572475.290 5305717.570
11671 402.097 4572595.900 5305850.850
11672 402.128 4572574.850 5305822.760
11673 402.215 4572524.850 5305772.760
11674 402.192 4572443.130 5305754.330
11675 402.110 4572363.510 5305773.770
11676 400.939 4573137.770 5307588.560
11677 401.141 4573124.850 5307372.760
11678 401.182 4572974.850 5307122.760
11679 401.203 4572924.850 5307072.760
11680 401.208 4572874.850 5307022.760
11681 401.174 4572824.850 5306972.760
11682 401.717 4572724.850 5306872.760
11683 401.084 4572774.850 5306922.760
11684 401.168 4572974.850 5307172.760
11685 401.147 4573074.850 5307322.760
11686 401.125 4573024.850 5307272.760
11687 401.140 4572974.850 5307222.760
11688 401.105 4573124.850 5307422.760
11689 400.991 4573137.420 5307545.610
11690 400.998 4573124.850 5307522.760
11691 401.049 4573124.850 5307472.760
11692 399.758 4572624.850 5308422.760
11693 399.853 4572676.050 5308385.770
11694 399.385 4572474.850 5308522.760
11695 399.564 4572524.850 5308472.760
11696 399.704 4572574.850 5308422.760
11697 401.474 4572685.350 5306845.480
11698 401.258 4572694.760 5306813.250
11699 400.388 4572705.600 5306774.030
11700 401.406 4572671.950 5306876.000
11701 396.818 4572715.910 5306734.580
11702 394.001 4572724.840 5306694.560
11703 394.036 4572732.270 5306653.900
11704 394.310 4572731.260 5306609.620
11705 394.121 4572731.600 5306573.330
11706 394.440 4572731.490 5306536.850
11707 402.007 4572594.230 5305899.580
11708 401.478 4572774.850 5306072.760
11709 401.993 4572624.850 5305922.760
11710 401.928 4572674.850 5305972.760
11711 401.783 4572724.850 5306022.760
11712 394.350 4572758.700 5306402.640
11713 394.854 4572772.460 5306364.740
11714 401.212 4572774.850 5306122.760
11715 402.052 4572824.850 5306172.760
11716 402.016 4572831.590 5306178.450
11717 400.923 4572824.040 5306211.630
11718 398.517 4572814.210 5306251.230
11719 395.927 4572785.580 5306326.570
11720 399.123 4572797.450 5306287.840
11721 393.893 4572745.180 5306469.800
11722 394.583 4572744.850 5306433.170
11723 394.212 4572731.280 5306500.300
11724 402.168 4572474.850 5305772.760
11725 402.064 4572574.850 5305872.760
11726 402.107 4572524.850 5305822.760
11727 402.091 4572432.200 5305797.610
11728 402.076 4572361.100 5305821.850
11729 400.926 4573088.940 5307583.430
11730 401.094 4573074.850 5307372.760
11731 401.172 4572924.850 5307122.760
11732 401.375 4572658.560 5306906.510
11733 401.424 4572678.000 5306883.400
11734 401.154 4572874.850 5307072.760
11735 401.145 4572824.850 5307022.760
11736 401.114 4572774.850 5306972.760
11737 401.700 4572724.850 5306922.760
11738 401.135 4572924.850 5307172.760
11739 401.130 4573024.850 5307322.760
11740 401.123 4572974.850 5307272.760
11741 401.119 4572924.850 5307222.760
11742 401.060 4573074.850 5307422.760
11743 400.960 4573088.620 5307548.610
11744 400.955 4573074.850 5307522.760
11745 401.022 4573074.850 5307472.760
11746 399.312 4572424.850 5308522.760
11747 399.818 4572624.850 5308372.760
11748 399.872 4572657.960 5308343.710
11749 399.886 4572674.850 5308322.760
11750 399.490 4572474.850 5308472.760
11751 399.658 4572524.850 5308422.760
11752 399.789 4572574.850 5308372.760
11753 401.222 4572681.330 5306843.750
11754 400.640 4572690.780 5306811.540
11755 398.158 4572701.630 5306772.320
11756 401.195 4572667.900 5306874.250
11757 394.572 4572711.210 5306732.570
11758 394.186 4572719.320 5306692.190
11759 394.134 4572717.680 5306647.640
11760 394.500 4572717.600 5306603.770
11761 401.170 4572654.480 5306904.750
11762 394.328 4572717.540 5306567.320
11763 394.442 4572717.380 5306530.790
11764 401.988 4572574.850 5305922.760
11765 401.968 4572598.650 5305948.200
11766 401.613 4572724.850 5306072.760
11767 401.951 4572624.850 5305972.760
11768 401.843 4572674.850 5306022.760
11769 401.304 4572724.850 5306122.760
11770 395.241 4572754.510 5306400.830
11771 396.934 4572768.460 5306363.020
11772 402.087 4572774.850 5306172.760
11773 402.042 4572817.660 5306208.860
11774 400.956 4572808.370 5306248.700
11775 399.663 4572780.740 5306324.470
11776 401.024 4572791.990 5306285.470
11777 394.726 4572731.000 5306463.690
11778 395.260 4572740.910 5306431.470
11779 394.796 4572717.140 5306494.220
11780 402.078 4572474.850 5305822.760
11781 402.004 4572524.850 5305872.760
11782 402.005 4572524.850 5305922.760
11783 402.055 4572424.850 5305822.760
11784 402.031 4572447.260 5305845.320
11785 402.044 4572376.990 5305854.130
11786 400.894 4573040.420 5307572.840
11787 401.099 4573024.850 5307372.760
11788 401.161 4572874.850 5307122.760
11789 401.345 4572645.170 5306937.020
11790 401.504 4572674.850 5306922.760
11791 401.124 4572824.850 5307072.760
11792 401.090 4572774.850 5307022.760
11793 401.732 4572724.850 5306972.760
11794 401.121 4572874.850 5307172.760
11795 401.108 4572974.850 5307322.760
11796 401.093 4572924.850 5307272.760
11797 401.092 4572874.850 5307222.760
11798 401.049 4573024.850 5307422.760
11799 400.927 4573039.690 5307537.700
11800 400.996 4573024.850 5307472.760
11801 399.413 4572424.850 5308472.760
11802 399.868 4572624.850 5308322.760
11803 399.891 4572664.700 5308299.340
11804 399.895 4572655.370 5308261.160
11805 399.579 4572474.850 5308422.760
11806 399.730 4572524.850 5308372.760
11807 399.846 4572574.850 5308322.760
11808 400.608 4572677.330 5306842.030
11809 398.970 4572687.350 5306810.050
11810 395.557 4572697.580 5306770.580
11811 400.571 4572663.890 5306872.520
11812 394.044 4572706.360 5306730.490
11813 393.891 4572704.100 5306685.660
11814 394.133 4572703.350 5306641.490
11815 394.468 4572703.590 5306597.790
11816 401.144 4572641.060 5306935.250
11817 400.533 4572650.440 5306903.010
11818 401.116 4572627.630 5306965.750
11819 394.426 4572703.480 5306561.290
11820 394.762 4572703.290 5306524.750
11821 401.903 4572574.850 5305972.760
11822 401.896 4572596.660 5305996.720
11823 401.904 4572524.850 5305972.760
11824 401.624 4572674.850 5306072.760
11825 401.800 4572624.850 5306022.760
11826 401.411 4572674.850 5306122.760
11827 401.143 4572724.850 5306172.760
11828 397.982 4572751.220 5306399.410
11829 400.062 4572764.210 5306361.180
11830 401.875 4572774.850 5306222.760
11831 401.896 4572802.530 5306246.160
11832 401.088 4572775.670 5306322.280
11833 401.868 4572786.500 5306283.090
11834 400.845 4572724.850 5306222.760
11835 395.333 4572727.310 5306462.110
11836 398.108 4572737.710 5306430.090
11837 395.506 4572713.710 5306492.740
11838 402.000 4572470.060 5305889.970
11839 401.932 4572487.620 5305935.910
11840 402.022 4572419.530 5305871.760
11841 400.856 4572995.480 5307587.360
11842 401.048 4572974.850 5307372.760
11843 401.314 4572631.780 5306967.540
11844 401.081 4572614.210 5306996.250
11845 401.111 4572824.850 5307122.760
11846 401.570 4572674.850 5306972.760
11847 401.084 4572774.850 5307072.760
11848 400.991 4572724.850 5307022.760
11849 401.084 4572824.850 5307172.760
11850 401.067 4572924.850 5307322.760
11851 401.109 4572874.850 5307272.760
11852 401.068 4572824.850 5307222.760
11853 400.994 4572974.850 5307422.760
11854 400.899 4572990.260 5307529.070
11855 400.825 4572974.850 5307572.760
11856 400.934 4572974.850 5307472.760
11857 399.330 4572374.850 5308472.760
11858 399.512 4572424.850 5308422.760
11859 399.881 4572624.850 5308272.760
11860 399.916 4572639.870 5308223.610
11861 399.666 4572474.850 5308372.760
11862 399.807 4572524.850 5308322.760
11863 399.871 4572574.850 5308272.760
11864 398.963 4572673.830 5306840.520
11865 396.293 4572683.950 5306808.590
11866 394.237 4572693.410 5306768.780
11867 398.958 4572660.320 5306870.980
11868 393.965 4572690.530 5306723.670
11869 394.150 4572689.100 5306679.210
11870 394.443 4572688.720 5306635.220
11871 394.721 4572689.580 5306591.790
11872 400.494 4572636.990 5306933.500
11873 398.949 4572646.800 5306901.440
11874 400.455 4572623.540 5306963.990
11875 400.417 4572610.090 5306994.480
11876 394.707 4572689.440 5306555.270
11877 395.665 4572700.110 5306523.380
11878 401.855 4572493.150 5305985.680
11879 401.780 4572574.850 5306022.760
11880 401.697 4572524.850 5306022.760
11881 401.637 4572624.850 5306072.760
11882 401.674 4572589.120 5306044.860
11883 401.470 4572624.850 5306122.760
11884 401.147 4572674.850 5306172.760
11885 400.576 4572747.500 5306397.810
11886 401.140 4572759.610 5306359.190
11887 401.901 4572774.850 5306272.760
11888 401.820 4572770.560 5306320.060
11889 400.940 4572674.850 5306222.760
11890 401.966 4572724.850 5306272.760
11891 398.235 4572724.200 5306460.770
11892 400.533 4572734.040 5306428.510
11893 398.371 4572710.680 5306491.440
11894 401.786 4572424.850 5305972.760
11895 401.956 4572424.850 5305922.760
11896 401.982 4572377.830 5305878.120
11897 400.824 4572924.850 5307572.760
11898 400.814 4572949.690 5307587.830
11899 401.046 4572924.850 5307372.760
11900 401.030 4572601.080 5307026.470
11901 401.283 4572618.380 5306998.050
11902 401.058 4572774.850 5307122.760
11903 401.393 4572674.850 5307022.760
11904 400.997 4572724.850 5307072.760
11905 401.080 4572774.850 5307172.760
11906 401.039 4572874.850 5307322.760
11907 401.041 4572824.850 5307272.760
11908 401.018 4572774.850 5307222.760
11909 401.006 4572924.850 5307422.760
11910 400.845 4572942.830 5307539.030
11911 400.937 4572924.850 5307472.760
11912 399.261 4572324.850 5308472.760
11913 399.432 4572374.850 5308422.760
11914 399.613 4572424.850 5308372.760
11915 399.915 4572611.370 5308208.660
11916 399.758 4572474.850 5308322.760
11917 399.843 4572524.850 5308272.760
11918 399.890 4572574.850 5308222.760
11919 400.389 4572597.100 5307024.770
11920 393.924 4572676.950 5306761.690
11921 396.241 4572670.460 5306839.070
11922 394.653 4572680.460 5306807.080
11923 396.114 4572656.970 5306869.540
11924 394.180 4572674.840 5306716.920
11925 394.376 4572673.840 5306672.660
11926 394.540 4572674.080 5306628.950
11927 394.636 4572675.590 5306585.800
11928 398.895 4572633.290 5306931.910
11929 395.987 4572643.480 5306900.010
11930 398.830 4572619.770 5306962.370
11931 398.773 4572606.260 5306992.840
11932 395.803 4572686.510 5306554.020
11933 398.491 4572697.180 5306522.120
11934 401.650 4572488.020 5306035.650
11935 401.606 4572524.850 5306072.760
11936 401.536 4572573.080 5306090.860
11937 401.484 4572574.850 5306122.760
11938 401.210 4572624.850 5306172.760
11939 401.162 4572624.850 5306222.760
11940 401.195 4572743.290 5306395.990
11941 401.755 4572754.920 5306357.160
11942 401.724 4572724.850 5306322.760
11943 400.962 4572674.850 5306272.760
11944 400.464 4572720.570 5306459.210
11945 401.171 4572729.920 5306426.730
11946 400.392 4572707.110 5306489.910
11947 401.682 4572424.850 5306022.760
11948 401.802 4572374.850 5305972.760
11949 401.930 4572374.850 5305922.760
11950 402.018 4572330.110 5305870.820
11951 400.792 4572898.620 5307562.470
11952 400.799 4572907.430 5307611.330
11953 400.890 4572874.850 5307472.760
11954 400.996 4572874.850 5307372.760
11955 401.297 4572605.130 5307028.200
11956 400.981 4572587.960 5307056.700
11957 401.437 4572624.850 5307022.760
11958 401.009 4572724.850 5307122.760
11959 400.897 4572674.850 5307072.760
11960 401.004 4572724.850 5307172.760
11961 400.984 4572824.850 5307322.760
11962 400.996 4572774.850 5307272.760
11963 401.030 4572724.850 5307222.760
11964 400.951 4572874.850 5307422.760
11965 400.824 4572874.850 5307522.760
11966 399.355 4572324.850 5308422.760
11967 399.544 4572374.850 5308372.760
11968 399.686 4572424.850 5308322.760
11969 399.922 4572580.510 5308178.960
11970 399.813 4572474.850 5308272.760
11971 399.869 4572524.850 5308222.760
11972 399.943 4572570.060 5308139.970
11973 400.360 4572584.100 5307055.070
11974 398.786 4572593.400 5307023.200
11975 394.015 4572660.590 5306754.640
11976 394.029 4572663.380 5306799.710
11977 394.686 4572666.920 5306837.530
11978 394.717 4572653.370 5306867.990
11979 394.341 4572658.960 5306710.090
11980 394.538 4572658.580 5306666.110
11981 394.562 4572659.470 5306622.680
11982 396.086 4572672.890 5306584.650
11983 395.852 4572629.980 5306930.490
11984 394.716 4572639.830 5306898.440
11985 395.740 4572616.490 5306960.960
11986 395.660 4572603.000 5306991.440
11987 398.598 4572683.650 5306552.790
11988 400.320 4572693.650 5306520.610
11989 401.507 4572478.970 5306085.040
11990 401.547 4572424.850 5306072.760
11991 401.425 4572524.850 5306122.760
11992 401.401 4572551.480 5306134.470
11993 401.366 4572574.850 5306172.760
11994 401.246 4572574.850 5306222.760
11995 401.192 4572624.850 5306272.760
11996 401.658 4572738.970 5306394.130
11997 401.751 4572724.850 5306372.760
11998 400.922 4572674.850 5306322.760
11999 401.158 4572716.540 5306457.470
12000 401.646 4572725.720 5306424.920
12001 401.145 4572703.160 5306488.210
12002 401.612 4572374.850 5306022.760
12003 401.718 4572324.850 5305972.760
12004 401.812 4572308.610 5305923.850
12005 400.387 4572793.840 5307840.370
12006 400.754 4572855.240 5307587.640
12007 400.727 4572869.190 5307641.530
12008 400.644 4572833.160 5307673.860
12009 400.813 4572824.850 5307472.760
12010 400.925 4572824.850 5307372.760
12011 401.300 4572591.870 5307058.360
12012 400.950 4572574.840 5307086.920
12013 401.460 4572624.850 5307072.760
12014 400.929 4572674.850 5307122.760
12015 400.944 4572674.850 5307172.760
12016 400.960 4572774.850 5307322.760
12017 400.961 4572724.850 5307272.760
12018 400.907 4572674.850 5307222.760
12019 400.881 4572824.850 5307422.760
12020 400.944 4572561.710 5307117.140
12021 400.333 4572571.110 5307085.360
12022 400.766 4572824.850 5307522.760
12023 400.732 4572824.850 5307572.760
12024 399.270 4572274.850 5308422.760
12025 399.467 4572324.850 5308372.760
12026 399.641 4572374.850 5308322.760
12027 399.780 4572424.850 5308272.760
12028 399.879 4572524.850 5308172.760
12029 399.854 4572474.850 5308222.760
12030 399.189 4572224.850 5308422.760
12031 399.962 4572539.550 5308110.450
12032 400.245 4572602.510 5307994.300
12033 400.283 4572636.450 5307970.030
12034 400.330 4572660.350 5307926.360
12035 400.365 4572697.340 5307894.170
12036 398.798 4572580.540 5307053.560
12037 395.620 4572590.170 5307021.820
12038 394.279 4572644.090 5306747.530
12039 394.041 4572646.340 5306792.360
12040 394.043 4572649.870 5306830.180
12041 394.058 4572636.360 5306860.660
12042 394.546 4572643.080 5306703.260
12043 394.501 4572643.350 5306659.560
12044 396.223 4572656.640 5306621.470
12045 398.671 4572670.100 5306583.450
12046 394.796 4572626.290 5306928.890
12047 393.985 4572622.850 5306891.130
12048 394.820 4572612.740 5306959.350
12049 394.705 4572599.200 5306989.800
12050 400.255 4572680.170 5306551.300
12051 401.128 4572689.800 5306518.950
12052 401.557 4572374.850 5306072.760
12053 401.394 4572460.070 5306131.590
12054 401.418 4572424.850 5306122.760
12055 401.351 4572522.070 5306173.370
12056 401.404 4572474.850 5306172.760
12057 401.278 4572524.850 5306222.760
12058 401.323 4572574.850 5306272.760
12059 401.106 4572624.850 5306322.760
12060 401.651 4572720.500 5306421.300
12061 401.661 4572674.850 5306372.760
12062 401.634 4572712.460 5306455.720
12063 401.622 4572699.190 5306486.510
12064 401.656 4572324.850 5306022.760
12065 401.714 4572274.850 5305972.760
12066 401.783 4572275.660 5305938.750
12067 400.367 4572767.120 5307839.220
12068 400.418 4572794.400 5307802.320
12069 400.547 4572811.610 5307718.970
12070 400.445 4572790.130 5307764.070
12071 400.705 4572818.300 5307621.420
12072 400.587 4572794.870 5307665.550
12073 400.804 4572774.850 5307472.760
12074 400.916 4572774.850 5307372.760
12075 401.298 4572578.620 5307088.510
12076 401.201 4572624.850 5307122.760
12077 401.308 4572565.350 5307118.660
12078 401.328 4572552.140 5307148.830
12079 400.799 4572624.850 5307172.760
12080 400.862 4572724.850 5307322.760
12081 400.867 4572674.850 5307272.760
12082 400.692 4572624.850 5307222.760
12083 400.859 4572774.850 5307422.760
12084 400.940 4572548.620 5307147.380
12085 400.295 4572558.110 5307115.640
12086 398.809 4572567.680 5307083.910
12087 400.762 4572774.850 5307522.760
12088 400.733 4572774.850 5307572.760
12089 399.380 4572274.850 5308372.760
12090 399.569 4572324.850 5308322.760
12091 399.728 4572374.850 5308272.760
12092 399.836 4572424.850 5308222.760
12093 399.869 4572474.850 5308172.760
12094 399.889 4572474.850 5308122.760
12095 399.299 4572224.850 5308372.760
12096 400.049 4572542.830 5308062.980
12097 399.931 4572474.850 5308072.760
12098 400.168 4572566.770 5308019.760
12099 400.243 4572574.850 5307972.760
12100 400.367 4572730.920 5307859.700
12101 400.327 4572724.850 5307822.760
12102 400.339 4572624.850 5307922.760
12103 400.381 4572674.850 5307872.760
12104 395.618 4572577.340 5307052.200
12105 394.782 4572586.630 5307020.300
12106 394.524 4572627.580 5306740.420
12107 394.036 4572629.210 5306784.960
12108 393.988 4572632.860 5306822.840
12109 393.829 4572619.380 5306853.330
12110 394.466 4572627.230 5306696.440
12111 396.222 4572640.390 5306658.290
12112 398.455 4572653.810 5306620.260
12113 400.203 4572666.640 5306581.980
12114 393.970 4572609.340 5306921.600
12115 393.776 4572605.900 5306883.820
12116 394.250 4572595.840 5306952.070
12117 394.327 4572582.330 5306982.550
12118 401.609 4572685.950 5306517.310
12119 401.122 4572676.390 5306549.680
12120 401.502 4572324.850 5306072.760
12121 401.463 4572374.850 5306122.760
12122 401.358 4572449.750 5306179.420
12123 401.434 4572424.850 5306172.760
12124 401.412 4572493.710 5306212.990
12125 401.367 4572524.850 5306272.760
12126 401.272 4572574.850 5306322.760
12127 401.129 4572624.850 5306372.760
12128 401.573 4572674.850 5306422.760
12129 401.600 4572674.850 5306472.760
12130 401.505 4572674.850 5306522.760
12131 401.558 4572274.850 5306022.760
12132 401.663 4572252.410 5305983.010
12133 400.361 4572720.310 5307794.810
12134 400.523 4572774.510 5307711.370
12135 400.428 4572743.140 5307750.090
12136 400.555 4572774.850 5307672.760
12137 400.637 4572774.850 5307622.760
12138 400.754 4572724.850 5307472.760
12139 400.838 4572724.850 5307372.760
12140 401.364 4572574.850 5307122.760
12141 401.318 4572538.990 5307179.030
12142 401.280 4572574.850 5307172.760
12143 400.811 4572674.850 5307322.760
12144 400.711 4572624.850 5307272.760
12145 401.288 4572574.850 5307222.760
12146 400.816 4572724.850 5307422.760
12147 400.939 4572535.590 5307177.640
12148 400.250 4572545.140 5307145.950
12149 398.821 4572554.820 5307114.270
12150 395.676 4572564.510 5307082.580
12151 400.707 4572724.850 5307522.760
12152 400.635 4572724.850 5307572.760
12153 399.480 4572274.850 5308322.760
12154 399.649 4572324.850 5308272.760
12155 399.798 4572374.850 5308222.760
12156 399.857 4572424.850 5308172.760
12157 399.867 4572424.850 5308122.760
12158 399.184 4572174.850 5308372.760
12159 399.391 4572224.850 5308322.760
12160 399.852 4572387.760 5308096.180
12161 399.901 4572426.190 5308064.000
12162 400.122 4572508.210 5308006.200
12163 399.995 4572468.230 5308036.590
12164 400.222 4572545.990 5307973.290
12165 400.194 4572524.850 5307972.760
12166 400.273 4572579.140 5307935.610
12167 400.320 4572609.400 5307895.570
12168 400.358 4572683.270 5307827.990
12169 400.359 4572645.510 5307861.050
12170 394.828 4572574.060 5307050.810
12171 394.275 4572569.610 5307013.050
12172 394.440 4572611.110 5306733.320
12173 394.465 4572612.080 5306777.570
12174 394.111 4572615.780 5306815.480
12175 394.234 4572602.340 5306845.990
12176 396.142 4572624.130 5306695.110
12177 398.237 4572637.530 5306657.060
12178 399.956 4572650.440 5306618.810
12179 401.124 4572662.940 5306580.390
12180 393.756 4572592.420 5306914.310
12181 394.017 4572588.910 5306876.510
12182 393.817 4572578.940 5306944.800
12183 394.014 4572565.460 5306975.290
12184 401.598 4572672.650 5306548.080
12185 401.536 4572274.850 5306072.760
12186 401.457 4572324.850 5306122.760
12187 401.442 4572374.850 5306172.760
12188 401.422 4572449.000 5306229.260
12189 401.450 4572424.850 5306222.760
12190 401.369 4572474.850 5306272.760
12191 401.300 4572524.850 5306322.760
12192 401.292 4572574.850 5306372.760
12193 401.145 4572624.850 5306422.760
12194 401.409 4572624.850 5306472.760
12195 401.422 4572624.850 5306522.760
12196 401.735 4572145.130 5305921.390
12197 401.682 4572163.960 5305958.020
12198 401.481 4572224.850 5306072.760
12199 401.575 4572229.920 5306027.650
12200 400.322 4572674.850 5307772.760
12201 400.434 4572724.850 5307722.760
12202 400.501 4572724.850 5307672.760
12203 400.559 4572724.850 5307622.760
12204 400.661 4572674.850 5307472.760
12205 400.748 4572674.850 5307372.760
12206 401.261 4572524.020 5307213.670
12207 401.212 4572526.600 5307228.700
12208 400.651 4572624.850 5307322.760
12209 400.395 4572574.850 5307272.760
12210 400.691 4572674.850 5307422.760
12211 400.932 4572520.140 5307212.780
12212 400.210 4572532.200 5307176.260
12213 398.848 4572541.980 5307144.640
12214 395.748 4572551.680 5307112.970
12215 394.770 4572561.490 5307081.310
12216 400.667 4572674.850 5307522.760
12217 400.607 4572674.850 5307572.760
12218 399.585 4572274.850 5308272.760
12219 399.719 4572324.850 5308222.760
12220 399.825 4572374.850 5308172.760
12221 399.843 4572374.850 5308122.760
12222 398.962 4572124.850 5308372.760
12223 399.316 4572174.850 5308322.760
12224 399.504 4572224.850 5308272.760
12225 399.868 4572374.850 5308072.760
12226 399.966 4572424.850 5308022.760
12227 400.117 4572474.850 5307972.760
12228 400.263 4572524.850 5307922.760
12229 400.326 4572574.850 5307872.760
12230 400.341 4572624.850 5307822.760
12231 394.244 4572556.890 5307043.550
12232 394.065 4572552.590 5307005.790
12233 396.075 4572607.880 5306731.930
12234 394.415 4572594.990 5306770.200
12235 394.433 4572598.690 5306808.110
12236 394.468 4572585.300 5306838.650
12237 398.155 4572621.250 5306693.860
12238 399.853 4572634.250 5306655.650
12239 401.067 4572646.800 5306617.250
12240 401.673 4572659.290 5306578.830
12241 393.930 4572575.470 5306907.020
12242 394.450 4572571.900 5306869.180
12243 393.903 4572562.040 5306937.540
12244 394.171 4572548.610 5306968.050
12245 401.449 4572624.850 5306572.760
12246 401.490 4572274.850 5306122.760
12247 401.455 4572324.850 5306172.760
12248 401.399 4572374.850 5306222.760
12249 401.437 4572433.230 5306270.580
12250 401.338 4572474.850 5306322.760
12251 401.358 4572524.850 5306372.760
12252 401.212 4572574.850 5306422.760
12253 401.124 4572574.850 5306472.760
12254 401.082 4572574.850 5306522.760
12255 401.692 4572107.840 5305927.420
12256 401.606 4572124.850 5305972.760
12257 401.608 4572168.020 5305992.550
12258 401.531 4572174.850 5306022.760
12259 401.476 4572224.850 5306122.760
12260 401.486 4572203.700 5306069.350
12261 400.321 4572624.850 5307772.760
12262 400.390 4572674.850 5307722.760
12263 400.448 4572674.850 5307672.760
12264 400.526 4572674.850 5307622.760
12265 400.678 4572624.850 5307472.760
12266 400.691 4572624.850 5307372.760
12267 401.159 4572507.580 5307250.460
12268 401.040 4572524.850 5307272.760
12269 400.520 4572574.850 5307322.760
12270 400.664 4572624.850 5307422.760
12271 400.918 4572503.560 5307249.580
12272 400.241 4572516.300 5307211.890
12273 398.863 4572529.150 5307175.010
12274 395.806 4572538.850 5307143.350
12275 394.712 4572548.920 5307111.810
12276 394.220 4572544.170 5307074.050
12277 400.600 4572624.850 5307522.760
12278 400.503 4572624.850 5307572.760
12279 399.664 4572274.850 5308222.760
12280 399.799 4572324.850 5308172.760
12281 399.835 4572339.460 5308104.500
12282 399.219 4572124.850 5308322.760
12283 399.404 4572174.850 5308272.760
12284 399.591 4572224.850 5308222.760
12285 399.014 4572074.850 5308322.760
12286 399.829 4572324.850 5308072.760
12287 399.886 4572374.850 5308022.760
12288 400.053 4572424.850 5307972.760
12289 400.200 4572474.850 5307922.760
12290 400.301 4572524.850 5307872.760
12291 400.297 4572574.850 5307822.760
12292 393.943 4572539.720 5307036.290
12293 394.137 4572535.590 5306998.550
12294 398.122 4572604.960 5306730.670
12295 395.864 4572591.640 5306768.750
12296 394.414 4572581.640 5306800.760
12297 394.395 4572568.290 5306831.320
12298 399.938 4572618.040 5306692.490
12299 400.997 4572630.670 5306654.110
12300 401.494 4572643.310 5306615.490
12301 401.384 4572624.850 5306622.760
12302 394.450 4572558.510 5306899.720
12303 394.377 4572554.930 5306861.880
12304 394.402 4572545.120 5306930.250
12305 394.167 4572531.730 5306960.790
12306 401.151 4572574.850 5306572.760
12307 401.461 4572274.850 5306172.760
12308 401.446 4572324.850 5306222.760
12309 401.397 4572374.850 5306272.760
12310 401.408 4572415.270 5306311.080
12311 401.376 4572474.850 5306372.760
12312 401.276 4572524.850 5306422.760
12313 401.198 4572524.850 5306472.760
12314 401.040 4572524.850 5306522.760
12315 401.624 4572092.630 5305971.650
12316 401.568 4572124.850 5306022.760
12317 401.518 4572151.200 5306039.610
12318 401.472 4572224.850 5306172.760
12319 401.498 4572174.850 5306122.760
12320 401.484 4572168.520 5306099.730
12321 400.277 4572574.850 5307772.760
12322 400.346 4572624.850 5307722.760
12323 400.405 4572624.850 5307672.760
12324 400.469 4572624.850 5307622.760
12325 400.524 4572574.850 5307472.760
12326 400.520 4572574.850 5307372.760
12327 401.096 4572489.490 5307289.500
12328 400.005 4572524.850 5307322.760
12329 400.526 4572574.850 5307422.760
12330 400.880 4572485.690 5307288.140
12331 400.222 4572499.580 5307248.720
12332 398.956 4572512.830 5307211.090
12333 395.942 4572526.040 5307173.740
12334 393.820 4572526.850 5307066.790
12335 394.654 4572536.350 5307142.320
12336 394.196 4572531.450 5307104.550
12337 400.481 4572574.850 5307522.760
12338 400.460 4572574.850 5307572.760
12339 399.730 4572274.850 5308172.760
12340 399.816 4572290.660 5308114.170
12341 399.666 4572224.850 5308172.760
12342 399.317 4572124.850 5308272.760
12343 399.515 4572174.850 5308222.760
12344 399.074 4572055.120 5308293.240
12345 399.785 4572274.850 5308072.760
12346 399.839 4572324.850 5308022.760
12347 399.951 4572374.850 5307972.760
12348 400.113 4572424.850 5307922.760
12349 400.217 4572474.850 5307872.760
12350 400.326 4572524.850 5307822.760
12351 394.031 4572522.570 5307029.040
12352 394.430 4572518.570 5306991.290
12353 400.020 4572601.840 5306729.320
12354 398.073 4572588.690 5306767.480
12355 395.820 4572578.350 5306799.340
12356 395.771 4572565.070 5306829.930
12357 400.925 4572614.530 5306690.980
12358 401.401 4572627.350 5306652.160
12359 401.272 4572574.850 5306622.760
12360 394.358 4572541.580 5306892.430
12361 395.721 4572551.790 5306860.520
12362 394.339 4572528.230 5306922.990
12363 394.320 4572514.880 5306953.550
12364 400.841 4572524.850 5306572.760
12365 401.434 4572274.850 5306222.760
12366 401.417 4572324.850 5306272.760
12367 401.372 4572383.010 5306340.450
12368 401.445 4572224.850 5306222.760
12369 401.332 4572424.850 5306372.760
12370 401.319 4572474.850 5306422.760
12371 401.221 4572474.850 5306472.760
12372 401.159 4572474.850 5306522.760
12373 401.531 4572074.850 5306022.760
12374 401.575 4572050.870 5305990.100
12375 401.493 4572134.210 5306086.620
12376 401.525 4572074.850 5306072.760
12377 401.446 4572174.850 5306172.760
12378 401.475 4572143.560 5306142.990
12379 400.287 4572524.850 5307772.760
12380 400.293 4572574.850 5307722.760
12381 400.306 4572574.850 5307672.760
12382 400.373 4572574.850 5307622.760
12383 400.409 4572524.850 5307472.760
12384 401.077 4572470.360 5307331.270
12385 400.151 4572524.850 5307372.760
12386 401.027 4572482.300 5307326.700
12387 400.415 4572524.850 5307422.760
12388 401.074 4572454.700 5307365.000
12389 400.846 4572467.010 5307328.820
12390 400.152 4572481.950 5307286.800
12391 398.947 4572495.990 5307247.930
12392 395.717 4572509.320 5307210.290
12393 394.595 4572523.780 5307172.820
12394 393.986 4572509.540 5307059.540
12395 393.700 4572513.980 5307097.290
12396 394.172 4572518.730 5307135.050
12397 400.366 4572524.850 5307522.760
12398 400.359 4572524.850 5307572.760
12399 399.251 4572083.540 5308251.880
12400 399.753 4572244.470 5308133.530
12401 399.638 4572200.700 5308158.140
12402 399.355 4572121.140 5308219.140
12403 399.523 4572160.090 5308187.440
12404 398.364 4571974.850 5308272.760
12405 399.065 4572024.850 5308272.760
12406 399.743 4572224.850 5308072.760
12407 399.802 4572274.850 5308022.760
12408 399.863 4572324.850 5307972.760
12409 400.033 4572374.850 5307922.760
12410 400.186 4572424.850 5307872.760
12411 400.220 4572474.850 5307822.760
12412 394.280 4572505.400 5307021.790
12413 394.316 4572501.560 5306984.040
12414 400.854 4572598.390 5306727.840
12415 400.080 4572585.670 5306766.170
12416 398.092 4572575.400 5306798.070
12417 398.093 4572562.120 5306828.660
12418 401.310 4572611.380 5306688.820
12419 401.298 4572574.850 5306672.760
12420 400.688 4572524.850 5306622.760
12421 395.680 4572538.520 5306891.110
12422 398.087 4572548.850 5306859.250
12423 395.650 4572525.240 5306921.710
12424 395.623 4572511.960 5306952.300
12425 400.890 4572474.850 5306572.760
12426 401.399 4572274.850 5306272.760
12427 401.359 4572374.850 5306372.760
12428 401.395 4572324.850 5306322.760
12429 401.343 4572347.070 5306366.350
12430 401.408 4572224.850 5306272.760
12431 401.421 4572174.850 5306222.760
12432 401.315 4572424.850 5306422.760
12433 401.234 4572424.850 5306472.760
12434 401.097 4572424.850 5306522.760
12435 401.543 4572024.850 5306022.760
12436 401.597 4572008.770 5305966.230
12437 401.572 4571961.790 5305953.670
12438 401.486 4572116.060 5306133.210
12439 401.480 4572024.850 5306072.760
12440 401.479 4572074.850 5306122.760
12441 401.444 4572124.850 5306222.760
12442 401.438 4572121.490 5306187.680
12443 400.217 4572474.850 5307772.760
12444 400.203 4572524.850 5307722.760
12445 400.265 4572524.850 5307672.760
12446 400.327 4572524.850 5307622.760
12447 400.151 4572474.850 5307472.760
12448 400.869 4572474.850 5307372.760
12449 400.133 4572474.850 5307422.760
12450 400.928 4572436.380 5307401.350
12451 400.811 4572451.030 5307363.240
12452 400.102 4572463.730 5307326.430
12453 398.818 4572478.560 5307285.580
12454 395.908 4572492.390 5307247.150
12455 394.775 4572506.630 5307209.660
12456 394.148 4572506.010 5307165.550
12457 394.044 4572492.240 5307052.280
12458 393.985 4572496.520 5307090.030
12459 393.601 4572501.110 5307127.790
12460 400.164 4572474.850 5307522.760
12461 400.227 4572474.850 5307572.760
12462 399.193 4571934.200 5308238.240
12463 399.268 4572074.850 5308222.760
12464 399.633 4572174.850 5308122.760
12465 399.480 4572124.850 5308172.760
12466 398.884 4571974.850 5308222.760
12467 399.264 4571953.690 5308211.010
12468 399.066 4572024.850 5308222.760
12469 399.610 4572174.850 5308072.760
12470 399.712 4572224.850 5308022.760
12471 399.799 4572274.850 5307972.760
12472 399.938 4572324.850 5307922.760
12473 400.119 4572374.850 5307872.760
12474 400.219 4572424.850 5307822.760
12475 394.357 4572488.240 5307014.530
12476 395.478 4572498.930 5306983.000
12477 401.249 4572595.400 5306725.480
12478 400.774 4572582.290 5306764.720
12479 399.979 4572572.400 5306796.770
12480 399.877 4572559.140 5306827.370
12481 401.262 4572574.850 5306722.760
12482 401.278 4572524.850 5306672.760
12483 400.816 4572474.850 5306622.760
12484 398.080 4572535.580 5306889.840
12485 399.773 4572545.890 5306857.970
12486 398.078 4572522.300 5306920.440
12487 398.080 4572509.020 5306951.030
12488 400.920 4572424.850 5306572.760
12489 401.396 4572274.850 5306322.760
12490 401.283 4572355.770 5306417.220
12491 401.376 4572324.850 5306372.760
12492 401.390 4572224.850 5306322.760
12493 401.418 4572174.850 5306272.760
12494 401.205 4572374.180 5306466.200
12495 401.085 4572380.800 5306517.820
12496 401.534 4571974.850 5306022.760
12497 401.574 4571912.300 5305955.230
12498 401.462 4572079.100 5306161.610
12499 401.516 4571974.850 5306072.760
12500 401.468 4572024.850 5306122.760
12501 401.386 4572124.850 5306272.760
12502 401.415 4572088.880 5306223.040
12503 400.220 4572424.850 5307772.760
12504 400.178 4572474.850 5307722.760
12505 400.160 4572474.850 5307672.760
12506 400.234 4572474.850 5307622.760
12507 400.799 4572424.850 5307472.760
12508 400.757 4572417.900 5307437.620
12509 400.748 4572432.700 5307399.560
12510 400.032 4572447.450 5307361.530
12511 398.432 4572460.740 5307324.240
12512 396.066 4572475.190 5307284.370
12513 393.493 4572488.240 5307158.290
12514 394.932 4572489.480 5307246.500
12515 393.984 4572488.980 5307202.200
12516 394.435 4572474.920 5307045.030
12517 394.036 4572479.070 5307082.780
12518 393.985 4572483.500 5307120.530
12519 399.860 4572424.850 5307522.760
12520 399.971 4572424.850 5307572.760
12521 400.658 4572379.000 5307531.200
12522 399.270 4571931.100 5308236.070
12523 399.272 4572074.850 5308172.760
12524 399.437 4572124.850 5308122.760
12525 399.359 4571973.140 5308183.760
12526 399.312 4571950.560 5308208.820
12527 399.034 4572024.850 5308172.760
12528 399.455 4571992.560 5308156.470
12529 398.915 4572074.850 5308072.760
12530 399.430 4572124.850 5308072.760
12531 399.578 4572174.850 5308022.760
12532 399.680 4572224.850 5307972.760
12533 399.774 4572274.850 5307922.760
12534 400.016 4572324.850 5307872.760
12535 400.123 4572374.850 5307822.760
12536 396.168 4572484.700 5307013.060
12537 397.621 4572496.200 5306981.910
12538 401.209 4572579.480 5306762.160
12539 400.666 4572569.060 5306795.330
12540 400.556 4572555.840 5306825.950
12541 401.222 4572561.340 5306766.620
12542 401.121 4572524.850 5306722.760
12543 400.651 4572474.850 5306672.760
12544 400.745 4572424.850 5306622.760
12545 399.667 4572532.650 5306888.580
12546 400.444 4572542.630 5306856.570
12547 399.562 4572519.400 5306919.190
12548 399.459 4572506.140 5306949.790
12549 400.969 4572391.220 5306568.780
12550 401.328 4572274.850 5306372.760
12551 401.319 4572324.850 5306422.760
12552 401.307 4572304.750 5306393.690
12553 401.337 4572224.850 5306372.760
12554 401.368 4572174.850 5306322.760
12555 401.179 4572324.850 5306472.760
12556 401.049 4572324.850 5306522.760
12557 401.510 4571924.850 5306022.760
12558 401.531 4571863.800 5305960.940
12559 401.468 4571924.850 5306072.760
12560 401.419 4572061.920 5306206.850
12561 401.462 4572024.850 5306172.760
12562 401.451 4571974.850 5306122.760
12563 401.365 4572124.850 5306322.760
12564 401.400 4572074.850 5306272.760
12565 401.399 4572051.160 5306251.340
12566 400.060 4572374.850 5307772.760
12567 400.151 4572424.850 5307722.760
12568 400.036 4572424.850 5307672.760
12569 400.011 4572424.850 5307622.760
12570 400.726 4572399.380 5307473.880
12571 400.680 4572414.240 5307435.810
12572 400.041 4572429.100 5307397.800
12573 398.533 4572444.180 5307359.970
12574 396.275 4572457.800 5307322.090
12575 394.801 4572472.340 5307283.350
12576 393.984 4572470.480 5307151.020
12577 393.508 4572471.320 5307194.740
12578 393.895 4572471.950 5307238.850
12579 397.605 4572469.850 5307042.670
12580 394.561 4572461.590 5307075.520
12581 393.947 4572465.910 5307113.280
12582 400.695 4572380.860 5307510.130
12583 399.464 4572374.850 5307572.760
12584 400.663 4572362.350 5307546.390
12585 399.041 4571928.020 5308233.910
12586 399.233 4572074.850 5308122.760
12587 398.727 4572024.850 5308122.760
12588 399.359 4571969.980 5308181.540
12589 399.066 4571947.420 5308206.630
12590 399.556 4572011.920 5308129.150
12591 399.407 4571989.370 5308154.240
12592 399.730 4572051.540 5308075.160
12593 399.946 4572070.050 5308045.690
12594 399.160 4572124.850 5308022.760
12595 399.406 4572174.850 5307972.760
12596 398.955 4572125.700 5307979.300
12597 399.241 4572174.850 5307922.760
12598 399.600 4572224.850 5307922.760
12599 399.785 4572274.850 5307872.760
12600 399.988 4572324.850 5307822.760
12601 398.841 4572480.930 5307011.490
12602 399.160 4572493.660 5306980.900
12603 401.141 4572566.160 5306792.960
12604 401.064 4572552.870 5306823.770
12605 401.147 4572524.850 5306772.760
12606 400.601 4572474.850 5306722.760
12607 400.755 4572424.850 5306672.760
12608 400.811 4572392.510 5306621.000
12609 400.329 4572529.430 5306887.200
12610 400.984 4572539.590 5306854.590
12611 400.217 4572516.220 5306917.830
12612 400.104 4572503.010 5306948.450
12613 400.915 4572324.850 5306572.760
12614 401.260 4572261.840 5306420.110
12615 401.243 4572224.850 5306422.760
12616 401.290 4572174.850 5306372.760
12617 401.138 4572274.850 5306472.760
12618 401.014 4572274.850 5306522.760
12619 401.280 4572124.850 5306372.760
12620 401.521 4571874.850 5306022.760
12621 401.515 4571816.790 5305976.810
12622 401.487 4571874.850 5306072.760
12623 401.467 4571924.850 5306122.760
12624 401.414 4572024.850 5306222.760
12625 401.426 4571974.850 5306172.760
12626 401.321 4572074.850 5306322.760
12627 401.356 4572024.850 5306272.760
12628 399.808 4572324.850 5307772.760
12629 400.014 4572374.850 5307722.760
12630 399.794 4572374.850 5307672.760
12631 399.538 4572374.850 5307622.760
12632 400.611 4572395.760 5307472.040
12633 400.027 4572410.650 5307434.020
12634 398.521 4572425.850 5307396.220
12635 393.825 4572454.920 5307275.500
12636 395.565 4572441.000 5307358.440
12637 394.228 4572455.190 5307320.190
12638 393.859 4572452.740 5307143.780
12639 393.924 4572453.670 5307187.280
12640 393.431 4572454.400 5307231.200
12641 399.946 4572464.340 5307040.120
12642 397.526 4572456.470 5307073.230
12643 394.389 4572448.270 5307106.010
12644 400.542 4572377.280 5307508.280
12645 400.541 4572343.420 5307582.220
12646 400.474 4572358.800 5307544.520
12647 397.872 4571925.210 5308231.940
12648 399.799 4572031.550 5308102.020
12649 399.083 4571966.800 5308179.320
12650 397.922 4571944.520 5308204.590
12651 399.084 4571986.160 5308152.000
12652 399.458 4572008.720 5308126.910
12653 399.649 4572048.120 5308072.770
12654 399.966 4572089.240 5308016.650
12655 399.696 4572066.780 5308043.440
12656 399.924 4572108.950 5307987.970
12657 399.853 4572128.730 5307959.340
12658 399.790 4572148.400 5307930.630
12659 399.972 4572167.900 5307901.800
12660 399.379 4572224.850 5307872.760
12661 399.813 4572274.850 5307822.760
12662 399.281 4572224.850 5307822.760
12663 399.742 4572274.850 5307772.760
12664 399.759 4572477.540 5307010.080
12665 399.765 4572490.690 5306979.720
12666 401.117 4572524.850 5306822.760
12667 400.506 4572474.850 5306772.760
12668 400.694 4572424.850 5306722.760
12669 400.686 4572404.660 5306723.920
12670 400.775 4572392.870 5306673.140
12671 400.846 4572324.850 5306622.760
12672 400.939 4572526.320 5306885.410
12673 401.078 4572524.850 5306872.760
12674 400.895 4572513.040 5306916.230
12675 400.820 4572499.750 5306947.040
12676 400.928 4572274.850 5306572.760
12677 401.190 4572218.180 5306445.070
12678 401.190 4572174.850 5306422.760
12679 401.079 4572224.850 5306472.760
12680 400.984 4572224.850 5306522.760
12681 401.127 4572124.850 5306422.760
12682 401.225 4572074.850 5306372.760
12683 401.489 4571824.850 5306022.760
12684 401.502 4571770.330 5305995.200
12685 401.468 4571824.850 5306072.760
12686 401.438 4571874.850 5306122.760
12687 401.453 4571924.850 5306172.760
12688 401.411 4571974.850 5306222.760
12689 401.309 4572024.850 5306322.760
12690 401.353 4571974.850 5306272.760
12691 399.688 4572324.850 5307722.760
12692 400.724 4572325.600 5307632.200
12693 399.734 4572280.900 5307722.400
12694 399.645 4572324.850 5307672.760
12695 400.456 4572324.480 5307618.060
12696 400.529 4572305.550 5307653.890
12697 400.009 4572392.180 5307470.230
12698 398.465 4572407.460 5307432.430
12699 395.612 4572422.740 5307394.700
12700 393.595 4572437.480 5307267.650
12701 393.860 4572437.890 5307312.150
12702 393.983 4572438.040 5307357.030
12703 394.218 4572434.950 5307136.500
12704 394.023 4572436.040 5307179.840
12705 393.824 4572436.870 5307223.550
12706 400.856 4572459.530 5307037.890
12707 400.004 4572450.800 5307070.700
12708 397.393 4572443.240 5307103.850
12709 399.964 4572373.720 5307506.440
12710 400.326 4572339.870 5307580.320
12711 399.901 4572355.260 5307542.650
12712 395.744 4571922.570 5308230.100
12713 399.514 4572028.280 5308099.740
12714 397.964 4571963.820 5308177.230
12715 395.578 4571941.930 5308202.780
12716 398.000 4571983.110 5308149.870
12717 399.113 4572005.490 5308124.660
12718 399.251 4572044.650 5308070.330
12719 399.775 4572085.970 5308014.460
12720 399.240 4572063.480 5308041.170
12721 399.878 4572105.570 5307985.750
12722 399.978 4572125.220 5307957.070
12723 400.022 4572187.860 5307866.550
12724 400.070 4572144.790 5307928.340
12725 400.156 4572164.220 5307899.520
12726 400.227 4572207.810 5307831.300
12727 400.403 4572227.770 5307796.060
12728 400.526 4572247.730 5307760.810
12729 400.650 4572267.680 5307725.560
12730 400.712 4572473.400 5307008.370
12731 400.494 4572487.640 5306978.510
12732 400.970 4572474.850 5306822.760
12733 400.527 4572423.800 5306772.330
12734 400.709 4572374.850 5306722.760
12735 400.791 4572324.850 5306672.760
12736 400.890 4572274.850 5306622.760
12737 400.940 4572461.550 5306869.190
12738 400.972 4572474.850 5306922.760
12739 400.974 4572474.850 5306972.760
12740 400.937 4572224.850 5306572.760
12741 401.095 4572178.800 5306476.140
12742 401.012 4572174.850 5306522.760
12743 401.022 4572124.850 5306472.760
12744 401.111 4572074.850 5306422.760
12745 401.194 4572024.850 5306372.760
12746 401.487 4571774.850 5306022.760
12747 401.487 4571726.590 5305994.640
12748 401.461 4571774.850 5306072.760
12749 401.451 4571824.850 5306122.760
12750 401.409 4571874.850 5306172.760
12751 401.376 4571924.850 5306222.760
12752 401.226 4571974.850 5306322.760
12753 401.302 4571924.850 5306272.760
12754 400.626 4572286.610 5307689.730
12755 400.213 4572320.940 5307616.120
12756 400.281 4572302.010 5307651.920
12757 398.401 4572389.050 5307468.650
12758 395.609 4572404.450 5307430.940
12759 393.972 4572419.750 5307393.240
12760 393.815 4572420.060 5307259.810
12761 393.730 4572420.570 5307304.110
12762 393.698 4572420.860 5307348.810
12763 397.344 4572429.920 5307134.440
12764 394.204 4572418.370 5307172.370
12765 393.934 4572419.340 5307215.910
12766 400.993 4572453.460 5307035.080
12767 400.840 4572445.990 5307068.550
12768 399.995 4572437.580 5307101.440
12769 398.280 4572370.650 5307504.860
12770 399.904 4572336.330 5307578.420
12771 398.150 4572352.250 5307541.070
12772 393.306 4571920.340 5308228.540
12773 399.165 4572024.970 5308097.420
12774 395.402 4571961.280 5308175.450
12775 393.263 4571939.670 5308201.200
12776 395.220 4571980.620 5308148.120
12777 398.024 4572002.390 5308122.490
12778 398.158 4572041.230 5308067.940
12779 399.287 4572082.680 5308012.240
12780 398.118 4572060.240 5308038.940
12781 399.382 4572102.180 5307983.510
12782 399.474 4572121.700 5307954.810
12783 400.228 4572184.210 5307864.320
12784 399.576 4572141.170 5307926.060
12785 399.680 4572160.550 5307897.250
12786 400.251 4572204.190 5307829.120
12787 400.241 4572224.180 5307793.920
12788 400.208 4572244.170 5307758.730
12789 400.277 4572264.150 5307723.520
12790 401.079 4572469.190 5307006.610
12791 400.414 4572442.050 5306821.360
12792 400.572 4572374.850 5306772.760
12793 400.740 4572324.850 5306722.760
12794 400.785 4572274.850 5306672.760
12795 400.907 4572224.850 5306622.760
12796 400.259 4572424.850 5306872.760
12797 400.819 4572424.850 5306922.760
12798 400.827 4572424.850 5306972.760
12799 400.899 4572174.850 5306572.760
12800 401.016 4572138.530 5306506.130
12801 401.016 4572074.850 5306472.760
12802 401.062 4572024.850 5306422.760
12803 401.130 4571974.850 5306372.760
12804 401.479 4571724.850 5306022.760
12805 401.512 4571684.720 5305970.760
12806 401.446 4571724.850 5306072.760
12807 401.420 4571774.850 5306122.760
12808 401.405 4571824.850 5306172.760
12809 401.366 4571874.850 5306222.760
12810 401.225 4571924.850 5306322.760
12811 401.280 4571874.850 5306272.760
12812 400.305 4572283.080 5307687.720
12813 399.827 4572317.410 5307614.190
12814 399.732 4572298.490 5307649.960
12815 395.606 4572386.160 5307467.180
12816 393.961 4572401.460 5307429.460
12817 393.662 4572402.570 5307384.850
12818 393.878 4572402.640 5307251.970
12819 393.965 4572403.250 5307296.070
12820 393.902 4572403.650 5307340.570
12821 400.021 4572424.190 5307132.100
12822 397.221 4572413.490 5307170.310
12823 394.220 4572401.790 5307208.250
12824 400.891 4572447.300 5307032.230
12825 400.899 4572439.690 5307065.750
12826 400.791 4572432.900 5307099.430
12827 395.594 4572367.860 5307503.430
12828 398.125 4572333.260 5307576.770
12829 395.591 4572349.570 5307539.670
12830 392.625 4571904.240 5308217.560
12831 398.106 4572021.750 5308095.170
12832 392.558 4571923.410 5308189.830
12833 393.226 4571958.990 5308173.850
12834 393.193 4571978.310 5308146.510
12835 394.983 4571999.960 5308120.790
12836 394.868 4572038.780 5308066.220
12837 398.069 4572079.470 5308010.080
12838 394.750 4572057.880 5308037.320
12839 398.192 4572098.870 5307981.340
12840 398.343 4572118.300 5307952.610
12841 399.658 4572180.570 5307862.100
12842 398.454 4572137.690 5307923.860
12843 398.501 4572157.020 5307895.070
12844 399.655 4572200.590 5307826.950
12845 399.604 4572220.610 5307791.800
12846 399.547 4572240.630 5307756.650
12847 399.540 4572260.640 5307721.500
12848 400.827 4572424.850 5307022.760
12849 400.435 4572374.850 5306822.760
12850 400.582 4572324.850 5306772.760
12851 400.728 4572274.850 5306722.760
12852 400.790 4572224.850 5306672.760
12853 400.826 4572174.850 5306622.760
12854 400.258 4572374.850 5306872.760
12855 400.425 4572374.850 5306922.760
12856 400.760 4572374.850 5306972.760
12857 400.898 4572124.850 5306572.760
12858 400.928 4572104.210 5306542.800
12859 400.969 4572074.850 5306522.760
12860 401.012 4572024.850 5306472.760
12861 401.036 4571974.850 5306422.760
12862 401.103 4571924.850 5306372.760
12863 401.460 4571674.850 5306022.760
12864 401.461 4571649.280 5306001.640
12865 401.436 4571674.850 5306072.760
12866 401.420 4571724.850 5306122.760
12867 401.368 4571774.850 5306172.760
12868 401.317 4571824.850 5306222.760
12869 401.134 4571874.850 5306322.760
12870 401.226 4571824.850 5306272.760
12871 399.636 4572279.570 5307685.730
12872 398.136 4572314.260 5307612.470
12873 398.231 4572295.260 5307648.160
12874 393.627 4572384.280 5307420.900
12875 393.954 4572383.180 5307465.670
12876 393.861 4572385.360 5307376.450
12877 394.204 4572385.220 5307244.120
12878 393.999 4572385.940 5307288.030
12879 393.813 4572386.450 5307332.330
12880 400.752 4572419.530 5307130.190
12881 399.854 4572408.010 5307168.000
12882 397.171 4572396.940 5307206.130
12883 400.341 4572433.330 5307062.920
12884 400.908 4572426.570 5307096.730
12885 400.776 4572424.850 5307072.760
12886 393.960 4572364.890 5307501.890
12887 396.047 4572330.570 5307575.340
12888 393.967 4572346.600 5307538.100
12889 392.735 4571887.370 5308205.730
12890 394.800 4572019.340 5308093.480
12891 392.759 4571907.080 5308178.410
12892 392.679 4571942.790 5308162.520
12893 392.711 4571962.170 5308135.210
12894 393.177 4571997.640 5308119.170
12895 392.889 4572036.290 5308064.480
12896 392.986 4572055.460 5308035.660
12897 394.787 4572077.090 5308008.480
12898 394.960 4572096.390 5307979.700
12899 395.156 4572115.700 5307950.940
12900 398.464 4572177.070 5307859.970
12901 395.352 4572135.000 5307922.160
12902 395.541 4572154.270 5307893.360
12903 398.422 4572197.120 5307824.860
12904 398.384 4572217.170 5307789.760
12905 398.309 4572237.220 5307754.660
12906 398.402 4572257.270 5307719.550
12907 400.668 4572374.850 5307022.760
12908 400.438 4572324.850 5306822.760
12909 400.587 4572274.850 5306772.760
12910 400.652 4572224.850 5306722.760
12911 400.777 4572174.850 5306672.760
12912 400.836 4572124.850 5306622.760
12913 400.416 4572324.850 5306872.760
12914 400.684 4572324.850 5306922.760
12915 400.747 4572324.850 5306972.760
12916 400.844 4572066.240 5306575.920
12917 400.919 4572024.850 5306522.760
12918 400.995 4571974.850 5306472.760
12919 401.013 4571924.850 5306422.760
12920 401.073 4571874.850 5306372.760
12921 401.436 4571617.960 5306040.430
12922 401.417 4571624.850 5306072.760
12923 401.393 4571674.850 5306122.760
12924 401.351 4571724.850 5306172.760
12925 401.300 4571774.850 5306222.760
12926 401.129 4571824.850 5306322.760
12927 401.188 4571774.850 5306272.760
12928 398.315 4572276.260 5307683.860
12929 395.989 4572311.580 5307611.010
12930 395.948 4572292.580 5307646.680
12931 393.782 4572367.070 5307412.330
12932 393.592 4572365.990 5307456.950
12933 393.669 4572368.150 5307368.050
12934 397.493 4572380.260 5307241.890
12935 394.183 4572368.640 5307280.000
12936 394.102 4572369.250 5307324.100
12937 400.861 4572413.090 5307127.560
12938 400.655 4572403.530 5307166.120
12939 399.742 4572391.560 5307203.790
12940 400.492 4572420.220 5307094.020
12941 400.661 4572374.850 5307072.760
12942 393.586 4572347.700 5307493.000
12943 393.843 4572327.660 5307573.770
12944 393.594 4572329.410 5307529.050
12945 393.027 4571870.710 5308193.640
12946 393.031 4572016.960 5308091.820
12947 393.116 4571890.780 5308167.010
12948 393.007 4571926.520 5308151.140
12949 392.924 4571945.950 5308123.860
12950 392.711 4571981.550 5308107.910
12951 392.734 4572020.310 5308053.290
12952 392.938 4572039.360 5308024.610
12953 393.084 4572074.640 5308006.840
12954 393.178 4572093.810 5307978.010
12955 393.267 4572112.990 5307949.190
12956 395.270 4572174.330 5307858.290
12957 393.283 4572132.170 5307920.370
12958 393.300 4572151.340 5307891.550
12959 395.597 4572194.400 5307823.220
12960 395.755 4572214.460 5307788.150
12961 395.915 4572234.530 5307753.090
12962 395.960 4572254.590 5307718.020
12963 400.646 4572324.850 5307022.760
12964 400.431 4572274.850 5306822.760
12965 400.539 4572224.850 5306772.760
12966 400.648 4572174.850 5306722.760
12967 400.694 4572124.850 5306672.760
12968 400.776 4572074.850 5306622.760
12969 400.619 4572274.850 5306872.760
12970 400.770 4572274.850 5306922.760
12971 400.710 4572274.850 5306972.760
12972 400.862 4572024.850 5306572.760
12973 400.916 4571974.850 5306522.760
12974 400.938 4571924.850 5306472.760
12975 401.003 4571874.850 5306422.760
12976 401.043 4571824.850 5306372.760
12977 401.404 4571581.590 5306070.870
12978 401.374 4571624.850 5306122.760
12979 401.325 4571674.850 5306172.760
12980 401.238 4571724.850 5306222.760
12981 401.077 4571774.850 5306322.760
12982 401.159 4571724.850 5306272.760
12983 395.913 4572273.590 5307682.350
12984 393.957 4572308.720 5307609.450
12985 394.059 4572289.770 5307645.120
12986 393.668 4572349.850 5307403.760
12987 393.688 4572348.770 5307448.220
12988 394.057 4572350.950 5307359.650
12989 399.733 4572374.830 5307239.440
12990 397.865 4572363.600 5307277.650
12991 394.185 4572352.060 5307315.870
12992 400.786 4572406.650 5307124.930
12993 400.853 4572397.370 5307163.570
12994 400.578 4572387.150 5307201.870
12995 400.674 4572324.850 5307072.760
12996 400.682 4572374.850 5307122.760
12997 393.590 4572330.480 5307484.100
12998 393.647 4572310.600 5307564.630
12999 393.576 4572312.190 5307519.980
13000 393.395 4571854.910 5308182.790
13001 392.711 4572000.930 5308080.600
13002 393.420 4571874.450 5308155.580
13003 393.071 4571910.260 5308139.760
13004 392.980 4571929.750 5308112.520
13005 392.880 4571965.390 5308096.590
13006 393.167 4572004.260 5308042.050
13007 393.199 4572023.180 5308013.500
13008 393.065 4572058.410 5307995.920
13009 393.071 4572077.450 5307967.240
13010 393.074 4572096.500 5307938.550
13011 393.708 4572171.450 5307856.530
13012 393.068 4572115.550 5307909.870
13013 393.154 4572134.600 5307881.180
13014 394.142 4572191.560 5307821.520
13015 394.234 4572211.670 5307786.500
13016 394.314 4572231.780 5307751.490
13017 394.102 4572251.890 5307716.470
13018 400.655 4572274.850 5307022.760
13019 400.590 4572224.850 5306822.760
13020 400.588 4572174.850 5306772.760
13021 400.783 4572041.420 5306619.060
13022 400.612 4572124.850 5306722.760
13023 400.696 4572074.850 5306672.760
13024 400.744 4572224.850 5306872.760
13025 400.740 4572224.850 5306922.760
13026 400.687 4572224.850 5306972.760
13027 400.799 4571974.850 5306572.760
13028 400.865 4571924.850 5306522.760
13029 400.927 4571874.850 5306472.760
13030 400.713 4571974.850 5306622.760
13031 400.962 4571824.850 5306422.760
13032 401.025 4571774.850 5306372.760
13033 401.374 4571532.530 5306075.750
13034 401.326 4571574.850 5306122.760
13035 401.275 4571624.850 5306172.760
13036 401.244 4571674.850 5306222.760
13037 401.073 4571724.850 5306322.760
13038 401.107 4571674.850 5306272.760
13039 393.865 4572270.830 5307680.800
13040 393.538 4572291.800 5307600.210
13041 393.343 4572272.990 5307635.790
13042 393.866 4572332.650 5307395.200
13043 393.690 4572331.560 5307439.480
13044 394.199 4572333.750 5307351.250
13045 400.523 4572370.360 5307237.440
13046 399.712 4572358.150 5307275.120
13047 397.912 4572346.950 5307313.430
13048 400.677 4572274.850 5307072.760
13049 400.476 4572391.210 5307161.020
13050 400.759 4572381.100 5307199.340
13051 400.517 4572324.850 5307122.760
13052 400.439 4572374.850 5307172.760
13053 393.727 4572313.260 5307475.190
13054 393.467 4572293.510 5307555.470
13055 394.005 4572294.960 5307510.910
13056 393.674 4571838.510 5308171.330
13057 393.025 4571984.830 5308069.320
13058 393.739 4571858.110 5308144.160
13059 393.448 4571893.990 5308128.380
13060 393.452 4571913.530 5308101.170
13061 393.051 4571949.230 5308085.280
13062 393.430 4571988.200 5308030.790
13063 393.422 4572006.990 5308002.390
13064 393.209 4572042.090 5307984.950
13065 393.192 4572061.010 5307956.400
13066 393.175 4572079.920 5307927.850
13067 393.292 4572154.760 5307846.340
13068 393.158 4572098.840 5307899.310
13069 393.142 4572117.750 5307870.760
13070 393.281 4572174.910 5307811.490
13071 393.206 4572195.070 5307776.650
13072 393.243 4572215.230 5307741.800
13073 393.273 4572235.390 5307706.960
13074 400.657 4572224.850 5307022.760
13075 400.703 4572174.850 5306822.760
13076 400.639 4572124.850 5306772.760
13077 400.627 4572021.320 5306665.270
13078 400.631 4572074.850 5306722.760
13079 400.748 4572174.850 5306872.760
13080 400.721 4572174.850 5306922.760
13081 400.669 4572174.850 5306972.760
13082 400.787 4571924.850 5306572.760
13083 400.834 4571874.850 5306522.760
13084 400.887 4571824.850 5306472.760
13085 400.652 4571974.850 5306672.760
13086 400.682 4571924.850 5306622.760
13087 400.946 4571774.850 5306422.760
13088 400.991 4571724.850 5306372.760
13089 401.356 4571485.080 5306067.510
13090 401.308 4571524.850 5306122.760
13091 401.254 4571574.850 5306172.760
13092 401.161 4571624.850 5306222.760
13093 401.028 4571674.850 5306322.760
13094 401.114 4571624.850 5306272.760
13095 393.320 4572254.190 5307671.370
13096 393.581 4572274.840 5307590.950
13097 393.448 4572256.160 5307626.440
13098 394.219 4572315.440 5307386.630
13099 393.775 4572314.350 5307430.750
13100 398.090 4572328.920 5307348.900
13101 400.706 4572364.270 5307234.840
13102 400.465 4572353.640 5307273.040
13103 399.683 4572341.500 5307310.820
13104 400.635 4572224.850 5307072.760
13105 400.544 4572274.850 5307122.760
13106 400.347 4572375.060 5307196.800
13107 400.497 4572324.850 5307172.760
13108 393.742 4572296.050 5307466.290
13109 393.567 4572276.410 5307546.300
13110 394.098 4572277.750 5307501.840
13111 397.366 4571834.100 5308168.080
13112 393.341 4571968.720 5308058.040
13113 397.094 4571854.040 5308141.520
13114 393.820 4571877.710 5308116.990
13115 393.901 4571897.300 5308089.810
13116 393.455 4571933.070 5308073.960
13117 393.561 4571972.150 5308019.550
13118 393.555 4571990.810 5307991.280
13119 393.417 4572025.780 5307973.980
13120 393.412 4572044.570 5307945.570
13121 393.406 4572063.360 5307917.160
13122 393.204 4572137.960 5307836.090
13123 393.401 4572082.150 5307888.750
13124 393.360 4572100.940 5307860.340
13125 393.232 4572158.170 5307801.420
13126 393.253 4572178.380 5307766.750
13127 393.299 4572198.590 5307732.080
13128 393.277 4572218.800 5307697.410
13129 400.648 4572174.850 5307022.760
13130 400.726 4572001.100 5306711.430
13131 400.731 4571974.850 5306722.760
13132 400.744 4572124.850 5306822.760
13133 400.715 4572074.850 5306772.760
13134 400.728 4572024.850 5306722.760
13135 400.739 4572124.850 5306872.760
13136 400.700 4572124.850 5306922.760
13137 400.662 4572124.850 5306972.760
13138 400.728 4571874.850 5306572.760
13139 400.786 4571824.850 5306522.760
13140 400.862 4571774.850 5306472.760
13141 400.718 4571924.850 5306672.760
13142 400.711 4571874.850 5306622.760
13143 400.742 4571924.850 5306722.760
13144 400.892 4571724.850 5306422.760
13145 400.963 4571674.850 5306372.760
13146 401.346 4571436.940 5306054.820
13147 401.257 4571474.850 5306122.760
13148 401.189 4571524.850 5306172.760
13149 401.141 4571574.850 5306222.760
13150 401.002 4571624.850 5306322.760
13151 401.042 4571574.850 5306272.760
13152 393.376 4572237.480 5307661.920
13153 393.514 4572257.860 5307581.680
13154 393.759 4572239.310 5307617.070
13155 398.275 4572310.870 5307384.370
13156 394.402 4572297.140 5307422.010
13157 400.566 4572174.850 5307072.760
13158 399.816 4572323.540 5307346.280
13159 400.112 4572358.180 5307232.250
13160 400.681 4572347.540 5307270.390
13161 400.555 4572336.980 5307308.670
13162 400.475 4572224.850 5307122.760
13163 400.377 4572274.850 5307172.760
13164 400.537 4572324.850 5307222.760
13165 394.214 4572278.830 5307457.390
13166 393.849 4572259.320 5307537.130
13167 394.026 4572260.520 5307492.770
13168 399.375 4571829.920 5308165.020
13169 393.539 4571952.610 5308046.760
13170 399.347 4571849.950 5308138.850
13171 397.500 4571873.070 5308113.900
13172 397.420 4571893.670 5308086.410
13173 393.982 4571916.900 5308062.640
13174 393.813 4571956.100 5308008.300
13175 393.866 4571974.630 5307980.170
13176 393.548 4572009.470 5307963.010
13177 393.542 4572028.130 5307934.740
13178 393.536 4572046.780 5307906.460
13179 393.392 4572121.190 5307825.840
13180 393.530 4572065.440 5307878.190
13181 393.517 4572084.100 5307849.920
13182 393.321 4572141.450 5307791.340
13183 393.321 4572161.700 5307756.840
13184 393.328 4572181.950 5307722.350
13185 393.335 4572202.210 5307687.850
13186 400.619 4572124.850 5307022.760
13187 400.724 4571981.220 5306757.730
13188 400.751 4572074.850 5306822.760
13189 400.736 4572024.850 5306772.760
13190 400.726 4572074.850 5306872.760
13191 400.683 4572074.850 5306922.760
13192 400.642 4572074.850 5306972.760
13193 400.733 4571924.850 5306772.760
13194 400.705 4571824.850 5306572.760
13195 400.754 4571774.850 5306522.760
13196 400.818 4571724.850 5306472.760
13197 400.745 4571874.850 5306672.760
13198 400.743 4571824.850 5306622.760
13199 400.747 4571874.850 5306722.760
13200 400.872 4571674.850 5306422.760
13201 400.917 4571624.850 5306372.760
13202 401.292 4571393.480 5306067.450
13203 401.201 4571424.850 5306122.760
13204 401.178 4571474.850 5306172.760
13205 401.104 4571524.850 5306222.760
13206 401.231 4571359.040 5306091.450
13207 400.964 4571574.850 5306322.760
13208 401.048 4571524.850 5306272.760
13209 393.891 4572220.760 5307652.460
13210 393.718 4572240.890 5307572.420
13211 393.602 4572222.460 5307607.700
13212 400.495 4572124.850 5307072.760
13213 399.897 4572305.540 5307381.720
13214 398.465 4572292.810 5307419.830
13215 400.417 4572174.850 5307122.760
13216 400.511 4572319.120 5307344.130
13217 400.257 4572341.430 5307267.750
13218 400.648 4572330.880 5307305.980
13219 400.370 4572224.850 5307172.760
13220 400.366 4572274.850 5307222.760
13221 400.485 4572324.850 5307272.760
13222 398.650 4572274.740 5307455.290
13223 394.633 4572242.220 5307527.960
13224 398.766 4572256.680 5307490.750
13225 399.233 4571825.740 5308162.230
13226 394.064 4571936.500 5308035.470
13227 399.255 4571844.940 5308135.590
13228 399.466 4571868.390 5308110.770
13229 399.482 4571889.820 5308082.960
13230 397.338 4571913.430 5308060.220
13231 397.130 4571953.010 5308006.050
13232 396.444 4571972.030 5307978.480
13233 393.918 4571993.150 5307952.030
13234 393.970 4572011.670 5307923.890
13235 394.028 4572030.200 5307895.760
13236 393.543 4572104.400 5307815.590
13237 394.109 4572048.720 5307867.630
13238 394.147 4572067.250 5307839.490
13239 393.569 4572124.700 5307781.260
13240 393.595 4572145.000 5307746.930
13241 393.564 4572165.300 5307712.610
13242 393.403 4572185.600 5307678.280
13243 400.567 4572074.850 5307022.760
13244 400.733 4571960.340 5306803.590
13245 400.737 4572024.850 5306822.760
13246 400.709 4572024.850 5306872.760
13247 400.703 4571944.330 5306851.000
13248 400.668 4572024.850 5306922.760
13249 400.606 4572024.850 5306972.760
13250 400.715 4571924.850 5306822.760
13251 400.731 4571874.850 5306772.760
13252 400.748 4571774.850 5306572.760
13253 400.752 4571724.850 5306522.760
13254 400.780 4571674.850 5306472.760
13255 400.730 4571824.850 5306672.760
13256 400.745 4571774.850 5306622.760
13257 400.730 4571824.850 5306722.760
13258 400.820 4571624.850 5306422.760
13259 400.908 4571574.850 5306372.760
13260 401.185 4571374.850 5306122.760
13261 401.107 4571424.850 5306172.760
13262 401.056 4571474.850 5306222.760
13263 401.123 4571338.540 5306136.990
13264 400.957 4571524.850 5306322.760
13265 400.974 4571474.850 5306272.760
13266 393.538 4572204.030 5307642.990
13267 394.820 4572223.910 5307563.150
13268 394.564 4572205.610 5307598.340
13269 400.438 4572074.850 5307072.760
13270 400.396 4572124.850 5307122.760
13271 400.464 4572301.210 5307379.570
13272 399.941 4572287.520 5307417.150
13273 400.390 4572174.850 5307172.760
13274 400.517 4572313.150 5307341.410
13275 400.512 4572324.780 5307303.300
13276 400.402 4572224.850 5307222.760
13277 400.368 4572274.850 5307272.760
13278 399.986 4572269.490 5307452.580
13279 398.206 4572238.390 5307525.910
13280 400.031 4572251.460 5307488.000
13281 399.030 4571819.880 5308157.490
13282 397.698 4571933.060 5308032.760
13283 398.797 4571839.550 5308132.070
13284 398.621 4571862.560 5308106.860
13285 399.270 4571884.940 5308078.550
13286 398.859 4571909.650 5308057.590
13287 399.146 4571949.060 5308003.340
13288 398.949 4571968.670 5307976.270
13289 397.727 4571989.670 5307949.700
13290 397.829 4572008.170 5307921.590
13291 397.981 4572026.630 5307893.460
13292 394.123 4572087.600 5307805.340
13293 398.035 4572045.090 5307865.330
13294 398.078 4572063.550 5307837.200
13295 394.101 4572107.950 5307771.180
13296 394.077 4572128.300 5307737.030
13297 394.017 4572148.650 5307702.870
13298 393.946 4572169.000 5307668.720
13299 400.509 4572024.850 5307022.760
13300 400.693 4571974.850 5306872.760
13301 400.673 4571924.850 5306872.760
13302 400.635 4571974.850 5306922.760
13303 400.562 4571974.850 5306972.760
13304 400.695 4571874.850 5306822.760
13305 400.721 4571824.850 5306772.760
13306 400.740 4571724.850 5306572.760
13307 400.784 4571674.850 5306522.760
13308 400.766 4571624.850 5306472.760
13309 400.741 4571774.850 5306672.760
13310 400.719 4571724.850 5306622.760
13311 400.736 4571774.850 5306722.760
13312 400.813 4571574.850 5306422.760
13313 400.840 4571524.850 5306372.760
13314 401.104 4571374.850 5306172.760
13315 401.051 4571424.850 5306222.760
13316 401.041 4571318.030 5306182.600
13317 400.906 4571474.850 5306322.760
13318 400.970 4571424.850 5306272.760
13319 394.107 4572187.300 5307633.530
13320 397.390 4572220.080 5307561.050
13321 397.783 4572201.730 5307596.180
13322 400.410 4572024.850 5307072.760
13323 400.392 4572074.850 5307122.760
13324 400.405 4572124.850 5307172.760
13325 400.375 4572295.350 5307376.810
13326 400.424 4572283.260 5307415.000
13327 400.422 4572174.850 5307222.760
13328 400.254 4572307.180 5307338.690
13329 400.392 4572274.850 5307322.760
13330 400.404 4572224.850 5307272.760
13331 400.394 4572265.300 5307450.410
13332 399.963 4572233.290 5307523.170
13333 400.363 4572247.340 5307485.830
13334 398.975 4571812.760 5308152.180
13335 398.852 4571832.430 5308126.960
13336 398.847 4571929.660 5308030.300
13337 398.721 4571856.330 5308102.690
13338 398.900 4571879.770 5308073.900
13339 399.456 4571904.770 5308054.180
13340 399.674 4571945.120 5308000.620
13341 399.768 4571964.560 5307973.550
13342 399.258 4571985.700 5307947.040
13343 399.299 4572004.110 5307918.930
13344 399.351 4572022.460 5307890.790
13345 398.133 4572083.860 5307803.050
13346 399.407 4572040.810 5307862.630
13347 399.450 4572059.160 5307834.480
13348 398.126 4572104.160 5307768.910
13349 398.109 4572124.460 5307734.760
13350 398.097 4572144.760 5307700.600
13351 398.097 4572165.040 5307666.440
13352 400.465 4571974.850 5307022.760
13353 400.641 4571937.610 5306900.410
13354 400.637 4571874.850 5306872.760
13355 400.553 4571910.730 5306942.380
13356 400.511 4571924.850 5306972.760
13357 400.671 4571824.850 5306822.760
13358 400.701 4571774.850 5306772.760
13359 400.736 4571674.850 5306572.760
13360 400.737 4571624.850 5306522.760
13361 400.787 4571574.850 5306472.760
13362 400.740 4571724.850 5306672.760
13363 400.736 4571674.850 5306622.760
13364 400.726 4571724.850 5306722.760
13365 400.793 4571524.850 5306422.760
13366 400.854 4571474.850 5306372.760
13367 401.020 4571374.850 5306222.760
13368 400.954 4571297.350 5306228.140
13369 400.883 4571424.850 5306322.760
13370 400.906 4571374.850 5306272.760
13371 397.884 4572183.390 5307631.310
13372 399.931 4572215.050 5307558.310
13373 399.843 4572196.740 5307593.410
13374 400.397 4571974.850 5307072.760
13375 400.401 4572024.850 5307122.760
13376 400.405 4572074.850 5307172.760
13377 400.398 4572124.850 5307222.760
13378 400.117 4572289.490 5307374.040
13379 400.233 4572277.500 5307412.170
13380 400.351 4572174.850 5307272.760
13381 400.190 4572274.850 5307372.760
13382 400.216 4572224.850 5307322.760
13383 400.091 4572259.630 5307447.530
13384 400.272 4572229.230 5307520.990
13385 399.949 4572241.760 5307482.900
13386 398.851 4571823.980 5308120.140
13387 398.913 4571804.100 5308145.730
13388 399.066 4571842.900 5308092.600
13389 398.768 4571850.390 5308098.770
13390 399.604 4571925.800 5308027.490
13391 399.022 4571873.630 5308070.070
13392 398.946 4571899.650 5308050.610
13393 399.261 4571941.170 5307997.790
13394 399.451 4571960.220 5307970.690
13395 399.746 4571981.580 5307944.270
13396 399.789 4571999.950 5307916.190
13397 399.832 4572018.220 5307888.050
13398 399.534 4572079.370 5307800.320
13399 399.875 4572036.490 5307859.900
13400 399.917 4572054.750 5307831.750
13401 399.618 4572099.580 5307766.150
13402 399.703 4572119.780 5307731.980
13403 399.736 4572139.980 5307697.810
13404 399.772 4572160.140 5307663.610
13405 400.437 4571924.850 5307022.760
13406 400.554 4571874.850 5306922.760
13407 400.603 4571824.850 5306872.760
13408 400.459 4571881.820 5306983.290
13409 400.639 4571774.850 5306822.760
13410 400.675 4571724.850 5306772.760
13411 400.729 4571624.850 5306572.760
13412 400.750 4571574.850 5306522.760
13413 400.767 4571524.850 5306472.760
13414 400.735 4571674.850 5306672.760
13415 400.747 4571624.850 5306622.760
13416 400.702 4571674.850 5306722.760
13417 400.861 4571276.840 5306273.760
13418 400.786 4571474.850 5306422.760
13419 400.801 4571424.850 5306372.760
13420 400.889 4571324.850 5306272.760
13421 400.858 4571374.850 5306322.760
13422 399.807 4572178.440 5307628.510
13423 400.136 4572211.010 5307556.100
13424 400.123 4572192.700 5307591.160
13425 400.396 4571924.850 5307072.760
13426 400.390 4571974.850 5307122.760
13427 400.379 4572024.850 5307172.760
13428 400.339 4572074.850 5307222.760
13429 400.271 4572124.850 5307272.760
13430 399.920 4572271.730 5307409.350
13431 400.187 4572174.850 5307322.760
13432 400.239 4572224.850 5307372.760
13433 400.025 4572253.950 5307444.650
13434 399.952 4572223.750 5307518.060
13435 400.136 4572236.180 5307479.960
13436 398.796 4571833.220 5308083.710
13437 398.856 4571813.590 5308111.410
13438 399.119 4571860.030 5308060.430
13439 399.210 4571866.620 5308065.670
13440 399.169 4571921.230 5308024.560
13441 399.253 4571884.370 5308040.000
13442 399.003 4571893.650 5308046.760
13443 398.791 4571936.440 5307994.530
13444 399.074 4571954.410 5307966.310
13445 399.281 4571977.070 5307941.240
13446 399.329 4571995.390 5307913.190
13447 399.394 4572013.580 5307885.060
13448 399.956 4572075.040 5307797.670
13449 399.462 4572031.760 5307856.910
13450 399.530 4572049.930 5307828.770
13451 399.996 4572095.330 5307763.590
13452 400.035 4572115.610 5307729.500
13453 400.073 4572135.870 5307695.410
13454 400.097 4572156.080 5307661.280
13455 400.397 4571856.260 5307026.600
13456 400.511 4571824.850 5306922.760
13457 400.559 4571774.850 5306872.760
13458 400.432 4571824.850 5306972.760
13459 400.605 4571724.850 5306822.760
13460 400.642 4571674.850 5306772.760
13461 400.735 4571574.850 5306572.760
13462 400.746 4571524.850 5306522.760
13463 400.753 4571474.850 5306472.760
13464 400.724 4571624.850 5306672.760
13465 400.736 4571574.850 5306622.760
13466 400.677 4571624.850 5306722.760
13467 400.821 4571255.690 5306319.080
13468 400.766 4571424.850 5306422.760
13469 400.808 4571374.850 5306372.760
13470 400.847 4571324.850 5306322.760
13471 400.110 4572174.390 5307626.220
13472 399.956 4572205.590 5307553.140
13473 400.165 4572187.300 5307588.160
13474 400.376 4571874.850 5307072.760
13475 400.360 4571924.850 5307122.760
13476 400.326 4571974.850 5307172.760
13477 400.264 4572024.850 5307222.760
13478 400.194 4572074.850 5307272.760
13479 400.132 4572124.850 5307322.760
13480 400.247 4572224.850 5307422.760
13481 400.084 4572174.850 5307372.760
13482 399.988 4572224.850 5307472.760
13483 400.016 4572218.270 5307515.120
13484 398.878 4571824.850 5308072.760
13485 398.855 4571774.700 5308123.500
13486 399.029 4571873.700 5308020.940
13487 399.251 4571889.700 5308028.300
13488 399.342 4571924.850 5307972.760
13489 398.990 4571972.560 5307938.220
13490 399.472 4571990.840 5307910.190
13491 399.422 4571974.850 5307922.760
13492 399.425 4572008.940 5307882.060
13493 399.562 4572070.120 5307794.670
13494 399.524 4572027.020 5307853.920
13495 399.719 4572045.110 5307825.780
13496 399.597 4572090.310 5307760.570
13497 399.638 4572110.490 5307726.470
13498 399.679 4572130.650 5307692.360
13499 399.724 4572150.720 5307658.200
13500 400.394 4571824.850 5307022.760
13501 400.356 4571841.730 5307074.750
13502 400.478 4571774.850 5306922.760
13503 400.515 4571724.850 5306872.760
13504 400.404 4571774.850 5306972.760
13505 400.565 4571674.850 5306822.760
13506 400.609 4571624.850 5306772.760
13507 400.745 4571524.850 5306572.760
13508 400.740 4571474.850 5306522.760
13509 400.746 4571424.850 5306472.760
13510 400.703 4571574.850 5306672.760
13511 400.721 4571524.850 5306622.760
13512 400.645 4571574.850 5306722.760
13513 400.746 4571235.240 5306364.710
13514 400.754 4571374.850 5306422.760
13515 400.770 4571324.850 5306372.760
13516 400.720 4571194.320 5306455.990
13517 400.034 4572169.010 5307623.180
13518 399.897 4572200.180 5307550.190
13519 399.824 4572181.900 5307585.160
13520 400.313 4571874.850 5307122.760
13521 400.261 4571924.850 5307172.760
13522 400.196 4571974.850 5307222.760
13523 400.134 4572024.850 5307272.760
13524 400.102 4572074.850 5307322.760
13525 400.076 4572124.850 5307372.760
13526 400.065 4572174.850 5307422.760
13527 400.087 4572174.850 5307472.760
13528 399.909 4572174.850 5307522.760
13529 399.076 4571824.850 5308022.760
13530 398.866 4571774.850 5308072.760
13531 399.075 4571884.750 5307972.350
13532 399.320 4571924.850 5307922.760
13533 399.523 4571974.850 5307872.760
13534 399.500 4572065.210 5307791.670
13535 399.527 4572024.850 5307822.760
13536 399.403 4572085.290 5307757.560
13537 399.710 4572071.600 5307769.300
13538 399.811 4572105.370 5307723.440
13539 399.869 4572125.420 5307689.300
13540 399.917 4572145.370 5307655.110
13541 399.717 4572124.850 5307672.760
13542 398.928 4571724.850 5308072.760
13543 400.261 4571834.060 5307124.470
13544 400.363 4571774.850 5307022.760
13545 400.303 4571774.850 5307072.760
13546 400.444 4571724.850 5306922.760
13547 400.489 4571674.850 5306872.760
13548 400.389 4571724.850 5306972.760
13549 400.523 4571624.850 5306822.760
13550 400.574 4571574.850 5306772.760
13551 400.737 4571474.850 5306572.760
13552 400.745 4571424.850 5306522.760
13553 400.738 4571374.850 5306472.760
13554 400.677 4571524.850 5306672.760
13555 400.705 4571474.850 5306622.760
13556 400.612 4571524.850 5306722.760
13557 400.738 4571214.810 5306410.360
13558 400.745 4571324.850 5306422.760
13559 400.717 4571215.550 5306482.670
13560 399.872 4572163.630 5307620.130
13561 399.887 4572174.850 5307572.760
13562 400.148 4571822.110 5307173.290
13563 400.202 4571874.850 5307172.760
13564 400.146 4571924.850 5307222.760
13565 400.095 4571974.850 5307272.760
13566 400.079 4572024.850 5307322.760
13567 400.074 4572074.850 5307372.760
13568 400.068 4572124.850 5307422.760
13569 400.002 4572124.850 5307472.760
13570 399.914 4572124.850 5307522.760
13571 398.981 4571774.850 5308022.760
13572 399.092 4571824.850 5307972.760
13573 399.150 4571879.160 5307922.280
13574 399.365 4571924.850 5307872.760
13575 399.461 4571974.850 5307822.760
13576 399.668 4572024.850 5307772.760
13577 399.660 4572074.850 5307722.760
13578 399.813 4572074.850 5307672.760
13579 399.883 4572124.850 5307622.760
13580 398.917 4571724.850 5308022.760
13581 398.909 4571674.850 5308072.760
13582 400.207 4571774.850 5307122.760
13583 400.332 4571724.850 5307022.760
13584 400.244 4571724.850 5307072.760
13585 400.414 4571674.850 5306922.760
13586 400.459 4571624.850 5306872.760
13587 400.357 4571674.850 5306972.760
13588 400.492 4571574.850 5306822.760
13589 400.532 4571524.850 5306772.760
13590 400.720 4571424.850 5306572.760
13591 400.737 4571374.850 5306522.760
13592 400.745 4571324.850 5306472.760
13593 400.650 4571474.850 5306672.760
13594 400.679 4571424.850 5306622.760
13595 400.582 4571474.850 5306722.760
13596 400.718 4571263.350 5306496.470
13597 400.106 4571774.850 5307172.760
13598 399.943 4572124.850 5307572.760
13599 400.087 4571826.940 5307214.300
13600 400.104 4571874.850 5307222.760
13601 400.079 4571924.850 5307272.760
13602 400.058 4571974.850 5307322.760
13603 400.055 4572024.850 5307372.760
13604 400.042 4572074.850 5307422.760
13605 399.972 4572074.850 5307472.760
13606 399.941 4572074.850 5307522.760
13607 399.064 4571774.850 5307972.760
13608 399.109 4571824.850 5307922.760
13609 399.257 4571873.150 5307872.270
13610 399.484 4571924.850 5307822.760
13611 399.610 4571974.850 5307772.760
13612 399.612 4572024.850 5307722.760
13613 399.728 4572024.850 5307672.760
13614 399.763 4572074.850 5307622.760
13615 398.996 4571724.850 5307972.760
13616 398.926 4571674.850 5308022.760
13617 400.152 4571724.850 5307122.760
13618 400.292 4571674.850 5307022.760
13619 400.204 4571674.850 5307072.760
13620 400.393 4571624.850 5306922.760
13621 400.424 4571574.850 5306872.760
13622 400.322 4571624.850 5306972.760
13623 400.466 4571524.850 5306822.760
13624 400.495 4571474.850 5306772.760
13625 400.707 4571374.850 5306572.760
13626 400.720 4571324.850 5306522.760
13627 400.616 4571424.850 5306672.760
13628 400.654 4571374.850 5306622.760
13629 400.541 4571424.850 5306722.760
13630 400.680 4571249.960 5306539.280
13631 400.081 4571724.850 5307172.760
13632 400.049 4571774.850 5307222.760
13633 399.917 4572074.850 5307572.760
13634 400.045 4571826.600 5307259.840
13635 400.055 4571874.850 5307272.760
13636 400.044 4571924.850 5307322.760
13637 400.028 4571974.850 5307372.760
13638 400.005 4572024.850 5307422.760
13639 399.955 4572024.850 5307472.760
13640 399.938 4572024.850 5307522.760
13641 399.088 4571774.850 5307922.760
13642 399.175 4571824.850 5307872.760
13643 399.389 4571865.900 5307822.400
13644 399.577 4571924.850 5307772.760
13645 399.572 4571974.850 5307722.760
13646 399.652 4571974.850 5307672.760
13647 399.829 4572024.850 5307622.760
13648 399.061 4571724.850 5307922.760
13649 398.947 4571674.850 5307972.760
13650 398.940 4571624.850 5308022.760
13651 400.110 4571674.850 5307122.760
13652 400.242 4571624.850 5307022.760
13653 400.150 4571624.850 5307072.760
13654 400.357 4571574.850 5306922.760
13655 400.393 4571524.850 5306872.760
13656 400.287 4571574.850 5306972.760
13657 400.435 4571474.850 5306822.760
13658 400.474 4571424.850 5306772.760
13659 400.682 4571324.850 5306572.760
13660 400.585 4571374.850 5306672.760
13661 400.618 4571324.850 5306622.760
13662 400.500 4571374.850 5306722.760
13663 400.611 4571229.260 5306584.810
13664 400.043 4571674.850 5307172.760
13665 400.010 4571774.850 5307272.760
13666 400.030 4571724.850 5307222.760
13667 399.895 4572024.850 5307572.760
13668 400.001 4571814.260 5307308.250
13669 400.017 4571874.850 5307322.760
13670 399.998 4571924.850 5307372.760
13671 399.977 4571974.850 5307422.760
13672 399.944 4571974.850 5307472.760
13673 399.916 4571974.850 5307522.760
13674 399.100 4571774.850 5307872.760
13675 399.301 4571824.850 5307822.760
13676 399.519 4571877.970 5307776.010
13677 399.591 4571924.850 5307722.760
13678 399.601 4571924.850 5307672.760
13679 399.782 4571974.850 5307622.760
13680 399.083 4571724.850 5307872.760
13681 399.007 4571674.850 5307922.760
13682 398.930 4571624.850 5307972.760
13683 400.079 4571624.850 5307122.760
13684 400.199 4571574.850 5307022.760
13685 400.105 4571574.850 5307072.760
13686 400.317 4571524.850 5306922.760
13687 400.359 4571474.850 5306872.760
13688 400.243 4571524.850 5306972.760
13689 400.398 4571424.850 5306822.760
13690 400.438 4571374.850 5306772.760
13691 400.589 4571274.850 5306622.760
13692 400.549 4571324.850 5306672.760
13693 400.476 4571324.850 5306722.760
13694 400.534 4571207.980 5306630.070
13695 400.024 4571624.850 5307172.760
13696 400.004 4571674.850 5307222.760
13697 399.973 4571774.850 5307322.760
13698 399.991 4571724.850 5307272.760
13699 399.862 4571974.850 5307572.760
13700 399.960 4571807.200 5307358.100
13701 399.974 4571874.850 5307372.760
13702 399.953 4571924.850 5307422.760
13703 399.926 4571924.850 5307472.760
13704 399.886 4571924.850 5307522.760
13705 399.937 4571774.850 5307372.760
13706 399.211 4571774.850 5307822.760
13707 399.439 4571824.850 5307772.760
13708 399.574 4571867.340 5307726.860
13709 399.588 4571874.850 5307672.760
13710 399.706 4571924.850 5307622.760
13711 399.126 4571724.850 5307822.760
13712 399.058 4571674.850 5307872.760
13713 398.963 4571624.850 5307922.760
13714 398.941 4571574.850 5307972.760
13715 400.040 4571574.850 5307122.760
13716 400.156 4571524.850 5307022.760
13717 400.076 4571524.850 5307072.760
13718 400.281 4571474.850 5306922.760
13719 400.317 4571424.850 5306872.760
13720 400.195 4571474.850 5306972.760
13721 400.356 4571374.850 5306822.760
13722 400.394 4571324.850 5306772.760
13723 400.506 4571274.850 5306672.760
13724 400.439 4571274.850 5306722.760
13725 400.444 4571187.650 5306675.760
13726 399.999 4571574.850 5307172.760
13727 399.986 4571624.850 5307222.760
13728 399.974 4571674.850 5307272.760
13729 399.953 4571724.850 5307322.760
13730 399.915 4571724.850 5307372.760
13731 399.816 4571924.850 5307572.760
13732 399.924 4571805.170 5307407.250
13733 399.940 4571874.850 5307422.760
13734 399.907 4571874.850 5307472.760
13735 399.846 4571874.850 5307522.760
13736 399.896 4571774.850 5307422.760
13737 399.875 4571799.900 5307457.290
13738 399.351 4571774.850 5307772.760
13739 399.545 4571824.850 5307722.760
13740 399.575 4571850.760 5307679.340
13741 399.643 4571874.850 5307622.760
13742 399.255 4571724.850 5307772.760
13743 399.082 4571674.850 5307822.760
13744 399.014 4571624.850 5307872.760
13745 398.943 4571574.850 5307922.760
13746 398.946 4571524.850 5307972.760
13747 400.015 4571524.850 5307122.760
13748 400.111 4571474.850 5307022.760
13749 400.040 4571474.850 5307072.760
13750 400.243 4571424.850 5306922.760
13751 400.276 4571374.850 5306872.760
13752 400.163 4571424.850 5306972.760
13753 400.315 4571324.850 5306822.760
13754 400.356 4571274.850 5306772.760
13755 400.398 4571224.850 5306722.760
13756 400.351 4571166.310 5306720.980
13757 399.980 4571524.850 5307172.760
13758 399.972 4571574.850 5307222.760
13759 399.947 4571624.850 5307272.760
13760 399.935 4571674.850 5307322.760
13761 399.886 4571674.850 5307372.760
13762 399.858 4571724.850 5307422.760
13763 399.749 4571874.850 5307572.760
13764 399.874 4571824.850 5307472.760
13765 399.788 4571824.850 5307522.760
13766 399.824 4571774.850 5307472.760
13767 399.478 4571774.850 5307722.760
13768 399.572 4571824.850 5307672.760
13769 399.593 4571822.480 5307637.790
13770 399.390 4571724.850 5307722.760
13771 399.161 4571674.850 5307772.760
13772 399.058 4571624.850 5307822.760
13773 398.975 4571574.850 5307872.760
13774 398.941 4571524.850 5307922.760
13775 399.997 4571474.850 5307122.760
13776 400.075 4571424.850 5307022.760
13777 400.013 4571424.850 5307072.760
13778 400.196 4571374.850 5306922.760
13779 400.242 4571324.850 5306872.760
13780 400.116 4571374.850 5306972.760
13781 400.274 4571274.850 5306822.760
13782 400.314 4571224.850 5306772.760
13783 400.347 4571201.540 5306740.350
13784 399.967 4571474.850 5307172.760
13785 399.946 4571524.850 5307222.760
13786 399.927 4571574.850 5307272.760
13787 399.908 4571624.850 5307322.760
13788 399.839 4571624.850 5307372.760
13789 399.802 4571674.850 5307422.760
13790 399.763 4571724.850 5307472.760
13791 399.677 4571824.850 5307572.760
13792 399.774 4571786.830 5307505.760
13793 399.554 4571774.850 5307672.760
13794 399.593 4571787.550 5307605.060
13795 399.508 4571724.850 5307672.760
13796 399.298 4571674.850 5307722.760
13797 399.089 4571624.850 5307772.760
13798 399.022 4571574.850 5307822.760
13799 398.954 4571524.850 5307872.760
13800 398.948 4571474.850 5307922.760
13801 399.979 4571424.850 5307122.760
13802 400.041 4571374.850 5307022.760
13803 399.997 4571374.850 5307072.760
13804 400.160 4571324.850 5306922.760
13805 400.198 4571274.850 5306872.760
13806 400.070 4571324.850 5306972.760
13807 400.235 4571224.850 5306822.760
13808 400.259 4571181.900 5306785.940
13809 399.947 4571424.850 5307172.760
13810 399.924 4571474.850 5307222.760
13811 399.900 4571524.850 5307272.760
13812 399.870 4571574.850 5307322.760
13813 399.781 4571574.850 5307372.760
13814 399.740 4571624.850 5307422.760
13815 399.705 4571674.850 5307472.760
13816 399.667 4571724.850 5307522.760
13817 399.662 4571782.860 5307555.840
13818 399.558 4571724.850 5307622.760
13819 399.430 4571674.850 5307672.760
13820 399.194 4571624.850 5307722.760
13821 399.059 4571574.850 5307772.760
13822 398.986 4571524.850 5307822.760
13823 398.946 4571474.850 5307872.760
13824 398.948 4571424.850 5307922.760
13825 399.964 4571374.850 5307122.760
13826 400.011 4571324.850 5307022.760
13827 399.978 4571324.850 5307072.760
13828 400.118 4571274.850 5306922.760
13829 400.158 4571224.850 5306872.760
13830 400.036 4571274.850 5306972.760
13831 400.169 4571160.450 5306831.120
13832 399.922 4571374.850 5307172.760
13833 399.886 4571424.850 5307222.760
13834 399.857 4571474.850 5307272.760
13835 399.819 4571524.850 5307322.760
13836 399.722 4571524.850 5307372.760
13837 399.691 4571574.850 5307422.760
13838 399.658 4571624.850 5307472.760
13839 399.622 4571674.850 5307522.760
13840 399.595 4571724.850 5307572.760
13841 399.527 4571674.850 5307622.760
13842 399.347 4571624.850 5307672.760
13843 399.110 4571574.850 5307722.760
13844 399.027 4571524.850 5307772.760
13845 398.961 4571474.850 5307822.760
13846 398.950 4571424.850 5307872.760
13847 399.943 4571324.850 5307122.760
13848 399.992 4571274.850 5307022.760
13849 399.958 4571274.850 5307072.760
13850 400.073 4571224.850 5306922.760
13851 400.113 4571174.850 5306872.760
13852 400.012 4571224.850 5306972.760
13853 400.080 4571137.280 5306874.900
13854 399.875 4571324.850 5307172.760
13855 399.836 4571374.850 5307222.760
13856 399.801 4571424.850 5307272.760
13857 399.760 4571474.850 5307322.760
13858 399.671 4571474.850 5307372.760
13859 399.644 4571524.850 5307422.760
13860 399.608 4571574.850 5307472.760
13861 399.587 4571624.850 5307522.760
13862 399.563 4571674.850 5307572.760
13863 399.465 4571624.850 5307622.760
13864 399.247 4571574.850 5307672.760
13865 399.067 4571524.850 5307722.760
13866 398.989 4571474.850 5307772.760
13867 398.951 4571424.850 5307822.760
13868 398.951 4571374.850 5307872.760
13869 399.909 4571274.850 5307122.760
13870 399.973 4571224.850 5307022.760
13871 399.935 4571224.850 5307072.760
13872 400.038 4571174.850 5306922.760
13873 399.989 4571174.850 5306972.760
13874 400.029 4571102.080 5306890.640
13875 399.823 4571274.850 5307172.760
13876 399.788 4571324.850 5307222.760
13877 399.744 4571374.850 5307272.760
13878 399.711 4571424.850 5307322.760
13879 399.624 4571424.850 5307372.760
13880 399.599 4571474.850 5307422.760
13881 399.566 4571524.850 5307472.760
13882 399.553 4571574.850 5307522.760
13883 399.537 4571624.850 5307572.760
13884 399.381 4571574.850 5307622.760
13885 399.151 4571524.850 5307672.760
13886 399.031 4571474.850 5307722.760
13887 398.969 4571424.850 5307772.760
13888 398.949 4571374.850 5307822.760
13889 399.861 4571224.850 5307122.760
13890 399.952 4571174.850 5307022.760
13891 399.896 4571174.850 5307072.760
13892 399.971 4571124.850 5306972.760
13893 399.988 4571072.140 5306921.220
13894 399.767 4571224.850 5307172.760
13895 399.732 4571274.850 5307222.760
13896 399.696 4571324.850 5307272.760
13897 399.663 4571374.850 5307322.760
13898 399.581 4571374.850 5307372.760
13899 399.557 4571424.850 5307422.760
13900 399.529 4571474.850 5307472.760
13901 399.510 4571524.850 5307522.760
13902 399.493 4571574.850 5307572.760
13903 399.291 4571524.850 5307622.760
13904 399.083 4571474.850 5307672.760
13905 399.005 4571424.850 5307722.760
13906 398.957 4571374.850 5307772.760
13907 398.956 4571324.850 5307822.760
13908 399.810 4571174.850 5307122.760
13909 399.933 4571124.850 5307022.760
13910 399.852 4571124.850 5307072.760
13911 399.946 4571050.730 5306966.420
13912 399.715 4571174.850 5307172.760
13913 399.674 4571224.850 5307222.760
13914 399.643 4571274.850 5307272.760
13915 399.615 4571324.850 5307322.760
13916 399.528 4571324.850 5307372.760
13917 399.507 4571374.850 5307422.760
13918 399.477 4571424.850 5307472.760
13919 399.454 4571474.850 5307522.760
13920 399.428 4571524.850 5307572.760
13921 399.186 4571474.850 5307622.760
13922 399.035 4571424.850 5307672.760
13923 398.976 4571374.850 5307722.760
13924 398.952 4571324.850 5307772.760
13925 398.953 4571274.850 5307822.760
13926 399.756 4571124.850 5307122.760
13927 399.795 4571074.850 5307072.760
13928 399.862 4571028.470 5307011.200
13929 399.663 4571124.850 5307172.760
13930 399.626 4571174.850 5307222.760
13931 399.592 4571224.850 5307272.760
13932 399.561 4571274.850 5307322.760
13933 399.471 4571274.850 5307372.760
13934 399.447 4571324.850 5307422.760
13935 399.421 4571374.850 5307472.760
13936 399.380 4571424.850 5307522.760
13937 399.342 4571474.850 5307572.760
13938 399.105 4571424.850 5307622.760
13939 399.009 4571374.850 5307672.760
13940 398.961 4571324.850 5307722.760
13941 398.954 4571274.850 5307772.760
13942 399.699 4571074.850 5307122.760
13943 399.755 4571005.590 5307055.670
13944 399.639 4570982.970 5307100.280
13945 399.615 4571074.850 5307172.760
13946 399.571 4571124.850 5307222.760
13947 399.536 4571174.850 5307272.760
13948 399.502 4571224.850 5307322.760
13949 399.403 4571224.850 5307372.760
13950 399.369 4571274.850 5307422.760
13951 399.331 4571324.850 5307472.760
13952 399.285 4571374.850 5307522.760
13953 399.232 4571424.850 5307572.760
13954 399.051 4571374.850 5307622.760
13955 398.982 4571324.850 5307672.760
13956 398.956 4571274.850 5307722.760
13957 398.954 4571224.850 5307772.760
13958 399.635 4571014.700 5307122.460
13959 399.554 4571024.850 5307172.760
13960 399.518 4571074.850 5307222.760
13961 399.472 4571124.850 5307272.760
13962 399.445 4571174.850 5307322.760
13963 399.318 4571174.850 5307372.760
13964 399.271 4571224.850 5307422.760
13965 399.227 4571274.850 5307472.760
13966 399.179 4571324.850 5307522.760
13967 399.139 4571374.850 5307572.760
13968 399.014 4571324.850 5307622.760
13969 398.964 4571274.850 5307672.760
13970 398.953 4571224.850 5307722.760
13971 398.955 4571174.850 5307772.760
13972 399.526 4570993.940 5307167.250
13973 399.441 4571024.850 5307222.760
13974 399.395 4571074.850 5307272.760
13975 399.354 4571124.850 5307322.760
13976 399.216 4571124.850 5307372.760
13977 399.169 4571174.850 5307422.760
13978 399.130 4571224.850 5307472.760
13979 399.097 4571274.850 5307522.760
13980 399.070 4571324.850 5307572.760
13981 398.987 4571274.850 5307622.760
13982 398.959 4571224.850 5307672.760
13983 398.958 4571174.850 5307722.760
13984 399.373 4570970.880 5307211.620
13985 399.302 4571024.850 5307272.760
13986 399.256 4571074.850 5307322.760
13987 399.203 4570946.790 5307255.450
13988 399.116 4571074.850 5307372.760
13989 399.075 4571124.850 5307422.760
13990 399.055 4571174.850 5307472.760
13991 399.036 4571224.850 5307522.760
13992 399.019 4571274.850 5307572.760
13993 398.969 4571224.850 5307622.760
13994 398.955 4571174.850 5307672.760
13995 398.955 4571124.850 5307722.760
13996 399.207 4570974.850 5307272.760
13997 399.165 4571024.850 5307322.760
13998 399.041 4570922.590 5307299.220
13999 399.040 4571024.850 5307372.760
14000 399.022 4571074.850 5307422.760
14001 399.010 4571124.850 5307472.760
14002 399.000 4571174.850 5307522.760
14003 398.992 4571224.850 5307572.760
14004 398.959 4571174.850 5307622.760
14005 398.957 4571124.850 5307672.760
14006 399.066 4570974.850 5307322.760
14007 398.977 4570897.610 5307342.550
14008 399.001 4570974.850 5307372.760
14009 398.985 4571024.850 5307422.760
14010 398.984 4571074.850 5307472.760
14011 398.982 4571124.850 5307522.760
14012 398.974 4571174.850 5307572.760
14013 398.958 4571124.850 5307622.760
14014 398.961 4571074.850 5307672.760
14015 398.978 4570928.650 5307363.900
14016 398.974 4570974.850 5307422.760
14017 398.970 4571024.850 5307472.760
14018 398.966 4571074.850 5307522.760
14019 398.962 4571124.850 5307572.760
14020 398.956 4571074.850 5307622.760
14021 398.956 4571024.850 5307672.760
14022 398.962 4570904.260 5307406.800
14023 398.963 4570924.850 5307422.760
14024 398.961 4570974.850 5307472.760
14025 398.960 4571024.850 5307522.760
14026 398.960 4571074.850 5307572.760
14027 398.960 4571024.850 5307622.760
14028 398.958 4570877.110 5307448.550
14029 398.958 4570924.850 5307472.760
14030 398.960 4570974.850 5307522.760
14031 398.958 4571024.850 5307572.760
14032 398.956 4570974.850 5307622.760
14033 398.959 4570841.110 5307468.850
14034 398.960 4570874.850 5307472.760
14035 398.961 4570805.010 5307491.620
14036 398.958 4570924.850 5307522.760
14037 398.958 4570974.850 5307572.760
14038 398.959 4570874.850 5307522.760
14039 398.962 4570924.850 5307572.760
14040 398.956 4570874.850 5307572.760
