1 413.300 4578009.020 5299217.810
2 413.242 4578026.810 5299219.010
3 412.234 4577866.010 5299077.550
4 413.368 4578010.810 5299227.370
5 413.306 4578003.090 5299217.410
6 413.306 4577997.160 5299217.010
7 413.557 4578014.190 5299239.290
8 412.178 4577863.660 5299072.330
9 412.303 4577863.890 5299083.130
10 413.562 4578006.770 5299237.300
11 413.426 4577995.310 5299226.340
12 413.304 4577991.360 5299218.230
13 413.372 4578010.760 5299244.250
14 412.514 4577754.600 5299078.630
15 412.453 4577760.590 5299076.110
16 412.428 4577849.140 5299090.550
17 412.189 4577849.120 5299071.250
18 412.527 4577750.820 5299078.660
19 412.539 4577745.670 5299078.400
20 412.531 4577754.340 5299079.610
21 412.520 4577759.620 5299079.960
22 413.468 4577974.050 5299222.540
23 413.350 4577799.600 5299145.210
24 413.346 4577805.070 5299147.080
25 412.705 4577834.600 5299108.250
26 412.958 4577811.660 5299127.630
27 412.577 4577855.410 5299105.470
28 413.606 4577998.640 5299237.160
29 414.326 4578005.460 5299247.560
30 413.483 4577980.090 5299225.090
31 414.343 4578003.910 5299254.160
32 413.943 4577914.410 5299324.130
33 412.441 4577752.110 5299073.870
34 412.437 4577747.210 5299072.800
35 412.441 4577751.350 5299073.740
36 412.287 4577772.270 5299067.490
37 412.287 4577779.980 5299068.640
38 412.518 4577817.730 5299091.590
39 412.203 4577831.660 5299069.940
40 412.192 4577781.920 5299062.220
41 412.459 4577728.460 5299070.740
42 412.532 4577740.890 5299077.080
43 412.514 4577726.490 5299073.370
44 412.647 4577745.070 5299086.180
45 412.954 4577762.640 5299105.500
46 412.654 4577784.670 5299097.670
47 412.971 4577768.240 5299112.650
48 413.623 4577792.390 5299192.690
49 413.510 4577758.400 5299161.490
50 413.527 4577968.280 5299223.970
51 413.535 4577798.010 5299184.180
52 413.336 4577815.930 5299159.990
53 412.950 4577834.950 5299126.670
54 413.514 4577812.110 5299178.430
55 413.870 4577791.850 5299204.450
56 413.606 4577807.800 5299196.350
57 414.357 4577995.810 5299255.900
58 414.355 4577976.500 5299244.780
59 414.359 4578000.480 5299259.110
60 413.963 4577915.290 5299326.860
61 414.585 4577918.270 5299322.870
62 412.309 4577744.330 5299064.630
63 412.192 4577777.590 5299061.600
64 412.137 4577797.140 5299058.650
65 412.175 4577731.740 5299054.510
66 412.549 4577713.410 5299072.740
67 412.138 4577670.550 5299032.980
68 412.132 4577666.530 5299032.440
69 412.060 4577652.970 5299028.230
70 412.106 4577656.350 5299030.590
71 412.126 4577662.510 5299031.910
72 412.523 4577699.050 5299068.790
73 412.584 4577701.460 5299072.210
74 412.673 4577711.130 5299078.500
75 412.673 4577723.760 5299082.380
76 413.976 4577776.700 5299225.630
77 412.680 4577730.580 5299085.280
78 413.027 4577756.740 5299118.260
79 413.083 4577767.940 5299123.080
80 413.386 4577762.150 5299147.050
81 413.894 4577780.220 5299204.810
82 413.864 4577781.340 5299201.900
83 413.504 4577743.680 5299149.030
84 413.629 4577784.350 5299190.060
85 413.514 4577757.870 5299162.980
86 414.053 4577775.550 5299230.350
87 414.053 4577787.700 5299232.220
88 414.035 4577765.810 5299228.750
89 413.873 4577795.040 5299236.880
90 414.424 4577950.500 5299244.330
91 413.457 4577954.560 5299229.550
92 413.526 4577811.940 5299188.420
93 413.422 4577818.570 5299167.940
94 413.818 4577819.170 5299211.640
95 413.973 4577810.200 5299234.150
96 413.895 4577962.910 5299277.000
97 414.603 4577923.610 5299321.530
98 413.897 4577916.640 5299316.840
99 414.592 4577912.470 5299318.150
100 412.046 4577644.870 5299027.180
101 411.911 4577662.250 5299021.290
102 411.992 4577654.540 5299025.100
103 411.965 4577650.410 5299023.640
104 412.213 4577640.910 5299035.360
105 412.210 4577643.790 5299035.650
106 412.210 4577646.090 5299036.550
107 412.161 4577730.130 5299047.850
108 412.522 4577701.940 5299069.270
109 412.152 4577694.810 5299035.320
110 412.518 4577699.070 5299068.520
111 412.181 4577677.150 5299037.310
112 412.547 4577689.570 5299068.170
113 412.404 4577690.990 5299061.500
114 412.186 4577670.100 5299036.360
115 412.192 4577661.950 5299035.960
116 412.205 4577651.790 5299037.320
117 412.193 4577661.350 5299035.870
118 412.571 4577694.290 5299070.190
119 412.602 4577686.960 5299070.240
120 412.587 4577696.460 5299071.380
121 412.763 4577699.170 5299083.510
122 412.699 4577720.230 5299083.960
123 413.910 4577768.090 5299220.250
124 414.012 4577764.440 5299223.680
125 413.360 4577748.420 5299131.150
126 413.530 4577736.520 5299154.110
127 413.445 4577741.890 5299143.630
128 413.535 4577735.800 5299157.270
129 413.504 4577740.610 5299147.050
130 413.880 4577769.850 5299203.140
131 413.534 4577738.430 5299159.150
132 413.543 4577757.200 5299170.650
133 413.606 4577734.440 5299160.610
134 414.504 4577772.230 5299251.130
135 414.538 4577781.320 5299261.220
136 414.525 4577785.160 5299247.800
137 413.919 4577759.300 5299227.810
138 414.538 4577753.810 5299238.400
139 414.542 4577764.610 5299252.840
140 413.869 4577814.540 5299253.980
141 414.479 4577935.980 5299245.580
142 413.898 4577827.380 5299219.110
143 413.885 4577917.520 5299272.530
144 413.884 4577913.880 5299279.710
145 413.889 4577910.480 5299289.660
146 413.889 4577911.730 5299315.820
147 414.591 4577909.080 5299316.670
148 414.544 4577902.110 5299318.920
149 414.032 4577903.540 5299330.640
150 413.935 4577897.890 5299334.880
151 412.076 4577634.870 5299028.000
152 412.216 4577637.980 5299035.370
153 412.038 4577639.080 5299026.550
154 411.901 4577653.030 5299020.580
155 412.034 4577635.050 5299026.170
156 412.073 4577632.880 5299027.740
157 412.220 4577640.410 5299038.760
158 412.216 4577645.670 5299039.510
159 412.285 4577690.590 5299055.320
160 412.191 4577674.300 5299040.680
161 412.544 4577683.570 5299066.900
162 412.398 4577684.970 5299060.220
163 412.214 4577650.210 5299041.090
164 412.196 4577665.320 5299039.140
165 412.199 4577660.980 5299038.540
166 412.203 4577656.810 5299038.840
167 412.243 4577669.770 5299050.240
168 412.666 4577679.430 5299071.610
169 412.762 4577688.830 5299079.910
170 413.039 4577679.370 5299101.580
171 412.993 4577669.090 5299091.430
172 413.018 4577682.910 5299101.680
173 413.536 4577694.670 5299133.120
174 413.135 4577676.860 5299104.090
175 413.571 4577684.100 5299145.400
176 413.578 4577682.530 5299135.920
177 413.918 4577765.070 5299219.770
178 413.551 4577716.140 5299149.260
179 413.689 4577722.260 5299167.620
180 413.680 4577741.550 5299174.080
181 413.732 4577723.520 5299170.780
182 413.721 4577679.250 5299154.190
183 413.625 4577683.200 5299149.840
184 414.545 4577771.450 5299259.380
185 413.809 4577780.430 5299266.650
186 414.526 4577796.140 5299263.670
187 413.996 4577778.670 5299279.620
188 413.937 4577752.780 5299226.870
189 414.535 4577750.970 5299237.970
190 414.546 4577762.020 5299254.230
191 413.876 4577808.100 5299265.870
192 414.513 4577825.780 5299260.890
193 413.927 4577899.760 5299257.960
194 413.992 4577851.850 5299247.130
195 413.884 4577898.390 5299278.940
196 414.591 4577904.700 5299314.410
197 413.943 4577899.970 5299319.610
198 414.025 4577895.390 5299327.070
199 412.223 4577629.630 5299034.310
200 411.901 4577628.820 5299019.940
201 412.068 4577630.550 5299027.420
202 412.382 4577636.090 5299051.730
203 412.287 4577644.290 5299048.820
204 412.344 4577675.200 5299056.030
205 412.287 4577664.220 5299051.670
206 412.768 4577667.400 5299073.400
207 412.904 4577670.950 5299087.370
208 413.092 4577673.900 5299102.090
209 412.993 4577665.060 5299090.550
210 413.019 4577670.670 5299099.090
211 413.316 4577670.200 5299118.160
212 412.232 4577623.590 5299034.980
213 412.353 4577628.570 5299049.380
214 413.500 4577674.420 5299125.870
215 413.572 4577680.790 5299144.730
216 413.500 4577665.120 5299123.200
217 413.853 4577730.570 5299198.840
218 413.913 4577727.260 5299212.560
219 413.705 4577713.000 5299165.230
220 413.852 4577719.620 5299185.880
221 413.720 4577672.210 5299152.760
222 413.740 4577680.200 5299155.670
223 413.870 4577685.140 5299167.820
224 413.807 4577760.990 5299268.120
225 413.799 4577761.820 5299262.800
226 413.917 4577775.090 5299281.300
227 413.867 4577783.620 5299293.460
228 413.851 4577726.410 5299215.230
229 413.760 4577737.790 5299254.160
230 413.789 4577739.740 5299258.270
231 413.825 4577801.060 5299308.440
232 413.883 4577871.550 5299274.560
233 414.012 4577883.890 5299321.940
234 413.960 4577888.620 5299329.350
235 405.201 4577404.020 5298978.270
236 405.942 4577392.790 5298975.360
237 412.163 4577624.150 5299030.980
238 412.240 4577616.090 5299033.930
239 412.046 4577627.860 5299026.340
240 412.065 4577624.710 5299026.980
241 412.505 4577638.440 5299057.110
242 412.502 4577643.000 5299057.770
243 412.502 4577635.410 5299056.460
244 412.442 4577627.790 5299052.820
245 412.538 4577646.870 5299059.940
246 412.527 4577662.740 5299062.340
247 412.843 4577657.680 5299076.350
248 412.995 4577661.120 5299089.300
249 413.120 4577666.910 5299101.400
250 413.503 4577660.290 5299121.920
251 412.393 4577621.990 5299049.950
252 412.444 4577626.140 5299052.600
253 412.425 4577614.840 5299050.050
254 412.475 4577608.860 5299050.900
255 413.560 4577657.190 5299130.860
256 413.694 4577654.520 5299144.090
257 413.540 4577653.960 5299121.360
258 413.893 4577724.320 5299211.800
259 413.788 4577697.490 5299242.990
260 413.805 4577703.830 5299186.490
261 413.719 4577675.570 5299179.560
262 413.694 4577671.250 5299157.310
263 413.733 4577673.700 5299177.400
264 413.798 4577664.090 5299189.220
265 413.885 4577747.820 5299272.980
266 413.763 4577771.450 5299303.250
267 413.692 4577778.350 5299308.860
268 413.562 4577756.200 5299314.640
269 413.847 4577705.100 5299251.430
270 413.851 4577737.340 5299264.630
271 413.684 4577804.930 5299333.830
272 413.308 4577788.620 5299351.560
273 414.004 4577855.300 5299312.700
274 413.909 4577889.880 5299333.220
275 405.359 4577415.240 5298981.170
276 405.390 4577389.550 5299014.220
277 406.680 4577363.640 5299046.770
278 406.978 4577378.210 5299011.070
279 407.791 4577386.910 5298973.830
280 407.443 4577358.080 5299045.150
281 412.230 4577601.680 5299031.870
282 412.144 4577596.150 5299028.300
283 412.241 4577608.780 5299032.840
284 412.049 4577617.210 5299025.920
285 412.040 4577624.370 5299025.910
286 411.894 4577625.330 5299019.490
287 412.021 4577557.880 5299021.380
288 412.141 4577568.030 5299026.160
289 412.090 4577557.550 5299023.670
290 412.087 4577556.540 5299023.490
291 412.133 4577556.320 5299024.980
292 412.678 4577637.280 5299063.500
293 412.560 4577630.040 5299057.710
294 412.786 4577650.780 5299070.440
295 412.854 4577652.260 5299075.350
296 413.006 4577643.210 5299085.880
297 413.002 4577648.270 5299087.760
298 412.994 4577655.230 5299088.620
299 413.327 4577654.850 5299105.190
300 413.687 4577650.010 5299143.520
301 413.704 4577649.090 5299148.010
302 412.614 4577620.920 5299058.000
303 412.536 4577613.980 5299053.940
304 412.375 4577607.980 5299047.100
305 412.355 4577597.790 5299044.790
306 412.540 4577610.260 5299053.420
307 412.477 4577607.520 5299050.730
308 412.366 4577593.740 5299044.570
309 412.287 4577585.650 5299034.660
310 413.457 4577648.640 5299117.090
311 413.579 4577648.330 5299135.080
312 413.580 4577645.970 5299121.500
313 413.841 4577695.610 5299261.290
314 413.780 4577682.600 5299235.700
315 413.803 4577662.350 5299195.900
316 413.807 4577658.450 5299187.810
317 413.733 4577645.200 5299160.090
318 413.736 4577640.560 5299159.180
319 413.699 4577660.220 5299180.920
320 413.510 4577729.570 5299306.070
321 413.506 4577720.070 5299300.060
322 413.505 4577717.770 5299298.930
323 413.303 4577778.730 5299344.670
324 413.597 4577763.210 5299317.110
325 413.150 4577731.630 5299330.240
326 413.794 4577696.110 5299263.940
327 413.088 4577797.940 5299362.770
328 412.949 4577766.480 5299359.180
329 413.873 4577891.140 5299337.100
330 405.529 4577426.470 5298984.080
331 405.330 4577400.870 5299017.370
332 405.484 4577375.080 5299050.180
333 406.309 4577349.060 5299082.480
334 407.760 4577372.610 5299009.530
335 409.041 4577380.610 5298972.200
336 409.310 4577352.220 5299043.450
337 406.874 4577343.560 5299080.770
338 412.138 4577602.150 5299028.500
339 412.132 4577599.120 5299028.070
340 411.926 4577565.810 5299018.510
341 411.828 4577567.800 5299014.880
342 412.175 4577582.890 5299028.470
343 411.964 4577597.180 5299021.520
344 411.974 4577611.750 5299022.550
345 411.850 4577623.070 5299017.410
346 411.924 4577558.470 5299018.000
347 412.019 4577556.880 5299021.240
348 411.821 4577557.850 5299014.050
349 412.206 4577536.770 5299025.380
350 412.161 4577573.480 5299027.250
351 412.193 4577567.590 5299027.850
352 412.184 4577565.070 5299027.330
353 412.116 4577548.360 5299023.740
354 412.347 4577554.600 5299037.380
355 412.373 4577543.510 5299035.500
356 412.402 4577539.800 5299037.180
357 412.687 4577629.380 5299062.270
358 412.822 4577632.380 5299067.720
359 412.695 4577624.830 5299061.620
360 413.009 4577641.990 5299085.690
361 413.016 4577643.050 5299086.960
362 413.059 4577643.760 5299092.210
363 413.128 4577643.150 5299096.420
364 413.310 4577644.650 5299101.850
365 413.745 4577641.970 5299152.080
366 413.692 4577646.070 5299142.700
367 413.708 4577645.200 5299147.180
368 412.716 4577613.370 5299060.010
369 412.624 4577613.800 5299056.990
370 412.498 4577594.300 5299049.190
371 412.532 4577596.960 5299050.800
372 412.529 4577600.260 5299051.270
373 412.590 4577608.250 5299054.790
374 412.498 4577593.060 5299049.000
375 412.612 4577590.010 5299052.110
376 412.365 4577583.010 5299042.910
377 413.371 4577641.210 5299111.430
378 413.478 4577637.790 5299114.790
379 413.578 4577628.530 5299129.070
380 413.186 4577638.830 5299286.440
381 413.454 4577658.640 5299269.030
382 413.874 4577676.820 5299250.930
383 413.724 4577664.290 5299226.730
384 413.797 4577656.070 5299212.090
385 413.728 4577634.110 5299217.060
386 413.630 4577641.730 5299190.510
387 413.721 4577637.190 5299159.900
388 413.719 4577642.960 5299171.290
389 413.805 4577642.160 5299184.270
390 413.413 4577701.980 5299300.550
391 412.982 4577725.180 5299331.760
392 413.429 4577717.610 5299305.070
393 413.422 4577715.310 5299303.940
394 412.861 4577718.200 5299337.660
395 412.956 4577753.370 5299345.890
396 412.216 4577743.920 5299382.430
397 412.861 4577721.420 5299339.260
398 413.329 4577658.690 5299284.810
399 413.127 4577638.020 5299289.270
400 413.014 4577662.650 5299303.680
401 412.153 4577757.440 5299390.530
402 405.596 4577437.710 5298986.990
403 405.364 4577412.210 5299020.530
404 405.299 4577386.510 5299053.580
405 405.242 4577360.610 5299086.130
406 405.868 4577334.490 5299118.180
407 408.676 4577366.650 5299007.900
408 411.652 4577374.570 5298970.640
409 410.165 4577346.670 5299041.860
410 408.308 4577337.790 5299079.010
411 406.507 4577329.030 5299116.390
412 411.952 4577600.110 5299021.130
413 411.761 4577566.680 5299012.060
414 411.858 4577575.570 5299016.380
415 411.906 4577584.430 5299018.650
416 411.861 4577611.100 5299017.670
417 411.784 4577559.340 5299011.090
418 411.826 4577550.170 5299012.840
419 412.078 4577545.410 5299022.270
420 412.204 4577532.790 5299024.880
421 412.336 4577535.320 5299028.910
422 412.249 4577532.630 5299026.200
423 412.333 4577568.260 5299039.590
424 412.337 4577559.270 5299038.200
425 412.368 4577545.480 5299035.830
426 412.584 4577554.420 5299044.750
427 412.538 4577539.200 5299040.800
428 412.402 4577532.470 5299035.970
429 412.525 4577531.940 5299039.170
430 412.832 4577626.080 5299066.670
431 413.066 4577641.120 5299091.780
432 413.135 4577640.490 5299096.040
433 413.615 4577628.000 5299133.390
434 412.724 4577609.410 5299059.480
435 412.608 4577593.750 5299052.680
436 412.602 4577599.930 5299053.620
437 412.672 4577591.210 5299054.170
438 412.618 4577585.570 5299051.470
439 412.673 4577589.730 5299053.940
440 412.622 4577581.730 5299050.860
441 413.564 4577622.950 5299132.800
442 413.528 4577625.840 5299113.160
443 413.581 4577623.470 5299128.470
444 413.173 4577629.680 5299283.800
445 413.332 4577623.940 5299272.690
446 413.340 4577637.870 5299276.930
447 413.694 4577652.390 5299247.180
448 413.454 4577631.530 5299261.390
449 413.784 4577635.810 5299222.720
450 413.727 4577630.770 5299215.870
451 413.610 4577634.870 5299187.530
452 413.695 4577611.760 5299166.360
453 413.600 4577631.440 5299186.040
454 413.713 4577607.370 5299166.730
455 413.116 4577688.930 5299311.360
456 412.818 4577671.990 5299318.020
457 412.812 4577712.430 5299338.340
458 412.746 4577670.450 5299323.360
459 412.048 4577734.380 5299383.770
460 412.388 4577709.970 5299362.190
461 413.138 4577629.240 5299285.350
462 412.878 4577614.360 5299290.800
463 412.911 4577637.930 5299298.320
464 412.790 4577648.290 5299311.210
465 411.175 4577685.000 5299402.590
466 405.591 4577448.940 5298989.890
467 405.776 4577423.540 5299023.690
468 405.155 4577397.950 5299056.990
469 405.213 4577372.140 5299089.780
470 405.235 4577346.140 5299122.090
471 405.234 4577319.910 5299153.880
472 411.608 4577360.970 5299006.360
473 413.585 4577369.060 5298969.220
474 412.817 4577365.430 5298959.610
475 412.578 4577359.900 5298954.060
476 411.954 4577367.690 5298949.670
477 412.158 4577341.380 5299040.310
478 410.733 4577332.370 5299077.360
479 408.193 4577323.370 5299114.560
480 405.289 4577314.470 5299151.990
481 411.599 4577571.930 5299000.310
482 411.815 4577551.580 5299010.160
483 411.917 4577538.160 5299014.400
484 412.202 4577529.780 5299024.510
485 412.248 4577529.610 5299025.820
486 412.202 4577527.780 5299024.270
487 412.637 4577566.920 5299048.520
488 412.648 4577558.940 5299047.320
489 412.705 4577550.780 5299047.220
490 412.812 4577545.300 5299048.780
491 412.734 4577533.310 5299044.530
492 412.526 4577528.070 5299038.520
493 412.742 4577527.250 5299043.530
494 413.524 4577619.370 5299111.910
495 413.700 4577610.780 5299143.150
496 412.757 4577590.810 5299056.680
497 412.770 4577584.880 5299055.830
498 413.647 4577616.670 5299134.460
499 413.587 4577618.790 5299124.030
500 413.311 4577619.850 5299271.840
501 412.847 4577602.230 5299287.280
502 412.935 4577603.070 5299284.400
503 413.406 4577622.900 5299261.310
504 413.478 4577634.900 5299256.300
505 413.713 4577620.450 5299211.380
506 413.765 4577604.040 5299174.360
507 413.740 4577612.260 5299196.290
508 413.692 4577605.200 5299166.450
509 413.622 4577600.660 5299181.630
510 412.779 4577690.660 5299334.160
511 412.389 4577706.750 5299360.570
512 412.643 4577668.920 5299328.700
513 412.633 4577646.300 5299318.150
514 412.075 4577706.210 5299369.670
515 412.881 4577617.490 5299291.890
516 412.671 4577603.530 5299296.340
517 412.616 4577641.270 5299316.700
518 411.259 4577684.030 5299398.340
519 406.712 4577454.060 5298991.220
520 406.109 4577434.880 5299026.840
521 405.677 4577409.380 5299060.390
522 405.123 4577383.690 5299093.450
523 405.168 4577357.780 5299125.990
524 404.974 4577331.670 5299158.040
525 405.244 4577305.340 5299189.590
526 412.379 4577355.680 5299004.910
527 413.630 4577362.660 5298967.560
528 412.936 4577353.260 5298961.950
529 412.034 4577332.660 5298937.790
530 413.801 4577335.310 5299038.890
531 412.157 4577327.090 5299075.710
532 410.741 4577318.080 5299112.860
533 409.245 4577308.880 5299150.080
534 405.306 4577299.850 5299187.570
535 411.570 4577519.720 5298985.380
536 411.971 4577529.170 5299013.270
537 412.265 4577518.570 5299024.960
538 412.584 4577516.820 5299037.880
539 412.615 4577504.570 5299036.180
540 412.933 4577509.140 5299047.860
541 412.968 4577546.600 5299052.810
542 412.989 4577535.310 5299053.790
543 412.863 4577522.090 5299045.220
544 413.607 4577590.020 5299140.230
545 413.579 4577590.720 5299135.160
546 413.313 4577610.710 5299257.790
547 413.340 4577608.970 5299263.820
548 412.908 4577592.510 5299281.360
549 413.208 4577598.130 5299269.800
550 413.431 4577608.290 5299252.420
551 413.729 4577613.020 5299210.490
552 413.690 4577584.030 5299183.170
553 413.495 4577525.190 5299170.460
554 413.505 4577522.150 5299170.670
555 411.926 4577666.360 5299359.650
556 412.294 4577655.730 5299339.350
557 411.536 4577665.580 5299380.940
558 412.230 4577574.760 5299303.740
559 411.911 4577554.290 5299311.450
560 412.371 4577617.330 5299320.820
561 411.186 4577679.110 5299399.420
562 408.514 4577459.450 5298992.620
563 407.707 4577439.750 5299028.140
564 406.899 4577420.820 5299063.800
565 405.099 4577395.220 5299097.090
566 405.198 4577369.430 5299129.900
567 405.069 4577343.420 5299162.190
568 404.989 4577317.200 5299194.000
569 405.258 4577290.760 5299225.290
570 413.730 4577321.050 5299074.380
571 413.872 4577349.560 5299003.410
572 413.500 4577318.250 5299048.860
573 413.599 4577339.620 5299014.750
574 412.536 4577342.960 5298981.670
575 412.236 4577326.010 5298941.270
576 413.563 4577311.080 5299073.610
577 413.555 4577316.330 5299060.750
578 413.512 4577275.740 5299145.470
579 412.805 4577312.800 5299111.120
580 410.463 4577303.680 5299148.320
581 409.061 4577294.250 5299185.550
582 405.406 4577285.220 5299223.150
583 411.726 4577515.480 5298996.000
584 412.605 4577492.450 5299030.550
585 412.234 4577509.800 5299019.160
586 412.398 4577493.450 5299023.020
587 412.912 4577507.120 5299049.900
588 412.683 4577504.360 5299037.650
589 412.759 4577491.740 5299035.980
590 413.266 4577510.720 5299110.700
591 413.026 4577503.870 5299072.250
592 413.004 4577497.810 5299071.380
593 413.168 4577488.930 5299098.320
594 413.100 4577485.970 5299099.510
595 413.074 4577482.930 5299098.220
596 413.499 4577523.270 5299162.710
597 413.366 4577509.720 5299123.440
598 413.312 4577600.600 5299261.390
599 412.225 4577556.740 5299291.340
600 412.860 4577581.870 5299278.910
601 413.187 4577594.070 5299268.630
602 413.576 4577592.640 5299232.140
603 413.475 4577570.820 5299208.300
604 413.509 4577564.310 5299203.150
605 413.412 4577536.800 5299195.660
606 413.494 4577534.860 5299189.630
607 413.158 4577495.440 5299184.450
608 413.162 4577496.940 5299185.240
609 412.073 4577546.330 5299291.930
610 411.995 4577544.640 5299297.810
611 411.045 4577503.140 5299312.830
612 410.727 4577502.930 5299338.210
613 410.792 4577532.200 5299347.700
614 410.962 4577627.950 5299386.230
615 410.834 4577566.360 5299363.720
616 411.065 4577606.550 5299373.280
617 411.114 4577680.080 5299403.670
618 409.947 4577464.630 5298993.950
619 409.218 4577444.950 5299029.540
620 407.414 4577425.390 5299065.120
621 407.015 4577406.760 5299100.750
622 404.910 4577381.060 5299133.800
623 405.221 4577355.170 5299166.360
624 405.007 4577329.050 5299198.400
625 405.040 4577302.730 5299229.950
626 405.267 4577276.190 5299261.000
627 413.659 4577306.800 5299109.860
628 413.597 4577290.640 5299135.520
629 413.562 4577280.680 5299149.210
630 413.503 4577290.670 5299110.900
631 412.341 4577299.270 5299047.530
632 412.865 4577333.460 5299002.950
633 412.456 4577296.570 5299028.210
634 412.494 4577301.750 5299019.570
635 412.521 4577315.260 5298961.290
636 413.419 4577292.990 5299070.780
637 413.414 4577292.610 5299094.280
638 412.436 4577294.080 5299058.440
639 413.408 4577272.110 5299139.250
640 413.427 4577263.810 5299160.440
641 413.091 4577298.380 5299146.470
642 410.803 4577289.080 5299183.690
643 409.025 4577279.610 5299221.010
644 405.961 4577270.590 5299258.730
645 412.033 4577501.290 5298993.580
646 412.622 4577491.280 5299030.400
647 412.327 4577491.490 5299021.080
648 412.896 4577487.500 5299037.280
649 413.300 4577482.740 5298996.940
650 412.979 4577466.550 5299091.070
651 413.037 4577465.930 5299088.890
652 413.003 4577465.780 5299089.880
653 412.934 4577466.110 5299093.880
654 412.860 4577491.750 5299070.500
655 412.975 4577486.950 5299041.250
656 413.098 4577488.700 5299093.140
657 413.009 4577466.770 5299090.020
658 413.113 4577466.200 5299087.030
659 412.908 4577481.210 5299074.660
660 412.948 4577476.730 5299105.510
661 412.878 4577471.890 5299104.790
662 412.810 4577467.060 5299104.060
663 413.354 4577507.790 5299138.140
664 413.159 4577481.000 5299179.860
665 413.226 4577575.430 5299244.790
666 413.547 4577562.290 5299223.120
667 413.419 4577529.590 5299203.810
668 413.344 4577521.590 5299203.670
669 413.358 4577510.690 5299199.220
670 413.187 4577481.480 5299182.210
671 413.250 4577491.300 5299192.380
672 412.004 4577518.640 5299283.920
673 411.286 4577504.880 5299307.000
674 411.014 4577498.420 5299311.500
675 411.246 4577500.150 5299305.680
676 410.562 4577485.000 5299332.510
677 410.224 4577506.090 5299362.170
678 410.296 4577527.990 5299366.400
679 410.459 4577585.870 5299392.060
680 412.834 4577469.460 5298995.200
681 410.316 4577449.920 5299030.860
682 409.609 4577430.350 5299066.580
683 407.628 4577411.030 5299102.100
684 406.682 4577392.700 5299137.700
685 404.937 4577366.900 5299170.500
686 405.148 4577340.910 5299202.810
687 404.952 4577314.690 5299234.610
688 405.111 4577288.260 5299265.910
689 405.244 4577261.610 5299296.710
690 413.589 4577292.390 5299145.270
691 413.528 4577275.700 5299166.650
692 413.521 4577275.030 5299172.410
693 413.484 4577265.360 5299186.470
694 413.488 4577267.910 5299188.390
695 413.370 4577283.340 5299100.770
696 412.463 4577286.910 5299043.500
697 412.576 4577293.940 5299008.430
698 412.428 4577287.540 5299060.830
699 413.451 4577286.260 5299077.070
700 412.485 4577289.570 5299058.870
701 413.275 4577254.960 5299145.260
702 413.217 4577236.050 5299184.360
703 413.299 4577239.850 5299196.210
704 413.085 4577283.690 5299181.700
705 411.303 4577274.480 5299219.070
706 408.898 4577264.980 5299256.480
707 406.001 4577255.960 5299294.310
708 413.163 4577480.340 5299002.740
709 413.004 4577481.500 5299036.450
710 413.034 4577480.950 5299040.410
711 414.089 4577476.810 5298998.980
712 414.750 4577474.360 5298996.420
713 412.995 4577463.820 5299090.700
714 412.909 4577463.380 5299093.520
715 412.761 4577484.890 5299068.560
716 413.053 4577481.860 5299044.190
717 413.089 4577466.610 5299084.180
718 412.954 4577474.730 5299073.720
719 413.803 4577436.150 5299107.030
720 412.757 4577449.050 5299099.700
721 413.907 4577435.240 5299108.890
722 413.125 4577454.520 5299121.730
723 413.254 4577448.880 5299116.780
724 413.070 4577450.270 5299125.990
725 413.167 4577475.040 5299178.600
726 412.945 4577517.960 5299229.300
727 413.234 4577511.590 5299214.120
728 413.237 4577500.920 5299207.460
729 413.210 4577481.310 5299192.210
730 413.012 4577485.610 5299203.790
731 413.111 4577471.340 5299190.040
732 410.665 4577459.020 5299308.210
733 411.984 4577512.790 5299282.210
734 411.564 4577496.370 5299293.160
735 410.561 4577451.600 5299308.460
736 410.478 4577447.020 5299312.340
737 410.883 4577455.890 5299297.420
738 410.677 4577454.670 5299303.290
739 410.404 4577459.510 5299325.130
740 410.351 4577471.760 5299335.020
741 409.920 4577509.950 5299386.750
742 409.601 4577501.510 5299400.140
743 412.888 4577454.510 5299032.080
744 411.248 4577435.060 5299067.970
745 409.425 4577415.740 5299103.640
746 408.108 4577396.670 5299139.080
747 406.536 4577378.640 5299174.650
748 405.046 4577352.730 5299207.200
749 405.076 4577326.650 5299239.270
750 404.884 4577300.320 5299270.810
751 405.145 4577273.790 5299301.860
752 405.237 4577247.040 5299332.410
753 413.519 4577277.620 5299180.550
754 413.417 4577242.020 5299209.090
755 413.477 4577263.970 5299190.580
756 413.484 4577267.690 5299191.560
757 413.391 4577243.270 5299226.480
758 412.486 4577273.600 5299053.570
759 413.374 4577239.750 5299235.830
760 413.199 4577231.310 5299187.940
761 413.278 4577236.610 5299200.480
762 413.380 4577236.880 5299213.990
763 413.295 4577212.120 5299257.570
764 413.231 4577268.990 5299216.940
765 411.805 4577259.880 5299254.440
766 408.653 4577250.350 5299291.940
767 405.811 4577241.320 5299329.880
768 414.884 4577459.100 5299033.240
769 412.546 4577449.570 5299091.840
770 412.799 4577467.450 5299064.530
771 413.123 4577467.440 5299078.480
772 413.072 4577468.270 5299072.780
773 412.258 4577442.600 5299088.020
774 412.234 4577440.510 5299092.520
775 412.490 4577439.460 5299095.780
776 412.120 4577440.560 5299089.980
777 414.102 4577433.370 5299109.500
778 413.990 4577434.480 5299107.890
779 413.888 4577435.270 5299107.010
780 413.770 4577435.730 5299105.840
781 413.648 4577437.250 5299105.980
782 412.890 4577438.250 5299099.000
783 413.927 4577433.750 5299111.430
784 412.735 4577445.260 5299135.220
785 413.064 4577435.250 5299121.110
786 412.569 4577433.370 5299127.420
787 412.917 4577463.320 5299180.240
788 413.054 4577441.970 5299159.150
789 412.833 4577510.150 5299228.710
790 412.920 4577483.060 5299206.240
791 412.817 4577467.030 5299207.970
792 412.698 4577451.340 5299189.690
793 411.012 4577427.060 5299272.040
794 411.034 4577425.940 5299270.410
795 411.019 4577423.790 5299270.130
796 411.428 4577472.150 5299281.420
797 410.974 4577436.880 5299278.470
798 411.034 4577448.240 5299281.830
799 411.037 4577442.840 5299279.200
800 410.985 4577455.140 5299291.460
801 411.063 4577452.490 5299286.070
802 410.948 4577431.000 5299279.710
803 410.929 4577428.440 5299277.760
804 410.978 4577425.070 5299271.880
805 410.912 4577421.200 5299271.570
806 410.351 4577441.430 5299314.530
807 410.894 4577455.640 5299295.430
808 410.157 4577449.340 5299334.190
809 409.548 4577459.990 5299383.880
810 412.765 4577439.340 5299069.190
811 411.945 4577420.210 5299105.080
812 408.873 4577401.140 5299140.690
813 407.600 4577382.330 5299175.900
814 406.662 4577364.580 5299211.610
815 405.155 4577338.570 5299243.910
816 405.003 4577312.390 5299275.720
817 404.815 4577285.960 5299307.020
818 405.175 4577259.320 5299337.810
819 405.191 4577230.390 5299368.220
820 413.450 4577262.860 5299215.820
821 413.360 4577243.360 5299251.730
822 413.405 4577253.120 5299233.980
823 413.375 4577246.360 5299244.160
824 413.327 4577234.730 5299260.790
825 413.317 4577224.150 5299255.780
826 413.075 4577190.270 5299275.960
827 413.276 4577208.370 5299272.010
828 413.060 4577191.390 5299237.210
829 413.003 4577171.600 5299286.870
830 413.154 4577254.300 5299252.170
831 412.305 4577245.280 5299289.820
832 409.142 4577235.710 5299327.410
833 405.595 4577224.720 5299365.600
834 415.060 4577443.570 5299070.350
835 412.225 4577437.830 5299093.070
836 414.425 4577431.330 5299108.750
837 414.030 4577433.740 5299106.420
838 413.703 4577435.310 5299104.650
839 413.334 4577436.360 5299101.910
840 413.740 4577432.260 5299113.960
841 413.387 4577422.670 5299141.430
842 412.778 4577424.500 5299135.920
843 412.997 4577430.040 5299119.370
844 412.288 4577425.930 5299130.270
845 412.360 4577427.950 5299124.810
846 413.661 4577420.070 5299149.760
847 413.737 4577420.670 5299146.890
848 413.438 4577422.810 5299151.960
849 412.662 4577445.330 5299174.600
850 413.119 4577433.620 5299158.480
851 413.476 4577419.480 5299152.630
852 411.981 4577458.170 5299246.380
853 412.544 4577438.610 5299202.970
854 412.594 4577439.410 5299185.480
855 410.996 4577426.580 5299267.280
856 410.801 4577411.540 5299270.040
857 411.073 4577453.820 5299288.760
858 410.780 4577425.880 5299282.770
859 410.771 4577423.420 5299280.840
860 410.784 4577418.940 5299277.010
861 410.353 4577435.430 5299314.780
862 410.271 4577424.790 5299309.590
863 410.324 4577429.680 5299313.080
864 409.592 4577413.370 5299349.520
865 409.550 4577414.500 5299354.120
866 412.930 4577424.180 5299106.320
867 411.415 4577405.360 5299142.200
868 408.746 4577386.610 5299177.390
869 407.542 4577368.000 5299212.480
870 406.678 4577350.520 5299248.560
871 405.263 4577324.410 5299280.610
872 404.929 4577298.130 5299312.180
873 404.745 4577271.590 5299343.220
874 405.150 4577241.950 5299373.460
875 405.167 4577213.750 5299404.020
876 413.380 4577248.090 5299251.090
877 413.318 4577234.450 5299273.580
878 413.302 4577223.910 5299269.770
879 413.236 4577214.460 5299298.680
880 413.197 4577197.190 5299311.320
881 412.945 4577155.260 5299306.600
882 413.077 4577239.590 5299287.410
883 412.781 4577230.680 5299325.190
884 408.856 4577219.140 5299363.040
885 405.486 4577208.130 5299401.320
886 415.030 4577428.050 5299107.460
887 413.531 4577418.340 5299140.110
888 412.130 4577424.840 5299124.430
889 413.639 4577418.000 5299151.110
890 413.809 4577418.040 5299149.110
891 413.124 4577426.880 5299158.260
892 413.122 4577429.860 5299159.310
893 412.932 4577415.900 5299157.070
894 412.358 4577429.270 5299203.470
895 412.486 4577419.700 5299197.640
896 411.890 4577397.320 5299219.260
897 411.830 4577398.760 5299222.790
898 410.812 4577406.780 5299266.350
899 410.709 4577410.530 5299275.180
900 410.767 4577406.750 5299270.510
901 410.740 4577401.710 5299267.340
902 410.199 4577421.290 5299304.710
903 410.232 4577419.580 5299298.950
904 410.274 4577419.820 5299292.950
905 410.557 4577422.000 5299287.350
906 410.610 4577412.590 5299280.830
907 409.901 4577411.940 5299324.380
908 409.358 4577391.840 5299353.870
909 413.917 4577409.020 5299143.450
910 410.627 4577390.610 5299178.770
911 408.581 4577372.090 5299213.530
912 407.456 4577353.520 5299249.400
913 406.637 4577336.460 5299285.510
914 405.381 4577310.250 5299317.310
915 404.854 4577283.870 5299348.640
916 404.504 4577253.500 5299378.710
917 405.120 4577224.580 5299409.110
918 405.168 4577197.100 5299439.830
919 413.310 4577233.320 5299286.360
920 413.267 4577225.260 5299296.590
921 413.207 4577210.110 5299315.550
922 413.246 4577221.080 5299304.750
923 413.183 4577210.570 5299330.400
924 412.934 4577151.310 5299316.510
925 412.927 4577149.020 5299320.490
926 413.156 4577177.490 5299322.480
927 412.916 4577145.350 5299329.970
928 412.999 4577224.890 5299322.640
929 411.054 4577214.220 5299360.780
930 407.888 4577202.580 5299398.670
931 405.558 4577191.530 5299437.050
932 414.782 4577412.520 5299144.560
933 412.282 4577405.350 5299171.470
934 412.028 4577413.590 5299203.540
935 413.623 4577402.730 5299183.390
936 411.720 4577392.970 5299210.690
937 412.005 4577393.160 5299220.450
938 411.246 4577391.080 5299233.160
939 410.695 4577389.880 5299266.550
940 410.721 4577395.860 5299265.960
941 410.725 4577397.810 5299266.420
942 410.084 4577407.250 5299297.350
943 410.097 4577402.280 5299300.730
944 410.181 4577410.850 5299292.550
945 410.350 4577412.700 5299286.830
946 410.569 4577384.420 5299269.060
947 409.733 4577396.520 5299320.040
948 410.077 4577396.480 5299302.310
949 410.035 4577390.490 5299301.920
950 409.404 4577384.680 5299338.550
951 409.295 4577377.530 5299345.480
952 409.192 4577374.550 5299350.400
953 408.886 4577372.310 5299364.360
954 409.109 4577374.010 5299353.150
955 408.794 4577358.200 5299370.120
956 408.829 4577366.990 5299370.560
957 412.804 4577393.980 5299179.870
958 410.122 4577375.880 5299214.510
959 408.411 4577357.220 5299250.470
960 407.305 4577339.040 5299286.330
961 406.596 4577322.400 5299322.470
962 405.524 4577296.080 5299354.020
963 404.745 4577265.040 5299383.960
964 404.331 4577235.410 5299414.210
965 405.000 4577207.210 5299444.760
966 405.113 4577180.460 5299475.630
967 413.240 4577218.550 5299321.630
968 413.175 4577207.750 5299339.370
969 413.132 4577186.670 5299341.150
970 412.905 4577152.840 5299330.560
971 413.053 4577168.590 5299374.340
972 413.124 4577169.250 5299336.340
973 412.848 4577137.800 5299361.810
974 412.440 4577208.670 5299358.240
975 410.054 4577197.770 5299396.370
976 406.919 4577186.030 5299434.300
977 405.670 4577174.710 5299472.660
978 410.668 4577377.950 5299247.130
979 414.966 4577397.150 5299180.840
980 411.972 4577395.770 5299193.080
981 412.638 4577386.190 5299214.690
982 410.440 4577380.410 5299242.470
983 411.225 4577387.160 5299231.390
984 412.188 4577385.270 5299222.050
985 410.865 4577380.210 5299254.470
986 410.875 4577380.140 5299258.470
987 410.689 4577392.870 5299266.260
988 410.056 4577393.490 5299302.110
989 410.280 4577380.070 5299273.200
990 409.934 4577377.300 5299278.530
991 409.844 4577385.730 5299311.080
992 409.990 4577384.950 5299299.600
993 409.984 4577380.460 5299295.610
994 409.306 4577368.300 5299335.790
995 409.283 4577364.210 5299331.210
996 408.832 4577366.190 5299366.170
997 409.112 4577372.510 5299352.360
998 408.782 4577357.290 5299362.110
999 408.786 4577356.200 5299370.080
1000 408.815 4577360.060 5299378.150
1001 408.831 4577362.100 5299376.190
1002 411.865 4577378.970 5299215.270
1003 409.588 4577360.630 5299251.450
1004 408.181 4577342.340 5299287.410
1005 407.220 4577324.560 5299323.260
1006 406.555 4577308.340 5299359.420
1007 405.177 4577276.540 5299389.190
1008 404.121 4577246.200 5299419.280
1009 404.101 4577217.320 5299449.700
1010 404.726 4577189.840 5299480.410
1011 404.982 4577163.810 5299511.440
1012 413.022 4577202.590 5299357.240
1013 413.065 4577196.250 5299366.050
1014 413.051 4577188.350 5299375.900
1015 413.036 4577181.770 5299393.070
1016 413.020 4577166.470 5299389.430
1017 412.985 4577162.010 5299412.160
1018 413.013 4577159.000 5299390.860
1019 412.897 4577140.510 5299362.580
1020 413.043 4577157.650 5299371.410
1021 412.866 4577128.570 5299368.480
1022 411.878 4577192.440 5299393.840
1023 409.057 4577181.320 5299431.960
1024 406.472 4577169.020 5299469.720
1025 405.023 4577157.760 5299508.220
1026 408.747 4577348.250 5299367.450
1027 411.365 4577370.220 5299250.710
1028 413.746 4577381.800 5299215.910
1029 412.132 4577383.000 5299221.890
1030 410.909 4577378.800 5299257.930
1031 409.878 4577376.420 5299284.470
1032 409.918 4577377.510 5299290.380
1033 409.966 4577365.450 5299269.360
1034 409.656 4577360.340 5299279.150
1035 409.677 4577365.900 5299307.800
1036 409.282 4577358.910 5299332.700
1037 408.752 4577350.830 5299362.490
1038 408.887 4577357.750 5299354.900
1039 408.779 4577351.130 5299378.880
1040 408.832 4577357.860 5299390.120
1041 408.841 4577357.820 5299392.120
1042 408.768 4577343.400 5299380.150
1043 411.077 4577363.300 5299252.170
1044 409.312 4577345.360 5299288.390
1045 407.996 4577327.460 5299324.350
1046 407.146 4577310.080 5299360.190
1047 406.175 4577288.080 5299394.440
1048 405.002 4577257.000 5299424.360
1049 403.716 4577227.370 5299454.610
1050 403.772 4577199.230 5299485.190
1051 404.426 4577172.460 5299516.060
1052 404.904 4577143.440 5299545.350
1053 412.803 4577186.620 5299392.840
1054 412.992 4577177.540 5299403.370
1055 412.904 4577171.090 5299419.790
1056 412.912 4577168.970 5299423.090
1057 412.865 4577127.260 5299452.960
1058 412.892 4577138.400 5299442.830
1059 412.926 4577156.800 5299428.780
1060 412.971 4577140.340 5299402.610
1061 412.865 4577128.150 5299370.140
1062 412.815 4577124.320 5299476.100
1063 411.370 4577176.220 5299429.440
1064 408.352 4577164.230 5299467.250
1065 406.191 4577151.760 5299505.020
1066 405.289 4577137.920 5299542.380
1067 408.729 4577343.140 5299363.750
1068 408.773 4577336.660 5299372.250
1069 408.783 4577336.200 5299369.740
1070 408.686 4577341.320 5299356.200
1071 412.460 4577365.670 5299252.760
1072 410.010 4577358.120 5299285.030
1073 409.637 4577357.450 5299279.520
1074 409.726 4577349.600 5299299.740
1075 409.323 4577352.200 5299308.940
1076 409.272 4577353.710 5299311.530
1077 409.383 4577344.600 5299331.180
1078 409.255 4577339.260 5299336.550
1079 408.751 4577342.520 5299351.840
1080 408.794 4577348.280 5299383.760
1081 408.791 4577351.890 5299401.800
1082 408.788 4577353.650 5299402.050
1083 408.692 4577333.930 5299385.700
1084 409.242 4577337.620 5299432.280
1085 409.234 4577337.290 5299430.140
1086 409.251 4577337.480 5299434.110
1087 410.339 4577347.630 5299289.070
1088 408.949 4577330.090 5299325.330
1089 407.906 4577312.590 5299361.290
1090 406.226 4577290.490 5299395.510
1091 405.650 4577267.820 5299429.450
1092 404.539 4577237.460 5299459.530
1093 403.565 4577208.540 5299489.930
1094 403.444 4577181.140 5299520.680
1095 404.383 4577152.200 5299550.100
1096 404.760 4577123.070 5299579.270
1097 412.584 4577170.670 5299428.440
1098 412.864 4577159.350 5299442.890
1099 412.820 4577154.280 5299454.190
1100 412.842 4577128.130 5299464.030
1101 412.807 4577149.550 5299463.470
1102 412.805 4577145.390 5299466.460
1103 412.814 4577128.290 5299478.170
1104 412.860 4577110.880 5299443.760
1105 412.845 4577122.700 5299461.080
1106 412.839 4577121.040 5299463.540
1107 412.872 4577110.640 5299439.890
1108 412.916 4577139.910 5299431.940
1109 412.862 4577108.340 5299443.890
1110 412.784 4577105.040 5299397.770
1111 412.803 4577119.780 5299480.630
1112 411.403 4577159.140 5299464.630
1113 407.852 4577146.790 5299502.370
1114 406.428 4577132.210 5299539.310
1115 405.300 4577118.070 5299576.550
1116 408.762 4577335.280 5299365.680
1117 408.800 4577328.450 5299373.080
1118 408.836 4577329.800 5299369.220
1119 408.649 4577336.450 5299355.740
1120 411.370 4577349.540 5299289.610
1121 409.510 4577347.870 5299301.130
1122 409.457 4577338.290 5299322.740
1123 409.390 4577338.830 5299333.780
1124 409.188 4577337.270 5299337.250
1125 408.660 4577335.520 5299351.740
1126 408.682 4577331.700 5299346.480
1127 408.751 4577326.260 5299375.340
1128 408.724 4577341.980 5299396.070
1129 409.028 4577346.530 5299414.990
1130 408.669 4577327.330 5299391.090
1131 409.235 4577335.170 5299429.730
1132 409.183 4577345.340 5299419.910
1133 409.246 4577337.060 5299435.770
1134 409.731 4577331.940 5299325.980
1135 408.510 4577314.830 5299362.290
1136 407.602 4577293.540 5299396.840
1137 405.905 4577270.850 5299430.910
1138 405.192 4577247.570 5299464.470
1139 403.951 4577217.920 5299494.700
1140 403.457 4577189.710 5299525.250
1141 403.499 4577161.010 5299554.860
1142 404.306 4577131.940 5299584.140
1143 404.624 4577102.470 5299613.120
1144 412.745 4577106.120 5299504.780
1145 412.705 4577153.640 5299463.540
1146 412.789 4577146.380 5299469.990
1147 412.675 4577124.810 5299505.380
1148 412.802 4577137.670 5299484.830
1149 412.705 4577130.500 5299494.710
1150 412.665 4577123.260 5299508.590
1151 412.737 4577124.860 5299511.260
1152 412.632 4577116.050 5299520.460
1153 412.624 4577115.040 5299523.200
1154 412.841 4577106.310 5299451.870
1155 412.804 4577097.510 5299467.470
1156 412.803 4577086.390 5299471.070
1157 412.884 4577108.450 5299438.610
1158 412.875 4577106.150 5299442.630
1159 412.765 4577100.490 5299397.480
1160 412.782 4577100.950 5299485.780
1161 411.674 4577141.610 5299499.610
1162 408.082 4577127.330 5299536.670
1163 406.653 4577112.660 5299573.590
1164 405.560 4577098.220 5299610.710
1165 408.899 4577326.180 5299362.620
1166 410.418 4577333.410 5299326.450
1167 408.990 4577331.910 5299337.150
1168 408.587 4577329.420 5299347.280
1169 408.562 4577317.770 5299377.560
1170 408.547 4577312.930 5299384.290
1171 409.114 4577324.060 5299407.040
1172 408.911 4577309.320 5299391.780
1173 409.187 4577329.650 5299429.400
1174 409.101 4577319.820 5299420.970
1175 409.562 4577326.790 5299451.590
1176 409.701 4577322.720 5299455.520
1177 409.388 4577316.280 5299362.900
1178 408.929 4577296.280 5299398.040
1179 407.314 4577274.380 5299432.570
1180 405.300 4577251.220 5299466.310
1181 404.308 4577227.310 5299499.480
1182 403.509 4577198.380 5299529.870
1183 403.474 4577169.730 5299559.590
1184 403.636 4577140.880 5299589.040
1185 404.190 4577111.680 5299618.180
1186 404.497 4577082.330 5299647.100
1187 412.735 4577095.270 5299506.630
1188 412.746 4577087.910 5299499.470
1189 413.000 4577136.070 5299498.380
1190 412.696 4577121.150 5299517.650
1191 412.683 4577118.600 5299522.960
1192 412.617 4577113.350 5299531.920
1193 412.591 4577111.320 5299533.880
1194 412.594 4577106.810 5299534.310
1195 412.688 4577074.700 5299455.340
1196 412.779 4577085.210 5299481.620
1197 412.641 4577063.880 5299449.930
1198 412.742 4577081.310 5299491.500
1199 411.772 4577122.390 5299534.000
1200 408.443 4577107.860 5299570.970
1201 406.874 4577093.110 5299607.890
1202 405.838 4577078.380 5299644.880
1203 409.750 4577317.310 5299363.310
1204 409.474 4577304.470 5299396.760
1205 408.832 4577298.960 5299412.600
1206 409.081 4577296.270 5299425.240
1207 409.685 4577319.970 5299454.770
1208 409.630 4577314.350 5299447.880
1209 409.901 4577308.350 5299489.220
1210 409.482 4577298.300 5299398.920
1211 408.871 4577277.550 5299434.070
1212 406.873 4577255.210 5299468.300
1213 405.183 4577231.360 5299501.590
1214 403.617 4577207.050 5299534.500
1215 403.489 4577178.540 5299564.350
1216 403.494 4577149.750 5299593.920
1217 403.797 4577120.750 5299623.230
1218 404.091 4577091.420 5299652.220
1219 404.560 4577061.960 5299681.010
1220 412.683 4577071.200 5299524.740
1221 412.798 4577116.950 5299532.790
1222 412.540 4577102.300 5299551.530
1223 412.536 4577095.520 5299554.630
1224 412.484 4577092.890 5299570.910
1225 412.460 4577080.490 5299581.360
1226 412.586 4577044.620 5299499.440
1227 411.654 4577103.170 5299568.380
1228 408.797 4577088.400 5299605.270
1229 407.099 4577073.560 5299642.170
1230 406.473 4577058.530 5299679.050
1231 410.495 4577299.990 5299399.660
1232 409.937 4577292.440 5299442.500
1233 409.302 4577289.810 5299427.550
1234 409.552 4577284.330 5299448.360
1235 409.874 4577295.280 5299480.410
1236 409.153 4577281.470 5299453.180
1237 409.923 4577293.180 5299487.220
1238 409.893 4577304.060 5299493.210
1239 409.940 4577305.260 5299497.800
1240 409.981 4577284.650 5299484.750
1241 410.131 4577280.110 5299435.290
1242 408.658 4577258.800 5299470.100
1243 406.023 4577235.570 5299503.770
1244 404.885 4577211.550 5299536.890
1245 403.474 4577187.330 5299569.110
1246 403.490 4577158.690 5299598.820
1247 403.527 4577129.770 5299628.250
1248 403.805 4577100.620 5299657.410
1249 404.035 4577071.160 5299686.270
1250 404.635 4577041.580 5299715.970
1251 412.515 4577066.660 5299595.490
1252 412.596 4577097.820 5299567.200
1253 412.474 4577090.170 5299574.640
1254 412.433 4577082.690 5299588.960
1255 412.389 4577071.960 5299604.820
1256 412.492 4577054.700 5299612.210
1257 412.434 4577012.390 5299628.150
1258 411.506 4577083.950 5299602.770
1259 409.152 4577068.940 5299639.570
1260 407.319 4577054.010 5299676.460
1261 406.012 4577037.810 5299713.770
1262 411.278 4577282.440 5299436.410
1263 409.952 4577286.600 5299477.960
1264 409.048 4577275.140 5299458.350
1265 409.713 4577295.820 5299507.070
1266 409.816 4577267.190 5299485.570
1267 409.824 4577287.450 5299538.570
1268 409.955 4577263.780 5299608.340
1269 410.198 4577261.900 5299471.650
1270 407.808 4577239.370 5299505.740
1271 405.436 4577216.040 5299539.290
1272 404.552 4577191.850 5299571.550
1273 403.357 4577167.610 5299603.730
1274 403.486 4577138.840 5299633.300
1275 403.539 4577109.790 5299662.590
1276 403.805 4577080.490 5299691.590
1277 403.858 4577050.600 5299721.290
1278 404.313 4577021.200 5299750.920
1279 412.394 4577078.710 5299601.620
1280 412.349 4577065.340 5299618.610
1281 412.339 4577062.500 5299622.420
1282 412.327 4577060.210 5299626.520
1283 412.401 4577045.250 5299636.880
1284 412.391 4577027.650 5299652.670
1285 412.374 4577007.030 5299655.690
1286 412.316 4576995.310 5299680.110
1287 411.362 4577064.720 5299637.150
1288 409.504 4577049.480 5299673.880
1289 407.371 4577033.020 5299710.990
1290 405.999 4577017.070 5299748.480
1291 411.687 4577264.890 5299473.160
1292 409.452 4577257.190 5299501.170
1293 409.092 4577260.470 5299489.140
1294 410.705 4577248.210 5299514.990
1295 409.215 4577247.380 5299532.240
1296 411.326 4577231.860 5299549.450
1297 409.946 4577265.420 5299570.710
1298 410.003 4577262.720 5299601.210
1299 409.980 4577256.930 5299610.580
1300 409.857 4577248.260 5299615.530
1301 409.535 4577242.820 5299507.530
1302 407.548 4577220.100 5299541.450
1303 405.488 4577196.320 5299573.960
1304 404.247 4577172.130 5299606.200
1305 403.238 4577147.900 5299638.340
1306 403.476 4577118.990 5299667.770
1307 403.563 4577089.810 5299696.920
1308 403.654 4577059.740 5299726.670
1309 403.722 4577030.050 5299756.310
1310 404.313 4577000.830 5299785.880
1311 412.192 4577059.580 5299636.030
1312 412.280 4577051.420 5299642.870
1313 412.228 4577041.630 5299661.120
1314 412.345 4577016.370 5299671.570
1315 412.188 4577029.960 5299676.100
1316 412.286 4577011.420 5299698.160
1317 412.275 4576990.860 5299698.320
1318 412.246 4576988.110 5299711.530
1319 412.222 4576981.060 5299721.040
1320 411.214 4577045.500 5299671.540
1321 409.591 4577028.340 5299708.300
1322 407.395 4577012.010 5299745.510
1323 406.041 4576996.310 5299783.180
1324 412.123 4577246.290 5299509.350
1325 410.306 4577235.940 5299540.840
1326 409.205 4577244.120 5299523.610
1327 409.050 4577240.030 5299532.220
1328 411.856 4577229.370 5299548.130
1329 410.257 4577233.390 5299557.230
1330 409.304 4577228.840 5299571.070
1331 409.985 4577227.910 5299556.800
1332 410.031 4577221.590 5299577.800
1333 409.384 4577220.020 5299571.480
1334 410.645 4577216.080 5299578.830
1335 409.865 4577249.640 5299634.760
1336 409.655 4577235.230 5299618.740
1337 409.427 4577206.860 5299609.360
1338 409.771 4577242.900 5299641.180
1339 409.959 4577253.890 5299652.100
1340 409.430 4577223.940 5299543.500
1341 407.555 4577200.490 5299576.220
1342 405.334 4577176.550 5299608.620
1343 403.942 4577152.410 5299640.850
1344 403.156 4577128.180 5299672.960
1345 403.498 4577099.140 5299702.250
1346 403.508 4577068.870 5299732.050
1347 403.519 4577038.990 5299761.740
1348 403.602 4577009.490 5299791.330
1349 404.104 4576980.450 5299820.830
1350 411.990 4577040.460 5299670.440
1351 412.160 4577020.560 5299692.350
1352 412.210 4577013.850 5299700.130
1353 412.203 4577012.390 5299702.210
1354 412.242 4577006.670 5299708.490
1355 412.234 4576998.510 5299720.940
1356 412.151 4577002.040 5299722.030
1357 412.211 4576989.910 5299728.680
1358 412.196 4576972.310 5299731.240
1359 412.185 4576983.740 5299739.220
1360 412.175 4576981.660 5299743.690
1361 412.167 4576980.090 5299747.220
1362 412.168 4576964.720 5299742.460
1363 411.553 4577024.070 5299705.770
1364 409.637 4577007.200 5299742.710
1365 407.438 4576990.980 5299780.030
1366 405.833 4576975.530 5299817.880
1367 412.525 4577227.910 5299545.620
1368 409.057 4577223.970 5299564.140
1369 410.903 4577212.140 5299586.170
1370 410.756 4577213.320 5299577.330
1371 409.662 4577208.190 5299593.520
1372 408.947 4577204.250 5299600.860
1373 409.511 4577200.300 5299608.210
1374 409.819 4577237.030 5299634.080
1375 409.964 4577204.270 5299615.510
1376 409.801 4577239.170 5299657.980
1377 409.668 4577221.050 5299692.990
1378 409.376 4577190.380 5299763.500
1379 409.529 4577201.440 5299759.490
1380 409.667 4577226.420 5299714.540
1381 409.871 4577241.030 5299708.180
1382 409.276 4577204.430 5299578.340
1383 407.493 4577180.810 5299610.960
1384 405.215 4577156.780 5299643.280
1385 403.678 4577132.680 5299675.500
1386 403.102 4577108.460 5299707.570
1387 403.441 4577078.000 5299737.430
1388 403.463 4577047.920 5299767.180
1389 403.415 4577018.240 5299796.820
1390 403.513 4576988.940 5299826.350
1391 403.350 4576960.070 5299855.790
1392 412.000 4577018.930 5299704.220
1393 412.069 4577008.280 5299717.330
1394 412.105 4576996.020 5299734.680
1395 412.190 4576985.770 5299737.760
1396 412.180 4576982.860 5299741.530
1397 412.164 4576983.070 5299749.210
1398 412.156 4576977.530 5299751.620
1399 412.142 4576974.350 5299757.420
1400 412.135 4576972.150 5299760.230
1401 412.128 4576971.320 5299763.510
1402 412.133 4576969.320 5299760.460
1403 412.122 4576946.950 5299760.050
1404 412.104 4576962.100 5299772.360
1405 412.092 4576959.040 5299777.440
1406 412.090 4576935.340 5299772.130
1407 412.061 4576950.510 5299789.810
1408 412.038 4576923.790 5299793.870
1409 412.026 4576921.630 5299798.880
1410 411.969 4576906.290 5299822.400
1411 411.603 4577002.630 5299739.990
1412 409.686 4576986.050 5299777.130
1413 407.485 4576969.930 5299814.530
1414 405.605 4576955.970 5299853.040
1415 412.329 4577208.380 5299580.490
1416 409.311 4577197.260 5299606.530
1417 410.646 4577196.360 5299615.550
1418 409.665 4577209.610 5299664.650
1419 409.323 4577188.470 5299630.240
1420 408.854 4577184.530 5299637.580
1421 409.563 4577207.830 5299676.860
1422 410.152 4577177.990 5299658.420
1423 409.343 4577184.880 5299692.260
1424 409.209 4577175.270 5299681.360
1425 409.362 4577173.540 5299753.850
1426 409.581 4577208.330 5299707.600
1427 409.519 4577193.480 5299701.590
1428 409.298 4577157.910 5299748.310
1429 409.528 4577175.300 5299775.520
1430 409.231 4577155.150 5299763.550
1431 409.431 4577173.910 5299787.160
1432 409.657 4577190.750 5299783.580
1433 409.777 4577221.090 5299779.830
1434 409.671 4577191.200 5299808.510
1435 409.088 4577184.820 5299613.160
1436 407.433 4577161.140 5299645.700
1437 405.119 4577137.010 5299677.940
1438 403.512 4577112.960 5299710.150
1439 403.069 4577087.130 5299742.810
1440 403.391 4577056.860 5299772.620
1441 403.419 4577026.980 5299802.310
1442 403.301 4576997.490 5299831.900
1443 403.362 4576968.390 5299861.370
1444 404.143 4576938.520 5299885.050
1445 412.010 4576997.390 5299738.000
1446 412.108 4576987.780 5299747.130
1447 412.144 4576978.950 5299757.470
1448 412.126 4576973.790 5299765.060
1449 412.122 4576969.280 5299765.480
1450 412.115 4576966.340 5299768.110
1451 412.082 4576961.480 5299782.850
1452 412.093 4576963.570 5299777.880
1453 412.073 4576954.870 5299785.330
1454 412.068 4576959.380 5299788.810
1455 412.058 4576951.330 5299791.670
1456 412.041 4576947.700 5299798.620
1457 412.037 4576944.570 5299799.830
1458 412.018 4576927.860 5299804.390
1459 411.971 4576911.610 5299822.500
1460 411.923 4576904.990 5299843.630
1461 411.906 4576901.870 5299850.810
1462 411.918 4576894.210 5299843.200
1463 411.637 4576981.180 5299774.210
1464 409.768 4576964.900 5299811.540
1465 405.774 4576951.460 5299850.000
1466 405.264 4576934.970 5299882.670
1467 412.153 4577188.750 5299615.320
1468 409.615 4577180.580 5299644.930
1469 408.652 4577181.210 5299635.730
1470 410.539 4577176.640 5299652.270
1471 409.031 4577173.890 5299672.820
1472 410.078 4577172.690 5299659.620
1473 409.026 4577168.750 5299666.960
1474 409.910 4577161.860 5299691.640
1475 409.698 4577152.970 5299696.340
1476 409.586 4577167.940 5299685.960
1477 409.138 4577165.720 5299715.750
1478 408.789 4577149.030 5299703.680
1479 409.852 4577142.670 5299721.580
1480 409.081 4577144.050 5299749.350
1481 409.158 4577147.590 5299760.590
1482 409.409 4577169.350 5299785.460
1483 409.394 4577142.670 5299768.700
1484 409.371 4577149.190 5299773.490
1485 409.797 4577168.180 5299834.320
1486 409.783 4577202.680 5299803.520
1487 409.716 4577210.850 5299793.660
1488 409.731 4577216.990 5299785.760
1489 410.104 4577160.930 5299851.800
1490 409.928 4577186.380 5299836.630
1491 408.915 4577165.220 5299647.970
1492 407.372 4577141.460 5299680.450
1493 404.949 4577117.240 5299712.600
1494 403.619 4577091.810 5299745.500
1495 403.052 4577065.790 5299778.050
1496 403.346 4577035.720 5299807.800
1497 403.373 4577006.030 5299837.440
1498 403.199 4576976.740 5299866.970
1499 403.353 4576946.780 5299890.560
1500 404.503 4576916.970 5299914.300
1501 412.020 4576975.850 5299771.770
1502 412.091 4576966.180 5299779.570
1503 412.061 4576958.230 5299791.600
1504 412.043 4576952.830 5299799.070
1505 412.031 4576949.120 5299803.640
1506 412.025 4576944.060 5299805.080
1507 411.979 4576917.320 5299820.310
1508 411.991 4576922.250 5299815.680
1509 411.974 4576935.710 5299827.410
1510 411.925 4576910.120 5299844.010
1511 411.876 4576885.160 5299860.830
1512 411.915 4576907.240 5299848.260
1513 411.904 4576904.360 5299852.500
1514 411.890 4576897.290 5299857.580
1515 411.881 4576891.870 5299860.430
1516 411.660 4576959.720 5299808.420
1517 408.594 4576947.510 5299847.370
1518 405.820 4576931.060 5299880.050
1519 404.995 4576913.560 5299912.180
1520 411.977 4577169.120 5299650.160
1521 408.783 4577164.810 5299674.300
1522 408.768 4577165.150 5299664.930
1523 410.321 4577156.920 5299688.990
1524 409.694 4577149.100 5299694.130
1525 409.664 4577160.860 5299681.650
1526 408.855 4577145.090 5299711.020
1527 408.539 4577145.080 5299701.430
1528 409.771 4577141.140 5299718.370
1529 410.173 4577137.200 5299725.710
1530 409.080 4577134.370 5299739.170
1531 409.422 4577132.740 5299733.160
1532 409.063 4577130.990 5299751.070
1533 409.630 4577126.320 5299758.860
1534 409.423 4577138.450 5299782.850
1535 410.102 4577152.520 5299849.500
1536 410.111 4577153.330 5299847.930
1537 409.966 4577131.320 5299855.090
1538 409.937 4577116.590 5299844.440
1539 409.999 4577094.520 5299923.110
1540 410.178 4577150.490 5299874.960
1541 410.041 4577195.520 5299853.190
1542 410.062 4577189.430 5299857.890
1543 408.745 4577145.620 5299682.790
1544 407.310 4577121.780 5299715.190
1545 404.877 4577096.230 5299748.030
1546 403.581 4577070.590 5299780.970
1547 403.079 4577044.460 5299813.300
1548 403.303 4577014.580 5299842.990
1549 403.341 4576985.090 5299872.570
1550 403.215 4576955.070 5299896.100
1551 403.372 4576925.170 5299919.750
1552 404.519 4576895.430 5299943.560
1553 412.030 4576954.290 5299805.540
1554 411.997 4576939.950 5299817.680
1555 411.935 4576923.940 5299842.710
1556 411.985 4576938.350 5299822.870
1557 411.723 4576936.560 5299838.200
1558 411.932 4576922.410 5299844.180
1559 411.925 4576919.900 5299846.660
1560 411.921 4576914.600 5299847.050
1561 411.863 4576883.910 5299867.040
1562 411.869 4576888.580 5299865.360
1563 411.861 4576886.360 5299868.690
1564 411.899 4576910.830 5299856.900
1565 411.897 4576906.290 5299856.470
1566 411.891 4576904.610 5299858.940
1567 411.877 4576896.350 5299863.420
1568 410.169 4576943.290 5299844.520
1569 408.115 4576927.650 5299877.780
1570 406.604 4576909.820 5299909.840
1571 404.857 4576892.240 5299941.700
1572 411.793 4577149.490 5299685.000
1573 408.608 4577141.070 5299708.730
1574 409.872 4577137.050 5299716.030
1575 410.795 4577133.040 5299723.330
1576 408.623 4577128.280 5299740.610
1577 409.348 4577128.650 5299730.810
1578 408.987 4577123.830 5299748.070
1579 409.930 4577119.370 5299755.520
1580 410.031 4577114.920 5299762.970
1581 409.201 4577110.460 5299770.420
1582 408.894 4577111.790 5299778.800
1583 409.787 4577114.960 5299807.230
1584 409.524 4577106.910 5299823.040
1585 409.383 4577095.690 5299817.300
1586 410.121 4577098.430 5299923.430
1587 410.344 4577155.300 5299892.040
1588 410.180 4577139.170 5299869.230
1589 409.959 4577122.980 5299850.820
1590 410.037 4577095.380 5299846.550
1591 409.797 4577077.900 5299852.100
1592 410.037 4577099.120 5299848.460
1593 409.956 4577092.200 5299921.940
1594 410.046 4577096.840 5299924.290
1595 410.122 4577100.100 5299924.880
1596 409.966 4577091.970 5299925.270
1597 410.103 4577106.670 5299925.280
1598 410.126 4577111.180 5299924.340
1599 410.304 4577128.850 5299917.370
1600 410.364 4577151.130 5299916.930
1601 410.445 4577153.080 5299903.280
1602 410.419 4577154.020 5299917.950
1603 410.296 4577163.160 5299890.860
1604 410.050 4577193.110 5299858.640
1605 410.250 4577126.610 5299925.050
1606 408.569 4577126.010 5299717.610
1607 407.555 4577100.870 5299750.690
1608 404.993 4577075.070 5299783.690
1609 403.485 4577049.370 5299816.450
1610 403.086 4577023.120 5299848.540
1611 403.262 4576993.440 5299878.170
1612 403.220 4576963.370 5299901.630
1613 403.226 4576933.410 5299925.220
1614 403.463 4576903.560 5299948.930
1615 404.131 4576873.880 5299972.810
1616 411.660 4576939.050 5299841.690
1617 411.917 4576919.080 5299850.090
1618 411.907 4576916.200 5299854.330
1619 411.896 4576913.310 5299858.580
1620 411.850 4576880.410 5299872.320
1621 411.853 4576888.000 5299872.600
1622 411.894 4576909.600 5299858.720
1623 411.873 4576900.830 5299866.410
1624 411.827 4576872.430 5299880.830
1625 411.838 4576873.360 5299875.840
1626 409.585 4576924.010 5299875.340
1627 407.929 4576906.550 5299907.810
1628 406.681 4576888.740 5299939.640
1629 405.027 4576871.020 5299971.100
1630 410.018 4576169.460 5299662.960
1631 411.814 4577129.850 5299719.830
1632 408.412 4577124.260 5299738.290
1633 408.797 4577119.870 5299745.770
1634 410.151 4577115.480 5299753.250
1635 410.389 4577111.090 5299760.730
1636 409.039 4577106.710 5299768.210
1637 408.744 4577106.000 5299777.870
1638 409.473 4577101.550 5299785.320
1639 410.438 4577097.090 5299792.770
1640 410.344 4577092.630 5299800.220
1641 409.358 4577088.180 5299807.670
1642 409.623 4577086.190 5299821.860
1643 410.568 4577075.570 5299836.830
1644 410.451 4577081.310 5299831.910
1645 409.493 4577069.550 5299849.640
1646 409.943 4577070.450 5299843.740
1647 409.691 4577069.790 5299857.930
1648 410.269 4577117.590 5299911.580
1649 409.844 4577089.510 5299858.040
1650 409.944 4577087.560 5299919.590
1651 409.880 4577093.600 5299933.040
1652 409.786 4577074.570 5299924.730
1653 410.144 4577116.550 5299944.800
1654 410.286 4577152.640 5299920.680
1655 410.554 4577170.810 5299913.350
1656 410.372 4577177.040 5299910.180
1657 410.267 4577143.510 5299939.220
1658 410.103 4577095.530 5299959.100
1659 408.868 4577105.270 5299753.210
1660 407.814 4577079.740 5299786.520
1661 404.927 4577053.910 5299819.340
1662 403.296 4577028.140 5299851.910
1663 403.134 4577001.790 5299883.780
1664 403.257 4576971.660 5299907.170
1665 403.192 4576941.640 5299930.690
1666 403.246 4576911.740 5299954.340
1667 403.641 4576881.950 5299978.120
1668 403.743 4576852.330 5300002.070
1669 411.297 4576920.320 5299872.880
1670 411.817 4576873.180 5299885.840
1671 411.397 4576914.500 5299877.020
1672 411.785 4576874.020 5299901.620
1673 411.801 4576865.080 5299891.700
1674 409.607 4576903.090 5299905.640
1675 407.818 4576885.700 5299937.870
1676 406.600 4576867.880 5299969.220
1677 405.931 4576849.600 5300000.290
1678 410.508 4576226.930 5299875.420
1679 410.230 4576191.570 5299751.220
1680 410.092 4576187.340 5299704.640
1681 410.097 4576136.150 5299665.880
1682 411.451 4577109.250 5299755.500
1683 408.548 4577102.320 5299775.680
1684 409.307 4577097.930 5299783.160
1685 410.794 4577093.540 5299790.640
1686 410.543 4577089.150 5299798.120
1687 409.170 4577084.760 5299805.600
1688 409.056 4577083.720 5299815.120
1689 409.978 4577079.260 5299822.570
1690 410.544 4577070.350 5299837.470
1691 410.963 4577074.810 5299830.020
1692 409.351 4577064.300 5299852.640
1693 409.493 4577065.890 5299844.920
1694 409.904 4577062.190 5299858.600
1695 410.419 4577061.230 5299866.210
1696 410.292 4577066.680 5299874.270
1697 409.824 4577072.560 5299905.720
1698 410.437 4577061.840 5299874.170
1699 410.668 4577056.220 5299872.020
1700 409.639 4577059.540 5299901.040
1701 409.669 4577058.890 5299905.060
1702 409.696 4577058.750 5299914.460
1703 410.075 4577076.410 5299946.340
1704 410.020 4577065.330 5299955.940
1705 409.706 4577059.440 5299929.900
1706 410.090 4577117.330 5299955.680
1707 410.142 4577126.850 5299968.560
1708 410.405 4577166.330 5299944.550
1709 410.222 4577137.490 5299972.920
1710 410.258 4577095.590 5299985.930
1711 410.259 4577091.470 5299988.390
1712 410.244 4577093.290 5299984.770
1713 410.026 4577076.010 5299960.710
1714 409.947 4577061.660 5299964.240
1715 410.235 4577050.070 5299970.120
1716 409.191 4577084.250 5299789.250
1717 408.073 4577058.610 5299822.350
1718 405.079 4577032.730 5299854.990
1719 403.136 4577006.610 5299887.010
1720 403.174 4576979.960 5299912.700
1721 403.228 4576949.880 5299936.160
1722 403.169 4576919.920 5299959.740
1723 403.298 4576890.070 5299983.460
1724 403.935 4576860.340 5300007.310
1725 403.965 4576829.230 5300031.580
1726 411.643 4576824.810 5299956.300
1727 411.174 4576899.530 5299903.430
1728 411.742 4576879.660 5299910.360
1729 411.763 4576868.210 5299910.240
1730 411.760 4576871.540 5299912.450
1731 411.719 4576844.490 5299925.350
1732 411.661 4576831.500 5299949.240
1733 411.628 4576831.800 5299965.140
1734 409.520 4576882.490 5299935.980
1735 407.539 4576865.160 5299967.580
1736 406.146 4576846.620 5299998.340
1737 405.722 4576827.050 5300029.890
1738 410.311 4576202.380 5299795.250
1739 410.383 4576226.380 5299826.650
1740 410.647 4576191.560 5299889.580
1741 410.338 4576174.850 5299772.760
1742 410.264 4576124.310 5299709.820
1743 411.813 4577088.310 5299791.710
1744 408.861 4577080.370 5299813.080
1745 409.868 4577075.980 5299820.560
1746 410.623 4577067.200 5299835.520
1747 411.406 4577071.590 5299828.040
1748 409.297 4577061.440 5299852.380
1749 409.277 4577062.810 5299842.990
1750 410.298 4577056.980 5299859.830
1751 411.103 4577052.520 5299867.280
1752 409.792 4577059.040 5299887.960
1753 409.658 4577059.240 5299895.330
1754 410.273 4577054.930 5299878.900
1755 410.436 4577045.250 5299872.910
1756 410.428 4577048.070 5299874.730
1757 410.392 4577050.750 5299876.150
1758 409.757 4577048.140 5299905.210
1759 409.727 4577045.830 5299915.540
1760 409.698 4577046.140 5299919.340
1761 409.832 4577044.630 5299906.040
1762 410.019 4577059.900 5299948.950
1763 409.629 4577040.510 5299926.740
1764 410.159 4577041.240 5299968.680
1765 410.358 4577117.360 5299982.000
1766 410.369 4577153.380 5299984.450
1767 410.381 4577092.100 5300017.030
1768 410.190 4577087.900 5299986.580
1769 410.102 4577082.910 5299984.060
1770 410.229 4577070.960 5299983.130
1771 410.137 4577033.810 5299985.530
1772 410.101 4577039.220 5299987.620
1773 409.565 4577063.230 5299825.300
1774 408.230 4577037.450 5299858.160
1775 404.601 4577010.980 5299889.940
1776 403.556 4576985.230 5299916.260
1777 403.227 4576958.120 5299941.630
1778 403.123 4576928.110 5299965.150
1779 403.113 4576898.200 5299988.800
1780 403.355 4576868.410 5300012.580
1781 403.675 4576837.330 5300037.010
1782 404.645 4576806.120 5300061.100
1783 411.633 4576822.880 5299960.700
1784 411.518 4576796.710 5300008.460
1785 410.974 4576879.150 5299934.030
1786 411.755 4576868.160 5299913.950
1787 411.676 4576834.230 5299943.000
1788 411.427 4576837.150 5299973.740
1789 411.633 4576839.310 5299964.770
1790 411.603 4576821.200 5299974.410
1791 411.280 4576832.480 5299983.720
1792 411.525 4576801.520 5300006.590
1793 411.448 4576813.110 5300004.830
1794 409.399 4576862.310 5299965.870
1795 408.241 4576844.030 5299996.660
1796 405.986 4576824.650 5300028.020
1797 405.615 4576804.170 5300058.880
1798 410.459 4576174.850 5299822.760
1799 410.675 4576149.770 5299862.710
1800 410.712 4576124.850 5299872.760
1801 410.478 4576124.850 5299772.760
1802 410.470 4576082.310 5299734.250
1803 412.130 4577067.370 5299827.920
1804 409.073 4577058.420 5299850.470
1805 410.201 4577054.030 5299857.950
1806 411.560 4577049.640 5299865.430
1807 410.483 4577044.460 5299871.800
1808 409.045 4577040.030 5299885.620
1809 410.019 4577038.900 5299903.360
1810 409.946 4577034.420 5299910.340
1811 410.045 4577026.390 5299958.270
1812 410.147 4577024.270 5299940.470
1813 410.238 4577023.810 5299935.700
1814 410.254 4577020.670 5299932.080
1815 410.115 4577031.620 5299971.540
1816 409.847 4577001.030 5299984.600
1817 409.283 4576986.820 5300005.470
1818 409.297 4576986.190 5300008.240
1819 410.275 4577087.020 5300021.710
1820 410.320 4577116.560 5300015.230
1821 410.271 4577092.810 5300025.670
1822 409.819 4577005.510 5299984.150
1823 409.163 4576984.090 5300011.140
1824 409.286 4576989.870 5300007.630
1825 409.101 4576982.910 5300012.760
1826 410.151 4577060.150 5300000.630
1827 409.974 4577030.370 5299995.600
1828 409.791 4577042.160 5299861.320
1829 408.254 4577015.440 5299892.940
1830 404.629 4576990.160 5299919.580
1831 403.795 4576963.580 5299945.460
1832 403.276 4576936.290 5299970.550
1833 403.100 4576906.330 5299994.140
1834 403.131 4576876.480 5300017.860
1835 403.184 4576845.480 5300042.470
1836 403.546 4576814.310 5300066.720
1837 404.917 4576783.020 5300090.610
1838 411.491 4576780.400 5300017.100
1839 411.501 4576783.880 5300013.180
1840 411.517 4576799.850 5300010.000
1841 411.489 4576784.990 5300019.360
1842 410.770 4576859.290 5299964.050
1843 411.222 4576840.090 5299975.730
1844 411.038 4576847.500 5299972.650
1845 410.845 4576837.120 5299992.140
1846 411.289 4576818.670 5300001.420
1847 411.405 4576807.470 5300013.230
1848 409.762 4576841.350 5299994.910
1849 407.663 4576822.560 5300026.400
1850 406.438 4576802.030 5300056.440
1851 405.126 4576780.950 5300088.080
1852 410.599 4576124.850 5299822.760
1853 410.711 4576101.160 5299853.570
1854 410.677 4576074.850 5299872.760
1855 410.579 4576074.850 5299772.760
1856 410.576 4576032.930 5299739.000
1857 412.061 4577046.370 5299864.100
1858 409.044 4577033.490 5299888.000
1859 410.109 4577036.860 5299902.070
1860 410.045 4577032.460 5299909.070
1861 410.050 4577019.960 5299958.390
1862 410.384 4577019.100 5299934.830
1863 410.471 4577016.420 5299929.440
1864 409.982 4577004.290 5299979.910
1865 409.880 4576997.450 5299982.050
1866 409.779 4577000.160 5299988.960
1867 409.264 4576985.170 5300002.200
1868 409.294 4576984.480 5300007.080
1869 409.295 4576984.380 5299998.890
1870 409.327 4576981.920 5299997.060
1871 409.117 4576979.680 5300010.000
1872 409.117 4576980.610 5300012.560
1873 409.168 4576977.890 5300016.700
1874 409.966 4577069.700 5300047.740
1875 409.969 4577075.130 5300049.850
1876 409.358 4576999.130 5300006.040
1877 409.307 4576996.220 5300011.980
1878 409.111 4576982.230 5300013.750
1879 409.794 4577030.740 5300019.700
1880 409.590 4577026.580 5300032.610
1881 409.168 4576979.260 5300018.130
1882 408.817 4577019.960 5299895.960
1883 408.194 4576995.140 5299922.940
1884 404.283 4576968.840 5299949.130
1885 403.328 4576941.610 5299974.160
1886 403.248 4576914.450 5299999.480
1887 402.971 4576884.550 5300023.130
1888 402.918 4576853.630 5300047.930
1889 403.023 4576822.550 5300072.360
1890 403.400 4576791.300 5300096.420
1891 404.785 4576759.920 5300120.120
1892 411.482 4576777.310 5300020.460
1893 411.456 4576765.480 5300026.740
1894 411.487 4576789.580 5300021.600
1895 411.478 4576784.770 5300024.340
1896 410.770 4576838.450 5299993.000
1897 410.922 4576810.560 5300022.780
1898 408.924 4576820.410 5300024.710
1899 407.880 4576800.150 5300054.300
1900 407.134 4576778.670 5300085.280
1901 405.367 4576757.790 5300117.610
1902 410.716 4576074.850 5299822.760
1903 410.679 4576052.220 5299860.530
1904 410.541 4576008.130 5299883.440
1905 410.691 4576024.850 5299772.760
1906 410.705 4575986.240 5299739.220
1907 409.969 4577013.660 5299957.990
1908 411.702 4577023.990 5299898.600
1909 409.908 4577010.730 5299951.410
1910 410.894 4577011.800 5299929.380
1911 409.885 4576995.190 5299980.620
1912 409.992 4576997.120 5299978.770
1913 409.663 4576995.900 5299990.490
1914 409.386 4576981.190 5299994.610
1915 409.385 4576977.230 5299998.530
1916 409.357 4576978.110 5299997.280
1917 409.224 4576973.610 5300003.720
1918 409.207 4576972.650 5300005.100
1919 409.174 4576979.020 5300018.580
1920 409.173 4576976.240 5300015.480
1921 409.173 4576977.690 5300016.970
1922 409.668 4577041.000 5300052.020
1923 409.530 4577024.950 5300046.000
1924 409.833 4577061.620 5300061.720
1925 409.384 4576997.880 5300023.130
1926 409.254 4576989.850 5300032.560
1927 409.455 4577022.420 5300034.580
1928 409.292 4576994.230 5300028.500
1929 409.429 4577012.020 5300059.470
1930 409.343 4577000.100 5299926.280
1931 408.009 4576974.080 5299952.810
1932 404.288 4576946.850 5299977.710
1933 403.305 4576920.090 5300003.260
1934 403.045 4576892.620 5300028.400
1935 402.877 4576861.770 5300053.380
1936 402.727 4576830.790 5300078.010
1937 402.922 4576799.620 5300102.250
1938 403.247 4576768.290 5300126.120
1939 404.262 4576736.810 5300149.630
1940 411.459 4576768.570 5300028.410
1941 411.450 4576764.010 5300029.420
1942 411.479 4576750.760 5300037.660
1943 410.879 4576801.390 5300035.690
1944 410.043 4576818.100 5300022.880
1945 409.065 4576798.210 5300052.090
1946 408.150 4576776.650 5300082.810
1947 406.796 4576755.430 5300114.830
1948 405.487 4576734.640 5300147.200
1949 411.425 4576746.480 5300050.970
1950 411.420 4576739.590 5300054.170
1951 410.714 4576024.850 5299822.760
1952 410.537 4575987.610 5299865.240
1953 410.709 4575970.730 5299781.150
1954 410.395 4575703.820 5299752.040
1955 410.317 4575666.210 5299736.020
1956 409.922 4575616.720 5299736.850
1957 409.946 4577002.350 5299956.160
1958 411.884 4577004.570 5299929.230
1959 411.852 4576984.970 5299962.880
1960 409.846 4576989.610 5299978.210
1961 410.661 4576983.750 5299967.410
1962 409.316 4576980.850 5299990.000
1963 409.425 4576975.920 5299997.630
1964 409.186 4576968.250 5300004.600
1965 409.253 4576972.300 5300002.810
1966 409.114 4576971.490 5300008.510
1967 408.978 4576965.410 5300008.250
1968 409.244 4576976.700 5300021.910
1969 409.180 4576976.010 5300015.790
1970 409.596 4577039.530 5300067.870
1971 409.378 4577014.870 5300070.480
1972 409.599 4577049.310 5300074.840
1973 409.152 4576966.820 5300048.500
1974 409.219 4576980.490 5300034.110
1975 409.325 4576997.460 5300073.530
1976 409.262 4576999.470 5300045.370
1977 409.316 4576994.040 5300067.220
1978 409.305 4576979.220 5299956.410
1979 406.374 4576952.040 5299981.230
1980 404.674 4576925.790 5300007.070
1981 403.281 4576898.350 5300032.150
1982 403.032 4576869.920 5300058.830
1983 402.728 4576839.000 5300083.630
1984 402.588 4576807.940 5300108.080
1985 402.831 4576776.690 5300132.140
1986 403.113 4576745.270 5300155.820
1987 404.408 4576713.710 5300179.150
1988 411.230 4576784.150 5300047.910
1989 409.993 4576796.160 5300049.680
1990 411.368 4576760.380 5300070.340
1991 409.192 4576774.580 5300080.260
1992 408.190 4576753.350 5300112.360
1993 406.676 4576732.230 5300144.490
1994 405.639 4576711.350 5300176.670
1995 411.569 4576730.590 5300052.110
1996 411.532 4576722.170 5300047.010
1997 411.370 4576734.170 5300059.170
1998 411.363 4576746.670 5300069.590
1999 411.498 4576714.570 5300042.000
2000 410.637 4575969.900 5299820.290
2001 410.594 4575922.020 5299790.360
2002 410.526 4575872.580 5299785.890
2003 410.556 4575823.370 5299789.420
2004 410.541 4575773.680 5299785.820
2005 410.294 4575724.680 5299786.500
2006 410.021 4575674.850 5299772.760
2007 409.545 4575624.850 5299772.760
2008 409.476 4575567.440 5299738.270
2009 409.165 4575574.850 5299772.760
2010 411.863 4576983.900 5299959.640
2011 411.821 4576978.060 5299973.530
2012 411.820 4576969.040 5299985.170
2013 409.337 4576965.710 5300000.970
2014 408.945 4576962.790 5300011.910
2015 409.061 4576962.930 5300017.420
2016 411.559 4576939.590 5300028.310
2017 411.645 4576936.620 5300034.970
2018 409.176 4576966.820 5300049.090
2019 409.342 4576999.400 5300074.520
2020 409.579 4577029.850 5300080.590
2021 409.583 4577041.100 5300083.590
2022 409.246 4576983.000 5300058.630
2023 409.090 4576949.210 5300067.760
2024 409.204 4576970.120 5300050.650
2025 409.044 4576951.950 5300068.060
2026 409.194 4576986.310 5300082.340
2027 409.218 4576988.890 5300062.330
2028 408.200 4576957.060 5299984.630
2029 405.974 4576931.370 5300010.800
2030 404.951 4576904.270 5300036.020
2031 403.326 4576875.440 5300062.420
2032 403.018 4576847.220 5300089.260
2033 402.590 4576816.220 5300113.880
2034 402.366 4576785.100 5300138.160
2035 402.677 4576753.760 5300162.020
2036 402.932 4576722.260 5300185.530
2037 404.164 4576690.600 5300208.660
2038 410.715 4576772.410 5300077.500
2039 411.339 4576751.780 5300082.280
2040 409.313 4576751.200 5300109.820
2041 407.885 4576730.080 5300142.080
2042 406.923 4576708.730 5300173.920
2043 405.128 4576688.060 5300206.150
2044 411.537 4576722.750 5300053.780
2045 411.384 4576733.250 5300063.320
2046 411.340 4576739.460 5300077.850
2047 411.287 4576737.900 5300103.050
2048 411.448 4576700.930 5300054.360
2049 411.428 4576695.170 5300061.390
2050 411.424 4576697.410 5300034.160
2051 410.520 4575926.530 5299830.210
2052 410.491 4575874.850 5299822.760
2053 410.546 4575824.850 5299822.760
2054 410.310 4575774.850 5299822.760
2055 409.877 4575724.850 5299822.760
2056 409.296 4575674.850 5299822.760
2057 409.137 4575624.850 5299822.760
2058 409.158 4575535.000 5299768.790
2059 409.400 4575574.850 5299822.760
2060 410.998 4576961.660 5299987.720
2061 411.503 4576946.730 5300015.210
2062 411.531 4576945.590 5300017.680
2063 411.384 4576941.780 5300021.230
2064 411.390 4576937.400 5300028.720
2065 411.444 4576936.690 5300030.970
2066 411.651 4576925.800 5300053.290
2067 411.500 4576930.420 5300042.600
2068 411.442 4576933.770 5300035.830
2069 409.550 4576931.980 5300056.400
2070 409.334 4576936.540 5300059.140
2071 411.346 4576923.970 5300050.470
2072 411.462 4576923.340 5300053.770
2073 411.694 4576924.240 5300056.760
2074 409.148 4576982.370 5300097.760
2075 409.437 4577016.640 5300097.810
2076 409.212 4576987.930 5300094.610
2077 409.390 4577020.570 5300105.470
2078 409.329 4576996.780 5300122.690
2079 409.006 4576942.510 5300079.910
2080 409.121 4576966.110 5300076.940
2081 409.072 4576951.300 5300069.080
2082 409.018 4576954.280 5300068.980
2083 409.168 4576969.950 5300079.360
2084 409.137 4576958.090 5300089.700
2085 409.213 4576977.150 5300100.920
2086 408.981 4576937.670 5300090.260
2087 408.978 4576907.020 5300101.440
2088 408.980 4576922.660 5300106.310
2089 408.148 4576936.700 5300014.370
2090 405.505 4576910.020 5300039.780
2091 404.709 4576881.120 5300066.110
2092 403.342 4576853.110 5300093.120
2093 402.988 4576824.530 5300119.690
2094 402.480 4576793.450 5300144.130
2095 402.158 4576762.260 5300168.240
2096 402.681 4576730.830 5300191.910
2097 402.727 4576699.250 5300215.230
2098 404.317 4576667.500 5300238.170
2099 410.720 4576748.980 5300107.060
2100 411.260 4576732.350 5300114.510
2101 411.249 4576727.620 5300118.870
2102 411.224 4576721.530 5300128.780
2103 411.129 4576717.740 5300137.440
2104 411.199 4576713.820 5300138.700
2105 409.029 4576727.870 5300139.590
2106 408.172 4576706.380 5300171.450
2107 406.860 4576685.220 5300203.340
2108 405.063 4576664.770 5300235.620
2109 411.469 4576702.190 5300085.430
2110 411.315 4576713.880 5300103.380
2111 411.216 4576708.900 5300128.900
2112 411.237 4576717.570 5300121.700
2113 411.337 4576670.030 5300085.820
2114 411.373 4576682.730 5300054.080
2115 411.355 4576676.460 5300069.980
2116 411.414 4576695.610 5300030.460
2117 410.546 4575901.230 5299870.370
2118 410.501 4575974.850 5299922.760
2119 410.513 4575999.370 5299933.250
2120 410.469 4575874.850 5299872.760
2121 410.152 4575824.850 5299872.760
2122 409.615 4575774.850 5299872.760
2123 409.209 4575724.850 5299872.760
2124 409.090 4575674.850 5299872.760
2125 409.426 4575624.850 5299872.760
2126 409.506 4575527.610 5299813.190
2127 409.561 4575574.850 5299872.760
2128 409.399 4575501.160 5299852.120
2129 411.185 4576941.620 5300017.650
2130 411.319 4576931.930 5300036.550
2131 411.277 4576925.160 5300047.120
2132 411.310 4576930.500 5300038.790
2133 408.812 4576924.000 5300070.760
2134 408.890 4576928.710 5300072.060
2135 408.977 4576931.930 5300074.900
2136 409.061 4576930.830 5300103.610
2137 411.172 4576921.020 5300052.070
2138 411.391 4576921.460 5300055.560
2139 411.448 4576920.710 5300057.930
2140 411.475 4576919.680 5300060.180
2141 411.694 4576919.540 5300067.710
2142 411.699 4576917.430 5300069.900
2143 408.985 4576907.000 5300098.970
2144 409.074 4576902.870 5300103.380
2145 411.616 4576894.060 5300106.020
2146 409.319 4576995.030 5300120.700
2147 409.394 4576992.420 5300130.270
2148 409.403 4576995.940 5300131.720
2149 409.078 4576954.510 5300089.630
2150 409.166 4576960.430 5300091.210
2151 409.239 4576974.540 5300102.500
2152 411.641 4576897.660 5300108.670
2153 409.242 4576899.860 5300105.780
2154 408.943 4576934.990 5300101.790
2155 409.109 4576904.650 5300104.650
2156 409.139 4576920.810 5300108.800
2157 409.097 4576927.930 5300110.250
2158 409.157 4576921.550 5300111.960
2159 409.211 4576926.010 5300112.690
2160 407.946 4576915.450 5300043.330
2161 405.732 4576886.620 5300069.670
2162 405.074 4576859.150 5300097.080
2163 403.371 4576830.190 5300123.470
2164 402.947 4576801.830 5300150.120
2165 402.345 4576770.670 5300174.380
2166 401.943 4576739.410 5300198.310
2167 402.688 4576707.900 5300221.800
2168 402.558 4576676.240 5300244.930
2169 404.012 4576644.400 5300267.680
2170 410.699 4576725.620 5300136.910
2171 411.178 4576705.140 5300146.490
2172 411.016 4576717.340 5300140.850
2173 411.148 4576698.600 5300159.110
2174 411.164 4576700.700 5300152.390
2175 411.101 4576697.950 5300163.770
2176 409.577 4576703.970 5300168.910
2177 408.212 4576682.680 5300200.820
2178 407.059 4576661.720 5300232.770
2179 405.295 4576641.490 5300265.100
2180 411.142 4576683.840 5300160.070
2181 411.264 4576705.000 5300120.080
2182 411.311 4576662.570 5300096.070
2183 411.268 4576655.510 5300067.540
2184 411.307 4576666.750 5300052.810
2185 411.318 4576671.240 5300024.880
2186 411.333 4576675.770 5300017.770
2187 410.345 4575905.340 5299918.920
2188 410.381 4575934.880 5299938.330
2189 410.318 4575974.850 5299972.760
2190 410.481 4576001.110 5299980.750
2191 410.010 4575874.850 5299922.760
2192 409.371 4575824.850 5299922.760
2193 409.134 4575774.850 5299922.760
2194 409.124 4575724.850 5299922.760
2195 409.490 4575674.850 5299922.760
2196 409.548 4575624.850 5299922.760
2197 409.397 4575524.850 5299872.760
2198 409.293 4575574.850 5299922.760
2199 409.194 4575487.210 5299897.050
2200 411.210 4576920.500 5300046.620
2201 408.936 4576917.230 5300086.150
2202 411.268 4576918.200 5300058.660
2203 411.513 4576916.900 5300065.590
2204 411.587 4576914.490 5300071.090
2205 409.722 4576897.540 5300113.630
2206 409.848 4576894.380 5300117.630
2207 411.521 4576895.190 5300102.280
2208 411.489 4576893.040 5300105.280
2209 411.577 4576891.730 5300109.200
2210 409.297 4576969.750 5300122.000
2211 409.486 4576983.180 5300144.350
2212 409.167 4576959.160 5300119.380
2213 409.812 4576895.170 5300118.240
2214 409.675 4576900.250 5300115.760
2215 409.758 4576896.480 5300119.240
2216 409.315 4576933.600 5300122.440
2217 409.526 4576908.400 5300122.150
2218 409.432 4576916.710 5300118.730
2219 409.340 4576927.180 5300118.880
2220 409.583 4576903.180 5300124.490
2221 409.523 4576906.840 5300124.140
2222 409.496 4576939.230 5300131.960
2223 409.856 4576893.970 5300118.800
2224 411.599 4576878.080 5300135.580
2225 408.092 4576891.800 5300073.030
2226 406.409 4576864.970 5300100.890
2227 404.729 4576835.990 5300127.340
2228 403.400 4576807.420 5300153.700
2229 402.903 4576779.130 5300180.550
2230 402.184 4576747.900 5300204.620
2231 401.743 4576716.570 5300228.390
2232 402.645 4576684.970 5300251.690
2233 402.373 4576653.220 5300274.640
2234 403.421 4576621.290 5300297.200
2235 410.817 4576701.530 5300166.160
2236 411.098 4576683.610 5300179.130
2237 411.080 4576672.890 5300182.570
2238 411.204 4576656.400 5300188.660
2239 411.099 4576654.980 5300200.090
2240 410.127 4576680.060 5300198.220
2241 408.320 4576658.980 5300230.190
2242 407.255 4576638.230 5300262.200
2243 405.406 4576618.210 5300294.570
2244 411.288 4576648.820 5300164.520
2245 411.227 4576632.950 5300171.550
2246 411.315 4576657.090 5300148.660
2247 411.281 4576653.780 5300108.590
2248 411.224 4576642.420 5300086.430
2249 411.890 4576620.540 5300026.430
2250 409.764 4575924.850 5299972.760
2251 409.453 4575974.850 5300022.760
2252 409.755 4576002.650 5300029.190
2253 409.224 4575874.850 5299972.760
2254 409.029 4575824.850 5299972.760
2255 409.159 4575774.850 5299972.760
2256 409.570 4575724.850 5299972.760
2257 409.569 4575674.850 5299972.760
2258 409.241 4575624.850 5299972.760
2259 408.929 4575574.850 5299972.760
2260 409.121 4575524.850 5299922.760
2261 409.176 4575474.850 5299922.760
2262 410.578 4576896.630 5300076.160
2263 411.631 4576892.390 5300117.580
2264 411.070 4576889.460 5300102.710
2265 411.073 4576887.150 5300105.910
2266 411.498 4576880.170 5300127.110
2267 411.400 4576875.290 5300133.420
2268 409.481 4576961.980 5300140.100
2269 409.671 4576968.620 5300154.920
2270 409.558 4576946.850 5300137.170
2271 409.790 4576895.760 5300120.170
2272 409.687 4576899.920 5300123.770
2273 409.643 4576902.290 5300125.640
2274 409.511 4576922.970 5300130.810
2275 409.553 4576905.270 5300126.140
2276 409.599 4576925.770 5300140.150
2277 411.582 4576887.020 5300124.380
2278 409.536 4576883.220 5300137.290
2279 409.461 4576881.520 5300139.460
2280 411.600 4576875.800 5300138.530
2281 411.044 4576865.000 5300140.490
2282 408.590 4576870.440 5300104.470
2283 406.550 4576841.560 5300131.040
2284 404.348 4576813.130 5300157.330
2285 403.383 4576784.480 5300184.190
2286 402.855 4576756.430 5300210.990
2287 401.994 4576725.120 5300234.870
2288 401.596 4576693.720 5300258.460
2289 402.552 4576662.040 5300281.580
2290 402.207 4576630.210 5300304.340
2291 403.545 4576598.190 5300326.710
2292 411.209 4576626.070 5300192.880
2293 410.929 4576677.440 5300195.420
2294 411.042 4576669.000 5300202.130
2295 410.998 4576649.790 5300218.250
2296 411.010 4576658.640 5300214.340
2297 411.251 4576633.690 5300215.230
2298 410.975 4576647.320 5300225.750
2299 411.122 4576624.380 5300242.640
2300 410.507 4576656.160 5300227.550
2301 408.785 4576635.290 5300259.570
2302 407.074 4576614.730 5300291.630
2303 405.943 4576594.920 5300324.050
2304 411.192 4576624.410 5300172.790
2305 411.220 4576636.600 5300127.790
2306 411.205 4576634.800 5300112.300
2307 411.813 4576594.360 5300048.230
2308 409.089 4575924.850 5300022.760
2309 409.120 4575969.800 5300053.240
2310 409.067 4575874.850 5300022.760
2311 409.195 4575824.850 5300022.760
2312 409.592 4575774.850 5300022.760
2313 409.509 4575724.850 5300022.760
2314 409.100 4575674.850 5300022.760
2315 408.890 4575624.850 5300022.760
2316 409.208 4575574.850 5300022.760
2317 409.295 4575524.850 5300022.760
2318 409.192 4575524.850 5299972.760
2319 409.222 4575484.280 5299944.460
2320 411.892 4576875.540 5300107.800
2321 411.720 4576863.030 5300130.590
2322 411.857 4576858.250 5300135.040
2323 409.659 4576954.030 5300165.470
2324 409.671 4576933.900 5300159.800
2325 409.634 4576894.650 5300130.460
2326 409.476 4576922.150 5300140.100
2327 409.584 4576885.650 5300139.080
2328 409.588 4576889.410 5300134.290
2329 409.414 4576879.820 5300141.630
2330 411.578 4576872.200 5300146.190
2331 411.057 4576859.680 5300147.290
2332 411.451 4576865.090 5300151.570
2333 411.581 4576867.490 5300152.160
2334 408.783 4576846.780 5300134.510
2335 406.518 4576818.590 5300160.810
2336 404.511 4576789.930 5300187.890
2337 403.366 4576761.650 5300214.700
2338 402.807 4576733.730 5300241.420
2339 401.814 4576702.350 5300265.120
2340 401.471 4576670.880 5300288.540
2341 402.434 4576639.110 5300311.470
2342 402.494 4576607.200 5300334.040
2343 403.226 4576577.650 5300353.070
2344 411.193 4576617.180 5300234.900
2345 411.164 4576614.320 5300200.050
2346 411.187 4576617.590 5300219.430
2347 411.103 4576600.340 5300191.690
2348 410.986 4576653.350 5300224.680
2349 411.000 4576634.410 5300236.610
2350 410.963 4576639.460 5300234.830
2351 410.986 4576627.550 5300246.640
2352 411.165 4576609.480 5300242.140
2353 411.189 4576613.960 5300253.280
2354 411.085 4576617.290 5300255.490
2355 410.569 4576632.260 5300256.880
2356 409.255 4576611.590 5300288.950
2357 407.194 4576591.240 5300321.060
2358 405.955 4576575.150 5300349.840
2359 411.102 4576601.040 5300184.550
2360 411.812 4576585.050 5300082.300
2361 411.016 4576578.010 5300201.940
2362 411.008 4576575.260 5300208.830
2363 409.106 4575924.850 5300072.760
2364 409.125 4575949.800 5300094.740
2365 409.297 4575874.850 5300072.760
2366 409.652 4575824.850 5300072.760
2367 409.371 4575774.850 5300072.760
2368 408.895 4575724.850 5300072.760
2369 408.783 4575674.850 5300072.760
2370 409.225 4575624.850 5300072.760
2371 409.282 4575574.850 5300072.760
2372 409.028 4575524.850 5300072.760
2373 409.031 4575474.850 5300022.760
2374 409.258 4575477.630 5299987.040
2375 411.359 4576851.640 5300137.740
2376 409.644 4576920.010 5300190.080
2377 409.727 4576917.730 5300174.050
2378 409.690 4576915.150 5300193.590
2379 409.542 4576886.810 5300152.580
2380 409.646 4576870.500 5300154.660
2381 411.806 4576839.630 5300166.200
2382 411.367 4576861.920 5300155.280
2383 411.693 4576834.220 5300177.190
2384 411.598 4576839.120 5300170.860
2385 411.556 4576865.360 5300158.200
2386 408.988 4576823.690 5300164.050
2387 406.150 4576795.130 5300191.400
2388 404.719 4576766.960 5300218.470
2389 403.349 4576738.680 5300245.050
2390 402.759 4576711.030 5300271.850
2391 401.597 4576679.570 5300295.370
2392 401.368 4576648.030 5300318.610
2393 402.569 4576616.180 5300341.360
2394 402.274 4576586.780 5300360.490
2395 403.191 4576557.110 5300379.420
2396 405.643 4576554.290 5300377.050
2397 411.090 4576592.590 5300230.230
2398 410.968 4576563.250 5300226.580
2399 410.905 4576629.270 5300253.960
2400 410.963 4576620.390 5300258.010
2401 411.110 4576592.110 5300275.060
2402 411.043 4576605.140 5300276.550
2403 410.358 4576608.360 5300286.200
2404 409.720 4576587.900 5300318.330
2405 407.221 4576572.290 5300346.140
2406 411.673 4576524.910 5300169.940
2407 410.906 4576547.860 5300218.790
2408 411.603 4576505.700 5300172.540
2409 410.375 4576309.020 5300146.390
2410 409.427 4575924.850 5300122.760
2411 409.356 4575950.830 5300142.620
2412 409.638 4575874.850 5300122.760
2413 409.295 4575824.850 5300122.760
2414 408.688 4575774.850 5300122.760
2415 408.776 4575724.850 5300122.760
2416 409.242 4575674.850 5300122.760
2417 409.290 4575624.850 5300122.760
2418 409.010 4575574.850 5300122.760
2419 408.505 4575524.850 5300122.760
2420 408.667 4575474.850 5300072.760
2421 408.975 4575432.070 5300003.430
2422 408.485 4575474.850 5300122.760
2423 411.299 4576828.450 5300167.070
2424 409.751 4576910.290 5300197.110
2425 409.705 4576900.570 5300204.140
2426 409.626 4576898.800 5300205.270
2427 411.806 4576807.450 5300207.080
2428 411.699 4576812.550 5300211.830
2429 411.237 4576813.640 5300217.450
2430 409.645 4576916.300 5300179.210
2431 409.434 4576878.580 5300170.250
2432 409.369 4576860.330 5300176.890
2433 411.778 4576829.310 5300183.520
2434 410.997 4576840.590 5300179.840
2435 411.537 4576849.680 5300181.650
2436 409.534 4576869.650 5300179.030
2437 409.015 4576799.970 5300194.670
2438 406.004 4576771.990 5300222.030
2439 404.745 4576743.690 5300248.710
2440 403.325 4576715.680 5300275.530
2441 402.724 4576688.340 5300302.280
2442 401.363 4576656.800 5300325.620
2443 401.992 4576625.190 5300348.690
2444 402.437 4576595.890 5300367.910
2445 402.073 4576566.360 5300386.950
2446 402.861 4576536.580 5300405.780
2447 405.096 4576533.530 5300403.860
2448 407.013 4576551.000 5300374.300
2449 404.743 4576512.970 5300430.390
2450 410.914 4576548.000 5300244.710
2451 410.905 4576605.200 5300283.230
2452 411.092 4576586.340 5300286.960
2453 411.130 4576595.800 5300285.680
2454 410.831 4576584.460 5300315.530
2455 409.218 4576569.630 5300342.680
2456 410.856 4576532.260 5300254.790
2457 410.852 4576532.020 5300238.510
2458 411.575 4576493.440 5300190.950
2459 410.442 4576374.850 5300172.760
2460 410.309 4576324.850 5300172.760
2461 410.468 4576276.490 5300184.380
2462 409.326 4576016.210 5300194.430
2463 409.579 4575980.100 5300180.250
2464 409.655 4575924.850 5300172.760
2465 409.113 4575874.850 5300172.760
2466 408.407 4575824.850 5300172.760
2467 408.763 4575774.850 5300172.760
2468 409.260 4575724.850 5300172.760
2469 409.245 4575674.850 5300172.760
2470 408.851 4575624.850 5300172.760
2471 408.541 4575574.850 5300172.760
2472 408.521 4575524.850 5300172.760
2473 408.451 4575424.850 5300072.760
2474 408.430 4575395.660 5300037.560
2475 408.811 4575474.850 5300172.760
2476 408.784 4575424.850 5300122.760
2477 404.169 4576492.720 5300456.780
2478 411.264 4576804.480 5300197.710
2479 411.787 4576806.940 5300210.640
2480 411.848 4576803.760 5300205.490
2481 411.725 4576793.200 5300237.370
2482 409.597 4576894.900 5300201.560
2483 409.657 4576895.600 5300206.350
2484 409.710 4576896.100 5300208.810
2485 409.665 4576900.100 5300208.880
2486 411.777 4576819.510 5300196.170
2487 409.238 4576833.630 5300229.120
2488 409.583 4576886.920 5300199.130
2489 409.461 4576857.880 5300189.000
2490 409.350 4576868.380 5300192.320
2491 409.299 4576835.640 5300234.770
2492 409.332 4576840.070 5300236.660
2493 409.240 4576815.350 5300251.420
2494 409.179 4576827.280 5300255.630
2495 409.700 4576908.380 5300213.980
2496 408.743 4576776.660 5300225.330
2497 405.930 4576748.410 5300252.170
2498 404.378 4576720.370 5300279.240
2499 403.312 4576692.900 5300306.010
2500 402.671 4576665.640 5300332.710
2501 401.300 4576634.020 5300355.870
2502 402.062 4576605.020 5300375.340
2503 402.296 4576575.600 5300394.460
2504 401.957 4576545.940 5300413.400
2505 402.378 4576516.040 5300432.140
2506 406.913 4576529.910 5300401.590
2507 408.891 4576547.850 5300371.640
2508 406.837 4576509.240 5300428.270
2509 406.812 4576489.230 5300454.640
2510 411.044 4576572.210 5300306.800
2511 410.888 4576539.030 5300266.640
2512 410.825 4576522.960 5300270.370
2513 411.025 4576566.260 5300317.600
2514 411.073 4576581.120 5300312.500
2515 410.691 4576566.940 5300339.200
2516 410.768 4576506.890 5300274.090
2517 411.580 4576488.890 5300212.600
2518 410.360 4576424.850 5300222.760
2519 410.251 4576374.850 5300222.760
2520 410.501 4576324.850 5300222.760
2521 409.778 4576274.850 5300222.760
2522 409.309 4576244.010 5300222.400
2523 409.270 4576142.380 5300235.440
2524 409.241 4576109.090 5300204.290
2525 409.218 4576063.570 5300206.690
2526 409.605 4576024.850 5300222.760
2527 409.521 4575974.850 5300222.760
2528 408.837 4575924.850 5300222.760
2529 408.207 4575874.850 5300222.760
2530 408.742 4575824.850 5300222.760
2531 409.300 4575774.850 5300222.760
2532 409.243 4575724.850 5300222.760
2533 408.799 4575674.850 5300222.760
2534 408.578 4575624.850 5300222.760
2535 408.557 4575574.850 5300222.760
2536 408.839 4575524.850 5300222.760
2537 408.922 4575370.580 5300078.660
2538 409.208 4575474.850 5300222.760
2539 409.192 4575424.850 5300172.760
2540 409.154 4575374.850 5300122.760
2541 403.511 4576472.860 5300483.140
2542 402.096 4576495.500 5300458.490
2543 411.287 4576781.020 5300228.400
2544 411.683 4576778.640 5300262.090
2545 411.679 4576774.310 5300268.270
2546 409.558 4576888.170 5300205.890
2547 409.582 4576882.220 5300201.870
2548 409.543 4576892.030 5300212.740
2549 409.672 4576903.180 5300210.670
2550 409.341 4576841.090 5300230.090
2551 409.414 4576872.150 5300197.830
2552 409.360 4576839.550 5300239.830
2553 409.287 4576843.080 5300236.430
2554 409.128 4576818.790 5300267.430
2555 409.242 4576816.850 5300270.240
2556 409.392 4576839.280 5300255.830
2557 409.693 4576907.890 5300221.010
2558 409.755 4576911.910 5300220.080
2559 410.073 4576957.670 5300266.940
2560 409.202 4576752.790 5300255.360
2561 405.958 4576724.770 5300282.720
2562 404.226 4576697.480 5300309.760
2563 403.277 4576669.830 5300336.140
2564 401.672 4576642.940 5300363.140
2565 401.429 4576614.010 5300382.650
2566 402.051 4576584.860 5300402.000
2567 402.154 4576555.310 5300421.020
2568 401.859 4576525.530 5300439.850
2569 406.212 4576470.150 5300480.940
2570 408.710 4576526.320 5300399.330
2571 410.372 4576544.720 5300369.020
2572 408.680 4576505.410 5300426.100
2573 408.558 4576485.540 5300452.360
2574 411.031 4576568.630 5300309.970
2575 410.783 4576510.470 5300288.580
2576 411.008 4576561.510 5300323.760
2577 410.908 4576564.310 5300335.450
2578 411.273 4576474.850 5300272.760
2579 411.398 4576424.850 5300272.760
2580 410.504 4576374.850 5300272.760
2581 409.366 4576324.850 5300272.760
2582 409.350 4576274.850 5300272.760
2583 409.315 4576211.840 5300260.690
2584 409.299 4576173.620 5300271.670
2585 409.271 4576124.850 5300272.760
2586 409.707 4576074.850 5300272.760
2587 409.349 4576024.850 5300272.760
2588 408.487 4575974.850 5300272.760
2589 408.027 4575924.850 5300272.760
2590 408.712 4575874.850 5300272.760
2591 409.334 4575824.850 5300272.760
2592 409.199 4575774.850 5300272.760
2593 408.746 4575724.850 5300272.760
2594 408.616 4575674.850 5300272.760
2595 408.595 4575624.850 5300272.760
2596 408.867 4575574.850 5300272.760
2597 409.214 4575524.850 5300272.760
2598 409.184 4575327.430 5300098.440
2599 409.079 4575474.850 5300272.760
2600 409.098 4575424.850 5300222.760
2601 409.147 4575374.850 5300172.760
2602 409.153 4575324.850 5300122.760
2603 403.811 4576447.340 5300513.820
2604 401.807 4576474.960 5300484.850
2605 401.765 4576505.110 5300466.300
2606 410.719 4576756.870 5300258.330
2607 411.779 4576752.800 5300280.460
2608 411.333 4576768.510 5300311.810
2609 411.566 4576742.040 5300326.170
2610 411.067 4576735.710 5300345.060
2611 409.545 4576883.970 5300216.600
2612 409.599 4576903.830 5300224.940
2613 409.539 4576865.710 5300231.290
2614 409.446 4576860.170 5300251.120
2615 409.323 4576838.380 5300283.190
2616 409.150 4576808.360 5300308.310
2617 408.969 4576793.620 5300320.580
2618 409.395 4576850.570 5300273.450
2619 409.660 4576906.830 5300226.520
2620 409.919 4576949.460 5300272.680
2621 408.911 4576786.020 5300327.930
2622 408.906 4576789.850 5300329.860
2623 408.753 4576728.830 5300285.920
2624 405.960 4576701.760 5300313.250
2625 403.734 4576674.020 5300339.580
2626 402.652 4576647.280 5300366.670
2627 401.800 4576623.060 5300390.030
2628 401.540 4576593.990 5300409.430
2629 402.080 4576564.690 5300428.650
2630 402.129 4576535.020 5300447.570
2631 406.468 4576444.560 5300511.550
2632 407.623 4576467.170 5300478.510
2633 409.962 4576522.850 5300397.150
2634 410.684 4576541.570 5300366.150
2635 409.964 4576501.800 5300424.050
2636 409.786 4576482.140 5300450.270
2637 410.857 4576524.850 5300322.760
2638 410.938 4576541.640 5300346.710
2639 410.661 4576474.850 5300322.760
2640 411.449 4576424.850 5300322.760
2641 411.259 4576374.850 5300322.760
2642 409.402 4576324.850 5300322.760
2643 409.376 4576274.850 5300322.760
2644 409.346 4576224.850 5300322.760
2645 409.314 4576174.850 5300322.760
2646 409.768 4576124.850 5300322.760
2647 409.054 4576074.850 5300322.760
2648 408.225 4576024.850 5300322.760
2649 408.065 4575974.850 5300322.760
2650 408.656 4575924.850 5300322.760
2651 409.375 4575874.850 5300322.760
2652 409.140 4575824.850 5300322.760
2653 408.675 4575774.850 5300322.760
2654 408.655 4575724.850 5300322.760
2655 408.633 4575674.850 5300322.760
2656 408.897 4575624.850 5300322.760
2657 409.215 4575574.850 5300322.760
2658 409.010 4575524.850 5300322.760
2659 409.051 4575279.180 5300103.730
2660 408.352 4575248.320 5300142.720
2661 408.459 4575474.850 5300322.760
2662 408.580 4575424.850 5300272.760
2663 408.580 4575374.850 5300222.760
2664 408.691 4575324.850 5300172.760
2665 403.972 4576421.910 5300544.570
2666 402.003 4576449.730 5300515.770
2667 401.660 4576484.690 5300492.760
2668 402.136 4576514.730 5300474.120
2669 411.698 4576744.690 5300302.930
2670 410.422 4576732.620 5300288.900
2671 411.602 4576740.090 5300323.130
2672 411.786 4576712.320 5300330.740
2673 411.768 4576709.180 5300329.640
2674 411.157 4576705.280 5300330.480
2675 411.224 4576703.100 5300333.850
2676 408.916 4576768.580 5300344.770
2677 410.841 4576730.520 5300356.970
2678 411.726 4576710.670 5300341.830
2679 410.870 4576725.140 5300365.130
2680 409.672 4576888.090 5300233.800
2681 409.582 4576865.200 5300257.570
2682 409.372 4576840.360 5300289.400
2683 409.037 4576809.860 5300318.410
2684 409.513 4576859.670 5300274.580
2685 409.800 4576941.350 5300278.570
2686 408.870 4576775.510 5300346.160
2687 408.765 4576705.690 5300316.460
2688 405.694 4576677.920 5300342.770
2689 403.160 4576651.600 5300370.190
2690 402.582 4576627.900 5300393.890
2691 402.157 4576603.190 5300416.910
2692 401.620 4576573.980 5300436.200
2693 402.145 4576544.520 5300455.310
2694 406.528 4576419.190 5300542.340
2695 408.166 4576441.290 5300508.870
2696 409.365 4576464.500 5300476.330
2697 406.341 4576394.100 5300573.380
2698 410.527 4576519.240 5300394.720
2699 410.387 4576497.950 5300421.740
2700 410.206 4576478.430 5300447.900
2701 410.677 4576474.850 5300372.760
2702 410.584 4576424.850 5300372.760
2703 411.310 4576374.850 5300372.760
2704 409.431 4576324.850 5300372.760
2705 409.394 4576274.850 5300372.760
2706 409.356 4576224.850 5300372.760
2707 409.748 4576174.850 5300372.760
2708 408.572 4576124.850 5300372.760
2709 408.125 4576074.850 5300372.760
2710 408.104 4576024.850 5300372.760
2711 408.585 4575974.850 5300372.760
2712 409.423 4575924.850 5300372.760
2713 409.064 4575874.850 5300372.760
2714 408.716 4575824.850 5300372.760
2715 408.695 4575774.850 5300372.760
2716 408.672 4575724.850 5300372.760
2717 408.927 4575674.850 5300372.760
2718 409.231 4575624.850 5300372.760
2719 408.943 4575574.850 5300372.760
2720 408.432 4575524.850 5300372.760
2721 408.172 4575248.730 5300178.130
2722 408.299 4575474.850 5300372.760
2723 408.358 4575274.850 5300172.760
2724 408.268 4575424.850 5300322.760
2725 408.237 4575374.850 5300272.760
2726 408.281 4575324.850 5300222.760
2727 408.430 4574966.160 5300044.040
2728 408.568 4574982.900 5300080.670
2729 404.034 4576396.620 5300575.440
2730 402.060 4576424.500 5300546.690
2731 401.627 4576459.470 5300523.720
2732 402.143 4576494.440 5300500.680
2733 402.201 4576524.360 5300481.960
2734 410.687 4576709.360 5300319.440
2735 411.771 4576697.320 5300352.010
2736 410.924 4576702.520 5300331.160
2737 411.776 4576700.800 5300340.870
2738 411.785 4576693.820 5300354.380
2739 411.781 4576691.220 5300353.690
2740 411.783 4576690.020 5300355.300
2741 410.838 4576731.040 5300393.470
2742 411.723 4576699.170 5300356.820
2743 409.878 4576933.250 5300284.470
2744 411.235 4576726.540 5300409.970
2745 407.266 4576681.480 5300345.680
2746 406.062 4576655.590 5300373.440
2747 404.476 4576632.700 5300397.740
2748 402.591 4576608.150 5300420.880
2749 401.997 4576583.310 5300443.800
2750 401.663 4576553.960 5300462.980
2751 406.074 4576369.190 5300604.550
2752 409.980 4576461.510 5300473.840
2753 408.445 4576415.770 5300539.540
2754 409.760 4576438.350 5300506.460
2755 408.393 4576390.710 5300570.590
2756 410.701 4576474.850 5300422.760
2757 410.090 4576459.080 5300471.900
2758 410.497 4576424.850 5300422.760
2759 410.910 4576374.850 5300422.760
2760 411.171 4576324.850 5300422.760
2761 409.395 4576274.850 5300422.760
2762 409.374 4576224.850 5300422.760
2763 408.188 4576174.850 5300422.760
2764 408.169 4576124.850 5300422.760
2765 408.146 4576074.850 5300422.760
2766 408.552 4576024.850 5300422.760
2767 409.422 4575974.850 5300422.760
2768 408.964 4575924.850 5300422.760
2769 408.758 4575874.850 5300422.760
2770 408.736 4575824.850 5300422.760
2771 408.712 4575774.850 5300422.760
2772 408.958 4575724.850 5300422.760
2773 409.244 4575674.850 5300422.760
2774 408.774 4575624.850 5300422.760
2775 408.348 4575574.850 5300422.760
2776 408.332 4575524.850 5300422.760
2777 408.750 4575034.150 5300143.810
2778 408.179 4575234.040 5300218.080
2779 408.316 4575474.850 5300422.760
2780 408.284 4575424.850 5300372.760
2781 408.192 4575274.850 5300222.760
2782 408.252 4575374.850 5300322.760
2783 408.222 4575324.850 5300272.760
2784 408.327 4575164.410 5300191.520
2785 408.316 4575127.590 5300165.960
2786 408.501 4575171.190 5300228.380
2787 408.594 4574917.680 5300031.770
2788 408.952 4574924.850 5300072.760
2789 408.873 4574991.200 5300119.620
2790 405.929 4576344.470 5300635.870
2791 404.065 4576371.420 5300606.380
2792 402.076 4576399.270 5300577.620
2793 401.595 4576434.240 5300554.680
2794 402.060 4576469.220 5300531.670
2795 402.300 4576504.190 5300508.620
2796 401.683 4576533.950 5300489.750
2797 410.427 4576684.800 5300348.390
2798 411.765 4576694.060 5300357.060
2799 411.149 4576685.280 5300355.500
2800 411.209 4576715.670 5300414.670
2801 411.461 4576675.320 5300426.560
2802 411.117 4576680.090 5300463.340
2803 411.470 4576672.250 5300428.980
2804 411.048 4576675.960 5300462.010
2805 407.817 4576659.230 5300376.400
2806 406.599 4576637.180 5300401.330
2807 404.798 4576613.060 5300424.800
2808 402.451 4576588.050 5300447.600
2809 401.945 4576563.430 5300470.690
2810 408.157 4576365.950 5300601.880
2811 409.977 4576435.100 5300503.710
2812 409.771 4576412.660 5300536.990
2813 409.756 4576387.600 5300568.040
2814 410.521 4576424.850 5300472.760
2815 410.326 4576374.850 5300472.760
2816 411.222 4576324.850 5300472.760
2817 407.770 4576341.500 5300633.410
2818 411.032 4576274.850 5300472.760
2819 408.242 4576224.850 5300472.760
2820 408.221 4576174.850 5300472.760
2821 408.192 4576124.850 5300472.760
2822 408.553 4576074.850 5300472.760
2823 409.421 4576024.850 5300472.760
2824 408.820 4575974.850 5300472.760
2825 408.801 4575924.850 5300472.760
2826 408.778 4575874.850 5300472.760
2827 408.753 4575824.850 5300472.760
2828 408.990 4575774.850 5300472.760
2829 409.240 4575724.850 5300472.760
2830 408.695 4575674.850 5300472.760
2831 408.382 4575624.850 5300472.760
2832 408.366 4575574.850 5300472.760
2833 408.349 4575524.850 5300472.760
2834 408.489 4575080.550 5300161.750
2835 408.985 4575024.850 5300172.760
2836 408.192 4575249.010 5300248.800
2837 408.330 4575474.850 5300472.760
2838 408.298 4575424.850 5300422.760
2839 408.267 4575374.850 5300372.760
2840 408.206 4575274.850 5300272.760
2841 408.236 4575324.850 5300322.760
2842 408.767 4575124.850 5300222.760
2843 408.891 4575163.410 5300267.210
2844 408.967 4574868.500 5300039.360
2845 409.023 4574874.850 5300072.760
2846 409.010 4574924.850 5300122.760
2847 409.024 4574974.850 5300172.760
2848 405.526 4576293.130 5300691.620
2849 405.752 4576318.760 5300663.700
2850 404.012 4576346.340 5300637.410
2851 402.095 4576374.040 5300608.540
2852 401.563 4576409.020 5300585.640
2853 401.979 4576444.010 5300562.670
2854 402.195 4576478.980 5300539.650
2855 401.669 4576513.930 5300516.530
2856 401.849 4576543.560 5300497.570
2857 411.590 4576662.620 5300379.160
2858 411.742 4576637.580 5300427.330
2859 411.738 4576635.100 5300430.470
2860 411.726 4576639.240 5300431.560
2861 411.496 4576672.320 5300424.980
2862 411.765 4576644.930 5300414.010
2863 411.738 4576640.230 5300426.870
2864 411.465 4576666.880 5300436.640
2865 411.447 4576663.590 5300443.500
2866 410.980 4576667.620 5300455.560
2867 410.323 4576641.250 5300404.590
2868 407.468 4576617.690 5300428.510
2869 404.605 4576592.710 5300451.340
2870 402.346 4576568.020 5300474.380
2871 409.723 4576362.950 5300599.410
2872 410.012 4576409.280 5300534.100
2873 409.953 4576384.270 5300565.160
2874 410.340 4576374.850 5300522.760
2875 410.257 4576324.850 5300522.760
2876 409.343 4576338.750 5300631.130
2877 407.936 4576315.700 5300661.060
2878 411.083 4576274.850 5300522.760
2879 407.997 4576290.050 5300688.870
2880 405.266 4576267.610 5300719.640
2881 410.894 4576224.850 5300522.760
2882 408.247 4576174.850 5300522.760
2883 408.414 4576124.850 5300522.760
2884 409.414 4576074.850 5300522.760
2885 408.864 4576024.850 5300522.760
2886 408.845 4575974.850 5300522.760
2887 408.822 4575924.850 5300522.760
2888 408.795 4575874.850 5300522.760
2889 408.997 4575824.850 5300522.760
2890 409.221 4575774.850 5300522.760
2891 408.590 4575724.850 5300522.760
2892 408.417 4575674.850 5300522.760
2893 408.401 4575624.850 5300522.760
2894 408.383 4575574.850 5300522.760
2895 408.363 4575524.850 5300522.760
2896 409.032 4575074.850 5300222.760
2897 409.017 4575024.850 5300222.760
2898 408.544 4575220.930 5300289.210
2899 408.708 4575474.850 5300522.760
2900 408.630 4575424.850 5300472.760
2901 408.599 4575374.850 5300422.760
2902 408.570 4575324.850 5300372.760
2903 408.542 4575274.850 5300322.760
2904 409.006 4575175.890 5300301.660
2905 409.046 4575124.850 5300272.760
2906 408.953 4574824.850 5300072.760
2907 408.955 4574874.850 5300122.760
2908 408.933 4574924.850 5300172.760
2909 408.876 4574974.850 5300222.760
2910 404.909 4576242.260 5300747.810
2911 403.405 4576295.510 5300693.770
2912 403.728 4576320.900 5300665.570
2913 402.114 4576348.810 5300639.460
2914 401.531 4576383.800 5300616.600
2915 401.896 4576418.790 5300593.670
2916 402.089 4576453.770 5300570.680
2917 401.669 4576488.730 5300547.600
2918 401.752 4576523.680 5300524.460
2919 402.467 4576547.930 5300501.110
2920 411.349 4576645.090 5300407.650
2921 411.742 4576631.280 5300431.280
2922 411.730 4576635.270 5300433.160
2923 411.686 4576642.240 5300434.630
2924 411.605 4576649.860 5300437.100
2925 411.519 4576656.260 5300441.920
2926 411.469 4576659.970 5300444.770
2927 411.401 4576663.880 5300450.110
2928 410.315 4576621.880 5300431.860
2929 407.174 4576597.170 5300454.920
2930 404.465 4576572.510 5300478.000
2931 403.038 4576270.180 5300722.030
2932 409.882 4576359.800 5300596.640
2933 410.196 4576372.040 5300568.970
2934 410.162 4576324.850 5300572.760
2935 409.797 4576335.900 5300628.560
2936 409.838 4576334.090 5300627.200
2937 409.501 4576312.710 5300658.480
2938 410.547 4576274.850 5300572.760
2939 409.582 4576286.900 5300686.050
2940 407.935 4576264.580 5300716.860
2941 410.944 4576224.850 5300572.760
2942 407.706 4576239.370 5300745.080
2943 408.255 4576174.850 5300572.760
2944 409.301 4576124.850 5300572.760
2945 408.910 4576074.850 5300572.760
2946 408.892 4576024.850 5300572.760
2947 408.867 4575974.850 5300572.760
2948 408.838 4575924.850 5300572.760
2949 408.990 4575874.850 5300572.760
2950 409.167 4575824.850 5300572.760
2951 408.467 4575774.850 5300572.760
2952 408.453 4575724.850 5300572.760
2953 408.436 4575674.850 5300572.760
2954 408.417 4575624.850 5300572.760
2955 408.397 4575574.850 5300572.760
2956 408.796 4575524.850 5300572.760
2957 408.987 4575074.850 5300272.760
2958 408.857 4575024.850 5300272.760
2959 408.916 4575224.850 5300322.760
2960 409.087 4575474.850 5300572.760
2961 409.083 4575424.850 5300522.760
2962 409.060 4575374.850 5300472.760
2963 409.018 4575324.850 5300422.760
2964 408.945 4575274.850 5300372.760
2965 409.053 4575174.850 5300322.760
2966 408.972 4575124.850 5300322.760
2967 408.829 4574824.850 5300122.760
2968 408.745 4574874.850 5300172.760
2969 408.571 4574924.850 5300222.760
2970 408.583 4574974.850 5300272.760
2971 404.328 4576217.250 5300776.280
2972 402.606 4576244.940 5300750.380
2973 401.672 4576298.450 5300696.420
2974 401.741 4576323.630 5300667.940
2975 401.498 4576358.580 5300647.560
2976 401.814 4576393.580 5300624.670
2977 401.983 4576428.560 5300601.710
2978 401.680 4576463.530 5300578.670
2979 401.868 4576498.490 5300555.570
2980 402.521 4576527.740 5300527.760
2981 404.570 4576552.200 5300504.560
2982 411.451 4576625.890 5300435.030
2983 411.634 4576645.110 5300438.760
2984 411.532 4576652.660 5300444.610
2985 410.048 4576601.190 5300458.150
2986 406.913 4576576.860 5300481.500
2987 401.601 4576273.270 5300724.910
2988 404.296 4576193.130 5300802.260
2989 410.184 4576324.850 5300622.760
2990 409.804 4576309.660 5300655.620
2991 409.991 4576274.850 5300622.760
2992 409.802 4576283.710 5300682.960
2993 409.528 4576261.340 5300713.860
2994 410.994 4576224.850 5300622.760
2995 409.382 4576236.130 5300741.990
2996 407.363 4576214.660 5300773.720
2997 410.805 4576174.850 5300622.760
2998 407.218 4576190.360 5300799.740
2999 408.959 4576124.850 5300622.760
3000 408.942 4576074.850 5300622.760
3001 408.914 4576024.850 5300622.760
3002 408.882 4575974.850 5300622.760
3003 409.026 4575924.850 5300622.760
3004 409.086 4575874.850 5300622.760
3005 408.504 4575824.850 5300622.760
3006 408.490 4575774.850 5300622.760
3007 408.473 4575724.850 5300622.760
3008 408.453 4575674.850 5300622.760
3009 408.432 4575624.850 5300622.760
3010 408.936 4575574.850 5300622.760
3011 409.077 4575524.850 5300622.760
3012 408.778 4575074.850 5300322.760
3013 408.539 4575024.850 5300322.760
3014 409.054 4575224.850 5300372.760
3015 408.741 4575474.850 5300622.760
3016 408.890 4575424.850 5300572.760
3017 408.956 4575374.850 5300522.760
3018 409.026 4575324.850 5300472.760
3019 409.046 4575274.850 5300422.760
3020 408.913 4575174.850 5300372.760
3021 408.589 4575124.850 5300372.760
3022 408.682 4574774.850 5300122.760
3023 408.684 4574824.850 5300172.760
3024 408.614 4574874.850 5300222.760
3025 408.609 4574924.850 5300272.760
3026 408.661 4574974.850 5300322.760
3027 405.317 4576168.680 5300827.920
3028 402.123 4576219.890 5300778.880
3029 401.532 4576248.090 5300753.390
3030 401.554 4576308.990 5300705.910
3031 401.526 4576333.780 5300676.730
3032 401.729 4576368.360 5300655.660
3033 401.877 4576403.360 5300632.740
3034 401.707 4576438.330 5300609.740
3035 401.938 4576473.290 5300586.670
3036 402.505 4576502.640 5300558.950
3037 404.574 4576531.690 5300530.970
3038 406.909 4576556.380 5300507.940
3039 411.322 4576605.080 5300461.220
3040 409.896 4576580.770 5300484.650
3041 401.558 4576284.200 5300735.080
3042 402.137 4576195.990 5300804.910
3043 406.290 4576143.650 5300852.940
3044 410.003 4576274.850 5300672.760
3045 409.792 4576258.100 5300710.600
3046 409.930 4576224.850 5300672.760
3047 409.736 4576232.930 5300738.660
3048 408.766 4576211.600 5300770.710
3049 410.856 4576174.850 5300672.760
3050 409.131 4576186.800 5300796.870
3051 408.057 4576165.590 5300825.300
3052 410.666 4576124.850 5300672.760
3053 408.966 4576074.850 5300672.760
3054 408.746 4576139.980 5300849.920
3055 408.927 4576024.850 5300672.760
3056 408.929 4575974.850 5300672.760
3057 408.828 4575924.850 5300672.760
3058 408.543 4575874.850 5300672.760
3059 408.529 4575824.850 5300672.760
3060 408.511 4575774.850 5300672.760
3061 408.490 4575724.850 5300672.760
3062 408.467 4575674.850 5300672.760
3063 409.022 4575624.850 5300672.760
3064 409.030 4575574.850 5300672.760
3065 408.630 4575524.850 5300672.760
3066 408.475 4575074.850 5300372.760
3067 408.781 4575024.850 5300372.760
3068 408.887 4575224.850 5300422.760
3069 408.124 4575474.850 5300672.760
3070 408.363 4575424.850 5300622.760
3071 408.501 4575374.850 5300572.760
3072 408.585 4575324.850 5300522.760
3073 408.772 4575274.850 5300472.760
3074 408.509 4575174.850 5300422.760
3075 408.397 4575124.850 5300422.760
3076 408.982 4574774.850 5300172.760
3077 409.184 4574724.850 5300172.760
3078 409.016 4574824.850 5300222.760
3079 409.049 4574874.850 5300272.760
3080 409.081 4574924.850 5300322.760
3081 409.116 4574974.850 5300372.760
3082 408.111 4576118.250 5300877.500
3083 402.341 4576171.930 5300830.780
3084 401.463 4576222.910 5300781.870
3085 401.560 4576259.410 5300764.260
3086 401.711 4576319.480 5300715.330
3087 401.718 4576343.920 5300685.500
3088 401.771 4576378.150 5300663.770
3089 401.733 4576413.130 5300640.810
3090 402.007 4576448.100 5300617.780
3091 402.464 4576477.480 5300590.090
3092 404.520 4576506.700 5300562.270
3093 406.573 4576535.600 5300534.150
3094 409.711 4576560.130 5300510.980
3095 411.185 4576584.590 5300487.660
3096 401.695 4576295.040 5300745.170
3097 401.473 4576199.270 5300807.950
3098 402.543 4576147.550 5300856.290
3099 409.828 4576224.850 5300722.760
3100 409.490 4576208.620 5300767.460
3101 410.185 4576174.850 5300722.760
3102 409.545 4576183.310 5300793.800
3103 409.303 4576161.360 5300822.390
3104 410.717 4576124.850 5300722.760
3105 408.971 4576074.850 5300722.760
3106 409.488 4576134.750 5300846.610
3107 409.230 4576113.840 5300873.910
3108 408.922 4576024.850 5300722.760
3109 408.586 4575974.850 5300722.760
3110 408.582 4575924.850 5300722.760
3111 408.569 4575874.850 5300722.760
3112 408.550 4575824.850 5300722.760
3113 408.527 4575774.850 5300722.760
3114 408.503 4575724.850 5300722.760
3115 409.085 4575674.850 5300722.760
3116 408.945 4575624.850 5300722.760
3117 408.400 4575574.850 5300722.760
3118 408.154 4575524.850 5300722.760
3119 408.822 4575074.850 5300422.760
3120 409.193 4575024.850 5300422.760
3121 408.403 4575224.850 5300472.760
3122 408.136 4575474.850 5300722.760
3123 408.108 4575424.850 5300672.760
3124 408.079 4575374.850 5300622.760
3125 408.097 4575324.850 5300572.760
3126 408.307 4575274.850 5300522.760
3127 408.437 4575174.850 5300472.760
3128 408.923 4575124.850 5300472.760
3129 409.221 4574774.850 5300222.760
3130 409.328 4574724.850 5300222.760
3131 409.248 4574824.850 5300272.760
3132 409.308 4574874.850 5300322.760
3133 409.399 4574874.850 5300372.760
3134 409.349 4574924.850 5300372.760
3135 409.368 4574974.850 5300422.760
3136 402.950 4576122.970 5300881.570
3137 408.213 4576093.960 5300903.310
3138 401.482 4576175.630 5300834.030
3139 401.562 4576234.620 5300793.430
3140 401.688 4576270.600 5300775.000
3141 401.768 4576330.040 5300724.820
3142 401.770 4576354.090 5300694.300
3143 401.762 4576387.930 5300671.880
3144 402.077 4576422.900 5300648.880
3145 402.394 4576452.240 5300621.180
3146 404.385 4576481.590 5300593.460
3147 406.982 4576510.700 5300565.520
3148 409.484 4576539.100 5300536.990
3149 411.040 4576563.830 5300513.890
3150 401.776 4576305.990 5300755.350
3151 401.581 4576211.310 5300819.420
3152 401.492 4576151.990 5300860.110
3153 409.656 4576174.850 5300772.760
3154 409.600 4576157.190 5300819.330
3155 410.767 4576124.850 5300772.760
3156 410.578 4576074.850 5300772.760
3157 409.505 4576129.550 5300843.180
3158 409.429 4576107.390 5300869.940
3159 409.211 4576089.300 5300899.690
3160 408.616 4576024.850 5300772.760
3161 409.130 4576065.990 5300926.590
3162 408.624 4575974.850 5300772.760
3163 408.612 4575924.850 5300772.760
3164 408.591 4575874.850 5300772.760
3165 408.566 4575824.850 5300772.760
3166 408.539 4575774.850 5300772.760
3167 409.127 4575724.850 5300772.760
3168 408.761 4575674.850 5300772.760
3169 408.202 4575624.850 5300772.760
3170 408.185 4575574.850 5300772.760
3171 408.166 4575524.850 5300772.760
3172 409.250 4575074.850 5300472.760
3173 409.385 4575024.850 5300472.760
3174 408.482 4575224.850 5300522.760
3175 408.725 4575474.850 5300772.760
3176 408.687 4575424.850 5300722.760
3177 408.652 4575374.850 5300672.760
3178 408.590 4575324.850 5300622.760
3179 408.532 4575274.850 5300572.760
3180 408.959 4575174.850 5300522.760
3181 409.294 4575124.850 5300522.760
3182 409.340 4574774.850 5300272.760
3183 409.366 4574725.190 5300260.620
3184 409.371 4574824.850 5300322.760
3185 409.333 4574781.090 5300320.060
3186 409.318 4574834.680 5300385.990
3187 409.279 4574874.850 5300422.760
3188 409.381 4574974.850 5300472.760
3189 409.391 4574924.850 5300422.760
3190 408.096 4576070.540 5300929.920
3191 401.501 4576128.350 5300886.200
3192 403.073 4576098.990 5300907.510
3193 401.574 4576188.010 5300845.400
3194 401.705 4576246.170 5300804.840
3195 401.774 4576281.940 5300785.880
3196 402.077 4576340.590 5300734.310
3197 401.788 4576364.260 5300703.090
3198 402.146 4576397.710 5300679.990
3199 402.292 4576427.010 5300652.270
3200 404.163 4576456.340 5300624.550
3201 407.065 4576485.610 5300596.750
3202 409.649 4576514.290 5300568.460
3203 410.879 4576542.600 5300539.740
3204 402.185 4576316.920 5300765.520
3205 401.757 4576223.220 5300830.750
3206 401.575 4576164.700 5300871.390
3207 409.603 4576124.850 5300822.760
3208 410.629 4576074.850 5300822.760
3209 409.428 4576100.950 5300865.890
3210 409.343 4576082.250 5300895.750
3211 410.439 4576024.850 5300822.760
3212 409.368 4576058.860 5300923.160
3213 409.166 4576041.290 5300956.720
3214 408.662 4575974.850 5300822.760
3215 408.636 4575924.850 5300822.760
3216 408.606 4575874.850 5300822.760
3217 408.574 4575824.850 5300822.760
3218 409.121 4575774.850 5300822.760
3219 408.398 4575724.850 5300822.760
3220 408.236 4575674.850 5300822.760
3221 408.217 4575624.850 5300822.760
3222 408.197 4575574.850 5300822.760
3223 408.765 4575524.850 5300822.760
3224 409.430 4575074.850 5300522.760
3225 409.372 4575024.850 5300522.760
3226 409.090 4574974.850 5300522.760
3227 409.042 4575224.850 5300572.760
3228 409.466 4575474.850 5300822.760
3229 409.345 4575424.850 5300772.760
3230 409.251 4575374.850 5300722.760
3231 409.158 4575324.850 5300672.760
3232 409.105 4575274.850 5300622.760
3233 409.370 4575174.850 5300572.760
3234 409.441 4575124.850 5300572.760
3235 409.359 4574752.970 5300291.840
3236 409.362 4574723.710 5300262.550
3237 409.336 4574780.500 5300322.970
3238 409.351 4574807.970 5300354.150
3239 409.259 4574860.110 5300418.700
3240 409.268 4574829.960 5300390.100
3241 409.123 4574881.930 5300444.040
3242 409.199 4574924.850 5300472.760
3243 408.980 4574940.380 5300515.210
3244 409.059 4574902.390 5300470.560
3245 408.981 4574942.860 5300523.890
3246 408.958 4574963.780 5300550.040
3247 402.757 4576075.470 5300933.870
3248 408.189 4576045.720 5300960.000
3249 401.575 4576141.390 5300897.380
3250 401.512 4576104.710 5300912.280
3251 401.810 4576200.280 5300856.670
3252 401.763 4576257.880 5300816.400
3253 402.107 4576293.250 5300796.740
3254 402.587 4576351.130 5300743.790
3255 402.044 4576374.420 5300711.890
3256 402.191 4576401.790 5300683.360
3257 403.945 4576431.100 5300655.640
3258 407.005 4576460.310 5300627.810
3259 409.554 4576489.250 5300599.730
3260 410.733 4576517.940 5300571.390
3261 403.873 4576327.850 5300775.690
3262 401.842 4576235.270 5300842.220
3263 401.862 4576177.330 5300882.590
3264 408.174 4576020.900 5300990.090
3265 409.202 4576016.590 5300986.850
3266 409.822 4576074.850 5300872.760
3267 409.513 4576075.200 5300891.780
3268 410.490 4576024.850 5300872.760
3269 409.533 4576051.720 5300919.750
3270 409.377 4576034.380 5300953.180
3271 410.301 4575974.850 5300872.760
3272 408.647 4575924.850 5300872.760
3273 408.608 4575874.850 5300872.760
3274 408.951 4575824.850 5300872.760
3275 408.290 4575774.850 5300872.760
3276 408.273 4575724.850 5300872.760
3277 408.252 4575674.850 5300872.760
3278 408.230 4575624.850 5300872.760
3279 408.885 4575574.850 5300872.760
3280 409.514 4575524.850 5300872.760
3281 409.320 4575074.850 5300572.760
3282 409.022 4575024.850 5300572.760
3283 408.966 4575032.200 5300613.900
3284 409.011 4574984.200 5300576.590
3285 409.415 4575224.850 5300622.760
3286 409.323 4575474.850 5300872.760
3287 409.438 4575424.850 5300822.760
3288 409.484 4575374.850 5300772.760
3289 409.507 4575324.850 5300722.760
3290 409.440 4575274.850 5300672.760
3291 409.430 4575174.850 5300622.760
3292 409.157 4575124.850 5300622.760
3293 409.328 4574748.610 5300296.720
3294 409.353 4574720.150 5300266.990
3295 409.342 4574775.920 5300327.680
3296 409.325 4574803.190 5300358.670
3297 409.188 4574855.880 5300422.090
3298 409.246 4574825.070 5300394.330
3299 409.050 4574877.300 5300447.660
3300 409.058 4574922.190 5300497.550
3301 409.056 4574897.820 5300473.990
3302 408.980 4574938.580 5300526.860
3303 408.997 4574959.400 5300552.960
3304 401.525 4576081.070 5300938.360
3305 403.233 4576050.650 5300964.020
3306 401.915 4576154.390 5300908.500
3307 401.576 4576118.090 5300923.360
3308 401.936 4576212.660 5300868.040
3309 402.037 4576269.580 5300827.950
3310 404.346 4576304.560 5300807.590
3311 404.559 4576354.620 5300746.840
3312 402.902 4576378.210 5300715.100
3313 403.734 4576405.870 5300686.740
3314 406.853 4576435.020 5300658.880
3315 409.227 4576463.930 5300630.790
3316 410.631 4576492.980 5300602.800
3317 404.974 4576331.040 5300778.580
3318 402.093 4576247.310 5300853.680
3319 402.030 4576190.050 5300893.860
3320 403.702 4576025.840 5300994.170
3321 408.153 4575996.080 5301020.170
3322 409.387 4576009.890 5300983.180
3323 409.239 4575991.880 5301016.980
3324 409.262 4575967.180 5301047.110
3325 410.454 4576024.850 5300922.760
3326 409.540 4576027.450 5300949.640
3327 410.351 4575974.850 5300922.760
3328 408.628 4575924.850 5300922.760
3329 408.340 4575874.850 5300922.760
3330 408.335 4575824.850 5300922.760
3331 408.316 4575774.850 5300922.760
3332 408.290 4575724.850 5300922.760
3333 408.264 4575674.850 5300922.760
3334 409.009 4575624.850 5300922.760
3335 409.539 4575574.850 5300922.760
3336 409.189 4575524.850 5300922.760
3337 409.010 4575074.850 5300622.760
3338 409.045 4575032.460 5300634.870
3339 409.042 4575025.860 5300629.780
3340 409.026 4575004.930 5300603.270
3341 409.012 4574979.900 5300579.320
3342 409.409 4575224.850 5300672.760
3343 409.171 4575474.850 5300922.760
3344 409.134 4575424.850 5300872.760
3345 409.132 4575374.850 5300822.760
3346 409.251 4575324.850 5300772.760
3347 409.313 4575274.850 5300722.760
3348 409.147 4575174.850 5300672.760
3349 409.070 4575064.500 5300673.890
3350 408.957 4575124.850 5300672.760
3351 409.068 4575074.850 5300672.760
3352 409.099 4575124.850 5300722.760
3353 409.235 4575096.230 5300714.110
3354 409.333 4574744.210 5300301.650
3355 409.321 4574716.580 5300271.450
3356 409.326 4574771.260 5300332.460
3357 409.260 4574798.280 5300363.300
3358 409.103 4574851.480 5300425.620
3359 409.171 4574820.780 5300398.080
3360 409.047 4574872.560 5300451.480
3361 408.969 4574917.910 5300500.650
3362 409.046 4574893.220 5300477.700
3363 408.984 4574934.400 5300530.230
3364 408.999 4574955.200 5300556.340
3365 401.577 4576094.780 5300949.350
3366 401.587 4576056.050 5300968.400
3367 402.125 4576167.440 5300919.680
3368 401.967 4576131.440 5300934.420
3369 402.160 4576225.030 5300879.400
3370 405.072 4576281.270 5300839.490
3371 405.710 4576307.460 5300810.330
3372 405.803 4576358.180 5300749.970
3373 405.678 4576382.030 5300718.360
3374 406.711 4576409.760 5300689.970
3375 408.911 4576438.640 5300661.870
3376 410.390 4576467.690 5300633.950
3377 406.801 4576334.340 5300781.580
3378 404.683 4576259.330 5300865.120
3379 402.221 4576202.750 5300905.130
3380 401.648 4576031.030 5300998.440
3381 404.184 4576001.020 5301024.310
3382 408.126 4575971.270 5301050.260
3383 409.304 4575942.500 5301077.260
3384 409.586 4576003.180 5300979.520
3385 409.396 4575985.390 5301013.180
3386 409.424 4575960.910 5301043.200
3387 409.552 4575936.450 5301073.230
3388 410.402 4575974.850 5300972.760
3389 410.212 4575924.850 5300972.760
3390 408.395 4575874.850 5300972.760
3391 408.369 4575824.850 5300972.760
3392 408.334 4575774.850 5300972.760
3393 408.300 4575724.850 5300972.760
3394 409.141 4575674.850 5300972.760
3395 409.449 4575624.850 5300972.760
3396 409.227 4575574.850 5300972.760
3397 409.208 4575524.850 5300972.760
3398 409.187 4575474.850 5300972.760
3399 409.059 4575046.490 5300656.530
3400 409.045 4575021.330 5300632.520
3401 409.028 4575000.550 5300605.970
3402 409.015 4574975.840 5300582.570
3403 409.074 4575224.850 5300722.760
3404 409.150 4575424.850 5300922.760
3405 409.114 4575374.850 5300872.760
3406 409.079 4575324.850 5300822.760
3407 409.044 4575274.850 5300772.760
3408 409.163 4575424.850 5300972.760
3409 408.990 4575174.850 5300722.760
3410 409.323 4575126.310 5300755.460
3411 409.161 4575067.030 5300683.350
3412 409.295 4575087.500 5300710.230
3413 409.314 4575106.450 5300735.630
3414 409.328 4574739.980 5300306.420
3415 409.325 4574713.040 5300275.860
3416 409.302 4574766.910 5300336.970
3417 409.257 4574793.850 5300367.530
3418 409.037 4574847.720 5300428.640
3419 409.022 4574811.190 5300406.570
3420 409.044 4574868.450 5300454.800
3421 408.967 4574913.670 5300504.070
3422 408.955 4574889.170 5300480.960
3423 408.986 4574930.620 5300533.270
3424 409.001 4574951.340 5300559.430
3425 409.383 4575917.900 5301108.480
3426 402.017 4576108.500 5300960.330
3427 401.554 4576069.710 5300979.510
3428 402.287 4576180.480 5300930.860
3429 402.221 4576144.830 5300945.500
3430 404.296 4576237.390 5300890.760
3431 406.053 4576283.880 5300842.070
3432 406.943 4576310.490 5300813.190
3433 408.096 4576361.490 5300752.860
3434 407.000 4576385.620 5300721.410
3435 408.609 4576413.370 5300692.960
3436 410.210 4576442.420 5300665.120
3437 407.734 4576337.350 5300784.300
3438 405.550 4576262.170 5300867.800
3439 403.680 4576215.450 5300916.390
3440 401.532 4576044.630 5301009.680
3441 401.710 4576006.010 5301028.480
3442 404.660 4575976.200 5301054.460
3443 408.096 4575946.460 5301080.360
3444 409.711 4575978.900 5301009.390
3445 409.835 4575954.630 5301039.290
3446 409.956 4575930.400 5301069.200
3447 409.658 4575911.830 5301104.150
3448 409.764 4575887.220 5301135.080
3449 410.263 4575924.850 5301022.760
3450 410.074 4575874.850 5301022.760
3451 408.389 4575824.850 5301022.760
3452 408.337 4575774.850 5301022.760
3453 409.358 4575724.850 5301022.760
3454 409.281 4575674.850 5301022.760
3455 409.267 4575624.850 5301022.760
3456 409.247 4575574.850 5301022.760
3457 409.224 4575524.850 5301022.760
3458 409.199 4575474.850 5301022.760
3459 409.142 4575041.910 5300659.230
3460 409.122 4575017.010 5300635.590
3461 409.031 4574996.390 5300609.110
3462 409.017 4574972.070 5300585.590
3463 409.024 4575224.850 5300772.760
3464 409.128 4575374.850 5300922.760
3465 409.093 4575324.850 5300872.760
3466 409.058 4575274.850 5300822.760
3467 409.433 4575424.850 5301022.760
3468 409.409 4575374.850 5300972.760
3469 409.130 4575174.850 5300772.760
3470 409.410 4575174.850 5300822.760
3471 409.334 4575131.160 5300769.280
3472 409.273 4575062.440 5300685.980
3473 409.304 4575082.910 5300712.760
3474 409.319 4575102.400 5300738.590
3475 409.245 4574730.910 5300316.850
3476 409.301 4574704.150 5300286.950
3477 409.227 4574757.670 5300346.760
3478 409.089 4574784.430 5300376.670
3479 409.031 4574837.950 5300436.480
3480 409.024 4574801.580 5300415.090
3481 409.045 4574858.520 5300462.760
3482 409.053 4574909.890 5300507.120
3483 409.022 4574879.090 5300489.040
3484 408.992 4574920.240 5300541.600
3485 409.101 4574940.810 5300567.890
3486 407.419 4575922.490 5301112.240
3487 408.850 4575893.310 5301139.710
3488 402.306 4576122.220 5300971.320
3489 401.830 4576083.360 5300990.610
3490 403.120 4576193.510 5300942.020
3491 402.359 4576158.200 5300956.590
3492 405.061 4576240.460 5300893.540
3493 406.890 4576286.650 5300844.800
3494 407.830 4576313.210 5300815.750
3495 408.638 4576364.620 5300755.620
3496 409.139 4576389.000 5300724.290
3497 410.032 4576417.180 5300696.310
3498 408.867 4576340.250 5300786.950
3499 406.613 4576265.170 5300870.630
3500 404.718 4576218.740 5300919.280
3501 401.642 4576058.220 5301020.900
3502 401.510 4576019.560 5301039.840
3503 401.779 4575980.990 5301058.520
3504 405.145 4575951.400 5301084.610
3505 410.299 4575922.610 5301067.380
3506 410.098 4575905.420 5301099.520
3507 410.203 4575880.460 5301129.860
3508 409.870 4575862.590 5301166.000
3509 410.124 4575874.850 5301072.760
3510 409.935 4575824.850 5301072.760
3511 409.654 4575774.850 5301072.760
3512 409.322 4575724.850 5301072.760
3513 409.309 4575674.850 5301072.760
3514 409.288 4575624.850 5301072.760
3515 409.262 4575574.850 5301072.760
3516 409.234 4575524.850 5301072.760
3517 409.476 4575474.850 5301072.760
3518 409.255 4575037.520 5300662.150
3519 409.201 4575013.010 5300638.410
3520 409.099 4574992.540 5300612.000
3521 409.241 4574961.390 5300594.170
3522 409.162 4575224.850 5300822.760
3523 409.335 4575324.850 5300922.760
3524 409.239 4575274.850 5300872.760
3525 409.519 4575324.850 5300972.760
3526 409.299 4575424.850 5301072.760
3527 409.488 4575374.850 5301022.760
3528 409.405 4575155.150 5300803.440
3529 409.475 4575178.080 5300838.330
3530 409.393 4575125.860 5300772.670
3531 409.294 4575058.010 5300688.720
3532 409.309 4575078.470 5300715.320
3533 409.324 4575098.470 5300741.450
3534 409.144 4574721.760 5300327.400
3535 409.226 4574695.160 5300298.170
3536 409.083 4574748.370 5300356.630
3537 409.092 4574774.970 5300385.860
3538 409.037 4574828.180 5300444.320
3539 409.026 4574796.790 5300419.470
3540 408.952 4574848.600 5300470.720
3541 408.976 4574899.670 5300515.320
3542 409.035 4574869.020 5300497.130
3543 409.241 4574909.860 5300549.930
3544 409.255 4574930.280 5300576.340
3545 403.546 4575927.900 5301116.970
3546 406.878 4575898.520 5301144.120
3547 408.904 4575868.700 5301170.920
3548 409.964 4575838.140 5301197.060
3549 402.430 4576135.920 5300982.310
3550 402.141 4576097.020 5301001.730
3551 404.929 4576197.030 5300945.010
3552 402.560 4576171.570 5300967.660
3553 407.174 4576243.680 5300896.460
3554 408.104 4576289.080 5300847.200
3555 409.480 4576315.880 5300818.280
3556 410.857 4576368.200 5300758.510
3557 410.486 4576392.690 5300727.410
3558 410.925 4576343.710 5300789.600
3559 408.735 4576267.850 5300873.160
3560 407.339 4576222.190 5300922.290
3561 401.962 4576071.820 5301032.130
3562 401.455 4576033.080 5301051.180
3563 401.488 4575994.480 5301070.000
3564 401.847 4575955.970 5301088.560
3565 410.162 4575873.470 5301115.940
3566 410.139 4575855.490 5301160.180
3567 410.076 4575830.730 5301190.690
3568 409.985 4575824.850 5301122.760
3569 409.366 4575774.850 5301122.760
3570 409.359 4575724.850 5301122.760
3571 409.332 4575674.850 5301122.760
3572 409.301 4575624.850 5301122.760
3573 409.269 4575574.850 5301122.760
3574 409.538 4575524.850 5301122.760
3575 408.804 4575474.850 5301122.760
3576 409.284 4575033.490 5300664.820
3577 409.284 4575001.710 5300647.180
3578 409.270 4574981.550 5300620.670
3579 409.269 4574950.700 5300602.740
3580 409.466 4575224.850 5300872.760
3581 409.469 4575199.340 5300874.250
3582 409.500 4575274.850 5300922.760
3583 409.017 4575274.850 5300972.760
3584 409.243 4575224.850 5300922.760
3585 408.672 4575324.850 5301022.760
3586 408.065 4575424.850 5301122.760
3587 408.348 4575374.850 5301072.760
3588 409.431 4575148.860 5300807.090
3589 409.486 4575171.190 5300841.970
3590 409.395 4575120.650 5300776.010
3591 409.299 4575053.960 5300691.230
3592 409.314 4575074.430 5300717.640
3593 409.369 4575094.900 5300744.050
3594 409.075 4574717.120 5300332.730
3595 409.156 4574690.100 5300304.480
3596 409.083 4574743.960 5300361.380
3597 409.089 4574770.500 5300390.320
3598 409.030 4574822.880 5300448.570
3599 409.028 4574791.680 5300424.150
3600 409.032 4574843.690 5300474.670
3601 409.149 4574889.440 5300523.530
3602 409.142 4574864.290 5300500.960
3603 409.246 4574905.400 5300553.590
3604 409.260 4574925.820 5300580.020
3605 408.046 4574424.850 5300422.760
3606 408.457 4574374.850 5300472.760
3607 408.246 4574324.850 5300522.760
3608 408.138 4574274.850 5300522.760
3609 407.887 4574186.720 5300622.790
3610 402.428 4575933.110 5301121.510
3611 403.745 4575904.410 5301149.320
3612 405.755 4575874.540 5301176.000
3613 409.207 4575844.220 5301202.250
3614 410.042 4575813.940 5301228.320
3615 401.999 4576149.630 5300993.290
3616 402.409 4576110.660 5301012.830
3617 407.750 4576200.710 5300948.120
3618 404.593 4576175.330 5300970.750
3619 408.864 4576246.620 5300899.120
3620 410.275 4576291.510 5300849.610
3621 410.803 4576319.220 5300820.700
3622 411.208 4576348.250 5300809.650
3623 411.007 4576324.850 5300822.760
3624 409.943 4576270.410 5300875.600
3625 408.786 4576225.390 5300925.080
3626 402.388 4576085.390 5301043.350
3627 401.780 4576046.620 5301062.530
3628 401.268 4576007.940 5301081.460
3629 401.467 4575969.400 5301100.160
3630 410.036 4575824.850 5301172.760
3631 410.015 4575806.300 5301221.450
3632 409.847 4575774.850 5301172.760
3633 409.388 4575724.850 5301172.760
3634 409.342 4575674.850 5301172.760
3635 409.302 4575624.850 5301172.760
3636 409.583 4575574.850 5301172.760
3637 408.142 4575524.850 5301172.760
3638 408.123 4575474.850 5301172.760
3639 409.299 4575021.870 5300673.680
3640 409.357 4574990.270 5300656.180
3641 409.284 4574970.550 5300629.340
3642 409.275 4574946.030 5300606.480
3643 407.941 4575274.850 5301022.760
3644 407.934 4575251.110 5301030.910
3645 409.273 4575216.190 5300912.290
3646 409.451 4575192.410 5300877.540
3647 408.102 4575241.010 5300990.930
3648 408.622 4575229.640 5300951.280
3649 407.990 4575324.850 5301072.760
3650 408.096 4575424.850 5301172.760
3651 408.041 4575374.850 5301122.760
3652 409.460 4575142.610 5300810.720
3653 409.464 4575164.250 5300845.650
3654 409.420 4575115.910 5300779.030
3655 409.368 4575042.040 5300700.180
3656 409.378 4575062.200 5300726.690
3657 409.425 4575082.360 5300753.190
3658 409.075 4574712.180 5300338.400
3659 409.068 4574684.720 5300311.190
3660 409.084 4574739.260 5300366.440
3661 409.015 4574765.720 5300395.070
3662 409.044 4574817.210 5300453.120
3663 409.107 4574786.570 5300428.850
3664 409.133 4574838.460 5300478.880
3665 409.233 4574884.990 5300527.160
3666 409.226 4574859.240 5300505.050
3667 409.253 4574900.670 5300557.490
3668 409.267 4574921.090 5300583.940
3669 409.295 4574574.850 5300322.760
3670 409.240 4574524.850 5300372.760
3671 408.311 4574474.850 5300422.760
3672 408.339 4574424.850 5300472.760
3673 408.420 4574374.850 5300522.760
3674 408.084 4574324.850 5300572.760
3675 407.964 4574274.850 5300572.760
3676 407.867 4574224.850 5300572.760
3677 407.897 4574221.860 5300647.430
3678 409.981 4575786.760 5301260.450
3679 401.513 4575946.110 5301132.840
3680 401.839 4575910.240 5301154.470
3681 403.529 4575880.910 5301181.670
3682 405.754 4575850.650 5301207.950
3683 409.072 4575819.940 5301233.720
3684 406.373 4576153.620 5300996.490
3685 402.178 4576124.310 5301023.940
3686 408.127 4576204.160 5300951.040
3687 407.406 4576179.230 5300973.960
3688 409.405 4576249.320 5300901.590
3689 410.677 4576294.730 5300851.800
3690 411.185 4576327.050 5300854.030
3691 410.140 4576273.750 5300877.890
3692 408.755 4576228.210 5300927.580
3693 402.305 4576098.990 5301054.580
3694 402.382 4576060.120 5301073.870
3695 401.597 4576021.410 5301092.930
3696 401.081 4575982.800 5301111.740
3697 409.897 4575774.850 5301222.760
3698 409.946 4575779.520 5301254.040
3699 409.708 4575724.850 5301222.760
3700 409.321 4575674.850 5301222.760
3701 409.212 4575624.850 5301222.760
3702 408.206 4575574.850 5301222.760
3703 408.188 4575524.850 5301222.760
3704 408.157 4575474.850 5301222.760
3705 409.364 4575010.360 5300682.690
3706 409.357 4574985.590 5300659.790
3707 409.335 4574966.290 5300632.710
3708 409.325 4574941.090 5300610.440
3709 407.964 4575274.850 5301072.760
3710 407.956 4575260.600 5301071.060
3711 407.931 4575244.340 5301032.710
3712 409.220 4575210.700 5300914.520
3713 409.371 4575185.370 5300880.910
3714 407.908 4575234.150 5300993.020
3715 408.592 4575223.120 5300953.550
3716 408.014 4575324.850 5301122.760
3717 408.121 4575424.850 5301222.760
3718 408.066 4575374.850 5301172.760
3719 409.476 4575136.910 5300814.020
3720 409.443 4575157.920 5300849.000
3721 409.470 4575102.850 5300787.600
3722 409.410 4575030.110 5300709.140
3723 409.432 4575049.970 5300735.740
3724 409.465 4575069.820 5300762.340
3725 409.076 4574707.150 5300344.200
3726 409.068 4574679.210 5300318.070
3727 409.069 4574674.850 5300322.760
3728 409.005 4574734.500 5300371.580
3729 409.017 4574760.920 5300399.870
3730 409.089 4574724.850 5300372.760
3731 409.098 4574760.510 5300405.050
3732 409.193 4574811.570 5300457.640
3733 409.202 4574770.140 5300427.830
3734 409.180 4574794.900 5300441.040
3735 409.219 4574833.200 5300483.110
3736 409.219 4574827.080 5300478.760
3737 409.239 4574880.260 5300531.030
3738 409.232 4574854.130 5300509.190
3739 409.259 4574895.770 5300561.520
3740 409.314 4574916.160 5300588.030
3741 409.184 4574624.850 5300322.760
3742 409.333 4574574.850 5300372.760
3743 408.825 4574524.850 5300422.760
3744 408.060 4574474.850 5300472.760
3745 408.466 4574424.850 5300522.760
3746 408.193 4574374.850 5300572.760
3747 407.872 4574324.850 5300622.760
3748 407.868 4574274.850 5300622.760
3749 407.888 4574231.850 5300683.800
3750 409.517 4575792.650 5301265.670
3751 409.911 4575759.650 5301292.650
3752 401.169 4575959.080 5301144.130
3753 401.394 4575922.820 5301165.510
3754 402.018 4575887.380 5301187.420
3755 402.350 4575857.460 5301214.060
3756 405.604 4575826.890 5301240.010
3757 407.048 4576157.750 5300999.800
3758 406.175 4576128.310 5301027.190
3759 408.312 4576207.120 5300953.560
3760 407.477 4576182.940 5300977.010
3761 410.170 4576252.770 5300903.980
3762 411.076 4576297.880 5300894.650
3763 410.579 4576231.780 5300930.070
3764 409.632 4576428.140 5301184.620
3765 409.648 4576396.950 5301145.610
3766 405.977 4576103.000 5301057.890
3767 402.432 4576073.680 5301085.230
3768 402.396 4576034.860 5301104.380
3769 401.415 4575996.210 5301123.340
3770 409.878 4575752.840 5301286.710
3771 409.758 4575724.850 5301272.760
3772 409.569 4575674.850 5301272.760
3773 408.280 4575624.850 5301272.760
3774 408.268 4575574.850 5301272.760
3775 408.228 4575524.850 5301272.760
3776 408.182 4575474.850 5301272.760
3777 409.390 4575005.930 5300685.970
3778 409.377 4574980.790 5300663.430
3779 409.350 4574961.760 5300636.300
3780 409.343 4574935.870 5300614.630
3781 407.984 4575274.850 5301122.760
3782 407.977 4575270.950 5301110.810
3783 407.953 4575254.140 5301072.500
3784 407.929 4575238.010 5301034.450
3785 409.087 4575205.080 5300916.840
3786 409.262 4575178.920 5300883.990
3787 407.906 4575227.530 5300995.100
3788 408.407 4575216.640 5300955.870
3789 408.033 4575324.850 5301172.760
3790 408.137 4575424.850 5301272.760
3791 408.084 4575374.850 5301222.760
3792 409.432 4575123.340 5300822.010
3793 409.259 4575143.820 5300856.420
3794 409.422 4575089.780 5300796.180
3795 409.433 4575025.850 5300712.340
3796 409.448 4575045.590 5300738.980
3797 409.443 4575065.240 5300765.670
3798 409.203 4574674.850 5300372.760
3799 409.271 4574724.850 5300422.760
3800 409.302 4574774.850 5300472.760
3801 409.316 4574824.850 5300522.760
3802 409.245 4574875.420 5300534.990
3803 409.240 4574856.140 5300519.150
3804 409.348 4574874.850 5300572.760
3805 409.338 4574917.560 5300597.540
3806 409.326 4574624.850 5300372.760
3807 409.183 4574574.850 5300422.760
3808 408.145 4574524.850 5300472.760
3809 408.364 4574474.850 5300522.760
3810 408.367 4574424.850 5300572.760
3811 408.022 4574374.850 5300622.760
3812 407.816 4574324.850 5300672.760
3813 407.928 4574274.850 5300672.760
3814 407.894 4574240.950 5300721.450
3815 409.842 4575732.590 5301324.880
3816 406.197 4575799.180 5301271.440
3817 409.721 4575765.440 5301297.670
3818 409.625 4576424.850 5301222.760
3819 409.618 4576455.390 5301221.860
3820 401.495 4575972.060 5301155.440
3821 401.222 4575935.360 5301176.520
3822 401.313 4575899.520 5301198.180
3823 401.971 4575864.510 5301220.380
3824 402.389 4575834.080 5301246.500
3825 406.900 4576161.730 5301002.980
3826 406.734 4576132.440 5301030.550
3827 410.572 4576210.790 5300956.150
3828 408.444 4576186.030 5300979.560
3829 409.667 4576359.810 5301113.660
3830 410.903 4576244.300 5300978.930
3831 409.650 4576374.850 5301172.760
3832 406.420 4576107.140 5301061.310
3833 405.782 4576077.690 5301088.600
3834 402.559 4576048.360 5301115.870
3835 402.337 4576009.590 5301134.900
3836 409.810 4575726.210 5301319.420
3837 409.748 4575700.790 5301353.090
3838 409.619 4575674.850 5301322.760
3839 408.391 4575624.850 5301322.760
3840 408.322 4575574.850 5301322.760
3841 408.251 4575524.850 5301322.760
3842 408.191 4575474.850 5301322.760
3843 409.420 4575001.750 5300689.030
3844 409.409 4574976.350 5300666.880
3845 409.350 4574956.970 5300640.090
3846 409.391 4574924.850 5300622.760
3847 409.348 4574950.280 5300634.760
3848 408.040 4575276.600 5301151.470
3849 407.974 4575264.520 5301112.040
3850 407.951 4575248.280 5301073.850
3851 407.926 4575231.490 5301036.190
3852 408.988 4575199.930 5300918.970
3853 409.037 4575164.310 5300890.830
3854 407.904 4575220.970 5300997.110
3855 408.393 4575210.450 5300958.040
3856 408.855 4575283.440 5301192.770
3857 408.904 4575324.850 5301222.760
3858 408.798 4575424.850 5301322.760
3859 409.026 4575374.850 5301272.760
3860 409.288 4575109.750 5300830.020
3861 409.040 4575129.710 5300863.850
3862 409.414 4575086.010 5300798.590
3863 409.433 4575021.290 5300715.770
3864 409.457 4575040.900 5300742.460
3865 409.417 4575060.340 5300769.260
3866 409.347 4574674.850 5300422.760
3867 409.363 4574724.850 5300472.760
3868 409.388 4574774.850 5300522.760
3869 409.387 4574824.850 5300572.760
3870 409.369 4574874.850 5300622.760
3871 409.314 4574624.850 5300422.760
3872 408.744 4574574.850 5300472.760
3873 408.036 4574524.850 5300522.760
3874 408.502 4574474.850 5300572.760
3875 408.133 4574424.850 5300622.760
3876 407.791 4574374.850 5300672.760
3877 407.925 4574324.850 5300722.760
3878 407.878 4574274.850 5300722.760
3879 407.906 4574255.170 5300755.460
3880 409.680 4575673.930 5301386.520
3881 409.691 4575676.400 5301387.500
3882 409.708 4575738.280 5301329.710
3883 409.780 4575706.470 5301357.850
3884 402.165 4575806.010 5301277.440
3885 406.942 4575771.530 5301302.910
3886 409.637 4576374.850 5301222.760
3887 409.614 4576434.280 5301261.610
3888 402.261 4575985.020 5301166.730
3889 401.521 4575947.900 5301187.540
3890 401.215 4575911.640 5301208.920
3891 401.361 4575876.230 5301230.850
3892 401.702 4575841.650 5301253.330
3893 409.035 4576164.960 5301005.570
3894 406.753 4576136.420 5301033.780
3895 410.549 4576189.820 5300982.260
3896 409.692 4576314.180 5301094.160
3897 409.680 4576324.850 5301122.760
3898 410.911 4576224.850 5301022.760
3899 410.579 4576274.640 5301067.220
3900 410.845 4576248.570 5301025.030
3901 409.664 4576324.850 5301172.760
3902 406.610 4576111.130 5301064.600
3903 406.105 4576081.850 5301092.080
3904 405.558 4576052.330 5301119.260
3905 402.685 4576023.040 5301146.520
3906 409.670 4575674.850 5301372.760
3907 409.481 4575624.850 5301372.760
3908 408.324 4575574.850 5301372.760
3909 408.237 4575524.850 5301372.760
3910 407.856 4575474.850 5301372.760
3911 406.943 4575424.850 5301372.760
3912 409.417 4574997.070 5300692.600
3913 409.425 4574969.500 5300675.400
3914 409.371 4574924.850 5300672.760
3915 408.216 4575285.670 5301234.440
3916 408.306 4575269.940 5301152.680
3917 408.959 4575276.130 5301193.730
3918 407.971 4575258.830 5301113.120
3919 407.948 4575242.010 5301075.260
3920 407.922 4575218.900 5301039.940
3921 408.570 4575184.800 5300925.240
3922 408.556 4575149.680 5300897.690
3923 407.900 4575207.540 5301001.710
3924 408.040 4575196.170 5300963.480
3925 407.795 4575324.850 5301272.760
3926 407.324 4575374.850 5301322.760
3927 406.924 4575374.850 5301372.760
3928 409.221 4575106.340 5300831.950
3929 408.973 4575126.330 5300865.530
3930 409.342 4575081.960 5300801.180
3931 409.451 4575016.430 5300719.430
3932 409.413 4575035.880 5300746.180
3933 409.408 4575055.060 5300773.100
3934 409.316 4574674.850 5300472.760
3935 409.300 4574724.850 5300522.760
3936 409.238 4574774.850 5300572.760
3937 409.125 4574824.850 5300622.760
3938 408.970 4574874.850 5300672.760
3939 409.073 4574624.850 5300472.760
3940 408.074 4574574.850 5300522.760
3941 408.390 4574524.850 5300572.760
3942 408.304 4574474.850 5300622.760
3943 407.942 4574424.850 5300672.760
3944 407.870 4574374.850 5300722.760
3945 407.851 4574324.850 5300772.760
3946 407.903 4574287.720 5300779.270
3947 409.625 4575651.010 5301417.600
3948 409.724 4575681.150 5301391.400
3949 407.503 4575743.910 5301334.410
3950 409.641 4575711.810 5301362.300
3951 401.777 4575812.910 5301283.540
3952 402.080 4575777.970 5301308.410
3953 409.645 4576324.850 5301222.760
3954 409.832 4576374.850 5301272.760
3955 409.912 4576405.940 5301302.750
3956 403.395 4575997.910 5301177.960
3957 402.149 4575960.440 5301198.560
3958 401.509 4575923.750 5301219.650
3959 401.133 4575887.920 5301241.310
3960 401.397 4575852.930 5301263.530
3961 410.527 4576168.870 5301008.370
3962 409.109 4576139.670 5301036.430
3963 410.534 4576174.850 5301022.760
3964 410.089 4576274.850 5301122.760
3965 410.756 4576224.850 5301072.760
3966 409.673 4576274.850 5301172.760
3967 409.190 4576114.400 5301067.320
3968 406.470 4576085.850 5301095.430
3969 405.798 4576056.450 5301122.760
3970 405.286 4576026.940 5301149.890
3971 410.380 4576274.850 5301222.760
3972 409.531 4575624.850 5301422.760
3973 409.342 4575574.850 5301422.760
3974 406.993 4575524.850 5301422.760
3975 407.001 4575474.850 5301422.760
3976 406.978 4575424.850 5301422.760
3977 409.298 4574974.850 5300722.760
3978 408.863 4574924.850 5300722.760
3979 406.949 4575296.750 5301293.100
3980 407.241 4575291.810 5301274.840
3981 408.021 4575279.340 5301235.020
3982 408.502 4575264.020 5301153.740
3983 408.905 4575269.610 5301194.580
3984 407.968 4575252.530 5301114.330
3985 407.942 4575230.270 5301078.170
3986 407.916 4575206.310 5301043.700
3987 408.359 4575169.640 5300931.530
3988 408.538 4575145.790 5300899.420
3989 407.895 4575194.080 5301006.310
3990 407.874 4575181.860 5300968.920
3991 406.878 4575324.850 5301322.760
3992 406.946 4575374.850 5301422.760
3993 406.899 4575324.850 5301372.760
3994 409.186 4575102.680 5300834.040
3995 408.828 4575122.700 5300867.340
3996 409.306 4575077.710 5300803.930
3997 409.183 4575024.850 5300772.760
3998 406.957 4575374.850 5301472.760
3999 409.018 4574674.850 5300522.760
4000 408.868 4574724.850 5300572.760
4001 408.651 4574774.850 5300622.760
4002 408.335 4574824.850 5300672.760
4003 408.276 4574874.850 5300722.760
4004 408.427 4574624.850 5300522.760
4005 408.220 4574574.850 5300572.760
4006 408.509 4574524.850 5300622.760
4007 408.036 4574474.850 5300672.760
4008 407.813 4574424.850 5300722.760
4009 407.919 4574374.850 5300772.760
4010 407.881 4574316.320 5300813.930
4011 409.532 4575685.900 5301395.290
4012 409.565 4575626.640 5301448.540
4013 409.662 4575656.130 5301421.810
4014 402.931 4575749.960 5301339.400
4015 407.882 4575716.770 5301366.280
4016 401.186 4575824.770 5301293.830
4017 401.674 4575784.160 5301313.750
4018 410.284 4576324.850 5301272.760
4019 410.109 4576374.850 5301322.760
4020 409.699 4576377.710 5301344.010
4021 405.222 4576001.530 5301181.220
4022 404.039 4575972.780 5301209.390
4023 402.108 4575935.860 5301230.390
4024 401.487 4575899.590 5301251.750
4025 401.071 4575864.200 5301273.700
4026 410.514 4576143.520 5301039.380
4027 410.598 4576174.850 5301072.760
4028 410.630 4576224.850 5301122.760
4029 410.297 4576224.850 5301172.760
4030 410.476 4576118.200 5301070.430
4031 409.281 4576089.150 5301098.210
4032 406.298 4576060.410 5301126.130
4033 405.505 4576030.980 5301153.380
4034 409.383 4576274.850 5301272.760
4035 409.412 4576224.850 5301222.760
4036 409.514 4575603.130 5301480.130
4037 409.392 4575574.850 5301472.760
4038 407.086 4575524.850 5301472.760
4039 407.055 4575474.850 5301472.760
4040 407.004 4575424.850 5301472.760
4041 408.538 4574974.850 5300772.760
4042 408.165 4574924.850 5300772.760
4043 406.863 4575294.460 5301316.610
4044 407.087 4575285.070 5301275.490
4045 407.858 4575273.660 5301235.540
4046 408.618 4575257.580 5301154.920
4047 408.854 4575262.630 5301195.520
4048 407.962 4575241.640 5301116.400
4049 407.937 4575218.530 5301081.090
4050 407.915 4575201.920 5301044.990
4051 408.317 4575164.180 5300933.790
4052 408.496 4575141.610 5300901.280
4053 407.894 4575190.130 5301007.540
4054 407.873 4575177.580 5300970.350
4055 406.879 4575295.430 5301357.960
4056 406.913 4575324.850 5301422.760
4057 406.890 4575295.210 5301399.320
4058 409.064 4575098.920 5300836.220
4059 408.764 4575119.050 5300869.190
4060 409.025 4575090.870 5300835.420
4061 409.025 4575074.850 5300822.760
4062 408.402 4575024.850 5300822.760
4063 407.866 4575324.850 5301472.760
4064 408.166 4575374.850 5301522.760
4065 408.236 4574674.850 5300572.760
4066 408.168 4574724.850 5300622.760
4067 408.059 4574774.850 5300672.760
4068 407.909 4574824.850 5300722.760
4069 407.666 4574874.850 5300772.760
4070 407.961 4574624.850 5300572.760
4071 408.496 4574574.850 5300622.760
4072 408.217 4574524.850 5300672.760
4073 407.846 4574474.850 5300722.760
4074 407.922 4574424.850 5300772.760
4075 407.882 4574374.850 5300822.760
4076 407.819 4574336.150 5300854.130
4077 408.185 4575689.980 5301398.410
4078 409.419 4575661.260 5301426.010
4079 409.595 4575631.910 5301452.860
4080 401.708 4575755.420 5301343.970
4081 403.992 4575722.170 5301370.560
4082 400.888 4575836.620 5301304.100
4083 400.986 4575796.610 5301324.130
4084 409.354 4576324.850 5301322.760
4085 409.327 4576374.850 5301372.760
4086 409.314 4576397.260 5301398.250
4087 409.306 4576402.960 5301428.940
4088 405.307 4576005.160 5301184.480
4089 404.713 4575977.100 5301213.270
4090 404.253 4575947.650 5301240.830
4091 402.124 4575911.290 5301262.220
4092 401.429 4575875.440 5301283.860
4093 410.458 4576124.850 5301072.760
4094 410.728 4576174.850 5301122.760
4095 410.574 4576174.850 5301172.760
4096 410.439 4576092.890 5301101.480
4097 409.206 4576063.710 5301128.940
4098 406.094 4576034.860 5301156.730
4099 409.376 4576274.850 5301322.760
4100 409.410 4576224.850 5301272.760
4101 410.386 4576174.850 5301222.760
4102 409.467 4575580.170 5301512.130
4103 409.425 4575608.350 5301484.420
4104 409.254 4575524.850 5301522.760
4105 407.080 4575474.850 5301522.760
4106 407.000 4575424.850 5301522.760
4107 407.915 4574974.850 5300822.760
4108 407.704 4574924.850 5300822.760
4109 406.861 4575288.550 5301316.850
4110 406.953 4575279.000 5301276.080
4111 407.724 4575267.680 5301236.110
4112 408.846 4575246.540 5301156.680
4113 408.619 4575251.450 5301196.960
4114 408.304 4575230.750 5301118.480
4115 407.934 4575213.060 5301082.610
4116 407.913 4575197.370 5301046.360
4117 408.112 4575158.290 5300936.240
4118 408.341 4575137.490 5300903.140
4119 408.511 4575113.600 5300878.230
4120 408.217 4575138.110 5300919.420
4121 407.892 4575185.970 5301008.860
4122 407.871 4575173.020 5300971.890
4123 406.876 4575288.830 5301357.960
4124 407.682 4575293.340 5301440.630
4125 406.978 4575288.360 5301399.070
4126 408.279 4575074.850 5300872.760
4127 407.765 4575024.850 5300872.760
4128 407.802 4575291.500 5301499.570
4129 407.927 4575289.490 5301481.810
4130 407.818 4575324.850 5301522.760
4131 407.852 4575374.850 5301572.760
4132 407.870 4574674.850 5300622.760
4133 407.979 4574724.850 5300672.760
4134 408.055 4574774.850 5300722.760
4135 408.099 4574824.850 5300772.760
4136 408.249 4574874.850 5300822.760
4137 408.314 4574624.850 5300622.760
4138 408.507 4574574.850 5300672.760
4139 407.890 4574524.850 5300722.760
4140 407.726 4574474.850 5300772.760
4141 407.935 4574424.850 5300822.760
4142 407.793 4574374.850 5300872.760
4143 407.775 4574357.580 5300894.260
4144 407.826 4574311.150 5300903.150
4145 409.258 4575557.600 5301544.400
4146 405.820 4575694.530 5301401.830
4147 408.224 4575665.690 5301429.440
4148 409.262 4575637.180 5301457.170
4149 400.781 4575768.440 5301354.430
4150 401.642 4575725.990 5301373.580
4151 401.179 4575848.450 5301314.360
4152 400.707 4575809.040 5301334.500
4153 409.345 4576324.850 5301372.760
4154 409.332 4576352.540 5301386.390
4155 409.318 4576363.640 5301433.290
4156 409.299 4576392.730 5301472.600
4157 405.926 4576008.440 5301187.430
4158 405.451 4575981.320 5301217.040
4159 404.887 4575953.340 5301245.720
4160 403.922 4575922.520 5301272.260
4161 402.175 4575886.710 5301294.050
4162 409.362 4576274.850 5301372.760
4163 410.395 4576124.850 5301122.760
4164 410.549 4576124.850 5301172.760
4165 410.397 4576067.340 5301132.340
4166 408.992 4576038.110 5301159.550
4167 409.396 4576224.850 5301322.760
4168 409.440 4576174.850 5301272.760
4169 410.540 4576124.850 5301222.760
4170 409.075 4575613.570 5301488.700
4171 409.236 4575585.230 5301516.300
4172 409.601 4576371.120 5301517.550
4173 409.312 4575524.850 5301572.760
4174 409.115 4575474.850 5301572.760
4175 408.043 4575424.850 5301572.760
4176 407.890 4575374.850 5301622.760
4177 407.743 4574974.850 5300872.760
4178 408.450 4574924.850 5300872.760
4179 407.822 4575289.700 5301551.120
4180 406.859 4575283.210 5301317.070
4181 406.940 4575272.730 5301276.710
4182 407.490 4575256.350 5301237.240
4183 408.898 4575235.510 5301158.440
4184 408.292 4575240.270 5301198.400
4185 408.462 4575224.120 5301119.740
4186 407.931 4575207.450 5301084.200
4187 407.911 4575192.680 5301047.730
4188 407.938 4575152.590 5300938.600
4189 407.881 4575124.850 5300922.760
4190 407.891 4575181.770 5301010.160
4191 407.870 4575168.510 5300973.380
4192 407.859 4575152.710 5300964.560
4193 406.872 4575282.670 5301357.930
4194 407.850 4575286.810 5301440.160
4195 407.166 4575281.700 5301398.790
4196 407.806 4575074.850 5300922.760
4197 407.881 4575024.850 5300922.760
4198 407.810 4575284.050 5301522.800
4199 407.905 4575283.970 5301481.170
4200 407.842 4575324.850 5301572.760
4201 407.862 4575324.850 5301622.760
4202 408.433 4574674.850 5300672.760
4203 408.493 4574724.850 5300722.760
4204 408.520 4574774.850 5300772.760
4205 408.596 4574824.850 5300822.760
4206 408.701 4574874.850 5300872.760
4207 408.569 4574624.850 5300672.760
4208 408.105 4574574.850 5300722.760
4209 407.694 4574524.850 5300772.760
4210 407.971 4574474.850 5300822.760
4211 407.844 4574424.850 5300872.760
4212 407.806 4574374.850 5300922.760
4213 407.843 4574346.690 5300924.790
4214 409.033 4575562.420 5301548.410
4215 409.224 4575531.370 5301573.280
4216 401.771 4575697.930 5301404.390
4217 405.612 4575670.510 5301433.100
4218 408.180 4575641.770 5301460.760
4219 400.554 4575781.460 5301364.890
4220 400.681 4575740.280 5301384.730
4221 401.899 4575860.320 5301324.640
4222 400.893 4575821.470 5301344.860
4223 409.331 4576323.800 5301427.030
4224 409.392 4576330.140 5301470.420
4225 408.581 4576011.590 5301190.360
4226 407.830 4575984.910 5301220.270
4227 407.221 4575958.760 5301250.380
4228 404.924 4575928.450 5301277.470
4229 403.888 4575898.160 5301304.060
4230 409.346 4576274.850 5301422.760
4231 409.377 4576224.850 5301372.760
4232 410.277 4576074.850 5301172.760
4233 410.346 4576041.610 5301163.040
4234 409.413 4576174.850 5301322.760
4235 410.392 4576124.850 5301272.760
4236 410.257 4576074.850 5301222.760
4237 410.137 4576324.850 5301522.760
4238 410.111 4576294.880 5301505.810
4239 408.236 4575618.170 5301492.330
4240 408.860 4575590.290 5301520.470
4241 410.027 4576354.430 5301563.680
4242 409.109 4575506.840 5301603.630
4243 408.963 4575483.010 5301634.530
4244 409.165 4575474.850 5301622.760
4245 408.976 4575424.850 5301622.760
4246 407.919 4575374.850 5301672.760
4247 407.863 4575324.850 5301672.760
4248 408.557 4574974.850 5300922.760
4249 408.689 4574924.850 5300922.760
4250 407.823 4575279.300 5301562.580
4251 406.856 4575277.780 5301317.300
4252 406.857 4575261.250 5301277.520
4253 407.337 4575245.020 5301238.370
4254 408.904 4575230.180 5301159.320
4255 408.203 4575235.660 5301199.030
4256 408.609 4575217.380 5301121.030
4257 408.067 4575201.580 5301085.830
4258 407.910 4575186.150 5301056.760
4259 407.890 4575167.900 5301027.400
4260 407.848 4575124.850 5300972.760
4261 407.886 4575171.950 5301009.560
4262 406.869 4575276.720 5301357.960
4263 407.956 4575280.220 5301439.640
4264 407.207 4575275.660 5301398.620
4265 408.013 4575074.850 5300972.760
4266 408.681 4575024.850 5300972.760
4267 407.809 4575280.080 5301522.040
4268 407.879 4575278.160 5301480.450
4269 407.832 4575278.910 5301601.220
4270 407.838 4575282.600 5301629.200
4271 407.830 4575273.320 5301602.220
4272 408.572 4574674.850 5300722.760
4273 408.618 4574724.850 5300772.760
4274 408.599 4574774.850 5300822.760
4275 408.510 4574824.850 5300872.760
4276 408.399 4574874.850 5300922.760
4277 408.434 4574624.850 5300722.760
4278 407.801 4574574.850 5300772.760
4279 407.800 4574524.850 5300822.760
4280 407.910 4574474.850 5300872.760
4281 407.776 4574424.850 5300922.760
4282 407.845 4574371.710 5300948.290
4283 408.625 4575567.240 5301552.400
4284 408.974 4575536.750 5301577.710
4285 400.567 4575712.120 5301415.030
4286 401.828 4575674.470 5301436.120
4287 405.271 4575646.640 5301464.490
4288 400.601 4575794.490 5301375.360
4289 400.370 4575753.880 5301395.290
4290 403.064 4575871.630 5301334.440
4291 401.624 4575833.920 5301355.240
4292 409.675 4576293.080 5301466.450
4293 409.806 4576014.880 5301193.790
4294 409.814 4575988.820 5301223.950
4295 409.626 4575963.150 5301254.160
4296 407.585 4575933.990 5301282.320
4297 405.012 4575902.990 5301308.760
4298 409.835 4576224.850 5301422.760
4299 409.526 4576174.850 5301372.760
4300 410.259 4576024.850 5301222.760
4301 410.143 4576124.850 5301322.760
4302 410.501 4576074.850 5301272.760
4303 409.598 4576324.850 5301572.760
4304 409.451 4576260.360 5301541.700
4305 409.763 4576266.940 5301508.980
4306 404.921 4575622.920 5301496.000
4307 407.818 4575594.780 5301524.060
4308 409.411 4576335.100 5301609.670
4309 408.852 4575512.410 5301608.160
4310 408.704 4575488.630 5301639.060
4311 408.807 4575459.380 5301665.580
4312 409.027 4575424.850 5301672.760
4313 408.888 4575374.850 5301722.760
4314 407.886 4575324.850 5301722.760
4315 407.849 4575274.850 5301672.760
4316 408.691 4574974.850 5300972.760
4317 408.199 4574924.850 5300972.760
4318 407.821 4575274.540 5301561.610
4319 406.852 4575266.160 5301317.800
4320 406.830 4575249.780 5301278.330
4321 407.298 4575240.580 5301238.820
4322 408.887 4575224.640 5301160.230
4323 408.071 4575230.780 5301199.660
4324 408.877 4575212.350 5301152.110
4325 408.747 4575210.210 5301122.400
4326 408.667 4575196.490 5301105.390
4327 408.393 4575174.850 5301072.760
4328 408.179 4575124.850 5301022.760
4329 406.863 4575264.310 5301357.760
4330 408.053 4575274.590 5301439.270
4331 407.368 4575262.460 5301397.730
4332 408.704 4575074.850 5301022.760
4333 408.596 4575024.850 5301022.760
4334 407.807 4575275.690 5301521.200
4335 407.851 4575273.530 5301479.930
4336 407.828 4575267.010 5301641.810
4337 407.827 4575268.200 5301601.090
4338 408.045 4575260.380 5301681.350
4339 408.363 4574674.850 5300772.760
4340 408.224 4574724.850 5300822.760
4341 408.074 4574774.850 5300872.760
4342 407.888 4574824.850 5300922.760
4343 407.671 4574874.850 5300972.760
4344 407.985 4574624.850 5300772.760
4345 407.698 4574574.850 5300822.760
4346 407.983 4574524.850 5300872.760
4347 407.837 4574474.850 5300922.760
4348 407.836 4574424.850 5300972.760
4349 407.835 4574398.500 5300984.430
4350 408.305 4575361.770 5301788.210
4351 407.155 4575571.550 5301555.900
4352 408.600 4575542.120 5301582.130
4353 400.182 4575726.310 5301425.690
4354 400.540 4575688.110 5301446.430
4355 402.214 4575651.010 5301467.850
4356 401.384 4575807.530 5301385.830
4357 400.342 4575767.510 5301405.860
4358 404.905 4575877.090 5301339.220
4359 402.558 4575845.870 5301365.180
4360 409.703 4576224.850 5301472.760
4361 410.328 4575992.850 5301228.020
4362 410.284 4575968.450 5301258.980
4363 409.972 4575938.230 5301286.070
4364 407.633 4575908.110 5301313.380
4365 409.829 4576174.850 5301422.760
4366 409.759 4576124.850 5301372.760
4367 410.138 4576024.850 5301272.760
4368 410.353 4576074.850 5301322.760
4369 409.440 4576274.850 5301572.760
4370 409.457 4576238.230 5301549.740
4371 409.468 4576224.850 5301522.760
4372 402.595 4575627.540 5301499.570
4373 404.476 4575599.310 5301527.590
4374 409.408 4576315.320 5301655.600
4375 409.428 4576274.850 5301622.760
4376 408.486 4575517.970 5301612.690
4377 408.434 4575494.240 5301643.580
4378 408.550 4575464.990 5301670.070
4379 408.643 4575435.930 5301696.780
4380 408.575 4575410.260 5301726.460
4381 408.440 4575386.020 5301757.340
4382 409.402 4576295.640 5301701.540
4383 408.749 4575324.850 5301772.760
4384 406.658 4575274.850 5301722.760
4385 406.711 4575249.060 5301751.370
4386 406.660 4575252.130 5301720.580
4387 407.984 4574974.850 5301022.760
4388 407.431 4574924.850 5301022.760
4389 407.818 4575269.530 5301560.650
4390 406.846 4575254.540 5301318.290
4391 406.828 4575244.630 5301278.680
4392 407.262 4575235.760 5301239.280
4393 408.826 4575218.830 5301161.180
4394 407.931 4575225.710 5301200.340
4395 408.570 4575193.610 5301155.460
4396 408.857 4575174.850 5301122.760
4397 408.855 4575124.850 5301072.760
4398 406.948 4575251.860 5301357.560
4399 408.232 4575260.600 5301437.700
4400 407.607 4575249.190 5301396.830
4401 408.405 4575074.850 5301072.760
4402 407.706 4575024.850 5301072.760
4403 407.806 4575272.470 5301520.590
4404 407.787 4575259.100 5301477.200
4405 407.825 4575261.630 5301640.540
4406 407.824 4575263.030 5301600.060
4407 408.040 4575254.860 5301679.950
4408 407.868 4574674.850 5300822.760
4409 407.727 4574724.850 5300872.760
4410 407.549 4574774.850 5300922.760
4411 407.430 4574824.850 5300972.760
4412 407.277 4574874.850 5301022.760
4413 407.779 4574624.850 5300822.760
4414 407.865 4574574.850 5300872.760
4415 407.871 4574524.850 5300922.760
4416 407.792 4574474.850 5300972.760
4417 407.854 4574423.830 5301020.070
4418 408.185 4575337.520 5301819.070
4419 408.124 4575367.650 5301792.510
4420 404.259 4575575.800 5301559.240
4421 407.459 4575546.700 5301585.880
4422 400.121 4575740.520 5301436.360
4423 400.007 4575701.750 5301456.760
4424 400.512 4575664.100 5301477.830
4425 402.051 4575820.100 5301395.930
4426 401.137 4575781.130 5301416.430
4427 407.444 4575882.290 5301343.740
4428 404.562 4575851.240 5301369.720
4429 409.497 4576174.850 5301472.760
4430 410.267 4575973.890 5301264.090
4431 410.236 4575943.910 5301291.390
4432 409.862 4575911.820 5301316.780
4433 409.526 4576124.850 5301422.760
4434 410.200 4575976.630 5301285.980
4435 410.232 4576074.850 5301372.760
4436 410.188 4576024.850 5301322.760
4437 409.457 4576224.850 5301572.760
4438 409.487 4576174.850 5301522.760
4439 400.472 4575640.090 5301509.240
4440 402.948 4575604.080 5301531.300
4441 409.415 4576274.850 5301672.760
4442 409.443 4576224.850 5301622.760
4443 409.750 4576274.850 5301722.760
4444 407.291 4575522.500 5301616.440
4445 407.147 4575498.590 5301647.220
4446 408.452 4575470.600 5301674.550
4447 408.389 4575441.500 5301701.190
4448 408.309 4575416.140 5301731.000
4449 408.204 4575391.900 5301761.750
4450 409.635 4576275.930 5301747.500
4451 409.139 4576274.850 5301772.760
4452 408.607 4576256.260 5301793.480
4453 408.104 4575313.270 5301849.940
4454 408.408 4575324.850 5301822.760
4455 406.765 4575274.850 5301772.760
4456 406.723 4575245.470 5301759.930
4457 406.658 4575247.050 5301719.160
4458 407.241 4574974.850 5301072.760
4459 407.219 4574924.850 5301072.760
4460 407.817 4575265.530 5301559.880
4461 406.844 4575248.190 5301318.560
4462 406.826 4575238.910 5301279.050
4463 407.171 4575230.820 5301239.770
4464 407.531 4575207.700 5301202.730
4465 407.746 4575174.850 5301172.760
4466 408.132 4575124.850 5301122.760
4467 407.001 4575246.090 5301357.690
4468 408.152 4575246.510 5301436.090
4469 407.669 4575243.040 5301396.780
4470 407.423 4575074.850 5301122.760
4471 406.967 4575024.850 5301122.760
4472 407.801 4575256.900 5301517.630
4473 407.783 4575243.840 5301475.360
4474 407.822 4575256.440 5301639.460
4475 407.822 4575258.600 5301599.170
4476 407.940 4575249.760 5301678.850
4477 406.656 4575242.530 5301718.130
4478 407.587 4574674.850 5300872.760
4479 407.517 4574724.850 5300922.760
4480 407.470 4574774.850 5300972.760
4481 407.509 4574824.850 5301022.760
4482 407.554 4574874.850 5301072.760
4483 407.646 4574624.850 5300872.760
4484 407.970 4574574.850 5300922.760
4485 407.809 4574524.850 5300972.760
4486 407.870 4574474.850 5301022.760
4487 407.708 4574431.300 5301059.210
4488 408.044 4575343.420 5301823.260
4489 407.907 4575374.660 5301798.280
4490 403.210 4575580.620 5301563.030
4491 404.772 4575551.440 5301589.710
4492 400.930 4575754.740 5301447.020
4493 399.986 4575715.420 5301467.100
4494 399.832 4575677.200 5301487.840
4495 404.374 4575825.410 5301400.240
4496 401.544 4575794.340 5301426.670
4497 409.610 4575886.170 5301347.170
4498 407.358 4575856.560 5301374.180
4499 409.518 4576124.850 5301472.760
4500 410.218 4575949.650 5301296.850
4501 410.194 4575917.290 5301322.130
4502 409.900 4576074.850 5301422.760
4503 410.058 4575974.850 5301322.760
4504 410.325 4576024.850 5301372.760
4505 409.473 4576174.850 5301572.760
4506 409.504 4576124.850 5301522.760
4507 399.661 4575652.640 5301518.910
4508 400.388 4575616.080 5301540.640
4509 409.653 4576224.850 5301672.760
4510 409.572 4576174.850 5301622.760
4511 409.265 4576224.850 5301722.760
4512 404.969 4575527.430 5301620.480
4513 405.113 4575503.560 5301651.370
4514 407.283 4575474.750 5301678.050
4515 408.444 4575447.080 5301705.600
4516 408.322 4575422.400 5301736.040
4517 408.165 4575398.530 5301767.160
4518 408.533 4576224.850 5301772.760
4519 408.445 4576236.640 5301839.470
4520 408.936 4576200.850 5301924.180
4521 408.631 4576169.730 5301963.260
4522 408.538 4576175.310 5301986.550
4523 408.479 4576139.940 5302021.910
4524 408.576 4576100.340 5302052.220
4525 408.807 4576074.850 5302072.760
4526 407.964 4575319.180 5301854.020
4527 408.034 4575292.440 5301876.460
4528 408.469 4575274.850 5301872.760
4529 408.610 4575274.850 5301822.760
4530 406.773 4575239.130 5301801.050
4531 406.754 4575230.710 5301798.280
4532 406.716 4575238.790 5301758.440
4533 407.246 4574974.850 5301122.760
4534 407.637 4574924.850 5301122.760
4535 407.810 4575250.120 5301556.840
4536 406.840 4575241.010 5301318.860
4537 406.824 4575233.120 5301279.430
4538 406.867 4575215.820 5301251.650
4539 406.886 4575174.850 5301222.760
4540 407.195 4575124.850 5301172.760
4541 407.141 4575239.640 5301357.860
4542 407.828 4575236.270 5301396.750
4543 408.074 4575240.460 5301435.900
4544 406.851 4575074.850 5301172.760
4545 407.275 4575024.850 5301172.760
4546 407.795 4575241.160 5301514.630
4547 407.781 4575237.440 5301474.990
4548 407.819 4575251.660 5301638.470
4549 407.814 4575243.340 5301596.050
4550 407.865 4575244.730 5301677.760
4551 406.709 4575232.730 5301757.270
4552 406.653 4575237.790 5301717.050
4553 407.719 4574674.850 5300922.760
4554 407.767 4574724.850 5300972.760
4555 407.808 4574774.850 5301022.760
4556 407.911 4574824.850 5301072.760
4557 408.015 4574874.850 5301122.760
4558 407.938 4574624.850 5300922.760
4559 407.866 4574574.850 5300972.760
4560 407.813 4574524.850 5301022.760
4561 407.841 4574474.850 5301072.760
4562 407.502 4574439.250 5301099.530
4563 407.483 4575350.800 5301829.400
4564 406.549 4575379.830 5301802.660
4565 407.835 4575326.940 5301860.530
4566 400.305 4575592.060 5301572.040
4567 403.421 4575556.710 5301593.960
4568 401.042 4575768.580 5301457.410
4569 400.596 4575729.070 5301477.430
4570 399.840 4575690.310 5301497.840
4571 407.321 4575830.890 5301404.670
4572 403.991 4575799.580 5301430.760
4573 410.134 4575891.690 5301352.470
4574 409.362 4575860.650 5301377.680
4575 409.538 4576074.850 5301472.760
4576 410.177 4575922.750 5301327.480
4577 410.171 4576024.850 5301422.760
4578 409.999 4575974.850 5301372.760
4579 409.486 4576124.850 5301572.760
4580 409.518 4576074.850 5301522.760
4581 399.684 4575665.200 5301528.580
4582 399.495 4575628.090 5301549.990
4583 409.435 4576174.850 5301672.760
4584 409.666 4576124.850 5301622.760
4585 408.551 4576174.850 5301722.760
4586 403.591 4575532.810 5301624.890
4587 408.478 4576174.850 5301772.760
4588 403.770 4575508.900 5301655.810
4589 405.122 4575479.740 5301682.290
4590 407.546 4575451.000 5301708.960
4591 406.999 4575426.890 5301739.860
4592 406.579 4575403.360 5301771.260
4593 408.481 4576221.220 5301879.900
4594 408.465 4576174.850 5301822.760
4595 408.910 4576174.850 5301922.760
4596 408.488 4576124.850 5301972.760
4597 408.489 4576074.850 5302022.760
4598 408.792 4576053.500 5302068.790
4599 407.892 4575298.480 5301880.590
4600 407.949 4575272.220 5301903.430
4601 406.652 4575224.850 5301872.760
4602 406.716 4575223.040 5301849.060
4603 406.725 4575219.910 5301838.160
4604 406.744 4575225.330 5301797.090
4605 407.741 4574974.850 5301172.760
4606 408.096 4574924.850 5301172.760
4607 407.803 4575234.570 5301553.760
4608 406.837 4575233.800 5301319.160
4609 406.826 4575221.270 5301300.620
4610 406.846 4575174.850 5301272.760
4611 406.858 4575124.850 5301222.760
4612 407.221 4575233.100 5301358.020
4613 407.934 4575229.340 5301396.700
4614 408.026 4575233.880 5301435.720
4615 407.309 4575074.850 5301222.760
4616 407.850 4575024.850 5301222.760
4617 407.793 4575234.210 5301513.310
4618 407.780 4575230.580 5301474.600
4619 407.835 4575236.560 5301635.260
4620 407.807 4575227.980 5301592.900
4621 407.600 4575229.780 5301674.470
4622 406.734 4575220.300 5301796.100
4623 406.702 4575226.660 5301756.120
4624 406.644 4575223.000 5301713.680
4625 407.999 4574674.850 5300972.760
4626 408.051 4574724.850 5301022.760
4627 408.029 4574774.850 5301072.760
4628 408.033 4574824.850 5301122.760
4629 407.959 4574874.850 5301172.760
4630 407.983 4574624.850 5300972.760
4631 407.754 4574574.850 5301022.760
4632 407.882 4574524.850 5301072.760
4633 407.556 4574481.100 5301121.660
4634 406.369 4575356.310 5301834.050
4635 403.931 4575386.110 5301807.990
4636 407.822 4575306.110 5301886.680
4637 405.390 4575332.790 5301865.450
4638 399.329 4575603.540 5301581.060
4639 400.090 4575568.110 5301603.100
4640 403.826 4575773.740 5301461.280
4641 401.479 4575742.430 5301487.540
4642 400.269 4575703.400 5301507.840
4643 409.107 4575835.200 5301408.250
4644 407.435 4575805.210 5301435.150
4645 410.135 4575897.210 5301357.780
4646 410.028 4575866.280 5301382.980
4647 409.989 4576024.850 5301472.760
4648 410.059 4575924.850 5301372.760
4649 410.140 4575974.850 5301422.760
4650 409.772 4576074.850 5301572.760
4651 409.248 4576024.850 5301522.760
4652 399.884 4575677.730 5301538.240
4653 399.519 4575640.090 5301559.330
4654 408.568 4576124.850 5301672.760
4655 408.583 4576074.850 5301622.760
4656 408.505 4576124.850 5301722.760
4657 399.897 4575544.150 5301634.150
4658 408.492 4576124.850 5301772.760
4659 399.720 4575520.190 5301665.210
4660 403.833 4575485.000 5301686.740
4661 405.092 4575455.950 5301713.240
4662 405.109 4575432.470 5301744.650
4663 404.678 4575409.290 5301776.320
4664 408.785 4576174.850 5301872.760
4665 408.634 4576124.850 5301822.760
4666 408.638 4576124.850 5301922.760
4667 408.497 4576074.850 5301972.760
4668 408.764 4576024.850 5302022.760
4669 408.562 4576024.850 5302072.760
4670 408.161 4576010.420 5302093.840
4671 407.668 4575285.650 5301913.070
4672 407.842 4575278.300 5301907.520
4673 407.890 4575250.960 5301929.600
4674 408.527 4575224.850 5301922.760
4675 407.154 4575204.570 5301896.140
4676 406.895 4575206.250 5301877.150
4677 406.715 4575214.410 5301836.710
4678 408.099 4574974.850 5301222.760
4679 407.925 4574924.850 5301222.760
4680 407.801 4575228.470 5301552.740
4681 407.236 4575223.200 5301349.550
4682 407.440 4575174.850 5301322.760
4683 407.348 4575124.850 5301272.760
4684 408.100 4575220.320 5301397.830
4685 407.978 4575227.070 5301435.510
4686 407.931 4575074.850 5301272.760
4687 408.076 4575024.850 5301272.760
4688 407.790 4575226.860 5301511.910
4689 407.778 4575223.400 5301474.180
4690 407.850 4575222.870 5301446.100
4691 407.913 4575221.380 5301632.030
4692 407.804 4575222.600 5301592.190
4693 407.245 4575214.790 5301671.170
4694 406.705 4575209.130 5301835.410
4695 406.725 4575215.520 5301795.190
4696 406.683 4575211.750 5301752.330
4697 406.634 4575208.200 5301710.300
4698 407.939 4574674.850 5301022.760
4699 407.903 4574724.850 5301072.760
4700 407.856 4574774.850 5301122.760
4701 407.789 4574824.850 5301172.760
4702 407.724 4574874.850 5301222.760
4703 407.803 4574624.850 5301022.760
4704 407.824 4574574.850 5301072.760
4705 407.789 4574524.850 5301122.760
4706 407.263 4574481.380 5301157.910
4707 400.773 4575362.930 5301839.650
4708 399.101 4575392.800 5301813.670
4709 405.451 4575311.840 5301891.190
4710 399.393 4575339.750 5301871.320
4711 399.354 4575614.980 5301590.070
4712 399.303 4575579.610 5301612.320
4713 407.695 4575779.520 5301465.620
4714 403.054 4575747.960 5301491.740
4715 401.343 4575716.280 5301517.670
4716 409.925 4575840.980 5301413.570
4717 408.850 4575809.740 5301438.810
4718 410.087 4575871.910 5301388.280
4719 410.137 4575974.850 5301472.760
4720 409.881 4575924.850 5301422.760
4721 408.593 4576024.850 5301572.760
4722 409.990 4575974.850 5301522.760
4723 400.831 4575690.140 5301547.800
4724 399.627 4575652.060 5301568.650
4725 408.532 4576074.850 5301672.760
4726 408.561 4576024.850 5301622.760
4727 408.519 4576074.850 5301722.760
4728 399.298 4575555.680 5301643.590
4729 408.504 4576074.850 5301772.760
4730 399.286 4575531.760 5301674.850
4731 399.567 4575496.230 5301696.270
4732 404.229 4575461.090 5301717.670
4733 401.608 4575438.330 5301749.670
4734 399.904 4575415.570 5301781.670
4735 408.960 4576124.850 5301872.760
4736 408.951 4576074.850 5301822.760
4737 408.504 4576074.850 5301922.760
4738 408.505 4576024.850 5301972.760
4739 408.657 4575974.850 5302022.760
4740 408.029 4575965.140 5302087.880
4741 405.379 4575291.160 5301917.100
4742 405.665 4575270.050 5301942.670
4743 407.556 4575264.610 5301938.980
4744 407.842 4575257.290 5301933.770
4745 407.870 4575230.190 5301956.160
4746 408.416 4575190.950 5301944.700
4747 407.030 4575192.920 5301916.280
4748 407.204 4575201.650 5301875.770
4749 407.825 4574974.850 5301272.760
4750 407.643 4574924.850 5301272.760
4751 407.798 4575221.980 5301551.650
4752 408.190 4575174.850 5301372.760
4753 408.098 4575124.850 5301322.760
4754 407.766 4575174.850 5301422.760
4755 407.985 4575074.850 5301322.760
4756 407.722 4575024.850 5301322.760
4757 407.787 4575219.090 5301510.430
4758 407.782 4575216.130 5301494.290
4759 407.764 4575174.850 5301472.760
4760 407.984 4575216.590 5301630.780
4761 407.801 4575216.850 5301591.430
4762 407.073 4575209.680 5301670.010
4763 407.521 4575197.090 5301874.440
4764 406.696 4575204.390 5301834.270
4765 406.698 4575200.510 5301790.980
4766 406.665 4575196.840 5301748.520
4767 406.629 4575202.310 5301708.960
4768 407.756 4574674.850 5301072.760
4769 407.705 4574724.850 5301122.760
4770 407.625 4574774.850 5301172.760
4771 407.647 4574824.850 5301222.760
4772 407.670 4574874.850 5301272.760
4773 407.720 4574624.850 5301072.760
4774 407.875 4574574.850 5301122.760
4775 407.368 4574524.850 5301172.760
4776 406.963 4574498.770 5301193.540
4777 398.872 4575370.040 5301845.670
4778 398.958 4575402.930 5301822.300
4779 399.891 4575318.760 5301896.650
4780 398.733 4575347.280 5301877.670
4781 399.399 4575626.380 5301599.050
4782 399.374 4575591.110 5301621.560
4783 408.597 4575784.270 5301469.360
4784 407.484 4575753.930 5301496.280
4785 402.862 4575722.180 5301522.210
4786 410.029 4575846.750 5301418.890
4787 409.821 4575815.650 5301444.140
4788 410.011 4575874.850 5301422.760
4789 409.862 4575924.850 5301472.760
4790 409.746 4575974.850 5301572.760
4791 410.092 4575924.850 5301522.760
4792 402.974 4575696.340 5301552.620
4793 400.503 4575663.990 5301577.930
4794 408.548 4576024.850 5301672.760
4795 409.461 4575974.850 5301622.760
4796 408.532 4576024.850 5301722.760
4797 399.378 4575567.240 5301653.040
4798 408.914 4576024.850 5301772.760
4799 399.364 4575543.370 5301684.530
4800 399.323 4575507.830 5301706.110
4801 399.449 4575472.270 5301727.330
4802 399.289 4575449.160 5301758.980
4803 399.068 4575426.040 5301790.640
4804 408.682 4576074.850 5301872.760
4805 408.739 4576024.850 5301822.760
4806 408.513 4576024.850 5301922.760
4807 408.674 4575974.850 5301972.760
4808 408.054 4575924.850 5302022.760
4809 408.048 4575918.030 5302072.430
4810 400.352 4575297.910 5301922.050
4811 400.909 4575276.850 5301947.280
4812 405.758 4575249.170 5301968.390
4813 407.461 4575243.870 5301965.100
4814 407.840 4575236.700 5301960.310
4815 407.869 4575209.310 5301982.640
4816 408.386 4575180.510 5301953.910
4817 407.033 4575189.100 5301914.910
4818 407.669 4574974.850 5301322.760
4819 407.692 4574924.850 5301322.760
4820 407.795 4575215.140 5301550.490
4821 407.724 4575112.580 5301389.540
4822 407.736 4575124.850 5301422.760
4823 407.709 4575074.850 5301372.760
4824 407.695 4575024.850 5301372.760
4825 407.775 4575174.850 5301522.760
4826 407.748 4575124.850 5301472.760
4827 408.003 4575211.450 5301629.440
4828 407.798 4575210.800 5301590.630
4829 407.059 4575204.180 5301668.770
4830 407.036 4575185.190 5301913.510
4831 407.592 4575193.250 5301873.340
4832 406.672 4575189.260 5301829.630
4833 406.674 4575185.480 5301786.750
4834 406.659 4575191.970 5301747.320
4835 406.624 4575195.920 5301707.500
4836 407.734 4574674.850 5301122.760
4837 407.749 4574724.850 5301172.760
4838 407.763 4574774.850 5301222.760
4839 407.807 4574824.850 5301272.760
4840 407.855 4574874.850 5301322.760
4841 407.835 4574624.850 5301122.760
4842 407.728 4574574.850 5301172.760
4843 406.777 4574528.600 5301224.210
4844 398.985 4575379.820 5301853.960
4845 399.201 4575413.260 5301831.100
4846 398.659 4575326.070 5301902.410
4847 398.923 4575356.710 5301885.620
4848 400.218 4575637.840 5301608.060
4849 399.353 4575602.580 5301630.770
4850 409.717 4575790.320 5301474.710
4851 408.637 4575758.860 5301500.170
4852 406.614 4575728.330 5301526.930
4853 409.971 4575821.560 5301449.480
4854 409.859 4575874.850 5301472.760
4855 409.951 4575924.850 5301572.760
4856 409.742 4575874.850 5301522.760
4857 406.284 4575702.590 5301557.470
4858 402.994 4575670.380 5301582.930
4859 408.562 4575974.850 5301672.760
4860 409.835 4575924.850 5301622.760
4861 408.726 4575974.850 5301722.760
4862 399.307 4575578.780 5301662.490
4863 408.786 4575974.850 5301772.760
4864 399.290 4575554.980 5301694.220
4865 399.336 4575519.500 5301716.020
4866 399.351 4575483.900 5301737.380
4867 399.318 4575460.350 5301768.620
4868 399.259 4575436.800 5301799.860
4869 408.519 4576024.850 5301872.760
4870 408.535 4575974.850 5301822.760
4871 408.521 4575974.850 5301922.760
4872 408.749 4575924.850 5301972.760
4873 408.072 4575874.850 5302022.760
4874 408.066 4575872.100 5302054.490
4875 398.588 4575304.850 5301927.140
4876 398.518 4575283.630 5301951.870
4877 401.227 4575255.920 5301972.570
4878 406.078 4575228.250 5301994.060
4879 407.212 4575223.090 5301991.150
4880 407.838 4575216.050 5301986.770
4881 407.863 4575194.700 5302002.930
4882 408.161 4575173.280 5301991.720
4883 407.885 4575173.290 5302020.580
4884 408.369 4575165.440 5301990.930
4885 408.364 4575175.390 5301952.100
4886 407.715 4574974.850 5301372.760
4887 407.914 4574924.850 5301372.760
4888 407.807 4575174.850 5301572.760
4889 407.724 4575081.360 5301428.640
4890 407.738 4575024.850 5301422.760
4891 407.761 4575074.850 5301472.760
4892 407.784 4575124.850 5301522.760
4893 407.991 4575206.040 5301628.030
4894 406.877 4575198.370 5301667.460
4895 407.901 4575174.850 5301622.760
4896 407.113 4575170.250 5301950.310
4897 407.038 4575182.120 5301912.410
4898 407.547 4575178.020 5301868.270
4899 406.650 4575174.110 5301824.970
4900 406.667 4575180.830 5301785.480
4901 406.652 4575186.520 5301745.950
4902 406.618 4575189.200 5301705.970
4903 407.851 4574674.850 5301172.760
4904 407.894 4574724.850 5301222.760
4905 407.944 4574774.850 5301272.760
4906 407.947 4574824.850 5301322.760
4907 407.955 4574874.850 5301372.760
4908 407.893 4574624.850 5301172.760
4909 407.300 4574574.850 5301222.760
4910 406.993 4574520.770 5301257.740
4911 401.486 4575234.970 5301997.830
4912 399.166 4575389.710 5301862.340
4913 399.259 4575423.610 5301839.920
4914 398.584 4575335.460 5301910.360
4915 399.164 4575366.160 5301893.580
4916 402.422 4575644.360 5301613.190
4917 400.077 4575614.100 5301640.010
4918 409.882 4575796.360 5301480.060
4919 409.621 4575765.220 5301505.590
4920 408.587 4575733.430 5301530.970
4921 409.950 4575824.850 5301472.760
4922 409.779 4575874.850 5301572.760
4923 409.845 4575824.850 5301522.760
4924 408.263 4575707.800 5301561.600
4925 406.230 4575676.630 5301587.820
4926 409.300 4575924.850 5301672.760
4927 409.922 4575874.850 5301622.760
4928 408.851 4575924.850 5301722.760
4929 399.991 4575590.350 5301671.960
4930 408.551 4575924.850 5301772.760
4931 400.002 4575566.610 5301703.900
4932 399.259 4575531.180 5301725.940
4933 399.301 4575495.630 5301747.500
4934 399.280 4575471.620 5301778.310
4935 399.247 4575447.620 5301809.120
4936 408.529 4575974.850 5301872.760
4937 408.546 4575924.850 5301822.760
4938 408.528 4575924.850 5301922.760
4939 408.080 4575874.850 5301972.760
4940 408.085 4575828.500 5302032.210
4941 398.208 4575314.210 5301935.100
4942 397.835 4575292.960 5301959.850
4943 398.444 4575262.420 5301976.610
4944 401.544 4575215.190 5302021.930
4945 406.415 4575209.800 5302017.250
4946 407.493 4575205.750 5302013.720
4947 407.834 4575200.220 5302008.330
4948 407.868 4575168.230 5302034.000
4949 407.882 4575158.980 5302040.000
4950 407.914 4575147.330 5302041.380
4951 407.965 4575150.090 5302027.880
4952 408.343 4575159.970 5301988.910
4953 408.321 4575154.550 5301986.930
4954 407.931 4574974.850 5301422.760
4955 407.954 4574924.850 5301422.760
4956 408.019 4575124.850 5301572.760
4957 407.843 4575049.930 5301467.580
4958 407.939 4575024.850 5301472.760
4959 408.026 4575074.850 5301522.760
4960 406.578 4575174.850 5301672.760
4961 406.796 4575124.850 5301622.760
4962 407.109 4575165.810 5301948.730
4963 407.041 4575166.770 5301906.920
4964 407.299 4575162.750 5301863.200
4965 406.644 4575169.480 5301823.580
4966 406.659 4575175.450 5301783.980
4967 406.646 4575180.750 5301744.490
4968 406.623 4575174.850 5301722.760
4969 407.916 4574674.850 5301222.760
4970 407.864 4574724.850 5301272.760
4971 407.783 4574774.850 5301322.760
4972 407.665 4574824.850 5301372.760
4973 407.495 4574874.850 5301422.760
4974 407.623 4574624.850 5301222.760
4975 406.725 4574574.850 5301272.760
4976 407.196 4574532.000 5301286.560
4977 398.373 4575241.210 5302001.340
4978 399.290 4575399.610 5301870.730
4979 399.378 4575433.980 5301848.760
4980 398.836 4575344.880 5301918.340
4981 399.321 4575375.600 5301901.530
4982 405.730 4575650.540 5301618.060
4983 402.214 4575620.330 5301644.980
4984 409.791 4575771.560 5301511.010
4985 409.523 4575740.080 5301536.450
4986 409.850 4575774.850 5301522.760
4987 409.658 4575824.850 5301572.760
4988 409.418 4575714.660 5301567.080
4989 408.071 4575681.850 5301591.970
4990 409.769 4575874.850 5301672.760
4991 409.603 4575824.850 5301622.760
4992 409.591 4575874.850 5301722.760
4993 402.128 4575596.000 5301676.520
4994 409.124 4575874.850 5301772.760
4995 402.645 4575571.710 5301708.100
4996 399.929 4575542.860 5301735.850
4997 399.239 4575507.380 5301757.660
4998 399.277 4575482.920 5301788.030
4999 399.318 4575458.450 5301818.390
5000 408.538 4575924.850 5301872.760
5001 408.555 4575874.850 5301822.760
5002 408.823 4575874.850 5301922.760
5003 408.100 4575814.660 5301986.580
5004 398.479 4575323.610 5301943.100
5005 398.120 4575302.330 5301967.860
5006 397.460 4575271.710 5301984.590
5007 398.301 4575219.990 5302026.080
5008 403.197 4575188.210 5302049.630
5009 406.266 4575178.610 5302042.670
5010 404.622 4575148.200 5302069.570
5011 407.908 4575135.190 5302065.050
5012 408.076 4575144.350 5302025.670
5013 408.270 4575138.740 5302023.530
5014 408.300 4575149.500 5301985.060
5015 407.842 4574974.850 5301472.760
5016 407.269 4574924.850 5301472.760
5017 407.395 4575074.850 5301572.760
5018 407.846 4575018.100 5301506.180
5019 406.485 4575074.850 5301622.760
5020 406.549 4575124.850 5301672.760
5021 407.095 4575151.760 5301943.620
5022 407.037 4575151.390 5301901.420
5023 407.276 4575158.110 5301861.660
5024 406.636 4575163.940 5301821.870
5025 406.651 4575169.700 5301782.360
5026 406.579 4575124.850 5301722.760
5027 407.555 4574674.850 5301272.760
5028 407.389 4574724.850 5301322.760
5029 407.176 4574774.850 5301372.760
5030 406.771 4574824.850 5301422.760
5031 406.578 4574874.850 5301472.760
5032 407.089 4574624.850 5301272.760
5033 407.221 4574558.100 5301314.530
5034 397.086 4575250.460 5302009.340
5035 399.477 4575409.520 5301879.130
5036 400.537 4575444.330 5301857.580
5037 399.147 4575354.300 5301926.310
5038 399.705 4575385.050 5301909.490
5039 408.096 4575655.730 5301622.180
5040 406.096 4575626.450 5301649.870
5041 409.700 4575746.720 5301541.930
5042 409.776 4575774.850 5301572.760
5043 409.599 4575721.530 5301572.550
5044 409.302 4575688.810 5301597.340
5045 409.731 4575824.850 5301672.760
5046 409.659 4575774.850 5301622.760
5047 409.734 4575824.850 5301722.760
5048 406.033 4575601.760 5301681.210
5049 409.587 4575824.850 5301772.760
5050 406.123 4575577.150 5301712.610
5051 403.371 4575547.490 5301739.740
5052 399.505 4575519.120 5301767.800
5053 399.816 4575494.190 5301797.730
5054 400.133 4575469.260 5301827.660
5055 408.545 4575874.850 5301872.760
5056 409.348 4575824.850 5301822.760
5057 408.119 4575824.850 5301922.760
5058 408.116 4575791.610 5301948.790
5059 398.973 4575333.000 5301951.090
5060 398.800 4575311.700 5301975.860
5061 397.761 4575281.050 5301992.620
5062 396.711 4575229.210 5302034.080
5063 397.850 4575198.790 5302056.750
5064 401.953 4575166.950 5302081.950
5065 404.804 4575157.430 5302076.290
5066 403.197 4575128.690 5302104.500
5067 402.885 4575118.730 5302101.460
5068 407.917 4575129.030 5302062.580
5069 407.941 4575123.080 5302060.200
5070 408.275 4575133.190 5302021.380
5071 407.111 4575136.740 5301980.310
5072 406.874 4574974.850 5301522.760
5073 406.343 4574924.850 5301522.760
5074 406.426 4575024.850 5301572.760
5075 406.521 4574986.720 5301545.160
5076 406.453 4575024.850 5301622.760
5077 406.513 4575074.850 5301672.760
5078 407.079 4575137.670 5301938.490
5079 407.035 4575146.360 5301899.620
5080 407.171 4575152.360 5301859.740
5081 406.628 4575157.970 5301820.030
5082 406.593 4575124.850 5301772.760
5083 406.532 4575074.850 5301722.760
5084 406.765 4574674.850 5301322.760
5085 406.535 4574724.850 5301372.760
5086 406.215 4574774.850 5301422.760
5087 406.264 4574824.850 5301472.760
5088 406.314 4574874.850 5301522.760
5089 406.613 4574624.850 5301322.760
5090 407.760 4574556.680 5301359.470
5091 397.403 4575259.780 5302017.380
5092 397.044 4575238.500 5302042.140
5093 401.131 4575419.400 5301887.510
5094 403.139 4575447.370 5301860.020
5095 399.770 4575363.720 5301934.290
5096 401.408 4575394.470 5301917.440
5097 409.177 4575662.720 5301627.400
5098 408.144 4575631.660 5301654.060
5099 409.733 4575727.060 5301575.960
5100 409.482 4575695.760 5301602.700
5101 409.485 4575774.850 5301672.760
5102 409.700 4575724.850 5301622.760
5103 409.467 4575774.850 5301722.760
5104 408.099 4575606.730 5301685.270
5105 409.683 4575774.850 5301772.760
5106 408.075 4575581.910 5301716.570
5107 406.352 4575552.680 5301744.130
5108 403.414 4575523.300 5301771.400
5109 403.211 4575497.880 5301800.740
5110 403.017 4575472.200 5301829.920
5111 408.944 4575824.850 5301872.760
5112 409.548 4575774.850 5301822.760
5113 408.581 4575787.590 5301904.920
5114 399.836 4575342.400 5301959.080
5115 399.900 4575321.070 5301983.870
5116 398.626 4575290.400 5302000.640
5117 397.369 4575217.390 5302072.530
5118 397.438 4575208.060 5302064.610
5119 397.845 4575177.590 5302087.410
5120 402.255 4575140.720 5302112.090
5121 402.285 4575114.000 5302126.210
5122 402.150 4575110.420 5302122.560
5123 401.737 4575103.010 5302129.710
5124 402.890 4575112.670 5302098.980
5125 406.360 4575106.880 5302096.610
5126 408.024 4575116.880 5302057.710
5127 407.044 4575121.720 5302017.000
5128 407.088 4575123.950 5301975.560
5129 406.365 4574924.850 5301572.760
5130 406.391 4574956.520 5301585.040
5131 406.419 4574974.850 5301622.760
5132 406.474 4575024.850 5301672.760
5133 407.073 4575132.800 5301936.420
5134 407.033 4575139.900 5301897.310
5135 407.056 4575146.130 5301857.640
5136 407.595 4575124.850 5301822.760
5137 407.557 4575074.850 5301772.760
5138 407.476 4575024.850 5301722.760
5139 407.037 4575110.230 5302012.620
5140 406.658 4574674.850 5301372.760
5141 406.705 4574724.850 5301422.760
5142 406.831 4574774.850 5301472.760
5143 406.951 4574824.850 5301522.760
5144 407.091 4574874.850 5301572.760
5145 407.255 4574624.850 5301372.760
5146 407.794 4574557.990 5301398.240
5147 398.420 4575269.100 5302025.420
5148 398.184 4575247.800 5302050.190
5149 403.682 4575422.710 5301890.230
5150 404.898 4575450.640 5301862.650
5151 401.171 4575373.120 5301942.250
5152 403.811 4575397.550 5301920.030
5153 409.358 4575669.700 5301632.600
5154 409.105 4575638.580 5301659.370
5155 409.399 4575670.990 5301634.250
5156 409.602 4575724.850 5301672.760
5157 409.458 4575724.850 5301722.760
5158 408.985 4575613.260 5301690.400
5159 409.346 4575724.850 5301772.760
5160 408.872 4575588.090 5301721.570
5161 408.070 4575557.290 5301748.030
5162 406.846 4575528.260 5301775.690
5163 405.785 4575502.140 5301804.230
5164 404.650 4575475.490 5301832.480
5165 409.370 4575724.850 5301822.760
5166 409.447 4575759.220 5301869.660
5167 400.934 4575351.770 5301967.060
5168 400.697 4575330.420 5301991.870
5169 399.966 4575299.740 5302008.670
5170 398.379 4575226.740 5302080.450
5171 397.606 4575196.280 5302102.920
5172 397.401 4575186.900 5302095.140
5173 397.998 4575156.400 5302118.080
5174 401.259 4575121.460 5302141.060
5175 401.504 4575101.780 5302143.240
5176 401.565 4575099.340 5302131.420
5177 407.947 4575100.570 5302094.030
5178 408.207 4575106.700 5302053.700
5179 407.081 4575118.860 5301973.640
5180 407.259 4574929.070 5301626.770
5181 407.361 4574974.850 5301672.760
5182 407.066 4575126.700 5301933.830
5183 407.029 4575132.850 5301894.790
5184 407.005 4575124.850 5301872.760
5185 406.952 4575074.850 5301822.760
5186 407.107 4575024.850 5301772.760
5187 407.344 4574974.850 5301722.760
5188 407.430 4575096.510 5302049.690
5189 407.033 4575105.070 5302010.920
5190 407.375 4574674.850 5301422.760
5191 407.405 4574724.850 5301472.760
5192 407.484 4574774.850 5301522.760
5193 407.491 4574824.850 5301572.760
5194 407.536 4574874.850 5301622.760
5195 407.684 4574624.850 5301422.760
5196 407.779 4574584.630 5301425.050
5197 407.486 4574578.420 5301479.550
5198 400.032 4575278.420 5302033.460
5199 400.096 4575257.090 5302058.250
5200 399.770 4575236.090 5302088.380
5201 405.021 4575426.090 5301893.020
5202 406.334 4575453.740 5301865.150
5203 403.383 4575377.020 5301945.450
5204 404.787 4575400.530 5301922.530
5205 409.291 4575645.510 5301664.670
5206 409.596 4575674.850 5301672.760
5207 409.541 4575674.850 5301722.760
5208 409.183 4575619.800 5301695.540
5209 409.450 4575674.850 5301772.760
5210 409.081 4575594.280 5301726.570
5211 408.770 4575563.210 5301752.960
5212 408.156 4575532.750 5301779.560
5213 407.478 4575506.050 5301807.420
5214 406.533 4575478.550 5301834.860
5215 409.257 4575674.850 5301822.760
5216 409.423 4575709.400 5301866.480
5217 402.736 4575355.820 5301970.450
5218 402.103 4575334.670 5301995.490
5219 400.466 4575309.080 5302016.690
5220 398.284 4575205.690 5302110.710
5221 397.692 4575172.010 5302130.750
5222 398.159 4575135.200 5302148.750
5223 401.602 4575096.800 5302168.790
5224 400.255 4575081.140 5302161.920
5225 401.529 4575089.210 5302122.990
5226 407.963 4575091.690 5302090.390
5227 407.072 4575112.630 5301971.310
5228 407.333 4574909.730 5301672.920
5229 406.994 4574874.850 5301672.760
5230 407.059 4575120.050 5301931.000
5231 407.047 4575120.130 5301917.610
5232 406.989 4575074.850 5301872.760
5233 406.834 4574924.850 5301722.760
5234 406.934 4575024.850 5301822.760
5235 406.883 4574974.850 5301772.760
5236 408.151 4575082.790 5302086.760
5237 407.514 4575090.820 5302048.050
5238 407.028 4575098.890 5302008.910
5239 399.764 4575062.430 5302194.400
5240 407.604 4574674.850 5301472.760
5241 407.489 4574724.850 5301522.760
5242 407.286 4574774.850 5301572.760
5243 407.152 4574824.850 5301622.760
5244 407.705 4574613.660 5301459.940
5245 407.421 4574601.320 5301511.360
5246 399.278 4575215.090 5302118.510
5247 400.303 4575287.730 5302041.500
5248 400.143 4575266.380 5302066.310
5249 399.645 4575245.430 5302096.310
5250 406.074 4575429.380 5301895.740
5251 406.953 4575457.240 5301867.960
5252 404.427 4575380.800 5301948.560
5253 405.479 4575403.520 5301925.060
5254 409.491 4575624.850 5301722.760
5255 409.446 4575624.850 5301772.760
5256 408.988 4575569.120 5301757.890
5257 408.672 4575538.440 5301784.450
5258 408.646 4575510.840 5301811.330
5259 407.237 4575482.190 5301837.680
5260 409.367 4575624.850 5301822.760
5261 409.187 4575662.270 5301851.610
5262 403.757 4575359.780 5301973.770
5263 403.113 4575338.860 5301999.070
5264 401.477 4575313.540 5302020.550
5265 398.640 4575187.780 5302143.530
5266 397.844 4575150.880 5302161.180
5267 398.363 4575114.000 5302179.420
5268 400.686 4575077.600 5302201.590
5269 399.823 4575064.110 5302155.470
5270 407.970 4575066.670 5302118.590
5271 407.293 4574824.850 5301672.760
5272 407.062 4575105.820 5301968.750
5273 406.820 4574895.830 5301720.780
5274 407.041 4574874.850 5301722.760
5275 407.017 4575074.850 5301922.760
5276 406.960 4575024.850 5301872.760
5277 406.859 4574924.850 5301772.760
5278 406.908 4574974.850 5301822.760
5279 408.124 4575076.670 5302084.250
5280 407.023 4575092.150 5302006.690
5281 407.146 4575084.150 5302046.130
5282 407.002 4575085.050 5302016.190
5283 400.157 4575046.140 5302227.320
5284 399.842 4575046.830 5302187.370
5285 407.658 4574674.850 5301522.760
5286 407.570 4574724.850 5301572.760
5287 407.428 4574774.850 5301622.760
5288 407.592 4574624.850 5301522.760
5289 407.155 4574579.420 5301554.430
5290 399.570 4575224.490 5302126.310
5291 400.850 4575292.410 5302045.610
5292 400.171 4575271.180 5302070.470
5293 400.494 4575249.890 5302100.190
5294 407.294 4575432.850 5301898.600
5295 408.206 4575460.810 5301870.840
5296 405.279 4575384.580 5301951.670
5297 406.192 4575406.430 5301927.510
5298 409.253 4575574.850 5301772.760
5299 408.889 4575544.120 5301789.340
5300 408.614 4575515.660 5301815.260
5301 408.446 4575485.860 5301840.530
5302 409.342 4575574.850 5301822.760
5303 409.312 4575615.210 5301851.790
5304 404.796 4575363.710 5301977.070
5305 404.481 4575342.980 5302002.590
5306 402.479 4575317.960 5302024.390
5307 399.725 4575203.540 5302156.310
5308 398.354 4575166.740 5302173.750
5309 397.936 4575129.740 5302191.620
5310 398.458 4575092.800 5302210.080
5311 400.152 4575058.610 5302233.500
5312 404.051 4575050.560 5302150.420
5313 408.008 4575061.010 5302116.320
5314 407.691 4574774.850 5301672.760
5315 407.699 4574824.850 5301722.760
5316 407.024 4575074.850 5301972.760
5317 407.669 4574866.230 5301761.050
5318 406.976 4575024.850 5301922.760
5319 407.155 4574974.850 5301872.760
5320 407.499 4574924.850 5301822.760
5321 407.174 4575069.650 5302081.390
5322 407.264 4575076.850 5302044.030
5323 407.576 4575074.850 5302022.760
5324 400.075 4575038.000 5302257.600
5325 399.949 4575031.680 5302220.440
5326 401.094 4575034.450 5302182.250
5327 407.261 4574724.850 5301672.760
5328 407.611 4574674.850 5301572.760
5329 407.667 4574724.850 5301622.760
5330 407.176 4574624.850 5301572.760
5331 407.180 4574590.740 5301589.780
5332 399.766 4575000.480 5302286.240
5333 401.034 4575228.420 5302129.760
5334 401.880 4575297.070 5302049.700
5335 401.208 4575275.970 5302074.620
5336 401.919 4575254.340 5302104.060
5337 408.000 4575436.450 5301901.570
5338 408.738 4575466.550 5301897.870
5339 407.800 4575412.070 5301932.410
5340 407.086 4575388.200 5301954.630
5341 407.696 4575409.490 5301930.090
5342 408.933 4575524.850 5301822.760
5343 409.114 4575493.450 5301888.670
5344 409.294 4575571.750 5301871.590
5345 406.839 4575367.420 5301980.180
5346 406.425 4575346.830 5302005.860
5347 404.199 4575322.300 5302028.150
5348 401.477 4575207.080 5302159.430
5349 400.503 4575182.590 5302186.310
5350 397.748 4575145.700 5302203.970
5351 397.825 4575108.610 5302222.050
5352 398.279 4575071.600 5302240.750
5353 398.062 4575051.080 5302271.930
5354 399.763 4575014.150 5302293.780
5355 406.672 4575045.140 5302148.300
5356 407.162 4575054.730 5302113.880
5357 407.340 4574774.850 5301722.760
5358 407.433 4574824.850 5301772.760
5359 407.372 4574853.490 5301807.930
5360 407.739 4575024.850 5301972.760
5361 407.469 4574874.850 5301822.760
5362 407.601 4574974.850 5301922.760
5363 407.529 4574924.850 5301872.760
5364 407.341 4575061.950 5302078.230
5365 407.417 4575057.280 5302061.500
5366 407.507 4575024.850 5302022.760
5367 399.890 4575017.450 5302253.110
5368 403.064 4575018.330 5302214.070
5369 404.390 4575028.700 5302180.010
5370 402.879 4574986.100 5302277.730
5371 407.296 4574724.850 5301722.760
5372 407.252 4574674.850 5301672.760
5373 407.218 4574674.850 5301622.760
5374 407.200 4574633.160 5301606.940
5375 399.702 4574987.020 5302321.680
5376 402.557 4575232.340 5302133.200
5377 403.472 4575301.630 5302053.700
5378 402.777 4575280.640 5302078.670
5379 403.898 4575258.740 5302107.870
5380 408.564 4575434.010 5301935.790
5381 407.809 4575392.030 5301957.860
5382 409.227 4575530.680 5301891.240
5383 407.761 4575371.370 5301983.630
5384 408.408 4575401.970 5301974.180
5385 407.673 4575350.950 5302009.590
5386 406.717 4575326.300 5302031.610
5387 403.518 4575210.610 5302162.540
5388 402.273 4575185.910 5302189.230
5389 401.616 4575161.650 5302216.310
5390 397.411 4575124.660 5302234.180
5391 397.669 4575087.480 5302252.480
5392 397.508 4575066.350 5302282.910
5393 398.309 4575028.810 5302302.350
5394 407.720 4575039.330 5302146.150
5395 407.417 4575047.720 5302111.100
5396 407.339 4574774.850 5301772.760
5397 407.382 4574824.850 5301822.760
5398 407.410 4574845.120 5301856.820
5399 407.500 4574974.850 5301972.760
5400 407.425 4574874.850 5301872.760
5401 407.465 4574924.850 5301922.760
5402 407.562 4575037.710 5302105.340
5403 407.571 4575024.850 5302072.760
5404 407.553 4574974.850 5302022.760
5405 401.157 4574969.980 5302309.560
5406 404.046 4575002.220 5302245.900
5407 404.265 4575011.790 5302211.450
5408 407.137 4575022.700 5302177.810
5409 405.121 4574982.350 5302275.150
5410 407.328 4574724.850 5301772.760
5411 407.284 4574674.850 5301722.760
5412 407.239 4574624.850 5301672.760
5413 407.219 4574614.390 5301644.780
5414 398.561 4575007.310 5302333.480
5415 399.548 4574970.170 5302352.300
5416 404.433 4575236.290 5302136.630
5417 406.780 4575305.780 5302057.350
5418 406.724 4575284.850 5302082.320
5419 406.944 4575262.790 5302111.370
5420 408.847 4575424.850 5301972.760
5421 408.502 4575378.900 5302016.030
5422 407.589 4575330.600 5302035.620
5423 404.928 4575214.220 5302165.690
5424 404.887 4575189.210 5302192.140
5425 403.774 4575164.760 5302219.040
5426 402.562 4575140.700 5302246.300
5427 397.496 4575103.630 5302264.400
5428 397.521 4575082.590 5302294.620
5429 397.494 4575045.210 5302313.350
5430 407.858 4575032.720 5302143.620
5431 407.373 4574774.850 5301822.760
5432 407.418 4574824.850 5301872.760
5433 407.509 4574924.850 5301972.760
5434 407.463 4574874.850 5301922.760
5435 407.640 4575019.940 5302099.430
5436 407.614 4574974.850 5302072.760
5437 407.550 4574924.850 5302022.760
5438 408.201 4575015.770 5302175.180
5439 399.825 4574953.870 5302341.390
5440 404.507 4574965.040 5302306.220
5441 405.848 4574995.910 5302243.460
5442 406.934 4575005.110 5302208.910
5443 406.362 4574977.660 5302271.880
5444 407.358 4574724.850 5301822.760
5445 407.313 4574674.850 5301772.760
5446 407.268 4574624.850 5301722.760
5447 407.237 4574590.400 5301687.150
5448 397.568 4575024.370 5302344.140
5449 398.768 4574987.050 5302363.680
5450 399.776 4574949.410 5302387.160
5451 406.806 4575239.990 5302139.820
5452 407.506 4575310.260 5302061.640
5453 407.387 4575289.420 5302086.700
5454 407.548 4575267.130 5302115.500
5455 408.859 4575371.220 5302058.530
5456 408.117 4575324.850 5302072.760
5457 406.902 4575217.650 5302168.650
5458 405.784 4575192.640 5302195.130
5459 405.618 4575167.850 5302221.770
5460 404.806 4575143.650 5302248.890
5461 403.642 4575119.760 5302276.300
5462 404.569 4575098.810 5302306.300
5463 397.503 4575061.550 5302324.830
5464 407.810 4574993.850 5302195.900
5465 407.726 4574996.700 5302144.230
5466 407.404 4574774.850 5301872.760
5467 407.435 4574821.920 5301900.180
5468 407.498 4574874.850 5301972.760
5469 407.450 4574824.850 5301922.760
5470 407.669 4574974.850 5302122.760
5471 407.585 4574924.850 5302072.760
5472 407.528 4574874.850 5302022.760
5473 408.105 4574997.300 5302205.840
5474 407.989 4574992.620 5302208.820
5475 399.710 4574928.650 5302422.010
5476 399.894 4574933.470 5302376.570
5477 404.155 4574947.730 5302337.290
5478 406.272 4574958.800 5302301.980
5479 407.178 4574989.600 5302241.140
5480 407.133 4574974.050 5302269.430
5481 407.385 4574724.850 5301872.760
5482 407.339 4574674.850 5301822.760
5483 407.294 4574624.850 5301772.760
5484 407.255 4574577.240 5301731.410
5485 397.489 4575040.510 5302355.050
5486 397.695 4575002.950 5302374.210
5487 398.958 4574965.780 5302398.050
5488 398.774 4574944.430 5302432.400
5489 407.619 4575243.880 5302143.550
5490 407.607 4575292.010 5302088.390
5491 408.073 4575277.250 5302142.320
5492 408.822 4575348.090 5302099.800
5493 407.742 4575221.230 5302172.070
5494 407.265 4575195.960 5302197.980
5495 406.258 4575171.120 5302224.600
5496 406.085 4575146.570 5302251.450
5497 405.039 4575122.570 5302278.760
5498 405.691 4575101.490 5302308.620
5499 402.901 4575077.860 5302336.300
5500 407.910 4574973.950 5302189.210
5501 407.695 4574974.850 5302172.760
5502 407.439 4574783.040 5301931.290
5503 407.478 4574824.850 5301972.760
5504 407.407 4574724.850 5301922.760
5505 407.596 4574924.850 5302122.760
5506 407.547 4574874.850 5302072.760
5507 407.499 4574824.850 5302022.760
5508 408.601 4574982.150 5302238.300
5509 407.960 4574974.850 5302222.760
5510 408.084 4574971.010 5302239.200
5511 399.588 4574907.890 5302456.870
5512 399.827 4574913.080 5302411.750
5513 403.461 4574926.960 5302372.260
5514 406.212 4574939.890 5302332.040
5515 407.429 4574954.100 5302298.820
5516 408.012 4574969.220 5302266.090
5517 407.362 4574674.850 5301872.760
5518 407.317 4574624.850 5301822.760
5519 407.273 4574574.850 5301772.760
5520 407.264 4574553.880 5301774.760
5521 407.381 4574674.850 5301922.760
5522 398.554 4574923.240 5302466.900
5523 400.530 4575056.920 5302366.300
5524 397.491 4575019.470 5302385.270
5525 397.934 4574981.430 5302408.410
5526 397.871 4574959.910 5302442.600
5527 407.547 4575227.400 5302184.100
5528 408.157 4575258.170 5302177.370
5529 408.756 4575322.940 5302139.510
5530 407.902 4575199.390 5302201.220
5531 407.825 4575174.320 5302227.350
5532 406.501 4575149.710 5302254.160
5533 406.276 4575125.360 5302281.190
5534 406.394 4575104.150 5302310.920
5535 404.982 4575080.440 5302338.500
5536 407.951 4574924.850 5302172.760
5537 407.444 4574757.940 5301974.430
5538 407.507 4574724.850 5301972.760
5539 408.004 4574874.850 5302122.760
5540 407.801 4574824.850 5302072.760
5541 407.654 4574774.850 5302022.760
5542 408.156 4574964.380 5302262.750
5543 407.911 4574924.850 5302222.760
5544 407.864 4574955.100 5302260.970
5545 399.431 4574887.120 5302491.730
5546 399.831 4574892.680 5302446.930
5547 401.382 4574906.180 5302407.220
5548 406.270 4574919.270 5302367.150
5549 407.853 4574934.140 5302328.210
5550 408.259 4574947.720 5302294.500
5551 407.337 4574624.850 5301872.760
5552 407.293 4574574.850 5301822.760
5553 407.277 4574546.840 5301816.800
5554 407.715 4574624.850 5301922.760
5555 407.789 4574674.850 5301972.760
5556 397.696 4574938.400 5302476.800
5557 398.352 4574902.050 5302501.390
5558 402.804 4575060.020 5302368.780
5559 398.480 4575035.970 5302396.300
5560 397.590 4574997.540 5302419.110
5561 397.390 4574975.610 5302452.950
5562 408.074 4575224.850 5302222.760
5563 408.576 4575250.460 5302223.430
5564 408.172 4575177.600 5302230.410
5565 407.932 4575152.830 5302256.820
5566 406.495 4575128.400 5302283.790
5567 406.583 4575107.090 5302313.420
5568 406.129 4575082.990 5302340.680
5569 407.871 4574874.850 5302172.760
5570 408.046 4574874.850 5302222.760
5571 407.818 4574721.260 5302006.150
5572 408.024 4574824.850 5302122.760
5573 408.028 4574774.850 5302072.760
5574 408.020 4574674.850 5302022.760
5575 408.027 4574690.510 5302044.300
5576 407.910 4574941.330 5302290.170
5577 408.198 4574924.850 5302272.760
5578 408.173 4574936.230 5302288.980
5579 408.246 4574874.850 5302272.760
5580 399.301 4574866.360 5302526.580
5581 399.819 4574872.290 5302482.110
5582 400.492 4574885.340 5302442.150
5583 405.830 4574898.610 5302402.230
5584 408.026 4574913.190 5302363.120
5585 408.064 4574926.190 5302322.890
5586 407.552 4574574.850 5301872.760
5587 407.697 4574518.000 5301857.290
5588 407.862 4574574.850 5301922.760
5589 407.961 4574624.850 5301972.760
5590 398.162 4574880.860 5302535.880
5591 397.190 4574953.680 5302486.780
5592 397.543 4574916.880 5302510.990
5593 405.521 4575063.100 5302371.220
5594 402.366 4575040.920 5302399.610
5595 398.223 4575013.610 5302429.780
5596 398.037 4574991.260 5302463.250
5597 408.112 4575211.670 5302245.620
5598 408.325 4575156.010 5302259.750
5599 407.771 4575177.440 5302274.530
5600 407.937 4575131.460 5302286.390
5601 407.956 4575110.080 5302315.950
5602 406.794 4575085.840 5302343.090
5603 408.430 4575224.850 5302372.760
5604 408.424 4575203.620 5302350.510
5605 407.932 4574824.850 5302172.760
5606 408.282 4574824.850 5302222.760
5607 408.006 4574724.850 5302072.760
5608 407.917 4574774.850 5302122.760
5609 408.018 4574624.850 5302022.760
5610 408.028 4574674.850 5302072.760
5611 408.073 4574688.620 5302094.240
5612 408.252 4574824.850 5302272.760
5613 408.294 4574918.240 5302317.570
5614 408.287 4574874.850 5302322.760
5615 399.394 4574842.100 5302558.770
5616 399.867 4574851.890 5302517.290
5617 399.939 4574864.430 5302477.040
5618 405.480 4574877.840 5302437.250
5619 407.711 4574892.190 5302398.020
5620 408.073 4574905.390 5302357.950
5621 407.857 4574520.640 5301890.450
5622 407.958 4574524.850 5301922.760
5623 408.011 4574574.850 5301972.760
5624 408.062 4574434.880 5301918.610
5625 398.547 4574856.560 5302567.890
5626 397.466 4574895.370 5302545.190
5627 397.862 4574968.900 5302496.730
5628 396.990 4574931.750 5302520.620
5629 406.920 4575066.590 5302373.980
5630 406.637 4575045.820 5302402.880
5631 401.630 4575018.710 5302433.270
5632 401.854 4574996.230 5302466.750
5633 408.305 4575180.720 5302309.040
5634 408.424 4575134.570 5302289.190
5635 408.567 4575113.110 5302318.630
5636 407.227 4575088.780 5302345.560
5637 408.400 4575217.350 5302395.620
5638 408.370 4575174.850 5302372.760
5639 408.244 4574774.850 5302172.760
5640 408.234 4574774.850 5302222.760
5641 408.097 4574724.850 5302122.760
5642 408.119 4574574.850 5302022.760
5643 408.195 4574624.850 5302072.760
5644 408.306 4574674.850 5302122.760
5645 408.250 4574774.850 5302272.760
5646 408.276 4574824.850 5302322.760
5647 408.311 4574897.410 5302352.650
5648 408.287 4574874.850 5302372.760
5649 399.087 4574817.840 5302590.960
5650 399.608 4574827.710 5302549.680
5651 399.468 4574843.460 5302511.880
5652 403.986 4574856.920 5302472.170
5653 407.509 4574871.020 5302432.810
5654 408.078 4574884.520 5302392.960
5655 407.999 4574480.470 5301917.860
5656 408.064 4574524.850 5301972.760
5657 408.156 4574449.790 5301955.340
5658 398.557 4574832.270 5302599.910
5659 398.057 4574871.040 5302577.020
5660 396.781 4574909.820 5302554.460
5661 402.511 4574974.570 5302500.670
5662 397.696 4574946.550 5302530.200
5663 407.586 4575070.210 5302376.840
5664 407.897 4575051.430 5302406.640
5665 406.105 4575023.830 5302436.780
5666 405.978 4575001.340 5302470.340
5667 407.536 4575124.850 5302322.760
5668 408.364 4575091.740 5302348.130
5669 408.507 4575073.860 5302379.760
5670 408.347 4575207.360 5302442.250
5671 408.325 4575174.850 5302422.760
5672 408.024 4575124.850 5302372.760
5673 408.196 4575246.350 5302645.150
5674 408.253 4574524.850 5302022.760
5675 408.272 4574724.850 5302172.760
5676 408.233 4574724.850 5302222.760
5677 408.343 4574691.130 5302144.190
5678 408.316 4574574.850 5302072.760
5679 408.271 4574624.850 5302122.760
5680 408.245 4574724.850 5302272.760
5681 408.266 4574774.850 5302322.760
5682 408.291 4574824.850 5302372.760
5683 408.246 4574876.480 5302387.670
5684 398.515 4574793.580 5302623.150
5685 398.865 4574803.530 5302582.070
5686 399.340 4574819.950 5302544.760
5687 402.514 4574835.880 5302507.020
5688 406.937 4574849.640 5302467.470
5689 408.070 4574863.420 5302427.840
5690 398.044 4574769.320 5302655.330
5691 408.161 4574474.850 5301972.760
5692 408.276 4574424.850 5301972.760
5693 398.347 4574807.980 5302631.920
5694 398.122 4574783.690 5302663.940
5695 397.791 4574846.710 5302608.860
5696 397.426 4574885.450 5302586.130
5697 397.529 4574924.190 5302563.680
5698 406.535 4574980.480 5302504.790
5699 403.150 4574953.010 5302534.620
5700 408.851 4575057.320 5302410.580
5701 407.841 4575029.690 5302440.790
5702 407.514 4575007.140 5302474.410
5703 408.762 4575074.730 5302381.980
5704 407.247 4575063.250 5302414.540
5705 408.298 4575200.810 5302488.420
5706 408.260 4575222.980 5302524.440
5707 408.280 4575174.850 5302472.760
5708 408.265 4575124.850 5302422.760
5709 408.030 4575228.350 5302612.920
5710 407.960 4575197.570 5302635.700
5711 406.944 4575442.930 5303295.640
5712 406.980 4575424.850 5303272.760
5713 408.315 4574474.850 5302022.760
5714 408.264 4574524.850 5302072.760
5715 408.223 4574678.690 5302190.360
5716 408.229 4574674.850 5302222.760
5717 408.216 4574624.850 5302172.760
5718 408.204 4574574.850 5302122.760
5719 408.284 4574674.850 5302272.760
5720 407.952 4574724.850 5302322.760
5721 407.933 4574774.850 5302372.760
5722 407.886 4574824.850 5302422.760
5723 407.656 4574855.260 5302422.510
5724 398.296 4574779.350 5302614.470
5725 400.015 4574796.430 5302577.630
5726 404.746 4574812.760 5302540.210
5727 406.373 4574828.080 5302502.020
5728 408.043 4574842.020 5302462.530
5729 397.583 4574745.060 5302687.520
5730 398.062 4574755.170 5302646.860
5731 408.312 4574417.730 5301993.550
5732 406.750 4575256.590 5302836.710
5733 407.613 4575256.880 5302788.530
5734 397.699 4574759.390 5302695.950
5735 397.427 4574740.660 5302724.270
5736 397.768 4574822.380 5302640.700
5737 397.688 4574798.050 5302672.540
5738 397.524 4574861.090 5302617.790
5739 398.441 4574899.800 5302595.180
5740 401.703 4574929.220 5302566.910
5741 407.300 4574987.170 5302509.440
5742 406.489 4574959.880 5302539.300
5743 408.135 4575035.650 5302444.880
5744 407.283 4575041.780 5302449.080
5745 407.819 4575012.870 5302478.460
5746 407.638 4575074.850 5302422.760
5747 408.046 4575230.760 5302566.700
5748 408.236 4575174.850 5302522.760
5749 408.220 4575124.850 5302472.760
5750 408.058 4575174.850 5302622.760
5751 406.692 4575424.850 5303322.760
5752 406.887 4575398.690 5303277.420
5753 408.256 4574424.850 5302022.760
5754 408.189 4574474.850 5302072.760
5755 408.200 4574524.850 5302122.760
5756 408.224 4574636.220 5302216.050
5757 408.211 4574574.850 5302172.760
5758 407.927 4574624.850 5302272.760
5759 407.936 4574674.850 5302322.760
5760 397.447 4574721.930 5302752.590
5761 397.521 4574726.560 5302715.850
5762 407.945 4574724.850 5302372.760
5763 407.952 4574774.850 5302422.760
5764 407.694 4574833.670 5302457.130
5765 400.446 4574772.890 5302610.480
5766 404.364 4574789.610 5302573.380
5767 407.328 4574805.290 5302535.480
5768 408.014 4574820.400 5302497.080
5769 398.399 4574730.990 5302679.250
5770 401.405 4574749.400 5302643.370
5771 408.178 4574389.410 5302034.420
5772 397.538 4574703.200 5302780.920
5773 406.749 4575256.770 5302882.300
5774 407.535 4575224.850 5302822.760
5775 407.994 4575224.440 5302787.790
5776 406.869 4575264.410 5302927.930
5777 397.512 4574773.720 5302704.380
5778 397.533 4574754.770 5302732.690
5779 397.568 4574836.730 5302649.450
5780 397.541 4574812.370 5302681.120
5781 398.697 4574875.420 5302626.670
5782 399.461 4574905.170 5302598.660
5783 405.823 4574934.650 5302570.390
5784 407.154 4574993.580 5302513.920
5785 407.306 4574967.620 5302544.580
5786 407.305 4575028.720 5302470.520
5787 407.264 4575018.900 5302482.700
5788 408.160 4575074.850 5302472.760
5789 408.141 4575174.850 5302572.760
5790 408.176 4575124.850 5302522.760
5791 408.067 4575148.390 5302627.880
5792 408.080 4575124.850 5302622.760
5793 397.620 4574735.820 5302761.010
5794 397.604 4574716.870 5302789.330
5795 406.812 4575374.850 5303272.760
5796 406.618 4575351.140 5303275.320
5797 406.543 4575404.540 5303325.130
5798 408.185 4574424.850 5302072.760
5799 408.195 4574474.850 5302122.760
5800 408.271 4574524.850 5302172.760
5801 408.047 4574589.990 5302235.190
5802 407.926 4574574.850 5302272.760
5803 407.937 4574624.850 5302322.760
5804 407.948 4574674.850 5302372.760
5805 397.403 4574708.060 5302744.190
5806 398.413 4574712.670 5302707.560
5807 407.962 4574724.850 5302422.760
5808 407.985 4574774.850 5302472.760
5809 407.659 4574811.780 5302491.560
5810 405.078 4574766.430 5302606.520
5811 407.238 4574782.470 5302568.920
5812 407.951 4574798.100 5302530.920
5813 402.554 4574726.080 5302676.360
5814 405.768 4574743.330 5302639.720
5815 408.242 4574357.320 5302072.740
5816 397.472 4574684.470 5302809.240
5817 397.278 4574689.550 5302772.520
5818 406.759 4575224.850 5302872.760
5819 407.969 4575195.390 5302828.420
5820 406.775 4575224.850 5302922.760
5821 406.584 4575264.460 5302973.580
5822 406.318 4575268.070 5303020.600
5823 397.464 4574788.000 5302712.780
5824 397.494 4574768.840 5302741.100
5825 398.181 4574851.030 5302658.170
5826 397.786 4574826.650 5302689.660
5827 400.223 4574882.470 5302631.160
5828 404.187 4574910.800 5302602.310
5829 406.595 4574940.740 5302574.290
5830 407.376 4575000.490 5302518.730
5831 407.252 4574974.820 5302549.500
5832 407.463 4574996.640 5302530.660
5833 407.949 4575024.850 5302522.760
5834 408.116 4575074.850 5302522.760
5835 408.131 4575124.850 5302572.760
5836 408.067 4575102.600 5302614.380
5837 397.616 4574697.920 5302817.650
5838 397.496 4574749.680 5302769.420
5839 397.538 4574730.520 5302797.740
5840 406.550 4575374.850 5303322.760
5841 406.555 4575353.430 5303317.850
5842 406.539 4575397.980 5303367.550
5843 408.199 4574424.850 5302122.760
5844 407.948 4574474.850 5302172.760
5845 407.897 4574374.850 5302122.760
5846 407.917 4574524.850 5302222.760
5847 407.923 4574544.810 5302256.550
5848 407.941 4574574.850 5302322.760
5849 407.952 4574624.850 5302372.760
5850 407.966 4574674.850 5302422.760
5851 398.335 4574694.350 5302735.880
5852 402.069 4574708.200 5302704.910
5853 407.989 4574724.850 5302472.760
5854 408.045 4574774.850 5302522.760
5855 407.623 4574789.940 5302525.750
5856 407.260 4574759.570 5302602.310
5857 407.885 4574775.760 5302564.730
5858 405.525 4574720.590 5302673.140
5859 407.301 4574736.820 5302635.800
5860 407.906 4574324.850 5302122.760
5861 407.902 4574311.380 5302088.460
5862 397.389 4574665.730 5302837.560
5863 397.121 4574671.050 5302800.850
5864 398.296 4574676.030 5302764.190
5865 406.305 4575282.380 5303064.710
5866 406.431 4575290.380 5303108.870
5867 407.847 4575174.850 5302872.760
5868 407.930 4575157.510 5302838.420
5869 407.413 4575174.850 5302922.760
5870 406.339 4575224.850 5302972.760
5871 406.329 4575224.850 5303022.760
5872 397.778 4574802.260 5302721.160
5873 397.872 4574782.880 5302749.480
5874 401.040 4574858.650 5302662.960
5875 400.013 4574833.530 5302693.770
5876 404.628 4574889.680 5302635.750
5877 406.711 4574916.990 5302606.330
5878 407.027 4574946.240 5302577.830
5879 407.506 4574982.760 5302554.920
5880 408.011 4575024.850 5302572.760
5881 408.070 4575083.080 5302585.370
5882 397.621 4574711.360 5302826.060
5883 397.582 4574678.970 5302845.970
5884 397.964 4574763.500 5302777.790
5885 397.827 4574744.110 5302806.100
5886 397.548 4574660.020 5302874.290
5887 406.987 4575269.300 5303152.380
5888 406.987 4575274.850 5303172.760
5889 406.911 4575285.690 5303196.300
5890 406.576 4575298.820 5303246.650
5891 406.549 4575358.220 5303356.580
5892 406.765 4575372.890 5303410.690
5893 407.906 4574424.850 5302172.760
5894 407.922 4574474.850 5302222.760
5895 407.913 4574374.850 5302172.760
5896 407.932 4574502.540 5302283.310
5897 407.940 4574524.850 5302322.760
5898 407.951 4574574.850 5302372.760
5899 407.966 4574624.850 5302422.760
5900 407.986 4574674.850 5302472.760
5901 401.550 4574690.360 5302733.470
5902 405.067 4574703.180 5302701.930
5903 408.025 4574724.850 5302522.760
5904 407.530 4574768.040 5302559.910
5905 407.816 4574753.330 5302598.470
5906 407.099 4574714.620 5302669.620
5907 407.751 4574731.080 5302632.340
5908 407.912 4574324.850 5302172.760
5909 407.906 4574284.180 5302130.300
5910 397.328 4574647.000 5302865.880
5911 396.940 4574652.550 5302829.180
5912 398.162 4574657.710 5302792.500
5913 401.108 4574672.440 5302761.990
5914 406.449 4575224.850 5303072.760
5915 406.993 4575224.850 5303122.760
5916 407.925 4575122.160 5302869.560
5917 407.756 4575124.850 5302922.760
5918 406.353 4575174.850 5302972.760
5919 406.341 4575174.850 5303022.760
5920 397.481 4574638.070 5302907.590
5921 398.476 4574808.890 5302725.060
5922 398.644 4574788.650 5302752.780
5923 404.109 4574866.260 5302667.750
5924 402.838 4574840.240 5302697.770
5925 406.902 4574897.450 5302640.710
5926 407.028 4574922.770 5302610.080
5927 407.223 4574952.460 5302581.820
5928 407.589 4574974.850 5302572.760
5929 407.966 4575024.850 5302622.760
5930 407.997 4575049.550 5302621.950
5931 407.911 4575104.830 5302729.490
5932 397.832 4574724.730 5302834.420
5933 397.637 4574692.200 5302854.380
5934 398.529 4574768.940 5302780.940
5935 398.462 4574749.660 5302809.410
5936 397.656 4574673.040 5302882.700
5937 406.711 4575224.850 5303172.760
5938 406.596 4575224.850 5303222.760
5939 406.583 4575269.880 5303240.850
5940 406.572 4575292.800 5303285.150
5941 406.823 4575321.290 5303385.990
5942 406.558 4575316.300 5303349.660
5943 407.055 4575324.850 5303422.760
5944 407.028 4575383.730 5303453.040
5945 406.844 4575350.910 5303487.020
5946 407.921 4574424.850 5302222.760
5947 407.930 4574474.850 5302272.760
5948 407.920 4574374.850 5302222.760
5949 407.917 4574324.850 5302222.760
5950 407.933 4574455.820 5302299.120
5951 407.938 4574474.850 5302322.760
5952 407.949 4574524.850 5302372.760
5953 407.962 4574574.850 5302422.760
5954 407.980 4574624.850 5302472.760
5955 407.967 4574674.850 5302522.760
5956 404.606 4574685.840 5302730.750
5957 406.722 4574697.710 5302698.660
5958 407.084 4574724.850 5302572.760
5959 407.364 4574746.020 5302593.980
5960 407.675 4574709.560 5302666.650
5961 407.315 4574724.240 5302628.210
5962 407.145 4574674.850 5302572.760
5963 407.910 4574274.850 5302172.760
5964 407.906 4574243.550 5302152.630
5965 397.415 4574616.120 5302940.890
5966 397.173 4574625.590 5302899.610
5967 396.806 4574634.050 5302857.510
5968 398.099 4574639.390 5302820.820
5969 401.249 4574654.010 5302790.190
5970 404.153 4574668.360 5302759.480
5971 406.856 4575174.850 5303072.760
5972 406.867 4575174.850 5303122.760
5973 407.665 4575083.340 5302900.420
5974 407.685 4575074.850 5302922.760
5975 407.604 4575124.850 5302972.760
5976 407.446 4575124.850 5303022.760
5977 397.669 4574650.560 5302915.560
5978 397.640 4574628.080 5302948.430
5979 402.410 4574815.220 5302728.780
5980 400.301 4574794.210 5302755.960
5981 406.961 4574874.290 5302672.820
5982 405.729 4574847.190 5302701.920
5983 407.089 4574904.920 5302645.480
5984 407.175 4574929.150 5302614.230
5985 407.906 4574974.850 5302622.760
5986 407.961 4575043.070 5302652.770
5987 407.944 4575075.160 5302705.850
5988 407.925 4575038.170 5302686.910
5989 407.851 4575077.940 5302771.480
5990 398.592 4574730.280 5302837.810
5991 397.832 4574705.350 5302862.740
5992 400.536 4574774.230 5302784.000
5993 400.820 4574755.080 5302812.650
5994 397.892 4574685.970 5302891.050
5995 406.614 4575174.850 5303172.760
5996 406.607 4575174.850 5303222.760
5997 406.589 4575224.850 5303272.760
5998 406.566 4575294.730 5303324.510
5999 406.971 4575274.850 5303372.760
6000 406.952 4575274.850 5303422.760
6001 406.929 4575323.400 5303457.420
6002 406.481 4575323.340 5303560.260
6003 407.915 4574274.850 5302222.760
6004 407.928 4574424.850 5302272.760
6005 407.926 4574374.850 5302272.760
6006 407.939 4574324.850 5302272.760
6007 407.935 4574424.850 5302322.760
6008 407.945 4574474.850 5302372.760
6009 407.952 4574524.850 5302422.760
6010 407.333 4574574.850 5302472.760
6011 407.122 4574624.850 5302522.760
6012 406.360 4574680.910 5302727.760
6013 407.571 4574693.130 5302695.940
6014 407.131 4574715.900 5302621.700
6015 407.484 4574703.390 5302663.020
6016 407.147 4574624.850 5302572.760
6017 407.195 4574674.850 5302622.760
6018 407.908 4574212.180 5302190.690
6019 397.344 4574594.180 5302974.190
6020 397.049 4574604.180 5302933.350
6021 396.763 4574613.150 5302891.670
6022 397.603 4574621.070 5302849.130
6023 401.319 4574635.510 5302818.350
6024 404.092 4574649.780 5302787.550
6025 405.974 4574663.890 5302756.730
6026 406.992 4575124.850 5303072.760
6027 406.633 4575124.850 5303122.760
6028 397.477 4574605.600 5302981.300
6029 407.555 4575049.430 5302928.830
6030 407.719 4575074.850 5302972.760
6031 407.503 4575024.850 5302922.760
6032 407.666 4575074.850 5303022.760
6033 397.807 4574662.980 5302923.500
6034 397.757 4574639.990 5302955.950
6035 404.983 4574821.670 5302732.570
6036 404.020 4574799.820 5302759.160
6037 407.054 4574882.250 5302677.840
6038 407.077 4574854.280 5302706.160
6039 407.343 4574913.010 5302650.640
6040 407.345 4574930.200 5302624.400
6041 407.861 4574974.850 5302672.760
6042 407.877 4575024.850 5302722.760
6043 407.831 4575035.080 5302774.090
6044 407.767 4575007.110 5302815.550
6045 400.838 4574735.760 5302841.180
6046 398.579 4574710.900 5302866.220
6047 403.481 4574779.520 5302787.070
6048 402.910 4574760.480 5302815.870
6049 398.429 4574691.520 5302894.620
6050 406.627 4575124.850 5303172.760
6051 406.618 4575124.850 5303222.760
6052 406.599 4575174.850 5303272.760
6053 406.786 4575224.850 5303322.760
6054 407.058 4575224.850 5303372.760
6055 406.535 4575274.850 5303472.760
6056 406.639 4575224.850 5303422.760
6057 406.500 4575296.390 5303494.030
6058 406.429 4575294.210 5303530.700
6059 406.674 4575290.040 5303594.110
6060 406.627 4575274.850 5303572.760
6061 406.726 4575303.820 5303636.670
6062 407.919 4574224.850 5302222.760
6063 407.724 4574274.850 5302272.760
6064 407.931 4574406.300 5302302.670
6065 407.946 4574357.360 5302309.360
6066 407.111 4574321.190 5302341.750
6067 407.597 4574424.850 5302372.760
6068 407.165 4574474.850 5302422.760
6069 407.092 4574524.850 5302472.760
6070 407.118 4574574.850 5302522.760
6071 407.154 4574676.830 5302725.300
6072 407.516 4574687.490 5302692.580
6073 407.134 4574574.850 5302572.760
6074 407.209 4574674.850 5302672.760
6075 407.168 4574624.850 5302622.760
6076 407.684 4574167.090 5302208.610
6077 397.270 4574572.230 5303007.490
6078 396.948 4574582.770 5302967.080
6079 396.704 4574592.240 5302925.820
6080 397.306 4574600.680 5302883.700
6081 401.497 4574617.060 5302846.540
6082 404.369 4574631.070 5302815.520
6083 405.762 4574645.130 5302784.640
6084 406.725 4574660.240 5302754.490
6085 407.075 4574123.370 5302229.750
6086 406.943 4575074.850 5303072.760
6087 406.646 4575074.850 5303122.760
6088 397.602 4574617.010 5302988.400
6089 397.374 4574583.110 5303014.170
6090 397.325 4574560.630 5303047.040
6091 407.491 4575024.850 5302972.760
6092 407.502 4575002.340 5302932.560
6093 407.637 4575024.850 5303022.760
6094 398.271 4574668.640 5302927.090
6095 398.095 4574645.840 5302959.610
6096 406.867 4574828.420 5302736.550
6097 406.249 4574805.630 5302762.490
6098 407.319 4574890.710 5302683.170
6099 407.071 4574861.680 5302710.570
6100 407.801 4574924.850 5302672.760
6101 407.817 4574974.850 5302722.760
6102 407.772 4574974.850 5302772.760
6103 407.728 4574974.850 5302822.760
6104 407.701 4574977.420 5302855.760
6105 402.777 4574741.150 5302844.490
6106 400.995 4574716.430 5302869.710
6107 405.383 4574784.940 5302790.200
6108 405.398 4574765.920 5302819.110
6109 400.387 4574697.120 5302898.250
6110 406.638 4575074.850 5303172.760
6111 406.692 4575074.850 5303222.760
6112 406.938 4575124.850 5303272.760
6113 407.069 4575174.850 5303322.760
6114 406.757 4575174.850 5303372.760
6115 406.396 4575224.850 5303472.760
6116 406.411 4575174.850 5303422.760
6117 406.539 4575224.850 5303522.760
6118 406.725 4575224.850 5303572.760
6119 406.717 4575274.850 5303622.760
6120 406.596 4575288.370 5303680.800
6121 406.453 4575250.530 5303688.730
6122 406.642 4575224.850 5303622.760
6123 406.371 4575228.980 5303754.400
6124 406.445 4575238.310 5303797.280
6125 406.445 4575218.040 5303830.500
6126 407.281 4574224.850 5302272.760
6127 407.029 4574274.850 5302322.760
6128 407.118 4574374.850 5302372.760
6129 407.028 4574322.320 5302389.930
6130 407.059 4574424.850 5302422.760
6131 407.082 4574474.850 5302472.760
6132 407.107 4574524.850 5302522.760
6133 407.117 4574524.850 5302572.760
6134 407.554 4574671.770 5302722.240
6135 407.142 4574574.850 5302622.760
6136 407.159 4574624.850 5302672.760
6137 406.999 4574174.850 5302272.760
6138 397.192 4574550.280 5303040.790
6139 396.846 4574561.350 5303000.820
6140 396.630 4574571.340 5302959.980
6141 396.721 4574580.290 5302918.280
6142 400.334 4574596.390 5302881.020
6143 404.543 4574612.420 5302843.550
6144 405.877 4574626.160 5302812.390
6145 406.743 4574641.390 5302782.300
6146 407.463 4574655.670 5302751.690
6147 406.940 4574078.570 5302245.960
6148 406.957 4574124.850 5302272.760
6149 407.042 4574029.780 5302252.580
6150 397.181 4574541.680 5303075.100
6151 407.535 4575024.850 5303072.760
6152 407.450 4575024.850 5303122.760
6153 397.821 4574623.100 5302992.170
6154 397.563 4574594.020 5303020.850
6155 397.563 4574571.030 5303053.300
6156 407.629 4574982.170 5302905.320
6157 407.633 4574952.250 5302897.830
6158 407.455 4574974.850 5302972.760
6159 407.366 4574974.850 5303022.760
6160 399.890 4574674.450 5302930.790
6161 400.386 4574651.920 5302963.420
6162 407.004 4574835.340 5302740.610
6163 407.107 4574811.630 5302765.910
6164 407.539 4574874.850 5302722.760
6165 407.757 4574924.850 5302722.760
6166 407.712 4574924.850 5302772.760
6167 407.667 4574924.850 5302822.760
6168 407.623 4574924.850 5302872.760
6169 405.288 4574746.510 5302847.770
6170 402.914 4574721.830 5302873.110
6171 406.899 4574790.570 5302793.450
6172 406.983 4574771.620 5302822.510
6173 403.535 4574702.520 5302901.740
6174 406.971 4575024.850 5303172.760
6175 407.074 4575024.850 5303222.760
6176 407.078 4575074.850 5303272.760
6177 406.910 4575124.850 5303322.760
6178 406.474 4575124.850 5303372.760
6179 406.454 4575174.850 5303472.760
6180 406.420 4575124.850 5303422.760
6181 406.688 4575174.850 5303522.760
6182 406.701 4575174.850 5303572.760
6183 406.528 4575232.710 5303657.390
6184 406.490 4575174.850 5303622.760
6185 406.271 4575214.830 5303692.660
6186 406.214 4575220.400 5303713.960
6187 406.467 4575174.850 5303772.760
6188 406.374 4575174.980 5303831.150
6189 406.990 4574224.850 5302322.760
6190 407.012 4574274.850 5302372.760
6191 407.035 4574324.850 5302422.760
6192 407.042 4574361.850 5302413.920
6193 407.070 4574424.850 5302472.760
6194 407.093 4574474.850 5302522.760
6195 407.100 4574474.850 5302572.760
6196 407.120 4574524.850 5302622.760
6197 407.097 4574624.850 5302722.760
6198 407.133 4574574.850 5302672.760
6199 406.978 4574174.850 5302322.760
6200 397.018 4574522.720 5303103.160
6201 397.058 4574531.190 5303068.730
6202 396.744 4574539.940 5303034.550
6203 396.556 4574550.440 5302994.130
6204 396.542 4574559.900 5302952.850
6205 399.591 4574575.320 5302915.240
6206 403.910 4574591.880 5302878.180
6207 405.974 4574607.280 5302840.230
6208 406.830 4574622.260 5302809.910
6209 407.407 4574636.650 5302779.340
6210 406.874 4574624.850 5302772.760
6211 406.977 4574074.850 5302272.760
6212 407.064 4574124.850 5302322.760
6213 407.127 4574045.920 5302282.380
6214 407.167 4574024.850 5302272.760
6215 407.218 4573994.830 5302261.790
6216 397.300 4574552.200 5303081.490
6217 397.118 4574533.370 5303109.670
6218 407.362 4574974.850 5303072.760
6219 407.504 4574974.850 5303122.760
6220 400.542 4574629.540 5302996.150
6221 397.614 4574600.310 5303024.690
6222 397.579 4574577.470 5303057.180
6223 407.578 4574924.850 5302922.760
6224 407.497 4574924.850 5302972.760
6225 407.458 4574924.850 5303022.760
6226 403.510 4574680.080 5302934.360
6227 403.127 4574657.840 5302967.120
6228 407.153 4574824.850 5302772.760
6229 407.652 4574874.850 5302772.760
6230 407.607 4574874.850 5302822.760
6231 407.563 4574874.850 5302872.760
6232 407.016 4574752.190 5302851.240
6233 405.572 4574727.110 5302876.430
6234 407.056 4574778.100 5302824.200
6235 405.807 4574707.720 5302905.090
6236 407.354 4574974.850 5303172.760
6237 407.206 4574974.850 5303222.760
6238 406.650 4575024.850 5303272.760
6239 406.515 4575074.850 5303322.760
6240 406.436 4575074.850 5303372.760
6241 406.604 4575124.850 5303472.760
6242 406.476 4575074.850 5303422.760
6243 406.752 4575124.850 5303522.760
6244 406.559 4575124.850 5303572.760
6245 406.243 4575174.850 5303672.760
6246 406.287 4575124.850 5303622.760
6247 406.359 4575174.850 5303722.760
6248 406.449 4575124.850 5303772.760
6249 406.395 4575140.650 5303798.130
6250 407.000 4574224.850 5302372.760
6251 407.021 4574274.850 5302422.760
6252 407.042 4574324.850 5302472.760
6253 407.052 4574364.040 5302460.240
6254 407.078 4574424.850 5302522.760
6255 407.214 4574424.850 5302572.760
6256 407.370 4574474.850 5302622.760
6257 407.138 4574524.850 5302672.760
6258 406.961 4574574.850 5302722.760
6259 407.132 4574174.850 5302372.760
6260 396.900 4574503.770 5303131.220
6261 396.957 4574512.110 5303096.660
6262 396.836 4574520.720 5303062.360
6263 396.482 4574529.530 5303028.290
6264 396.394 4574539.510 5302987.430
6265 399.346 4574553.790 5302949.130
6266 403.693 4574570.450 5302912.250
6267 405.490 4574586.810 5302874.990
6268 406.819 4574603.270 5302837.630
6269 407.362 4574617.280 5302806.750
6270 406.997 4574574.850 5302772.760
6271 407.240 4574074.850 5302322.760
6272 407.296 4574124.850 5302372.760
6273 407.318 4574024.850 5302322.760
6274 407.172 4573974.850 5302322.760
6275 407.240 4573966.060 5302302.690
6276 398.008 4574558.870 5303085.540
6277 397.923 4574540.270 5303113.890
6278 396.975 4574514.540 5303137.850
6279 407.239 4574924.850 5303072.760
6280 407.227 4574924.850 5303122.760
6281 403.202 4574635.820 5303000.030
6282 400.042 4574607.040 5303028.800
6283 398.946 4574584.440 5303061.390
6284 407.518 4574874.850 5302922.760
6285 407.473 4574874.850 5302972.760
6286 407.429 4574874.850 5303022.760
6287 404.801 4574685.550 5302937.840
6288 404.503 4574663.650 5302970.760
6289 407.547 4574824.850 5302822.760
6290 407.503 4574824.850 5302872.760
6291 407.031 4574732.760 5302879.980
6292 407.442 4574774.850 5302872.760
6293 407.406 4574713.330 5302908.720
6294 407.276 4574924.850 5303172.760
6295 407.316 4574924.850 5303222.760
6296 406.869 4574974.850 5303272.760
6297 406.452 4575024.850 5303322.760
6298 406.445 4575024.850 5303372.760
6299 406.707 4575074.850 5303472.760
6300 406.657 4575024.850 5303422.760
6301 406.634 4575074.850 5303522.760
6302 406.344 4575074.850 5303572.760
6303 406.226 4575124.850 5303672.760
6304 406.222 4575074.850 5303622.760
6305 406.445 4575124.850 5303722.760
6306 406.284 4575093.140 5303792.470
6307 405.871 4575050.060 5303833.950
6308 405.978 4575161.610 5303904.500
6309 406.034 4575191.060 5303934.620
6310 407.191 4574224.850 5302422.760
6311 407.301 4574274.850 5302472.760
6312 407.191 4574339.720 5302503.960
6313 407.135 4574374.850 5302522.760
6314 407.211 4574374.850 5302572.760
6315 407.004 4574424.850 5302622.760
6316 406.950 4574474.850 5302672.760
6317 406.971 4574524.850 5302722.760
6318 407.344 4574174.850 5302422.760
6319 396.786 4574484.810 5303159.280
6320 396.853 4574493.020 5303124.600
6321 396.786 4574501.490 5303090.170
6322 396.474 4574510.190 5303055.980
6323 396.261 4574519.120 5303022.000
6324 399.006 4574532.320 5302983.070
6325 404.195 4574548.100 5302945.650
6326 405.413 4574564.920 5302908.850
6327 406.720 4574582.830 5302872.490
6328 407.308 4574598.090 5302834.290
6329 407.077 4574574.850 5302822.760
6330 406.993 4574524.850 5302772.760
6331 407.249 4574074.850 5302372.760
6332 407.148 4574124.850 5302422.760
6333 407.092 4574024.850 5302372.760
6334 406.914 4573974.850 5302372.760
6335 407.024 4573924.130 5302324.920
6336 406.802 4573891.480 5302360.610
6337 396.800 4574495.720 5303166.040
6338 396.651 4574476.890 5303194.220
6339 399.366 4574565.850 5303089.780
6340 399.841 4574547.260 5303118.170
6341 397.995 4574521.670 5303142.250
6342 407.348 4574874.850 5303072.760
6343 407.257 4574874.850 5303122.760
6344 404.845 4574642.040 5303003.860
6345 403.070 4574613.630 5303032.820
6346 403.016 4574591.280 5303065.510
6347 407.458 4574824.850 5302922.760
6348 407.413 4574824.850 5302972.760
6349 407.369 4574824.850 5303022.760
6350 407.185 4574691.350 5302941.520
6351 407.141 4574669.700 5302974.550
6352 407.398 4574774.850 5302922.760
6353 407.104 4574724.850 5302922.760
6354 407.107 4574874.850 5303172.760
6355 407.095 4574874.850 5303222.760
6356 407.283 4574924.850 5303272.760
6357 406.461 4574974.850 5303322.760
6358 406.498 4574974.850 5303372.760
6359 406.714 4575024.850 5303472.760
6360 406.786 4574974.850 5303422.760
6361 406.434 4575024.850 5303522.760
6362 406.234 4575024.850 5303572.760
6363 406.401 4575074.850 5303672.760
6364 406.246 4575024.850 5303622.760
6365 406.482 4575074.850 5303722.760
6366 406.116 4575058.570 5303798.100
6367 405.862 4575024.850 5303822.760
6368 406.097 4575115.750 5303920.160
6369 406.132 4575162.170 5303960.800
6370 406.313 4575080.320 5303953.710
6371 406.334 4575044.620 5303945.820
6372 396.670 4574465.860 5303187.340
6373 407.241 4574224.850 5302472.760
6374 407.112 4574274.850 5302522.760
6375 407.110 4574313.530 5302546.590
6376 406.961 4574324.850 5302572.760
6377 406.926 4574374.850 5302622.760
6378 406.944 4574424.850 5302672.760
6379 406.965 4574474.850 5302722.760
6380 407.044 4574174.850 5302472.760
6381 396.810 4574473.930 5303152.540
6382 396.731 4574482.270 5303117.990
6383 396.438 4574490.840 5303083.660
6384 396.307 4574499.660 5303049.580
6385 398.571 4574510.910 5303017.060
6386 404.194 4574525.910 5302979.180
6387 405.819 4574541.580 5302941.660
6388 406.516 4574560.560 5302906.180
6389 407.259 4574577.680 5302869.250
6390 407.001 4574524.850 5302822.760
6391 406.975 4574474.850 5302772.760
6392 406.981 4574074.850 5302422.760
6393 406.859 4574124.850 5302472.760
6394 406.835 4574024.850 5302422.760
6395 406.826 4573974.850 5302422.760
6396 406.810 4573924.850 5302372.760
6397 406.974 4573863.340 5302401.950
6398 396.567 4574458.060 5303222.410
6399 397.817 4574503.050 5303170.580
6400 397.668 4574484.540 5303198.990
6401 403.311 4574572.770 5303093.980
6402 403.589 4574554.260 5303122.440
6403 400.329 4574528.670 5303146.550
6404 407.324 4574824.850 5303072.760
6405 407.262 4574824.850 5303122.760
6406 407.262 4574648.420 5303007.810
6407 405.242 4574620.200 5303036.830
6408 405.578 4574598.160 5303069.650
6409 407.353 4574774.850 5302972.760
6410 407.309 4574774.850 5303022.760
6411 406.954 4574673.700 5302982.100
6412 407.293 4574724.850 5302972.760
6413 407.214 4574824.850 5303172.760
6414 407.052 4574824.850 5303222.760
6415 407.228 4574874.850 5303272.760
6416 406.619 4574924.850 5303322.760
6417 406.677 4574924.850 5303372.760
6418 406.511 4574974.850 5303472.760
6419 406.611 4574924.850 5303422.760
6420 406.246 4574974.850 5303522.760
6421 406.241 4574974.850 5303572.760
6422 406.466 4575024.850 5303672.760
6423 406.428 4574974.850 5303622.760
6424 406.401 4575024.850 5303722.760
6425 406.119 4575024.850 5303772.760
6426 405.954 4575000.800 5303833.880
6427 406.292 4575117.540 5303970.020
6428 406.321 4575136.340 5304012.040
6429 406.280 4575043.210 5303986.530
6430 406.326 4575012.170 5303945.850
6431 406.902 4573924.850 5302422.760
6432 396.545 4574446.900 5303215.400
6433 396.728 4574454.840 5303180.470
6434 406.884 4574224.850 5302522.760
6435 406.905 4574285.050 5302587.680
6436 406.918 4574324.850 5302622.760
6437 406.935 4574374.850 5302672.760
6438 406.954 4574424.850 5302722.760
6439 406.876 4574174.850 5302522.760
6440 396.664 4574463.040 5303145.800
6441 396.417 4574471.490 5303111.350
6442 396.404 4574480.190 5303077.150
6443 399.409 4574491.910 5303044.890
6444 404.120 4574503.850 5303012.800
6445 406.019 4574518.510 5302974.680
6446 406.773 4574536.430 5302938.520
6447 407.180 4574554.900 5302902.710
6448 406.949 4574524.850 5302872.760
6449 406.973 4574474.850 5302822.760
6450 406.958 4574424.850 5302772.760
6451 406.851 4574074.850 5302472.760
6452 406.866 4574124.850 5302522.760
6453 406.841 4574024.850 5302472.760
6454 406.922 4573974.850 5302472.760
6455 407.001 4573874.850 5302422.760
6456 407.099 4573824.850 5302422.760
6457 397.616 4574466.190 5303227.500
6458 396.542 4574436.650 5303256.240
6459 396.486 4574415.240 5303290.070
6460 400.974 4574510.030 5303174.910
6461 401.510 4574491.620 5303203.420
6462 405.597 4574579.770 5303098.230
6463 405.526 4574561.370 5303126.800
6464 403.557 4574535.740 5303150.910
6465 407.264 4574774.850 5303072.760
6466 407.219 4574774.850 5303122.760
6467 407.257 4574626.860 5303040.890
6468 407.364 4574605.040 5303073.800
6469 407.248 4574724.850 5303022.760
6470 407.188 4574674.850 5303022.760
6471 407.175 4574774.850 5303172.760
6472 407.088 4574774.850 5303222.760
6473 406.970 4574824.850 5303272.760
6474 407.133 4574874.850 5303322.760
6475 407.052 4574874.850 5303372.760
6476 406.258 4574924.850 5303472.760
6477 406.529 4574874.850 5303422.760
6478 406.254 4574924.850 5303522.760
6479 406.269 4574924.850 5303572.760
6480 406.464 4574974.850 5303672.760
6481 406.489 4574924.850 5303622.760
6482 406.210 4574974.850 5303722.760
6483 405.886 4574974.850 5303772.760
6484 406.130 4574955.570 5303835.190
6485 406.236 4575074.850 5304022.760
6486 406.226 4575110.870 5304054.750
6487 406.129 4575024.850 5304022.760
6488 406.185 4574966.060 5303961.710
6489 406.211 4575148.820 5304234.490
6490 406.189 4575180.320 5304265.180
6491 406.113 4575196.100 5304299.660
6492 407.057 4573924.850 5302472.760
6493 396.460 4574425.520 5303249.300
6494 396.380 4574404.140 5303283.190
6495 396.654 4574435.750 5303208.410
6496 396.581 4574443.820 5303173.610
6497 406.892 4574224.850 5302572.760
6498 406.906 4574257.510 5302629.390
6499 406.925 4574324.850 5302672.760
6500 406.941 4574374.850 5302722.760
6501 406.882 4574174.850 5302572.760
6502 396.377 4574452.140 5303139.040
6503 396.943 4574460.730 5303104.730
6504 399.925 4574472.910 5303072.720
6505 404.034 4574485.030 5303040.720
6506 406.168 4574495.640 5303007.850
6507 406.945 4574512.640 5302971.120
6508 406.991 4574529.740 5302934.420
6509 406.536 4574524.850 5302922.760
6510 407.161 4574474.850 5302872.760
6511 407.000 4574424.850 5302822.760
6512 406.943 4574374.850 5302772.760
6513 406.857 4574074.850 5302522.760
6514 406.890 4574124.850 5302572.760
6515 406.978 4574024.850 5302522.760
6516 407.107 4573974.850 5302522.760
6517 407.094 4573874.850 5302472.760
6518 407.098 4573834.460 5302442.780
6519 407.012 4573824.850 5302472.760
6520 402.132 4574473.520 5303232.100
6521 397.365 4574444.500 5303261.120
6522 397.194 4574422.960 5303294.840
6523 396.424 4574393.820 5303323.890
6524 403.503 4574517.160 5303179.330
6525 403.607 4574498.930 5303207.970
6526 407.261 4574586.770 5303102.480
6527 407.143 4574568.500 5303131.150
6528 405.483 4574542.980 5303155.360
6529 407.204 4574724.850 5303072.760
6530 407.159 4574724.850 5303122.760
6531 407.050 4574624.850 5303072.760
6532 407.144 4574674.850 5303072.760
6533 407.115 4574724.850 5303172.760
6534 407.070 4574724.850 5303222.760
6535 407.058 4574774.850 5303272.760
6536 406.967 4574824.850 5303322.760
6537 407.101 4574824.850 5303372.760
6538 406.267 4574874.850 5303472.760
6539 406.968 4574824.850 5303422.760
6540 406.261 4574874.850 5303522.760
6541 406.456 4574874.850 5303572.760
6542 406.306 4574924.850 5303672.760
6543 406.412 4574874.850 5303622.760
6544 405.953 4574924.850 5303722.760
6545 405.781 4574924.850 5303772.760
6546 406.148 4574924.850 5303822.760
6547 406.343 4574939.110 5303877.020
6548 406.305 4574916.390 5303894.060
6549 406.232 4575126.580 5304192.940
6550 405.965 4575070.800 5304079.360
6551 406.087 4575024.850 5304072.760
6552 405.989 4574974.850 5304022.760
6553 406.006 4574919.980 5303966.180
6554 406.208 4575124.850 5304222.760
6555 406.017 4575124.850 5304272.760
6556 405.846 4575158.800 5304332.050
6557 405.782 4575124.850 5304322.760
6558 407.063 4573924.850 5302522.760
6559 396.348 4574372.410 5303357.720
6560 396.301 4574382.750 5303317.090
6561 396.581 4574414.390 5303242.370
6562 396.509 4574393.030 5303276.330
6563 396.503 4574424.590 5303201.420
6564 396.362 4574432.800 5303166.730
6565 406.898 4574224.850 5302622.760
6566 406.914 4574274.850 5302672.760
6567 406.929 4574324.850 5302722.760
6568 406.952 4574174.850 5302622.760
6569 397.824 4574441.270 5303132.310
6570 400.723 4574453.910 5303100.550
6571 404.023 4574466.210 5303068.640
6572 406.136 4574477.150 5303035.940
6573 406.991 4574489.120 5303003.930
6574 406.598 4574505.010 5302966.480
6575 406.701 4574474.850 5302922.760
6576 406.690 4574424.850 5302872.760
6577 406.897 4574374.850 5302822.760
6578 407.141 4574324.850 5302772.760
6579 407.038 4574074.850 5302572.760
6580 407.109 4574124.850 5302622.760
6581 407.107 4574024.850 5302572.760
6582 406.979 4573974.850 5302572.760
6583 406.918 4573874.850 5302522.760
6584 406.793 4573824.850 5302522.760
6585 406.956 4573795.380 5302468.110
6586 406.878 4573774.850 5302472.760
6587 397.284 4574379.880 5303362.280
6588 403.948 4574481.150 5303236.890
6589 401.740 4574451.500 5303265.480
6590 401.602 4574429.780 5303299.060
6591 397.338 4574401.430 5303328.570
6592 405.583 4574524.490 5303183.880
6593 405.924 4574506.470 5303212.680
6594 406.816 4574573.800 5303134.600
6595 406.982 4574550.230 5303159.830
6596 407.099 4574674.850 5303122.760
6597 407.039 4574624.850 5303122.760
6598 407.054 4574674.850 5303172.760
6599 407.010 4574674.850 5303222.760
6600 407.025 4574724.850 5303272.760
6601 406.840 4574774.850 5303322.760
6602 406.831 4574774.850 5303372.760
6603 406.809 4574824.850 5303472.760
6604 406.866 4574774.850 5303422.760
6605 406.120 4574824.850 5303522.760
6606 406.483 4574824.850 5303572.760
6607 406.007 4574874.850 5303672.760
6608 406.131 4574824.850 5303622.760
6609 405.758 4574874.850 5303722.760
6610 405.996 4574874.850 5303772.760
6611 406.310 4574874.850 5303822.760
6612 406.284 4574877.650 5303875.780
6613 406.241 4575080.490 5304176.580
6614 406.211 4575043.430 5304117.630
6615 406.205 4574974.850 5304072.760
6616 406.109 4574924.850 5304022.760
6617 406.013 4574874.850 5303972.760
6618 406.016 4574873.760 5303948.350
6619 406.090 4575074.850 5304222.760
6620 405.851 4575074.850 5304272.760
6621 405.811 4575181.830 5304418.610
6622 405.723 4575187.070 5304391.120
6623 405.725 4575129.090 5304359.500
6624 405.697 4575074.850 5304322.760
6625 405.826 4575149.480 5304447.460
6626 406.827 4573924.850 5302572.760
6627 396.286 4574351.000 5303391.550
6628 396.221 4574361.370 5303350.990
6629 396.437 4574371.680 5303310.290
6630 396.460 4574403.270 5303235.440
6631 396.420 4574381.940 5303269.470
6632 396.481 4574413.450 5303194.420
6633 397.549 4574421.800 5303159.880
6634 406.973 4574236.740 5302674.610
6635 407.083 4574274.850 5302722.760
6636 407.123 4574174.850 5302672.760
6637 401.343 4574434.910 5303128.390
6638 404.403 4574447.400 5303096.560
6639 406.104 4574458.660 5303064.030
6640 406.916 4574470.840 5303032.130
6641 406.938 4574480.630 5302998.810
6642 406.782 4574474.850 5302972.760
6643 406.719 4574424.850 5302922.760
6644 406.690 4574374.850 5302872.760
6645 406.668 4574324.850 5302822.760
6646 406.815 4574274.850 5302772.760
6647 407.050 4574074.850 5302622.760
6648 406.921 4574124.850 5302672.760
6649 406.868 4574024.850 5302622.760
6650 406.735 4573974.850 5302622.760
6651 406.709 4573874.850 5302572.760
6652 406.582 4573824.850 5302572.760
6653 406.685 4573774.850 5302522.760
6654 406.718 4573760.190 5302499.560
6655 401.691 4574386.320 5303366.220
6656 397.172 4574358.320 5303395.990
6657 396.351 4574334.360 5303420.410
6658 406.278 4574489.050 5303241.840
6659 403.542 4574458.940 5303270.110
6660 403.691 4574437.160 5303303.620
6661 401.815 4574408.080 5303332.660
6662 406.626 4574531.840 5303188.430
6663 406.581 4574514.040 5303217.400
6664 406.934 4574574.850 5303172.760
6665 406.994 4574624.850 5303172.760
6666 406.950 4574624.850 5303222.760
6667 406.965 4574674.850 5303272.760
6668 406.953 4574724.850 5303322.760
6669 406.857 4574724.850 5303372.760
6670 406.913 4574774.850 5303472.760
6671 406.710 4574724.850 5303422.760
6672 406.898 4574774.850 5303522.760
6673 406.495 4574774.850 5303572.760
6674 405.820 4574824.850 5303672.760
6675 405.868 4574774.850 5303622.760
6676 405.770 4574824.850 5303722.760
6677 406.176 4574824.850 5303772.760
6678 406.341 4574824.850 5303822.760
6679 406.193 4574838.180 5303876.190
6680 406.026 4574841.060 5303915.830
6681 406.186 4575041.930 5304181.420
6682 406.244 4575043.690 5304152.870
6683 406.228 4574974.850 5304122.760
6684 406.244 4574924.850 5304072.760
6685 406.236 4574874.850 5304022.760
6686 406.134 4574824.850 5303972.760
6687 405.939 4575024.130 5304222.030
6688 405.667 4575024.850 5304272.760
6689 405.815 4575143.530 5304403.700
6690 405.817 4575074.850 5304372.760
6691 405.804 4575024.850 5304322.760
6692 405.798 4575103.020 5304451.940
6693 406.604 4573924.850 5302622.760
6694 396.141 4574339.980 5303384.880
6695 396.365 4574350.320 5303344.250
6696 396.416 4574317.720 5303449.270
6697 396.110 4574323.040 5303413.590
6698 396.378 4574360.610 5303303.490
6699 396.636 4574392.150 5303228.510
6700 396.797 4574370.840 5303262.600
6701 397.654 4574402.340 5303187.460
6702 401.428 4574415.890 5303156.200
6703 406.995 4574220.590 5302721.920
6704 406.771 4574174.850 5302722.760
6705 404.570 4574428.600 5303124.490
6706 406.178 4574440.180 5303092.130
6707 406.909 4574452.570 5303060.320
6708 406.675 4574462.680 5303027.180
6709 406.748 4574424.850 5302972.760
6710 406.706 4574374.850 5302922.760
6711 406.681 4574324.850 5302872.760
6712 406.660 4574274.850 5302822.760
6713 406.641 4574224.850 5302772.760
6714 406.752 4574074.850 5302672.760
6715 406.614 4574124.850 5302722.760
6716 406.614 4574024.850 5302672.760
6717 406.577 4573974.850 5302672.760
6718 406.593 4573874.850 5302622.760
6719 406.717 4573824.850 5302622.760
6720 406.813 4573774.850 5302622.760
6721 406.676 4573774.850 5302572.760
6722 406.662 4573741.510 5302544.960
6723 397.020 4574324.350 5303453.250
6724 403.380 4574393.600 5303370.650
6725 401.686 4574364.570 5303399.770
6726 397.080 4574341.300 5303424.600
6727 406.651 4574497.000 5303246.820
6728 406.234 4574466.520 5303274.830
6729 406.210 4574444.560 5303308.200
6730 403.513 4574415.430 5303337.170
6731 406.829 4574524.850 5303222.760
6732 406.890 4574574.850 5303222.760
6733 406.905 4574624.850 5303272.760
6734 406.921 4574674.850 5303322.760
6735 406.853 4574674.850 5303372.760
6736 406.700 4574724.850 5303472.760
6737 406.819 4574674.850 5303422.760
6738 406.818 4574724.850 5303522.760
6739 406.730 4574724.850 5303572.760
6740 405.792 4574774.850 5303672.760
6741 406.655 4574724.850 5303622.760
6742 406.024 4574774.850 5303722.760
6743 406.357 4574774.850 5303772.760
6744 406.216 4574774.850 5303822.760
6745 406.044 4574774.850 5303872.760
6746 406.037 4574774.850 5303922.760
6747 406.017 4574974.850 5304172.760
6748 406.124 4574924.850 5304122.760
6749 406.215 4574874.850 5304072.760
6750 406.267 4574824.850 5304022.760
6751 406.262 4574774.850 5303972.760
6752 405.758 4574974.850 5304222.760
6753 405.714 4574974.850 5304272.760
6754 405.820 4575074.850 5304422.760
6755 405.837 4575024.850 5304372.760
6756 405.822 4574974.850 5304322.760
6757 405.726 4575055.390 5304462.020
6758 396.482 4574301.080 5303478.130
6759 406.634 4573924.850 5302672.760
6760 396.296 4574328.960 5303378.210
6761 396.336 4574339.280 5303337.520
6762 396.079 4574306.090 5303442.300
6763 396.326 4574311.700 5303406.760
6764 396.762 4574349.540 5303296.690
6765 397.498 4574381.060 5303221.610
6766 397.328 4574359.770 5303255.760
6767 402.230 4574396.830 5303183.990
6768 404.678 4574409.740 5303152.380
6769 406.636 4574203.960 5302769.080
6770 406.632 4574174.850 5302772.760
6771 406.204 4574421.720 5303120.230
6772 406.862 4574434.300 5303088.520
6773 406.579 4574444.740 5303055.550
6774 406.715 4574424.850 5303022.760
6775 406.713 4574374.850 5302972.760
6776 406.690 4574324.850 5302922.760
6777 406.669 4574274.850 5302872.760
6778 406.650 4574224.850 5302822.760
6779 406.604 4574074.850 5302722.760
6780 406.622 4574124.850 5302772.760
6781 406.594 4574024.850 5302722.760
6782 406.681 4573974.850 5302722.760
6783 406.759 4573874.850 5302672.760
6784 406.794 4573824.850 5302672.760
6785 406.706 4573774.850 5302672.760
6786 406.763 4573724.850 5302622.760
6787 406.796 4573714.030 5302586.690
6788 396.547 4574284.440 5303506.990
6789 396.985 4574307.450 5303481.940
6790 401.232 4574329.820 5303456.540
6791 405.965 4574400.660 5303374.960
6792 403.346 4574371.780 5303404.130
6793 401.373 4574347.130 5303428.110
6794 406.566 4574474.230 5303279.620
6795 406.551 4574452.180 5303312.910
6796 406.150 4574422.680 5303341.630
6797 406.785 4574524.850 5303272.760
6798 406.845 4574574.850 5303272.760
6799 406.860 4574624.850 5303322.760
6800 406.816 4574624.850 5303372.760
6801 406.648 4574674.850 5303472.760
6802 406.771 4574624.850 5303422.760
6803 406.574 4574674.850 5303522.760
6804 406.572 4574674.850 5303572.760
6805 406.231 4574724.850 5303672.760
6806 406.698 4574674.850 5303622.760
6807 406.258 4574724.850 5303722.760
6808 406.285 4574724.850 5303772.760
6809 406.059 4574724.850 5303822.760
6810 406.053 4574724.850 5303872.760
6811 406.163 4574724.850 5303922.760
6812 405.818 4574924.850 5304172.760
6813 405.924 4574874.850 5304122.760
6814 406.016 4574824.850 5304072.760
6815 406.147 4574774.850 5304022.760
6816 406.246 4574724.850 5303972.760
6817 405.573 4574924.850 5304222.760
6818 405.823 4574924.850 5304272.760
6819 405.767 4575024.850 5304422.760
6820 405.801 4574974.850 5304372.760
6821 405.828 4574924.850 5304322.760
6822 405.658 4575010.000 5304467.650
6823 396.047 4574289.150 5303471.010
6824 396.609 4574267.800 5303535.850
6825 396.016 4574272.200 5303499.720
6826 406.816 4573924.850 5302722.760
6827 396.295 4574317.950 5303371.550
6828 396.563 4574328.240 5303330.780
6829 396.357 4574294.430 5303435.310
6830 396.290 4574300.370 5303399.940
6831 397.008 4574338.490 5303289.900
6832 401.453 4574376.070 5303218.470
6833 401.334 4574354.420 5303252.420
6834 404.811 4574390.800 5303180.220
6835 406.575 4574403.160 5303148.280
6836 406.642 4574190.780 5302816.170
6837 406.767 4574416.050 5303116.740
6838 406.674 4574426.800 5303083.930
6839 406.582 4574424.850 5303072.760
6840 406.695 4574374.850 5303022.760
6841 406.691 4574324.850 5302972.760
6842 406.674 4574274.850 5302922.760
6843 406.657 4574224.850 5302872.760
6844 406.611 4574074.850 5302772.760
6845 406.628 4574124.850 5302822.760
6846 406.732 4574024.850 5302772.760
6847 406.809 4573974.850 5302772.760
6848 406.766 4573874.850 5302722.760
6849 406.607 4573824.850 5302722.760
6850 406.422 4573774.850 5302722.760
6851 406.561 4573724.850 5302672.760
6852 406.671 4573691.250 5302628.720
6853 396.670 4574251.160 5303564.710
6854 396.966 4574290.580 5303510.640
6855 397.004 4574273.730 5303539.360
6856 401.217 4574312.620 5303485.030
6857 403.606 4574336.280 5303460.400
6858 406.502 4574408.100 5303379.500
6859 405.927 4574378.650 5303408.300
6860 403.475 4574353.930 5303432.210
6861 406.680 4574474.850 5303322.760
6862 406.542 4574430.230 5303346.260
6863 406.740 4574524.850 5303322.760
6864 406.800 4574574.850 5303322.760
6865 406.756 4574574.850 5303372.760
6866 406.692 4574624.850 5303472.760
6867 406.711 4574574.850 5303422.760
6868 406.658 4574624.850 5303522.760
6869 406.444 4574624.850 5303572.760
6870 406.585 4574674.850 5303672.760
6871 406.435 4574624.850 5303622.760
6872 406.372 4574674.850 5303722.760
6873 405.508 4574674.850 5303772.760
6874 406.069 4574674.850 5303822.760
6875 406.062 4574674.850 5303872.760
6876 406.293 4574674.850 5303922.760
6877 405.587 4574874.850 5304172.760
6878 405.693 4574824.850 5304122.760
6879 405.801 4574774.850 5304072.760
6880 405.898 4574724.850 5304022.760
6881 406.003 4574674.850 5303972.760
6882 405.734 4574874.850 5304222.760
6883 405.845 4574874.850 5304272.760
6884 405.704 4574974.850 5304422.760
6885 405.733 4574924.850 5304372.760
6886 405.778 4574874.850 5304322.760
6887 405.489 4574964.140 5304486.170
6888 396.388 4574277.170 5303463.860
6889 395.985 4574255.260 5303528.430
6890 396.419 4574259.910 5303492.420
6891 406.681 4573924.850 5302772.760
6892 396.364 4574306.930 5303364.870
6893 396.748 4574317.200 5303324.050
6894 396.287 4574282.790 5303428.340
6895 396.339 4574289.040 5303393.110
6896 401.342 4574332.790 5303286.370
6897 404.363 4574370.710 5303215.110
6898 404.501 4574348.790 5303248.900
6899 407.003 4574384.480 5303176.250
6900 406.642 4574397.690 5303144.880
6901 406.649 4574197.250 5302865.680
6902 406.674 4574174.850 5302872.760
6903 406.143 4574408.900 5303112.320
6904 406.264 4574374.850 5303072.760
6905 406.620 4574324.850 5303022.760
6906 406.856 4574274.850 5302972.760
6907 406.749 4574224.850 5302922.760
6908 406.797 4574074.850 5302822.760
6909 406.842 4574124.850 5302872.760
6910 406.763 4574024.850 5302822.760
6911 406.541 4573974.850 5302822.760
6912 406.482 4573874.850 5302772.760
6913 406.280 4573824.850 5302772.760
6914 396.722 4574233.570 5303593.670
6915 395.977 4574238.310 5303557.140
6916 406.113 4573774.850 5302772.760
6917 406.248 4573724.850 5302722.760
6918 406.417 4573677.290 5302668.090
6919 397.030 4574256.860 5303568.070
6920 397.535 4574239.070 5303596.920
6921 401.249 4574295.470 5303513.550
6922 401.306 4574278.330 5303542.080
6923 403.758 4574318.780 5303488.710
6924 405.445 4574342.610 5303464.210
6925 406.557 4574424.850 5303372.760
6926 406.464 4574385.990 5303412.750
6927 405.646 4574360.510 5303436.170
6928 406.635 4574474.850 5303372.760
6929 406.696 4574524.850 5303372.760
6930 406.666 4574574.850 5303472.760
6931 406.651 4574524.850 5303422.760
6932 406.618 4574574.850 5303522.760
6933 406.558 4574574.850 5303572.760
6934 406.457 4574624.850 5303672.760
6935 406.457 4574574.850 5303622.760
6936 406.510 4574624.850 5303722.760
6937 406.500 4574624.850 5303772.760
6938 406.075 4574624.850 5303822.760
6939 406.192 4574624.850 5303872.760
6940 406.182 4574624.850 5303922.760
6941 405.633 4574964.540 5304528.290
6942 405.572 4574824.850 5304172.760
6943 405.589 4574774.850 5304122.760
6944 405.606 4574724.850 5304072.760
6945 405.622 4574674.850 5304022.760
6946 405.716 4574624.850 5303972.760
6947 405.847 4574824.850 5304222.760
6948 405.826 4574824.850 5304272.760
6949 405.610 4574924.850 5304422.760
6950 405.662 4574874.850 5304372.760
6951 405.692 4574824.850 5304322.760
6952 405.547 4574924.850 5304472.760
6953 396.285 4574265.210 5303456.730
6954 396.450 4574242.640 5303520.970
6955 396.282 4574247.630 5303485.130
6956 406.318 4573924.850 5302822.760
6957 396.490 4574295.920 5303358.200
6958 401.091 4574311.450 5303320.530
6959 396.323 4574271.140 5303421.350
6960 396.749 4574277.720 5303386.290
6961 404.524 4574326.900 5303282.730
6962 406.080 4574364.990 5303211.520
6963 406.398 4574342.670 5303245.090
6964 406.505 4574379.170 5303172.920
6965 406.251 4574390.840 5303140.620
6966 406.839 4574196.640 5302915.380
6967 406.745 4574174.850 5302922.760
6968 406.307 4574374.850 5303122.760
6969 406.291 4574324.850 5303072.760
6970 406.266 4574274.850 5303022.760
6971 406.460 4574224.850 5302972.760
6972 406.614 4574074.850 5302872.760
6973 406.394 4574124.850 5302922.760
6974 406.346 4574024.850 5302872.760
6975 406.175 4573974.850 5302872.760
6976 406.144 4573874.850 5302822.760
6977 406.132 4573824.850 5302822.760
6978 396.654 4574215.980 5303622.620
6979 396.021 4574220.760 5303586.050
6980 396.482 4574225.380 5303549.520
6981 406.219 4573774.850 5302822.760
6982 406.134 4573724.850 5302772.760
6983 406.119 4573668.550 5302712.100
6984 401.369 4574261.190 5303570.610
6985 401.580 4574243.410 5303599.500
6986 398.038 4574221.290 5303625.790
6987 398.278 4574203.520 5303654.670
6988 403.925 4574301.370 5303517.060
6989 404.096 4574283.980 5303545.430
6990 405.567 4574324.940 5303492.390
6991 406.413 4574349.330 5303468.240
6992 406.531 4574424.850 5303422.760
6993 406.427 4574367.500 5303440.390
6994 406.591 4574474.850 5303422.760
6995 406.606 4574524.850 5303472.760
6996 406.562 4574524.850 5303522.760
6997 406.517 4574524.850 5303572.760
6998 406.313 4574574.850 5303672.760
6999 406.444 4574524.850 5303622.760
7000 406.305 4574574.850 5303722.760
7001 406.409 4574574.850 5303772.760
7002 406.328 4574574.850 5303822.760
7003 406.257 4574574.850 5303872.760
7004 405.973 4574574.850 5303922.760
7005 405.645 4574924.850 5304522.760
7006 405.625 4574929.840 5304559.180
7007 405.469 4574935.570 5304636.070
7008 405.511 4574923.890 5304607.540
7009 405.756 4574774.850 5304172.760
7010 405.599 4574724.850 5304122.760
7011 405.651 4574574.850 5303972.760
7012 405.616 4574674.850 5304072.760
7013 405.634 4574624.850 5304022.760
7014 405.865 4574774.850 5304222.760
7015 405.742 4574774.850 5304272.760
7016 405.583 4574774.850 5304322.760
7017 405.399 4574874.850 5304422.760
7018 405.489 4574824.850 5304372.760
7019 405.630 4574874.850 5304472.760
7020 396.375 4574253.250 5303449.590
7021 396.279 4574230.050 5303513.520
7022 396.302 4574235.350 5303477.830
7023 406.164 4573924.850 5302872.760
7024 400.887 4574290.070 5303354.660
7025 404.429 4574305.610 5303316.950
7026 396.877 4574259.510 5303414.380
7027 400.988 4574271.990 5303382.840
7028 406.102 4574320.390 5303278.690
7029 406.538 4574360.190 5303208.510
7030 406.541 4574337.520 5303241.880
7031 406.448 4574372.580 5303168.790
7032 406.322 4574193.300 5302965.310
7033 406.324 4574324.850 5303122.760
7034 406.285 4574274.850 5303072.760
7035 406.259 4574224.850 5303022.760
7036 406.206 4574074.850 5302922.760
7037 406.227 4574124.850 5302972.760
7038 406.195 4574024.850 5302922.760
7039 406.183 4573974.850 5302922.760
7040 406.152 4573874.850 5302872.760
7041 406.282 4573824.850 5302872.760
7042 396.588 4574198.390 5303651.580
7043 396.085 4574203.210 5303614.960
7044 396.444 4574207.880 5303578.390
7045 396.275 4574212.470 5303541.920
7046 406.438 4573774.850 5302872.760
7047 406.373 4573724.850 5302822.760
7048 406.279 4573674.850 5302772.760
7049 406.306 4573639.410 5302752.640
7050 405.359 4574928.820 5304684.610
7051 398.286 4574185.740 5303683.530
7052 404.021 4574266.580 5303573.790
7053 403.959 4574248.730 5303602.670
7054 401.815 4574225.660 5303628.410
7055 402.060 4574207.920 5303657.330
7056 405.683 4574307.390 5303520.640
7057 405.750 4574289.850 5303548.910
7058 406.417 4574331.440 5303496.270
7059 406.417 4574374.850 5303472.760
7060 406.486 4574424.850 5303472.760
7061 406.546 4574474.850 5303472.760
7062 406.502 4574474.850 5303522.760
7063 406.457 4574474.850 5303572.760
7064 406.423 4574524.850 5303672.760
7065 406.412 4574474.850 5303622.760
7066 406.244 4574524.850 5303722.760
7067 406.178 4574524.850 5303772.760
7068 406.176 4574524.850 5303822.760
7069 398.448 4574168.010 5303712.430
7070 406.295 4574524.850 5303872.760
7071 405.770 4574524.850 5303972.760
7072 406.201 4574524.850 5303922.760
7073 405.630 4574874.850 5304522.760
7074 405.518 4574874.850 5304572.760
7075 405.368 4574874.850 5304622.760
7076 405.399 4574874.850 5304672.760
7077 405.862 4574724.850 5304172.760
7078 405.653 4574547.640 5303998.410
7079 405.781 4574674.850 5304122.760
7080 405.641 4574589.420 5304023.680
7081 405.627 4574624.850 5304072.760
7082 405.792 4574724.850 5304222.760
7083 405.642 4574724.850 5304272.760
7084 405.443 4574724.850 5304322.760
7085 405.426 4574774.850 5304372.760
7086 405.560 4574824.850 5304422.760
7087 405.654 4574824.850 5304472.760
7088 397.301 4574241.310 5303442.460
7089 396.276 4574217.460 5303506.070
7090 397.415 4574223.110 5303470.550
7091 406.171 4573924.850 5302922.760
7092 404.349 4574284.240 5303351.130
7093 406.053 4574299.030 5303312.920
7094 400.872 4574253.910 5303411.020
7095 404.380 4574266.130 5303379.300
7096 406.475 4574314.900 5303275.290
7097 406.191 4574354.240 5303204.790
7098 406.100 4574331.170 5303237.920
7099 406.331 4574324.850 5303172.760
7100 406.250 4574189.930 5303015.230
7101 406.300 4574274.850 5303122.760
7102 406.272 4574224.850 5303072.760
7103 406.215 4574074.850 5302972.760
7104 406.236 4574124.850 5303022.760
7105 406.203 4574024.850 5302972.760
7106 406.210 4573974.850 5302972.760
7107 406.320 4573874.850 5302922.760
7108 406.478 4573824.850 5302922.760
7109 396.526 4574180.810 5303680.540
7110 396.149 4574185.660 5303643.870
7111 396.407 4574190.370 5303607.260
7112 396.274 4574195.000 5303570.740
7113 396.236 4574199.570 5303534.320
7114 396.458 4574163.220 5303709.490
7115 406.478 4573724.850 5302872.760
7116 406.454 4573774.850 5302922.760
7117 406.468 4573674.850 5302822.760
7118 406.428 4573624.850 5302772.760
7119 406.467 4573611.380 5302794.040
7120 405.367 4574874.850 5304722.760
7121 405.396 4574919.620 5304733.480
7122 402.296 4574190.170 5303686.240
7123 405.942 4574272.310 5303577.170
7124 405.786 4574254.340 5303606.000
7125 403.922 4574230.930 5303631.570
7126 403.996 4574213.150 5303660.500
7127 406.431 4574313.690 5303524.390
7128 406.351 4574324.850 5303522.760
7129 406.448 4574295.970 5303552.530
7130 406.381 4574374.850 5303522.760
7131 406.441 4574424.850 5303522.760
7132 406.397 4574424.850 5303572.760
7133 406.368 4574474.850 5303672.760
7134 406.352 4574424.850 5303622.760
7135 406.297 4574474.850 5303722.760
7136 406.257 4574474.850 5303772.760
7137 406.047 4574474.850 5303822.760
7138 402.594 4574172.510 5303715.200
7139 398.805 4574150.350 5303741.370
7140 406.039 4574474.850 5303872.760
7141 406.143 4574499.100 5303985.930
7142 406.048 4574474.850 5303922.760
7143 405.579 4574824.850 5304522.760
7144 405.435 4574824.850 5304572.760
7145 405.323 4574824.850 5304622.760
7146 405.416 4574824.850 5304672.760
7147 405.847 4574674.850 5304172.760
7148 405.654 4574524.850 5304022.760
7149 405.864 4574624.850 5304122.760
7150 405.812 4574574.850 5304072.760
7151 405.648 4574602.920 5304068.700
7152 405.691 4574674.850 5304222.760
7153 405.460 4574674.850 5304272.760
7154 405.453 4574674.850 5304322.760
7155 405.589 4574724.850 5304372.760
7156 405.636 4574774.850 5304422.760
7157 405.627 4574774.850 5304472.760
7158 405.287 4574824.850 5304722.760
7159 400.985 4574235.840 5303439.200
7160 397.222 4574204.900 5303498.640
7161 400.944 4574217.760 5303467.380
7162 406.436 4573924.850 5302972.760
7163 406.025 4574277.560 5303347.080
7164 406.490 4574293.490 5303309.530
7165 404.423 4574248.020 5303407.480
7166 405.945 4574259.490 5303375.300
7167 405.922 4574308.170 5303271.130
7168 406.214 4574324.850 5303222.760
7169 406.294 4574274.850 5303172.760
7170 406.255 4574172.910 5303061.550
7171 406.278 4574224.850 5303122.760
7172 406.222 4574074.850 5303022.760
7173 406.241 4574124.850 5303072.760
7174 406.252 4574154.070 5303107.750
7175 406.286 4574024.850 5303022.760
7176 406.488 4573974.850 5303022.760
7177 406.490 4573874.850 5302972.760
7178 406.403 4573824.850 5302972.760
7179 396.213 4574168.110 5303672.780
7180 396.370 4574172.870 5303636.130
7181 396.268 4574177.530 5303599.560
7182 396.215 4574182.130 5303563.090
7183 396.898 4574186.700 5303526.730
7184 396.421 4574145.630 5303738.450
7185 396.278 4574150.560 5303701.690
7186 406.436 4573674.850 5302872.760
7187 406.385 4573724.850 5302922.760
7188 406.239 4573774.850 5302972.760
7189 406.462 4573624.850 5302822.760
7190 406.331 4573624.850 5302872.760
7191 405.194 4574874.850 5304772.760
7192 405.239 4574898.960 5304778.870
7193 404.097 4574195.340 5303689.400
7194 406.459 4574278.250 5303580.670
7195 406.426 4574260.150 5303609.450
7196 405.633 4574236.430 5303634.870
7197 405.594 4574218.560 5303663.760
7198 406.244 4574324.850 5303572.760
7199 406.337 4574374.850 5303572.760
7200 406.308 4574424.850 5303672.760
7201 406.292 4574374.850 5303622.760
7202 406.263 4574424.850 5303722.760
7203 406.209 4574424.850 5303772.760
7204 398.261 4574132.760 5303769.360
7205 406.163 4574424.850 5303822.760
7206 404.216 4574177.680 5303718.390
7207 402.848 4574154.990 5303744.250
7208 397.742 4574115.240 5303797.400
7209 406.057 4574424.850 5303872.760
7210 406.103 4574474.850 5304022.760
7211 406.038 4574450.500 5303973.990
7212 405.917 4574424.850 5303922.760
7213 405.489 4574774.850 5304522.760
7214 405.241 4574774.850 5304572.760
7215 405.407 4574774.850 5304622.760
7216 405.364 4574774.850 5304672.760
7217 405.748 4574624.850 5304172.760
7218 405.885 4574524.850 5304072.760
7219 405.873 4574583.550 5304113.680
7220 405.538 4574624.850 5304222.760
7221 405.470 4574624.850 5304272.760
7222 405.603 4574624.850 5304322.760
7223 405.652 4574674.850 5304372.760
7224 405.649 4574724.850 5304422.760
7225 405.531 4574724.850 5304472.760
7226 405.095 4574824.850 5304772.760
7227 405.155 4574774.850 5304722.760
7228 404.383 4574229.900 5303435.650
7229 401.218 4574199.690 5303495.560
7230 404.329 4574211.790 5303463.830
7231 406.443 4573924.850 5303022.760
7232 406.505 4574271.920 5303343.660
7233 406.074 4574286.720 5303305.380
7234 405.957 4574241.420 5303403.520
7235 406.424 4574253.910 5303371.930
7236 406.152 4574274.850 5303272.760
7237 406.128 4574274.300 5303237.430
7238 406.270 4574224.850 5303172.760
7239 406.259 4574174.850 5303122.760
7240 406.377 4574074.850 5303072.760
7241 406.497 4574124.850 5303122.760
7242 406.479 4574024.850 5303072.760
7243 406.307 4573974.850 5303072.760
7244 406.273 4573874.850 5303022.760
7245 406.115 4573824.850 5303022.760
7246 396.332 4574155.370 5303665.000
7247 396.249 4574160.060 5303628.380
7248 396.195 4574164.690 5303591.860
7249 396.756 4574169.290 5303555.450
7250 401.754 4574181.620 5303523.740
7251 396.487 4574128.130 5303766.520
7252 396.342 4574133.010 5303730.600
7253 396.502 4574110.620 5303794.600
7254 396.294 4574137.870 5303693.870
7255 406.200 4573674.850 5302922.760
7256 406.093 4573724.850 5302972.760
7257 406.019 4573774.850 5303022.760
7258 406.387 4573576.740 5302827.210
7259 406.442 4573563.110 5302792.470
7260 406.153 4573574.850 5302872.760
7261 406.063 4573624.850 5302922.760
7262 404.947 4574824.850 5304822.760
7263 404.981 4574871.270 5304819.370
7264 404.952 4574934.620 5304915.290
7265 404.910 4574952.180 5304950.370
7266 405.592 4574200.630 5303692.630
7267 406.110 4574274.850 5303622.760
7268 406.382 4574242.110 5303638.280
7269 406.313 4574224.130 5303667.140
7270 406.232 4574324.850 5303622.760
7271 406.247 4574374.850 5303672.760
7272 406.203 4574374.850 5303722.760
7273 406.158 4574374.850 5303772.760
7274 402.545 4574137.070 5303772.020
7275 406.114 4574374.850 5303822.760
7276 405.604 4574182.920 5303721.620
7277 404.361 4574160.230 5303747.510
7278 402.166 4574119.320 5303799.890
7279 397.245 4574097.830 5303825.510
7280 406.037 4574374.850 5303872.760
7281 405.633 4574474.850 5304072.760
7282 406.000 4574424.850 5304022.760
7283 405.855 4574401.150 5303966.080
7284 406.028 4574374.850 5303922.760
7285 405.310 4574724.850 5304522.760
7286 405.330 4574724.850 5304572.760
7287 405.425 4574724.850 5304622.760
7288 405.248 4574724.850 5304672.760
7289 405.610 4574574.850 5304172.760
7290 405.686 4574524.850 5304122.760
7291 405.644 4574548.290 5304149.310
7292 405.487 4574574.850 5304222.760
7293 405.520 4574474.850 5304122.760
7294 405.480 4574574.850 5304272.760
7295 405.662 4574574.850 5304322.760
7296 405.645 4574624.850 5304372.760
7297 405.598 4574674.850 5304422.760
7298 405.428 4574674.850 5304472.760
7299 404.932 4574774.850 5304772.760
7300 405.025 4574724.850 5304722.760
7301 396.920 4574080.440 5303853.630
7302 396.463 4574093.120 5303822.670
7303 405.899 4574223.360 5303431.740
7304 404.290 4574193.680 5303492.000
7305 405.789 4574205.290 5303459.960
7306 406.090 4573924.850 5303072.760
7307 406.468 4574265.060 5303339.510
7308 406.278 4574269.200 5303318.400
7309 406.354 4574235.900 5303400.200
7310 406.134 4574247.090 5303367.820
7311 406.199 4574231.200 5303260.230
7312 406.167 4574224.850 5303222.760
7313 406.431 4574174.850 5303172.760
7314 406.389 4574128.790 5303150.920
7315 406.369 4574074.850 5303122.760
7316 406.103 4574024.850 5303122.760
7317 406.091 4573974.850 5303122.760
7318 406.055 4573874.850 5303072.760
7319 406.041 4573824.850 5303072.760
7320 396.230 4574142.590 5303657.200
7321 396.169 4574147.250 5303620.630
7322 396.613 4574151.870 5303584.170
7323 401.504 4574164.000 5303552.310
7324 404.258 4574175.570 5303520.180
7325 396.342 4574115.900 5303758.980
7326 396.244 4574120.360 5303722.740
7327 396.342 4574098.790 5303787.360
7328 396.212 4574125.110 5303686.020
7329 406.076 4573674.850 5302972.760
7330 406.100 4573724.850 5303022.760
7331 406.196 4573774.850 5303072.760
7332 406.215 4573624.850 5302972.760
7333 406.277 4573524.950 5302825.370
7334 406.124 4573524.850 5302872.760
7335 406.150 4573574.850 5302922.760
7336 404.975 4574774.850 5304822.760
7337 404.940 4574824.850 5304872.760
7338 404.968 4574848.410 5304862.290
7339 404.889 4574893.020 5304927.900
7340 404.846 4574924.850 5304972.760
7341 404.839 4574948.750 5304992.170
7342 406.247 4574206.090 5303695.960
7343 406.082 4574226.100 5303682.800
7344 406.115 4574274.850 5303672.760
7345 406.187 4574324.850 5303672.760
7346 406.143 4574324.850 5303722.760
7347 406.098 4574324.850 5303772.760
7348 404.362 4574142.100 5303775.120
7349 406.053 4574324.850 5303822.760
7350 406.145 4574188.310 5303724.940
7351 405.635 4574165.490 5303750.780
7352 404.331 4574124.210 5303802.880
7353 401.919 4574101.750 5303827.880
7354 406.009 4574324.850 5303872.760
7355 400.917 4574084.240 5303855.910
7356 405.925 4574424.850 5304072.760
7357 405.782 4574374.850 5304022.760
7358 405.841 4574374.850 5303972.760
7359 405.969 4574352.140 5303955.560
7360 405.964 4574324.850 5303922.760
7361 405.209 4574674.850 5304522.760
7362 405.415 4574674.850 5304572.760
7363 405.330 4574674.850 5304622.760
7364 405.092 4574674.850 5304672.760
7365 405.505 4574511.720 5304183.620
7366 405.497 4574524.850 5304222.760
7367 405.514 4574474.850 5304172.760
7368 405.860 4574424.850 5304122.760
7369 405.620 4574524.850 5304272.760
7370 405.634 4574524.850 5304322.760
7371 405.555 4574574.850 5304372.760
7372 405.491 4574624.850 5304422.760
7373 405.223 4574624.850 5304472.760
7374 404.952 4574724.850 5304772.760
7375 404.902 4574674.850 5304722.760
7376 396.584 4574063.020 5303881.730
7377 396.425 4574075.620 5303850.740
7378 396.342 4574081.680 5303815.730
7379 406.300 4574217.890 5303428.470
7380 405.824 4574187.230 5303488.190
7381 406.238 4574199.880 5303456.740
7382 406.078 4573924.850 5303122.760
7383 406.268 4574224.850 5303322.760
7384 406.002 4574229.130 5303396.140
7385 406.163 4574224.850 5303372.760
7386 406.215 4574192.260 5303289.460
7387 406.171 4574174.850 5303222.760
7388 406.145 4574107.540 5303196.060
7389 406.159 4574124.850 5303222.760
7390 406.130 4574074.850 5303172.760
7391 406.116 4574024.850 5303172.760
7392 406.101 4573974.850 5303172.760
7393 406.064 4573874.850 5303122.760
7394 406.254 4573824.850 5303122.760
7395 396.139 4574129.810 5303649.400
7396 396.466 4574134.460 5303612.890
7397 401.289 4574146.400 5303580.880
7398 404.118 4574158.020 5303548.750
7399 405.858 4574169.180 5303516.410
7400 396.252 4574103.630 5303751.410
7401 396.194 4574107.640 5303714.840
7402 396.260 4574086.900 5303780.080
7403 396.109 4574112.370 5303678.180
7404 396.242 4574045.570 5303909.810
7405 406.333 4573574.850 5302972.760
7406 406.266 4573674.850 5303022.760
7407 406.324 4573724.850 5303072.760
7408 406.360 4573774.850 5303122.760
7409 406.334 4573624.850 5303022.760
7410 406.126 4573490.190 5302859.850
7411 406.251 4573524.850 5302922.760
7412 406.318 4573450.140 5302882.870
7413 404.869 4574774.850 5304872.760
7414 404.932 4574724.850 5304822.760
7415 404.867 4574840.370 5304910.240
7416 404.819 4574866.100 5304951.700
7417 404.803 4574874.850 5304972.760
7418 404.744 4574926.990 5305037.190
7419 404.737 4574899.330 5305078.570
7420 396.440 4574027.880 5303938.700
7421 405.969 4574224.850 5303722.760
7422 406.083 4574274.850 5303722.760
7423 406.038 4574274.850 5303772.760
7424 405.545 4574147.320 5303778.330
7425 405.993 4574274.850 5303822.760
7426 406.076 4574170.890 5303754.140
7427 405.458 4574129.480 5303806.080
7428 404.247 4574106.620 5303830.830
7429 405.949 4574274.850 5303872.760
7430 404.375 4574089.110 5303858.830
7431 400.326 4574066.640 5303883.880
7432 399.626 4574049.000 5303911.820
7433 405.781 4574374.850 5304072.760
7434 405.857 4574324.850 5304022.760
7435 405.902 4574324.850 5303972.760
7436 405.918 4574303.090 5303945.160
7437 405.904 4574274.850 5303922.760
7438 405.336 4574624.850 5304522.760
7439 405.419 4574624.850 5304572.760
7440 405.190 4574624.850 5304622.760
7441 404.946 4574624.850 5304672.760
7442 405.510 4574470.110 5304210.550
7443 405.714 4574424.850 5304172.760
7444 405.892 4574374.850 5304122.760
7445 405.676 4574474.850 5304272.760
7446 405.491 4574474.850 5304322.760
7447 405.403 4574524.850 5304372.760
7448 405.302 4574574.850 5304422.760
7449 405.232 4574574.850 5304472.760
7450 404.980 4574674.850 5304772.760
7451 404.955 4574624.850 5304722.760
7452 396.387 4574058.110 5303878.820
7453 396.342 4574064.570 5303844.110
7454 396.268 4574070.160 5303808.750
7455 406.142 4574211.160 5303424.450
7456 406.164 4574181.880 5303485.010
7457 405.782 4574193.200 5303452.770
7458 406.086 4573924.850 5303172.760
7459 406.192 4574156.410 5303322.500
7460 406.167 4574174.850 5303372.760
7461 406.172 4574124.850 5303322.760
7462 406.173 4574124.850 5303272.760
7463 406.152 4574089.770 5303242.350
7464 406.125 4574024.850 5303222.760
7465 406.167 4573974.850 5303222.760
7466 406.320 4573874.850 5303172.760
7467 406.315 4573824.850 5303172.760
7468 396.319 4574117.050 5303641.610
7469 400.946 4574128.820 5303609.470
7470 403.967 4574140.520 5303577.360
7471 406.055 4574151.550 5303544.910
7472 406.090 4574163.880 5303513.290
7473 396.213 4574091.300 5303743.810
7474 396.078 4574094.940 5303706.950
7475 396.231 4574074.950 5303772.780
7476 396.172 4574099.630 5303670.330
7477 396.352 4574040.610 5303906.890
7478 406.307 4573524.850 5302972.760
7479 406.245 4573574.850 5303022.760
7480 406.316 4573674.850 5303072.760
7481 406.225 4573724.850 5303122.760
7482 406.098 4573774.850 5303172.760
7483 406.160 4573624.850 5303072.760
7484 406.314 4573474.850 5302922.760
7485 406.282 4573407.830 5302903.250
7486 406.198 4573474.850 5302972.760
7487 396.309 4574022.970 5303935.780
7488 404.774 4574774.850 5304922.760
7489 404.807 4574724.850 5304872.760
7490 404.851 4574674.850 5304822.760
7491 404.745 4574824.850 5304972.760
7492 404.699 4574874.850 5305022.760
7493 404.737 4574865.720 5305062.390
7494 400.030 4574031.420 5303940.800
7495 396.650 4574010.200 5303967.590
7496 405.978 4574224.850 5303772.760
7497 406.186 4574152.660 5303781.610
7498 405.933 4574224.850 5303822.760
7499 405.888 4574174.850 5303772.760
7500 405.945 4574134.830 5303809.340
7501 405.419 4574112.050 5303834.100
7502 405.889 4574224.850 5303872.760
7503 405.392 4574094.740 5303862.190
7504 404.553 4574071.470 5303886.750
7505 404.722 4574053.770 5303914.630
7506 405.651 4574324.850 5304072.760
7507 405.800 4574274.850 5304022.760
7508 405.859 4574274.850 5303972.760
7509 405.814 4574254.050 5303995.290
7510 405.844 4574224.850 5303922.760
7511 405.643 4574324.850 5304122.760
7512 405.426 4574574.850 5304522.760
7513 405.310 4574574.850 5304572.760
7514 405.024 4574574.850 5304622.760
7515 404.897 4574574.850 5304672.760
7516 405.600 4574420.120 5304214.210
7517 405.818 4574374.850 5304172.760
7518 405.584 4574424.850 5304272.760
7519 405.274 4574424.850 5304322.760
7520 405.260 4574474.850 5304372.760
7521 405.246 4574524.850 5304422.760
7522 405.329 4574524.850 5304472.760
7523 404.921 4574624.850 5304772.760
7524 404.986 4574574.850 5304722.760
7525 406.098 4573378.030 5302939.110
7526 396.342 4574047.460 5303872.480
7527 396.276 4574053.430 5303837.420
7528 396.236 4574058.600 5303801.740
7529 405.882 4574174.850 5303422.760
7530 405.872 4574175.240 5303481.090
7531 405.882 4574174.850 5303472.760
7532 406.383 4573924.850 5303222.760
7533 406.373 4574119.550 5303354.410
7534 406.363 4574074.850 5303322.760
7535 406.146 4574065.170 5303285.110
7536 406.276 4574024.850 5303272.760
7537 406.292 4573974.850 5303272.760
7538 406.165 4573874.850 5303222.760
7539 405.951 4573824.850 5303222.760
7540 400.395 4574111.240 5303638.060
7541 403.807 4574123.060 5303605.990
7542 405.456 4574134.010 5303573.450
7543 406.003 4574146.090 5303541.650
7544 406.117 4574157.290 5303509.410
7545 396.091 4574078.980 5303736.220
7546 396.025 4574082.220 5303699.050
7547 396.110 4574063.020 5303765.480
7548 399.844 4574093.660 5303666.650
7549 396.342 4574030.350 5303900.860
7550 406.110 4573524.850 5303022.760
7551 406.010 4573574.850 5303072.760
7552 406.053 4573674.850 5303122.760
7553 405.935 4573724.850 5303172.760
7554 405.838 4573774.850 5303222.760
7555 405.914 4573624.850 5303122.760
7556 406.079 4573424.850 5302972.760
7557 405.968 4573474.850 5303022.760
7558 396.857 4573992.510 5303996.490
7559 396.267 4574005.330 5303964.680
7560 396.259 4574012.180 5303929.370
7561 404.692 4574774.850 5304972.760
7562 404.722 4574724.850 5304922.760
7563 404.763 4574674.850 5304872.760
7564 404.794 4574624.850 5304822.760
7565 404.720 4574830.760 5305030.760
7566 404.752 4574834.080 5305084.130
7567 404.751 4574858.360 5305104.550
7568 404.610 4574036.160 5303943.620
7569 400.377 4574013.840 5303969.780
7570 405.829 4574174.850 5303822.760
7571 405.897 4574117.540 5303837.410
7572 405.828 4574174.850 5303872.760
7573 405.901 4574100.410 5303865.580
7574 405.354 4574077.240 5303890.170
7575 405.333 4574059.670 5303918.100
7576 405.784 4574174.850 5303922.760
7577 400.723 4573996.260 5303998.760
7578 405.768 4574274.850 5304072.760
7579 405.757 4574240.120 5304040.460
7580 405.799 4574224.850 5303972.760
7581 401.070 4573978.680 5304027.740
7582 405.653 4574324.850 5304172.760
7583 405.654 4574274.850 5304122.760
7584 405.403 4574524.850 5304522.760
7585 405.120 4574524.850 5304572.760
7586 404.864 4574524.850 5304622.760
7587 404.947 4574524.850 5304672.760
7588 405.346 4574371.370 5304225.500
7589 405.353 4574374.850 5304272.760
7590 405.284 4574374.850 5304322.760
7591 405.270 4574424.850 5304372.760
7592 405.255 4574474.850 5304422.760
7593 405.441 4574474.850 5304472.760
7594 404.835 4574574.850 5304772.760
7595 404.905 4574524.850 5304722.760
7596 405.882 4573352.070 5302981.860
7597 405.940 4573374.850 5302972.760
7598 396.291 4574036.700 5303866.090
7599 396.241 4574042.250 5303830.710
7600 396.130 4574047.070 5303794.750
7601 405.927 4574124.850 5303422.760
7602 405.965 4574124.850 5303472.760
7603 405.970 4573924.850 5303272.760
7604 405.914 4574084.390 5303388.160
7605 406.068 4574039.350 5303327.960
7606 405.887 4573974.850 5303322.760
7607 405.863 4573874.850 5303272.760
7608 405.854 4573824.850 5303272.760
7609 403.654 4574105.590 5303634.610
7610 405.209 4574116.520 5303602.030
7611 406.001 4574128.410 5303570.080
7612 405.889 4574139.430 5303537.700
7613 405.960 4574124.850 5303522.760
7614 396.008 4574066.650 5303728.610
7615 399.293 4574076.080 5303695.240
7616 396.036 4574051.070 5303758.180
7617 403.502 4574088.110 5303663.230
7618 396.307 4574019.970 5303894.760
7619 405.892 4573524.850 5303072.760
7620 405.788 4573574.850 5303122.760
7621 405.813 4573674.850 5303172.760
7622 405.829 4573724.850 5303222.760
7623 405.845 4573774.850 5303272.760
7624 405.804 4573624.850 5303172.760
7625 405.857 4573424.850 5303022.760
7626 405.794 4573474.850 5303072.760
7627 397.063 4573974.820 5304025.380
7628 396.224 4573987.700 5303993.570
7629 396.197 4573994.010 5303957.870
7630 396.243 4574001.280 5303922.890
7631 404.739 4574774.850 5305022.760
7632 404.697 4574724.850 5304972.760
7633 404.681 4574674.850 5304922.760
7634 404.703 4574624.850 5304872.760
7635 404.740 4574574.850 5304822.760
7636 404.752 4574799.970 5305064.810
7637 404.745 4574824.850 5305122.760
7638 404.745 4574869.100 5305148.400
7639 404.732 4574874.850 5305172.760
7640 405.258 4574041.900 5303947.020
7641 404.469 4574018.550 5303972.600
7642 405.636 4574116.900 5303881.900
7643 405.925 4574083.030 5303893.600
7644 405.722 4574065.560 5303921.560
7645 405.739 4574174.850 5303972.760
7646 405.689 4574124.850 5303922.760
7647 404.336 4574000.950 5304001.590
7648 405.693 4574218.170 5304082.720
7649 405.695 4574174.850 5304022.760
7650 404.196 4573983.340 5304030.570
7651 401.420 4573961.110 5304056.720
7652 405.705 4574324.850 5304222.760
7653 405.520 4574274.850 5304172.760
7654 405.632 4574206.440 5304128.720
7655 405.249 4574474.850 5304522.760
7656 404.931 4574474.850 5304572.760
7657 404.919 4574474.850 5304622.760
7658 404.993 4574474.850 5304672.760
7659 405.645 4574324.700 5304243.850
7660 405.705 4574324.850 5304272.760
7661 405.191 4574324.850 5304322.760
7662 405.279 4574374.850 5304372.760
7663 405.329 4574424.850 5304422.760
7664 405.396 4574424.850 5304472.760
7665 404.767 4574524.850 5304772.760
7666 404.817 4574474.850 5304722.760
7667 405.897 4573328.030 5303025.660
7668 405.832 4573374.850 5303022.760
7669 396.231 4574025.910 5303859.680
7670 396.152 4574031.110 5303824.020
7671 396.050 4574035.500 5303787.740
7672 405.924 4574055.510 5303427.300
7673 405.940 4574074.850 5303472.760
7674 405.879 4573924.850 5303322.760
7675 405.903 4574012.700 5303370.320
7676 405.916 4574024.850 5303422.760
7677 405.897 4573974.850 5303372.760
7678 405.871 4573874.850 5303322.760
7679 405.861 4573824.850 5303322.760
7680 404.962 4574099.020 5303630.600
7681 405.959 4574110.800 5303598.550
7682 405.818 4574121.710 5303566.060
7683 405.931 4574074.850 5303522.760
7684 397.986 4574059.950 5303724.510
7685 403.350 4574070.630 5303691.850
7686 396.912 4574043.860 5303753.800
7687 404.759 4574081.520 5303659.180
7688 396.217 4574009.560 5303888.650
7689 405.816 4573524.850 5303122.760
7690 405.829 4573574.850 5303172.760
7691 405.820 4573674.850 5303222.760
7692 405.835 4573724.850 5303272.760
7693 405.850 4573774.850 5303322.760
7694 405.881 4573624.850 5303222.760
7695 405.842 4573424.850 5303072.760
7696 405.900 4573474.850 5303122.760
7697 397.272 4573957.140 5304054.270
7698 396.182 4573970.060 5304022.460
7699 396.143 4573975.840 5303986.380
7700 396.187 4573982.600 5303951.010
7701 396.216 4573990.360 5303916.390
7702 404.749 4574774.850 5305072.760
7703 404.749 4574724.850 5305022.760
7704 404.738 4574674.850 5304972.760
7705 404.703 4574624.850 5304922.760
7706 404.687 4574574.850 5304872.760
7707 404.691 4574524.850 5304822.760
7708 404.729 4574774.850 5305122.760
7709 404.707 4574824.850 5305172.760
7710 404.687 4574856.720 5305195.610
7711 404.650 4574881.520 5305226.390
7712 405.625 4574047.650 5303950.430
7713 405.184 4574024.140 5303975.940
7714 405.712 4574074.850 5303922.760
7715 405.679 4574124.850 5303972.760
7716 405.116 4574006.380 5304004.870
7717 405.650 4574174.850 5304072.760
7718 405.634 4574124.850 5304022.760
7719 405.605 4574174.850 5304122.760
7720 405.048 4573988.620 5304033.790
7721 404.058 4573965.730 5304059.560
7722 401.766 4573943.530 5304085.700
7723 405.514 4574274.850 5304222.760
7724 405.633 4574224.850 5304172.760
7725 405.559 4574193.490 5304174.490
7726 405.040 4574424.850 5304522.760
7727 404.827 4574424.850 5304572.760
7728 404.969 4574424.850 5304622.760
7729 404.883 4574424.850 5304672.760
7730 405.589 4574278.750 5304263.860
7731 405.523 4574274.850 5304322.760
7732 405.350 4574324.850 5304372.760
7733 405.461 4574374.850 5304422.760
7734 405.151 4574374.850 5304472.760
7735 404.715 4574474.850 5304772.760
7736 404.749 4574424.850 5304722.760
7737 405.945 4573324.850 5303072.760
7738 405.929 4573302.810 5303068.820
7739 405.911 4573374.850 5303072.760
7740 396.165 4574015.150 5303853.280
7741 396.080 4574019.930 5303817.300
7742 396.520 4574027.810 5303783.110
7743 405.923 4574031.140 5303469.500
7744 405.887 4573924.850 5303372.760
7745 405.904 4573983.080 5303410.450
7746 405.876 4573874.850 5303372.760
7747 405.909 4573824.850 5303372.760
7748 405.917 4574093.170 5303627.020
7749 405.754 4574104.080 5303594.490
7750 405.922 4573998.860 5303505.920
7751 405.913 4574024.850 5303522.760
7752 406.010 4574074.850 5303572.760
7753 403.195 4574053.830 5303720.760
7754 404.590 4574064.010 5303687.740
7755 403.013 4574037.090 5303749.700
7756 405.874 4574075.540 5303655.490
7757 396.144 4573999.200 5303882.550
7758 405.921 4573524.850 5303172.760
7759 405.959 4573574.850 5303222.760
7760 405.932 4573674.850 5303272.760
7761 405.956 4573724.850 5303322.760
7762 405.995 4573774.850 5303372.760
7763 405.977 4573624.850 5303272.760
7764 405.950 4573424.850 5303122.760
7765 405.960 4573474.850 5303172.760
7766 397.477 4573939.450 5304083.160
7767 396.135 4573952.420 5304051.360
7768 396.090 4573957.680 5304014.890
7769 396.125 4573963.910 5303979.140
7770 396.155 4573971.160 5303944.140
7771 396.148 4573979.480 5303909.920
7772 404.743 4574724.850 5305072.760
7773 404.748 4574674.850 5305022.760
7774 404.749 4574624.850 5304972.760
7775 404.731 4574574.850 5304922.760
7776 404.698 4574524.850 5304872.760
7777 404.694 4574474.850 5304822.760
7778 404.639 4574774.850 5305172.760
7779 404.686 4574724.850 5305122.760
7780 404.597 4574824.850 5305222.760
7781 404.643 4574864.240 5305273.310
7782 405.603 4574029.750 5303979.300
7783 405.521 4574074.850 5303972.760
7784 405.606 4574011.850 5304008.170
7785 405.590 4574124.850 5304072.760
7786 405.547 4574074.850 5304022.760
7787 405.545 4574124.850 5304122.760
7788 405.633 4573993.940 5304037.030
7789 404.981 4573970.860 5304062.710
7790 403.925 4573948.130 5304088.550
7791 401.836 4573925.020 5304119.590
7792 405.501 4574124.850 5304172.760
7793 402.046 4573906.490 5304153.490
7794 405.437 4574224.850 5304222.760
7795 405.529 4574184.120 5304221.170
7796 404.801 4574374.850 5304522.760
7797 404.932 4574374.850 5304572.760
7798 405.000 4574374.850 5304622.760
7799 404.784 4574374.850 5304672.760
7800 405.419 4574237.940 5304292.280
7801 405.386 4574224.850 5304322.760
7802 405.462 4574274.850 5304372.760
7803 405.343 4574324.850 5304422.760
7804 404.910 4574324.850 5304472.760
7805 404.698 4574424.850 5304772.760
7806 404.701 4574374.850 5304722.760
7807 405.813 4573312.360 5303105.580
7808 405.907 4573374.850 5303122.760
7809 396.172 4574004.350 5303846.870
7810 396.191 4574011.770 5303812.440
7811 401.595 4574020.430 5303778.690
7812 405.905 4573974.850 5303472.760
7813 405.891 4573924.850 5303422.760
7814 405.897 4573945.570 5303443.130
7815 405.973 4573874.850 5303422.760
7816 405.839 4573824.850 5303422.760
7817 405.245 4574086.440 5303622.910
7818 405.387 4573963.300 5303539.240
7819 405.394 4574024.850 5303572.760
7820 404.576 4574046.840 5303716.460
7821 405.828 4574057.910 5303683.940
7822 404.540 4574029.770 5303745.240
7823 405.334 4574068.780 5303651.320
7824 396.186 4573988.780 5303876.430
7825 405.906 4573524.850 5303222.760
7826 405.787 4573574.850 5303272.760
7827 405.902 4573674.850 5303322.760
7828 405.702 4573724.850 5303372.760
7829 405.451 4573774.850 5303422.760
7830 405.616 4573624.850 5303322.760
7831 405.836 4573424.850 5303172.760
7832 405.712 4573474.850 5303222.760
7833 398.012 4573921.000 5304117.170
7834 396.071 4573934.780 5304080.250
7835 396.050 4573939.510 5304043.400
7836 396.045 4573945.220 5304007.270
7837 396.111 4573951.970 5303971.890
7838 396.100 4573959.770 5303937.290
7839 396.102 4573968.560 5303903.430
7840 398.724 4573902.550 5304151.180
7841 404.717 4574674.850 5305072.760
7842 404.740 4574624.850 5305022.760
7843 404.747 4574574.850 5304972.760
7844 404.748 4574524.850 5304922.760
7845 404.730 4574474.850 5304872.760
7846 404.696 4574424.850 5304822.760
7847 404.623 4574774.850 5305222.760
7848 404.600 4574724.850 5305172.760
7849 404.615 4574674.850 5305122.760
7850 404.616 4574800.060 5305258.280
7851 404.611 4574824.850 5305272.760
7852 404.555 4574838.390 5305314.250
7853 405.424 4574024.850 5304022.760
7854 405.530 4574074.850 5304072.760
7855 405.485 4574074.850 5304122.760
7856 405.648 4573976.040 5304065.900
7857 404.914 4573953.110 5304091.640
7858 403.995 4573929.420 5304122.250
7859 405.456 4574124.850 5304222.760
7860 405.440 4574074.850 5304172.760
7861 403.999 4573910.710 5304155.960
7862 402.315 4573887.960 5304187.370
7863 405.469 4574176.380 5304268.140
7864 405.392 4574124.850 5304272.760
7865 404.813 4574324.850 5304522.760
7866 404.957 4574324.850 5304572.760
7867 404.861 4574324.850 5304622.760
7868 404.728 4574324.850 5304672.760
7869 405.317 4574201.220 5304326.250
7870 405.489 4574224.850 5304372.760
7871 405.430 4574274.850 5304422.760
7872 404.832 4574274.850 5304472.760
7873 404.700 4574374.850 5304772.760
7874 404.704 4574324.850 5304722.760
7875 405.635 4573324.090 5303146.030
7876 405.651 4573374.850 5303172.760
7877 396.037 4573995.700 5303841.740
7878 400.802 4574003.800 5303807.690
7879 404.452 4574012.830 5303774.110
7880 405.742 4573916.970 5303484.160
7881 405.496 4573874.850 5303472.760
7882 405.350 4573824.850 5303472.760
7883 405.436 4574024.850 5303622.760
7884 405.378 4573924.850 5303522.760
7885 405.402 4573974.850 5303572.760
7886 405.790 4574040.460 5303712.540
7887 405.702 4574051.120 5303679.730
7888 405.748 4574023.140 5303741.200
7889 405.506 4574027.000 5303668.100
7890 395.961 4573979.610 5303871.030
7891 405.555 4573524.850 5303272.760
7892 405.391 4573574.850 5303322.760
7893 405.412 4573674.850 5303372.760
7894 405.321 4573724.850 5303422.760
7895 405.341 4573774.850 5303472.760
7896 405.313 4573624.850 5303372.760
7897 405.500 4573424.850 5303222.760
7898 405.373 4573474.850 5303272.760
7899 398.887 4573884.090 5304185.190
7900 396.280 4573916.720 5304114.560
7901 396.010 4573921.340 5304071.900
7902 395.939 4573926.540 5304035.390
7903 396.094 4573932.770 5303999.640
7904 395.963 4573940.050 5303964.660
7905 396.041 4573948.340 5303930.430
7906 396.152 4573960.240 5303898.500
7907 396.503 4573898.650 5304148.870
7908 404.660 4574624.850 5305072.760
7909 404.713 4574574.850 5305022.760
7910 404.739 4574524.850 5304972.760
7911 404.746 4574474.850 5304922.760
7912 404.747 4574424.850 5304872.760
7913 404.728 4574374.850 5304822.760
7914 404.603 4574754.880 5305251.350
7915 404.620 4574724.850 5305222.760
7916 404.616 4574674.850 5305172.760
7917 404.599 4574624.850 5305122.760
7918 404.581 4574774.850 5305272.760
7919 404.554 4574798.430 5305295.510
7920 405.381 4574024.850 5304072.760
7921 405.370 4574024.850 5304122.760
7922 405.588 4573977.400 5304075.600
7923 405.773 4573958.150 5304094.780
7924 404.813 4573934.200 5304125.140
7925 405.396 4574074.850 5304222.760
7926 405.380 4574024.850 5304172.760
7927 404.711 4573915.280 5304158.640
7928 403.941 4573891.980 5304189.650
7929 402.504 4573869.560 5304221.340
7930 405.305 4574166.710 5304314.750
7931 405.372 4574124.850 5304322.760
7932 405.351 4574074.850 5304272.760
7933 404.907 4574274.850 5304522.760
7934 405.005 4574274.850 5304572.760
7935 404.761 4574274.850 5304622.760
7936 404.707 4574274.850 5304672.760
7937 405.248 4574174.850 5304372.760
7938 405.434 4574224.850 5304422.760
7939 405.179 4574224.850 5304472.760
7940 404.702 4574324.850 5304772.760
7941 404.706 4574274.850 5304722.760
7942 405.414 4573333.840 5303188.540
7943 405.356 4573374.850 5303222.760
7944 399.487 4573987.100 5303836.660
7945 404.357 4573995.910 5303802.980
7946 405.704 4574005.990 5303769.980
7947 405.375 4573891.770 5303527.370
7948 405.360 4573824.850 5303522.760
7949 405.425 4573974.850 5303622.760
7950 405.393 4573925.270 5303569.650
7951 405.337 4574033.160 5303708.050
7952 405.250 4574015.350 5303736.480
7953 405.429 4573974.850 5303672.760
7954 398.413 4573970.360 5303865.600
7955 405.291 4573524.850 5303322.760
7956 405.282 4573574.850 5303372.760
7957 405.311 4573674.850 5303422.760
7958 405.330 4573724.850 5303472.760
7959 405.348 4573774.850 5303522.760
7960 405.300 4573624.850 5303422.760
7961 405.267 4573424.850 5303272.760
7962 405.252 4573474.850 5303322.760
7963 402.693 4573851.280 5304255.360
7964 399.332 4573865.700 5304219.240
7965 396.872 4573880.590 5304183.170
7966 396.017 4573903.370 5304106.520
7967 395.869 4573907.850 5304063.520
7968 396.100 4573913.570 5304027.390
7969 396.153 4573920.330 5303992.030
7970 396.046 4573928.130 5303957.420
7971 396.189 4573940.870 5303925.980
7972 399.826 4573951.570 5303893.390
7973 396.088 4573885.410 5304141.140
7974 404.577 4574574.850 5305072.760
7975 404.631 4574524.850 5305022.760
7976 404.696 4574474.850 5304972.760
7977 404.731 4574424.850 5304922.760
7978 404.745 4574374.850 5304872.760
7979 404.747 4574324.850 5304822.760
7980 404.514 4574724.850 5305272.760
7981 404.587 4574674.850 5305222.760
7982 404.629 4574624.850 5305172.760
7983 404.593 4574574.850 5305122.760
7984 404.427 4574774.850 5305322.760
7985 405.214 4573974.850 5304122.760
7986 405.680 4573939.010 5304128.060
7987 405.336 4574024.850 5304222.760
7988 405.241 4573974.850 5304172.760
7989 405.586 4573919.860 5304161.340
7990 404.608 4573896.340 5304192.130
7991 403.914 4573873.450 5304223.460
7992 403.940 4573855.110 5304257.370
7993 405.197 4574153.280 5304360.340
7994 405.250 4574124.850 5304372.760
7995 405.307 4574074.850 5304322.760
7996 405.291 4574024.850 5304272.760
7997 404.956 4574224.850 5304522.760
7998 404.836 4574224.850 5304572.760
7999 404.711 4574224.850 5304622.760
8000 404.710 4574224.850 5304672.760
8001 405.257 4574174.850 5304422.760
8002 405.302 4574174.850 5304472.760
8003 404.719 4574274.850 5304772.760
8004 404.708 4574224.850 5304722.760
8005 405.313 4573317.280 5303234.290
8006 405.284 4573374.850 5303272.760
8007 404.287 4573978.900 5303831.800
8008 405.668 4573988.870 5303798.770
8009 405.701 4573997.770 5303765.040
8010 405.377 4573861.700 5303567.090
8011 405.367 4573819.310 5303589.150
8012 405.404 4573924.850 5303622.760
8013 405.390 4573891.640 5303604.760
8014 405.378 4573974.850 5303722.760
8015 405.401 4573924.850 5303672.760
8016 404.232 4573961.830 5303860.590
8017 405.270 4573524.850 5303372.760
8018 405.310 4573574.850 5303422.760
8019 405.318 4573674.850 5303472.760
8020 405.336 4573724.850 5303522.760
8021 405.352 4573771.470 5303574.540
8022 405.368 4573624.850 5303472.760
8023 405.350 4573424.850 5303322.760
8024 405.399 4573474.850 5303372.760
8025 402.474 4573834.460 5304284.380
8026 400.553 4573847.360 5304253.310
8027 397.226 4573862.520 5304217.480
8028 396.074 4573867.440 5304175.760
8029 395.925 4573889.950 5304098.440
8030 396.141 4573894.370 5304055.140
8031 396.039 4573900.620 5304019.400
8032 396.219 4573907.910 5303984.420
8033 396.556 4573921.490 5303953.450
8034 401.972 4573932.780 5303921.170
8035 404.318 4573943.530 5303888.630
8036 395.981 4573872.050 5304133.350
8037 404.557 4574524.850 5305072.760
8038 404.580 4574474.850 5305022.760
8039 404.616 4574424.850 5304972.760
8040 404.671 4574374.850 5304922.760
8041 404.721 4574324.850 5304872.760
8042 404.741 4574274.850 5304822.760
8043 404.327 4574724.850 5305322.760
8044 404.417 4574674.850 5305272.760
8045 404.511 4574624.850 5305222.760
8046 404.595 4574574.850 5305172.760
8047 404.635 4574524.850 5305122.760
8048 404.328 4574780.660 5305353.560
8049 405.322 4573924.850 5304172.760
8050 405.193 4573974.850 5304222.760
8051 405.482 4573900.680 5304194.590
8052 404.518 4573877.670 5304225.760
8053 404.442 4573859.270 5304259.550
8054 403.844 4573838.440 5304286.450
8055 405.140 4574131.510 5304402.590
8056 405.246 4574074.850 5304372.760
8057 405.246 4574024.850 5304322.760
8058 405.231 4573974.850 5304272.760
8059 405.308 4574174.850 5304522.760
8060 404.749 4574174.850 5304572.760
8061 404.713 4574174.850 5304622.760
8062 404.712 4574174.850 5304672.760
8063 405.082 4574109.300 5304444.670
8064 405.119 4574124.850 5304472.760
8065 404.746 4574224.850 5304772.760
8066 404.716 4574174.850 5304722.760
8067 405.404 4573337.760 5303275.720
8068 405.486 4573374.850 5303322.760
8069 405.633 4573971.630 5303827.500
8070 405.513 4573980.230 5303793.620
8071 405.568 4573974.850 5303772.760
8072 405.381 4573824.850 5303622.760
8073 405.381 4573863.680 5303644.610
8074 405.483 4573874.850 5303672.760
8075 405.750 4573924.850 5303722.760
8076 405.598 4573954.320 5303856.170
8077 405.460 4573524.850 5303422.760
8078 405.737 4573774.850 5303622.760
8079 405.569 4573574.850 5303472.760
8080 405.436 4573674.850 5303522.760
8081 405.416 4573724.380 5303557.690
8082 405.703 4573624.850 5303522.760
8083 405.574 4573424.850 5303372.760
8084 405.674 4573474.850 5303422.760
8085 401.887 4573817.710 5304313.430
8086 398.701 4573830.600 5304282.360
8087 397.434 4573844.460 5304251.790
8088 396.189 4573849.470 5304210.370
8089 396.007 4573854.150 5304168.270
8090 396.282 4573887.690 5304011.420
8091 396.051 4573876.490 5304090.330
8092 396.049 4573880.900 5304046.770
8093 397.441 4573902.120 5303980.920
8094 402.623 4573913.990 5303948.950
8095 404.584 4573925.230 5303916.670
8096 405.582 4573936.390 5303884.400
8097 395.989 4573858.600 5304125.510
8098 404.586 4574474.850 5305072.760
8099 404.519 4574424.850 5305022.760
8100 404.562 4574374.850 5304972.760
8101 404.599 4574324.850 5304922.760
8102 404.647 4574274.850 5304872.760
8103 404.713 4574224.850 5304822.760
8104 404.149 4574724.850 5305372.760
8105 404.225 4574674.850 5305322.760
8106 404.310 4574624.850 5305272.760
8107 404.403 4574574.850 5305222.760
8108 404.507 4574524.850 5305172.760
8109 404.604 4574474.850 5305122.760
8110 404.138 4574760.810 5305399.460
8111 403.552 4573821.870 5304315.590
8112 403.326 4573805.370 5304344.770
8113 405.073 4573924.850 5304222.760
8114 405.439 4573881.850 5304228.050
8115 405.442 4573863.350 5304261.690
8116 404.454 4573842.770 5304288.720
8117 405.238 4574074.850 5304422.760
8118 405.202 4574024.850 5304372.760
8119 405.186 4573974.850 5304322.760
8120 405.100 4573924.850 5304272.760
8121 405.182 4574124.850 5304522.760
8122 405.120 4574124.850 5304572.760
8123 405.065 4574124.850 5304622.760
8124 404.793 4574124.850 5304672.760
8125 405.034 4574070.710 5304477.290
8126 404.736 4574174.850 5304772.760
8127 404.746 4574124.850 5304722.760
8128 405.592 4573336.010 5303317.600
8129 405.704 4573374.850 5303372.760
8130 405.578 4573962.530 5303822.110
8131 405.632 4573924.850 5303772.760
8132 405.637 4573837.910 5303685.990
8133 405.620 4573874.850 5303722.760
8134 405.748 4573944.740 5303850.540
8135 405.735 4573524.850 5303472.760
8136 405.667 4573724.850 5303622.760
8137 405.604 4573774.850 5303672.760
8138 405.721 4573574.850 5303522.760
8139 405.757 4573679.670 5303571.270
8140 405.645 4573624.850 5303572.760
8141 405.733 4573424.850 5303422.760
8142 405.689 4573474.850 5303472.760
8143 403.323 4573788.880 5304373.950
8144 401.813 4573801.010 5304342.500
8145 398.525 4573813.870 5304311.420
8146 397.267 4573827.300 5304280.630
8147 396.275 4573831.500 5304244.990
8148 396.071 4573836.250 5304203.180
8149 396.016 4573840.710 5304160.700
8150 398.564 4573882.750 5304008.400
8151 396.914 4573867.470 5304038.420
8152 395.920 4573863.010 5304082.220
8153 403.163 4573895.200 5303976.740
8154 404.809 4573906.930 5303944.710
8155 405.585 4573918.470 5303912.630
8156 405.589 4573927.380 5303879.070
8157 395.885 4573845.130 5304117.660
8158 404.640 4574424.850 5305072.760
8159 404.557 4574374.850 5305022.760
8160 404.441 4574324.850 5304972.760
8161 404.507 4574274.850 5304922.760
8162 404.560 4574224.850 5304872.760
8163 404.618 4574174.850 5304822.760
8164 404.119 4574724.850 5305422.760
8165 404.159 4574674.850 5305372.760
8166 404.107 4574624.850 5305322.760
8167 404.171 4574574.850 5305272.760
8168 404.289 4574524.850 5305222.760
8169 404.385 4574474.850 5305172.760
8170 404.500 4574424.850 5305122.760
8171 404.083 4574739.700 5305444.790
8172 404.443 4573826.410 5304317.960
8173 404.416 4573810.170 5304347.260
8174 404.441 4573793.920 5304376.570
8175 404.961 4573874.850 5304272.760
8176 405.281 4573846.890 5304290.870
8177 405.157 4574024.850 5304422.760
8178 405.142 4573974.850 5304372.760
8179 405.017 4573924.850 5304322.760
8180 404.990 4574074.850 5304522.760
8181 404.991 4574074.850 5304572.760
8182 405.087 4574074.850 5304622.760
8183 405.051 4574074.850 5304672.760
8184 405.112 4574024.850 5304472.760
8185 404.682 4574124.850 5304772.760
8186 404.737 4574074.850 5304722.760
8187 405.689 4573268.140 5303298.550
8188 405.724 4573294.660 5303333.020
8189 405.718 4573324.850 5303372.760
8190 405.665 4573374.850 5303422.760
8191 405.611 4573241.260 5303260.260
8192 405.611 4573207.170 5303238.750
8193 405.673 4573924.850 5303822.760
8194 405.636 4573874.850 5303772.760
8195 405.618 4573812.750 5303727.750
8196 405.628 4573924.850 5303872.760
8197 405.630 4573524.850 5303522.760
8198 405.586 4573674.850 5303622.760
8199 405.599 4573724.850 5303672.760
8200 405.612 4573774.850 5303722.760
8201 405.567 4573574.850 5303572.760
8202 405.580 4573645.910 5303607.810
8203 405.579 4573624.850 5303622.760
8204 405.620 4573424.850 5303472.760
8205 405.547 4573474.850 5303522.760
8206 403.272 4573772.430 5304403.160
8207 400.924 4573784.310 5304371.580
8208 398.117 4573797.160 5304340.500
8209 396.809 4573810.140 5304309.480
8210 396.159 4573814.230 5304273.790
8211 396.179 4573818.350 5304238.100
8212 395.973 4573822.820 5304195.880
8213 395.864 4573827.240 5304153.110
8214 403.250 4573876.420 5304004.520
8215 400.889 4573863.370 5304035.870
8216 396.252 4573849.560 5304074.120
8217 404.902 4573888.630 5303972.750
8218 405.592 4573900.540 5303940.860
8219 405.534 4573910.020 5303907.600
8220 396.036 4573831.650 5304109.820
8221 404.614 4574374.850 5305072.760
8222 404.645 4574324.850 5305022.760
8223 404.518 4574274.850 5304972.760
8224 404.465 4574224.850 5304922.760
8225 404.479 4574174.850 5304872.760
8226 404.493 4574124.850 5304822.760
8227 404.062 4574674.850 5305422.760
8228 404.131 4574624.850 5305372.760
8229 404.163 4574574.850 5305322.760
8230 404.048 4574524.850 5305272.760
8231 404.113 4574474.850 5305222.760
8232 404.246 4574424.850 5305172.760
8233 404.348 4574374.850 5305122.760
8234 403.856 4574674.850 5305472.760
8235 403.905 4574716.010 5305487.490
8236 404.516 4573777.720 5304405.900
8237 405.141 4573830.610 5304320.150
8238 404.922 4573814.470 5304349.500
8239 404.701 4573798.330 5304378.860
8240 404.933 4573874.850 5304322.760
8241 405.097 4573974.850 5304422.760
8242 405.082 4573924.850 5304372.760
8243 404.590 4573761.580 5304435.260
8244 405.086 4574031.280 5304508.890
8245 404.858 4574024.850 5304572.760
8246 404.852 4574024.850 5304622.760
8247 404.862 4574024.850 5304672.760
8248 405.052 4573974.850 5304472.760
8249 404.583 4574074.850 5304772.760
8250 404.899 4574024.850 5304722.760
8251 405.694 4573224.850 5303322.760
8252 405.656 4573274.850 5303372.760
8253 405.607 4573324.850 5303422.760
8254 405.549 4573374.850 5303472.760
8255 405.716 4573177.800 5303279.180
8256 405.532 4573374.850 5303522.760
8257 405.648 4573874.850 5303822.760
8258 405.627 4573824.850 5303772.760
8259 405.633 4573874.850 5303872.760
8260 405.560 4573524.850 5303572.760
8261 405.619 4573785.790 5303768.150
8262 405.592 4573674.850 5303672.760
8263 405.605 4573724.850 5303722.760
8264 405.572 4573574.850 5303622.760
8265 405.584 4573633.290 5303654.470
8266 405.552 4573474.850 5303572.760
8267 405.540 4573424.850 5303522.760
8268 403.384 4573756.010 5304432.380
8269 400.365 4573767.630 5304400.670
8270 397.437 4573780.460 5304369.580
8271 396.713 4573792.970 5304338.330
8272 396.069 4573796.960 5304302.600
8273 396.019 4573801.000 5304266.880
8274 395.952 4573804.930 5304231.070
8275 395.763 4573809.350 5304188.560
8276 395.848 4573813.750 5304145.520
8277 404.934 4573870.330 5304000.790
8278 403.209 4573857.630 5304032.310
8279 399.279 4573844.740 5304071.270
8280 405.582 4573882.610 5303969.090
8281 405.628 4573892.670 5303936.130
8282 405.680 4573874.850 5303922.760
8283 397.827 4573826.110 5304106.670
8284 404.489 4574324.850 5305072.760
8285 404.626 4574274.850 5305022.760
8286 404.648 4574224.850 5304972.760
8287 404.521 4574174.850 5304922.760
8288 404.488 4574124.850 5304872.760
8289 404.502 4574074.850 5304822.760
8290 403.972 4574624.850 5305422.760
8291 404.076 4574574.850 5305372.760
8292 404.140 4574524.850 5305322.760
8293 404.163 4574474.850 5305272.760
8294 403.997 4574424.850 5305222.760
8295 404.044 4574374.850 5305172.760
8296 404.193 4574324.850 5305122.760
8297 403.724 4574624.850 5305472.760
8298 403.732 4574676.980 5305497.710
8299 404.781 4573782.250 5304408.250
8300 404.766 4573824.850 5304372.760
8301 404.960 4573874.850 5304372.760
8302 405.037 4573924.850 5304422.760
8303 404.992 4573924.850 5304472.760
8304 404.827 4573766.230 5304437.670
8305 404.552 4573745.950 5304465.120
8306 405.021 4573991.130 5304539.560
8307 404.977 4573974.850 5304572.760
8308 404.846 4573974.850 5304622.760
8309 404.727 4573974.850 5304672.760
8310 404.948 4573924.850 5304522.760
8311 404.910 4574024.850 5304772.760
8312 404.724 4573974.850 5304722.760
8313 405.647 4573174.850 5303322.760
8314 405.595 4573224.850 5303372.760
8315 405.533 4573274.850 5303422.760
8316 405.519 4573324.850 5303472.760
8317 405.624 4573152.250 5303322.170
8318 405.604 4573324.850 5303522.760
8319 405.648 4573374.850 5303572.760
8320 405.631 4573824.850 5303822.760
8321 405.621 4573824.850 5303872.760
8322 405.614 4573755.460 5303805.880
8323 405.564 4573524.850 5303622.760
8324 405.608 4573724.850 5303772.760
8325 405.596 4573674.850 5303722.760
8326 405.576 4573574.850 5303672.760
8327 405.588 4573632.790 5303704.500
8328 405.596 4573474.850 5303622.760
8329 405.559 4573424.850 5303572.760
8330 403.406 4573740.460 5304462.280
8331 399.774 4573750.980 5304429.770
8332 397.139 4573763.760 5304398.660
8333 396.451 4573775.810 5304367.170
8334 396.140 4573779.690 5304331.400
8335 395.943 4573783.650 5304295.650
8336 395.886 4573787.560 5304259.850
8337 395.744 4573791.460 5304224.010
8338 395.708 4573795.840 5304181.220
8339 397.192 4573807.490 5304142.080
8340 405.581 4573864.690 5303997.320
8341 405.020 4573852.040 5304028.830
8342 403.073 4573838.800 5304067.710
8343 405.150 4573875.310 5303964.660
8344 405.238 4573824.850 5303922.760
8345 402.914 4573819.970 5304103.120
8346 403.428 4573724.910 5304492.170
8347 404.322 4574274.850 5305072.760
8348 404.466 4574224.850 5305022.760
8349 404.640 4574174.850 5304972.760
8350 404.630 4574124.850 5304922.760
8351 404.497 4574074.850 5304872.760
8352 404.467 4574024.850 5304822.760
8353 403.851 4574574.850 5305422.760
8354 403.991 4574524.850 5305372.760
8355 404.093 4574474.850 5305322.760
8356 404.166 4574424.850 5305272.760
8357 404.141 4574374.850 5305222.760
8358 403.954 4574324.850 5305172.760
8359 403.970 4574274.850 5305122.760
8360 403.565 4574574.850 5305472.760
8361 403.617 4574624.850 5305522.760
8362 403.619 4574644.950 5305533.930
8363 404.863 4573777.200 5304432.000
8364 404.801 4573768.340 5304438.760
8365 404.793 4573824.850 5304422.760
8366 404.851 4573874.850 5304422.760
8367 404.932 4573874.850 5304472.760
8368 404.809 4573750.660 5304467.560
8369 404.512 4573730.310 5304494.970
8370 404.937 4573944.470 5304556.900
8371 404.851 4573924.850 5304622.760
8372 404.843 4573924.850 5304672.760
8373 404.888 4573874.850 5304522.760
8374 404.772 4573974.850 5304772.760
8375 404.630 4573924.850 5304722.760
8376 405.517 4573174.850 5303372.760
8377 405.525 4573224.850 5303422.760
8378 405.567 4573274.850 5303472.760
8379 405.546 4573126.210 5303364.840
8380 405.672 4573274.850 5303522.760
8381 405.689 4573324.850 5303572.760
8382 405.651 4573374.850 5303622.760
8383 405.436 4573774.850 5303872.760
8384 405.246 4573774.850 5303922.760
8385 405.472 4573723.760 5303842.600
8386 405.640 4573524.850 5303672.760
8387 405.625 4573674.850 5303772.760
8388 405.672 4573635.250 5303754.470
8389 405.697 4573574.850 5303722.760
8390 405.695 4573474.850 5303672.760
8391 405.684 4573424.850 5303622.760
8392 400.031 4573735.500 5304459.710
8393 397.014 4573747.090 5304427.760
8394 396.258 4573758.650 5304396.020
8395 395.935 4573762.410 5304360.200
8396 395.853 4573766.300 5304324.430
8397 395.848 4573770.180 5304288.620
8398 395.667 4573774.060 5304252.790
8399 395.728 4573777.930 5304216.920
8400 396.665 4573788.860 5304177.480
8401 402.637 4573801.160 5304138.540
8402 405.211 4573857.960 5303993.190
8403 405.526 4573846.770 5304025.560
8404 404.728 4573832.830 5304064.150
8405 405.269 4573824.850 5303972.760
8406 404.437 4573813.640 5304099.470
8407 405.263 4573774.850 5303972.760
8408 403.437 4573709.350 5304522.070
8409 400.255 4573720.030 5304489.640
8410 404.115 4574224.850 5305072.760
8411 404.287 4574174.850 5305022.760
8412 404.446 4574124.850 5304972.760
8413 404.651 4574074.850 5304922.760
8414 404.592 4574024.850 5304872.760
8415 404.736 4573974.850 5304822.760
8416 403.711 4574524.850 5305422.760
8417 403.844 4574474.850 5305372.760
8418 403.995 4574424.850 5305322.760
8419 404.116 4574374.850 5305272.760
8420 404.197 4574324.850 5305222.760
8421 404.091 4574274.850 5305172.760
8422 403.980 4574224.850 5305122.760
8423 403.570 4574524.850 5305472.760
8424 403.670 4574574.850 5305522.760
8425 403.681 4574602.600 5305555.940
8426 404.625 4573774.850 5304472.760
8427 404.820 4573824.850 5304472.760
8428 404.463 4573714.670 5304524.830
8429 404.793 4573735.080 5304497.450
8430 404.414 4573699.040 5304554.680
8431 404.798 4573874.850 5304622.760
8432 404.802 4573849.210 5304584.440
8433 404.748 4573874.850 5304672.760
8434 404.739 4573824.850 5304522.760
8435 404.783 4573824.850 5304572.760
8436 404.594 4573924.850 5304772.760
8437 404.717 4573874.850 5304722.760
8438 405.605 4573174.850 5303422.760
8439 405.635 4573224.850 5303472.760
8440 405.649 4573116.290 5303410.150
8441 405.664 4573224.850 5303522.760
8442 405.581 4573274.850 5303572.760
8443 405.426 4573324.850 5303622.760
8444 405.321 4573374.850 5303672.760
8445 405.229 4573724.850 5303872.760
8446 405.241 4573724.850 5303922.760
8447 405.369 4573674.850 5303822.760
8448 405.556 4573524.850 5303722.760
8449 405.358 4573637.100 5303804.470
8450 405.349 4573574.850 5303772.760
8451 405.334 4573474.850 5303722.760
8452 405.485 4573424.850 5303672.760
8453 397.050 4573731.620 5304457.690
8454 396.099 4573741.490 5304424.860
8455 395.861 4573745.140 5304389.010
8456 395.733 4573748.950 5304353.200
8457 395.712 4573752.810 5304317.400
8458 395.537 4573756.660 5304281.560
8459 395.526 4573760.530 5304245.710
8460 395.992 4573770.240 5304212.890
8461 401.796 4573782.350 5304173.960
8462 404.177 4573794.460 5304134.810
8463 405.389 4573840.610 5304021.730
8464 405.476 4573827.020 5304060.690
8465 405.323 4573824.850 5304022.760
8466 405.371 4573807.300 5304095.840
8467 405.248 4573724.850 5303972.760
8468 405.264 4573774.850 5304022.760
8469 403.392 4573693.800 5304551.960
8470 400.470 4573704.550 5304519.570
8471 397.086 4573716.150 5304487.630
8472 403.995 4574174.850 5305072.760
8473 404.056 4574124.850 5305022.760
8474 404.221 4574074.850 5304972.760
8475 404.408 4574024.850 5304922.760
8476 404.607 4573974.850 5304872.760
8477 404.595 4573924.850 5304822.760
8478 403.507 4574474.850 5305422.760
8479 403.692 4574424.850 5305372.760
8480 403.834 4574374.850 5305322.760
8481 404.000 4574324.850 5305272.760
8482 404.145 4574274.850 5305222.760
8483 404.197 4574224.850 5305172.760
8484 404.048 4574174.850 5305122.760
8485 403.685 4574524.850 5305522.760
8486 403.669 4574474.850 5305472.760
8487 403.637 4574563.070 5305579.540
8488 403.616 4574524.850 5305572.760
8489 404.652 4573774.850 5304522.760
8490 404.780 4573719.500 5304527.330
8491 404.620 4573726.800 5304526.300
8492 404.767 4573703.930 5304557.220
8493 404.366 4573683.410 5304584.540
8494 404.726 4573810.980 5304617.350
8495 404.694 4573824.850 5304672.760
8496 404.674 4573774.850 5304572.760
8497 404.628 4573774.850 5304622.760
8498 404.656 4573874.850 5304772.760
8499 404.649 4573824.850 5304722.760
8500 405.674 4573174.850 5303472.760
8501 405.647 4573106.960 5303455.650
8502 405.381 4573083.400 5303499.670
8503 405.280 4573074.850 5303522.760
8504 405.196 4573052.630 5303534.790
8505 405.522 4573174.850 5303522.760
8506 405.402 4573224.850 5303572.760
8507 405.088 4572924.850 5303622.760
8508 405.252 4572954.940 5303611.130
8509 405.307 4573274.850 5303622.760
8510 405.191 4573324.850 5303672.760
8511 405.164 4573374.850 5303722.760
8512 405.224 4573674.850 5303872.760
8513 405.231 4573674.850 5303922.760
8514 405.216 4573634.280 5303853.540
8515 405.190 4573524.850 5303772.760
8516 405.203 4573574.850 5303822.760
8517 405.183 4573474.850 5303772.760
8518 405.196 4573424.850 5303722.760
8519 395.997 4573726.210 5304454.890
8520 395.814 4573727.870 5304417.810
8521 395.648 4573731.600 5304381.980
8522 395.575 4573735.430 5304346.180
8523 395.433 4573739.260 5304310.340
8524 395.530 4573743.130 5304274.500
8525 396.543 4573753.440 5304242.000
8526 400.704 4573763.530 5304209.370
8527 403.902 4573775.280 5304170.140
8528 405.265 4573787.600 5304131.000
8529 405.234 4573674.850 5303972.760
8530 405.181 4573820.470 5304056.780
8531 405.098 4573800.350 5304091.840
8532 405.244 4573724.850 5304022.760
8533 405.217 4573774.850 5304072.760
8534 404.317 4573667.780 5304614.400
8535 403.349 4573678.250 5304581.860
8536 400.685 4573689.070 5304549.500
8537 397.122 4573700.680 5304517.560
8538 395.895 4573710.930 5304484.920
8539 404.211 4573649.510 5304649.630
8540 404.006 4574124.850 5305072.760
8541 404.022 4574074.850 5305022.760
8542 404.037 4574024.850 5304972.760
8543 404.045 4573974.850 5304922.760
8544 404.684 4573924.850 5304872.760
8545 404.461 4573874.850 5304822.760
8546 403.514 4574424.850 5305422.760
8547 403.458 4574374.850 5305372.760
8548 403.640 4574324.850 5305322.760
8549 403.819 4574274.850 5305272.760
8550 404.006 4574224.850 5305222.760
8551 404.172 4574174.850 5305172.760
8552 404.184 4574124.850 5305122.760
8553 403.671 4574474.850 5305522.760
8554 403.689 4574424.850 5305472.760
8555 403.489 4574523.980 5305606.870
8556 403.541 4574474.850 5305572.760
8557 404.485 4573724.850 5304572.760
8558 404.755 4573688.350 5304587.110
8559 404.742 4573672.780 5304617.000
8560 404.848 4573654.400 5304652.150
8561 404.656 4573783.770 5304659.120
8562 404.512 4573724.850 5304622.760
8563 404.595 4573768.830 5304707.290
8564 404.582 4573824.850 5304822.760
8565 404.591 4573824.850 5304772.760
8566 405.383 4573124.850 5303522.760
8567 405.106 4573056.460 5303576.700
8568 405.293 4573174.850 5303572.760
8569 405.177 4573224.850 5303622.760
8570 404.867 4572938.560 5303665.230
8571 405.005 4572959.960 5303655.480
8572 404.417 4572936.950 5303744.880
8573 405.145 4573274.850 5303672.760
8574 405.157 4573324.850 5303722.760
8575 405.168 4573374.850 5303772.760
8576 405.222 4573624.850 5303922.760
8577 405.217 4573611.570 5303897.880
8578 405.209 4573574.850 5303872.760
8579 405.196 4573524.850 5303822.760
8580 405.188 4573474.850 5303822.760
8581 405.176 4573424.850 5303772.760
8582 395.739 4573712.720 5304447.900
8583 395.556 4573714.260 5304410.750
8584 395.500 4573718.060 5304374.950
8585 395.293 4573721.860 5304339.120
8586 395.540 4573725.720 5304303.290
8587 396.594 4573736.650 5304271.120
8588 401.479 4573746.980 5304238.620
8589 403.590 4573756.100 5304205.480
8590 405.222 4573624.850 5303972.760
8591 405.159 4573767.890 5304166.170
8592 404.422 4573780.260 5304126.920
8593 405.230 4573674.850 5304022.760
8594 404.492 4573774.850 5304122.760
8595 405.111 4573724.850 5304072.760
8596 403.309 4573662.710 5304611.760
8597 400.905 4573673.600 5304579.430
8598 397.158 4573685.210 5304547.500
8599 395.792 4573695.650 5304514.950
8600 395.660 4573697.570 5304477.990
8601 404.026 4573631.240 5304684.870
8602 403.136 4573644.440 5304647.030
8603 403.307 4574495.460 5305643.730
8604 404.016 4574074.850 5305072.760
8605 404.032 4574024.850 5305022.760
8606 404.049 4573974.850 5304972.760
8607 404.667 4573924.850 5304922.760
8608 404.457 4573874.850 5304872.760
8609 403.636 4574374.850 5305422.760
8610 403.456 4574324.850 5305372.760
8611 403.429 4574274.850 5305322.760
8612 403.582 4574224.850 5305272.760
8613 403.799 4574174.850 5305222.760
8614 404.014 4574124.850 5305172.760
8615 404.190 4574074.850 5305122.760
8616 403.624 4574424.850 5305522.760
8617 403.684 4574374.850 5305472.760
8618 403.300 4574474.850 5305622.760
8619 403.416 4574424.850 5305572.760
8620 404.443 4573824.850 5304872.760
8621 404.510 4573676.700 5304624.500
8622 404.745 4573636.020 5304687.290
8623 404.497 4573724.850 5304672.760
8624 404.345 4573674.850 5304672.760
8625 404.540 4573759.310 5304756.910
8626 404.516 4573724.850 5304722.760
8627 404.518 4573799.180 5304847.010
8628 404.510 4573770.770 5304805.420
8629 405.188 4573124.850 5303572.760
8630 405.205 4573060.530 5303617.700
8631 405.126 4573174.850 5303622.760
8632 405.138 4573224.850 5303672.760
8633 405.268 4573052.570 5303644.160
8634 404.670 4572953.500 5303702.810
8635 405.171 4573008.050 5303658.750
8636 404.589 4572975.320 5303728.620
8637 405.149 4573274.850 5303722.760
8638 405.182 4573324.850 5303772.760
8639 405.252 4573374.850 5303822.760
8640 405.211 4573570.330 5303925.340
8641 405.200 4573524.850 5303872.760
8642 405.191 4573474.850 5303872.760
8643 405.180 4573424.850 5303822.760
8644 395.535 4573699.220 5304440.900
8645 395.399 4573700.680 5304403.730
8646 395.279 4573704.460 5304367.900
8647 395.633 4573708.320 5304332.090
8648 397.088 4573719.870 5304300.240
8649 405.333 4573574.850 5303972.760
8650 402.266 4573730.430 5304267.870
8651 403.740 4573739.810 5304234.870
8652 405.053 4573748.190 5304201.330
8653 404.887 4573624.850 5304022.760
8654 404.540 4573760.170 5304162.000
8655 404.619 4573674.850 5304072.760
8656 404.635 4573724.850 5304122.760
8657 395.514 4573684.190 5304471.050
8658 401.106 4573658.120 5304609.370
8659 397.194 4573669.740 5304577.430
8660 395.699 4573680.380 5304544.980
8661 395.581 4573682.420 5304508.090
8662 403.867 4573612.960 5304720.100
8663 403.015 4573626.170 5304682.300
8664 400.780 4573639.920 5304644.700
8665 403.444 4574453.710 5305660.310
8666 404.124 4574024.850 5305072.760
8667 404.043 4573974.850 5305022.760
8668 404.295 4573924.850 5304972.760
8669 404.467 4573874.850 5304922.760
8670 403.688 4574324.850 5305422.760
8671 403.585 4574274.850 5305372.760
8672 403.432 4574224.850 5305322.760
8673 403.420 4574174.850 5305272.760
8674 403.544 4574124.850 5305222.760
8675 403.762 4574074.850 5305172.760
8676 404.023 4574024.850 5305122.760
8677 403.545 4574374.850 5305522.760
8678 403.635 4574324.850 5305472.760
8679 403.359 4574424.850 5305622.760
8680 403.254 4574374.850 5305572.760
8681 404.331 4573824.850 5304922.760
8682 404.396 4573813.470 5304894.870
8683 404.651 4573617.630 5304722.440
8684 404.410 4573624.850 5304722.760
8685 404.372 4573674.850 5304722.760
8686 404.484 4573724.850 5304772.760
8687 404.456 4573774.850 5304872.760
8688 404.439 4573724.850 5304822.760
8689 405.119 4573124.850 5303622.760
8690 405.210 4573096.930 5303641.940
8691 405.169 4573174.850 5303672.760
8692 405.232 4573224.850 5303722.760
8693 405.283 4573074.850 5303672.760
8694 404.862 4573013.970 5303705.340
8695 405.277 4573274.850 5303772.760
8696 405.306 4573324.850 5303822.760
8697 405.148 4573374.850 5303872.760
8698 405.323 4573522.410 5303939.300
8699 405.285 4573474.850 5303922.760
8700 405.295 4573424.850 5303872.760
8701 404.844 4573524.850 5303972.760
8702 395.405 4573685.760 5304433.930
8703 395.217 4573687.060 5304396.680
8704 395.777 4573690.920 5304360.880
8705 397.926 4573703.080 5304329.360
8706 402.742 4573713.890 5304297.120
8707 404.595 4573574.850 5304022.760
8708 403.854 4573723.520 5304264.260
8709 405.020 4573732.220 5304230.890
8710 404.889 4573740.080 5304197.080
8711 404.617 4573624.850 5304072.760
8712 404.711 4573724.850 5304172.760
8713 404.646 4573674.850 5304122.760
8714 395.390 4573670.840 5304464.130
8715 395.491 4573669.160 5304501.200
8716 397.234 4573654.270 5304607.360
8717 395.608 4573665.100 5304575.010
8718 395.499 4573667.270 5304538.180
8719 403.707 4573594.690 5304755.330
8720 402.872 4573607.900 5304717.570
8721 400.436 4573621.720 5304680.040
8722 397.211 4573635.990 5304642.690
8723 403.550 4573576.440 5304790.570
8724 403.494 4574433.650 5305689.650
8725 404.235 4573974.850 5305072.760
8726 404.052 4573924.850 5305022.760
8727 404.497 4573874.850 5304972.760
8728 404.324 4573822.810 5304944.410
8729 403.695 4574274.850 5305422.760
8730 403.692 4574224.850 5305372.760
8731 403.487 4574174.850 5305322.760
8732 403.433 4574124.850 5305272.760
8733 403.453 4574074.850 5305222.760
8734 403.499 4574024.850 5305172.760
8735 403.731 4573974.850 5305122.760
8736 403.414 4574324.850 5305522.760
8737 403.549 4574274.850 5305472.760
8738 403.441 4574374.850 5305622.760
8739 403.287 4574324.850 5305572.760
8740 404.448 4573774.850 5304922.760
8741 404.557 4573599.250 5304757.580
8742 404.543 4573580.890 5304792.740
8743 404.204 4573624.850 5304772.760
8744 404.320 4573674.850 5304772.760
8745 404.379 4573674.850 5304822.760
8746 404.395 4573724.850 5304872.760
8747 405.258 4573124.850 5303672.760
8748 405.285 4573174.850 5303722.760
8749 405.269 4573224.850 5303772.760
8750 404.925 4573060.690 5303719.390
8751 405.065 4573274.850 5303822.760
8752 404.802 4573324.850 5303872.760
8753 404.609 4573374.850 5303922.760
8754 404.766 4573474.500 5303952.310
8755 404.817 4573424.850 5303922.760
8756 404.596 4573474.850 5303972.760
8757 404.587 4573524.850 5304022.760
8758 395.226 4573672.260 5304426.940
8759 396.272 4573673.520 5304389.670
8760 398.926 4573686.300 5304358.470
8761 402.908 4573697.350 5304326.370
8762 403.959 4573707.250 5304293.660
8763 404.608 4573574.850 5304072.760
8764 404.985 4573716.270 5304260.470
8765 404.578 4573724.470 5304226.840
8766 404.652 4573721.500 5304217.900
8767 404.633 4573624.850 5304122.760
8768 404.668 4573674.850 5304172.760
8769 395.235 4573657.450 5304457.190
8770 395.383 4573655.910 5304494.320
8771 395.462 4573654.130 5304531.350
8772 395.517 4573649.820 5304605.040
8773 395.417 4573652.120 5304568.270
8774 402.837 4573589.630 5304752.840
8775 400.270 4573603.510 5304715.370
8776 397.186 4573617.720 5304678.020
8777 395.568 4573631.570 5304640.410
8778 403.475 4573559.090 5304826.220
8779 402.871 4573571.370 5304788.110
8780 403.392 4574432.300 5305733.520
8781 403.493 4574374.850 5305672.760
8782 404.037 4573924.850 5305072.760
8783 404.513 4573874.850 5305022.760
8784 404.338 4573826.590 5304994.730
8785 404.226 4573774.850 5304972.760
8786 403.646 4574224.850 5305422.760
8787 403.704 4574174.850 5305372.760
8788 403.653 4574124.850 5305322.760
8789 403.471 4574074.850 5305272.760
8790 403.466 4574024.850 5305222.760
8791 403.486 4573974.850 5305172.760
8792 403.505 4573924.850 5305122.760
8793 403.248 4574274.850 5305522.760
8794 403.410 4574224.850 5305472.760
8795 403.494 4574324.850 5305622.760
8796 403.390 4574274.850 5305572.760
8797 404.339 4573724.850 5304922.760
8798 404.322 4573724.850 5304972.760
8799 404.246 4573574.850 5304822.760
8800 404.431 4573563.780 5304828.460
8801 404.231 4573624.850 5304822.760
8802 404.335 4573674.850 5304872.760
8803 404.237 4573546.690 5304864.190
8804 404.256 4573724.850 5305022.760
8805 404.792 4573224.850 5303822.760
8806 405.204 4573124.850 5303722.760
8807 405.008 4573174.850 5303772.760
8808 404.875 4573098.500 5303747.120
8809 404.597 4573274.850 5303872.760
8810 404.528 4573324.850 5303922.760
8811 404.547 4573374.850 5303972.760
8812 404.559 4573430.670 5303976.200
8813 404.577 4573474.850 5304022.760
8814 404.596 4573524.850 5304072.760
8815 395.846 4573658.830 5304419.970
8816 400.743 4573669.520 5304387.590
8817 403.183 4573680.810 5304355.630
8818 404.049 4573690.980 5304323.060
8819 404.944 4573700.330 5304290.050
8820 404.617 4573574.850 5304122.760
8821 404.491 4573708.880 5304256.610
8822 404.641 4573674.850 5304222.760
8823 404.639 4573624.850 5304172.760
8824 395.830 4573644.140 5304450.280
8825 395.245 4573642.650 5304487.440
8826 395.376 4573640.990 5304524.520
8827 395.419 4573639.100 5304561.500
8828 395.332 4573636.970 5304598.360
8829 404.584 4573474.850 5304072.760
8830 400.162 4573585.310 5304750.710
8831 397.214 4573599.450 5304713.350
8832 395.619 4573613.320 5304675.780
8833 395.315 4573618.550 5304633.740
8834 403.390 4573541.760 5304861.880
8835 402.543 4573553.980 5304823.780
8836 400.054 4573567.110 5304786.050
8837 403.213 4574430.510 5305781.820
8838 403.358 4574374.850 5305722.760
8839 403.443 4574324.850 5305672.760
8840 404.209 4573874.850 5305072.760
8841 404.396 4573825.690 5305044.470
8842 404.198 4573774.850 5305022.760
8843 403.553 4574174.850 5305422.760
8844 403.659 4574124.850 5305372.760
8845 403.706 4574074.850 5305322.760
8846 403.572 4574024.850 5305272.760
8847 403.480 4573974.850 5305222.760
8848 403.500 4573924.850 5305172.760
8849 403.520 4573874.850 5305122.760
8850 403.201 4574224.850 5305522.760
8851 403.218 4574174.850 5305472.760
8852 403.502 4574274.850 5305622.760
8853 403.482 4574224.850 5305572.760
8854 404.290 4573674.850 5304922.760
8855 404.245 4573674.850 5304972.760
8856 404.064 4573574.850 5304872.760
8857 404.143 4573624.850 5304872.760
8858 404.110 4573529.540 5304899.890
8859 404.196 4573674.850 5305022.760
8860 404.065 4573724.850 5305072.760
8861 403.368 4574274.850 5305672.760
8862 403.301 4573524.380 5304897.510
8863 404.611 4573174.850 5303822.760
8864 404.498 4573224.850 5303872.760
8865 404.657 4573119.250 5303788.870
8866 404.517 4573274.850 5303922.760
8867 404.535 4573324.850 5303972.760
8868 404.554 4573389.270 5304004.210
8869 404.565 4573424.850 5304022.760
8870 404.571 4573424.850 5304072.760
8871 404.602 4573524.850 5304122.760
8872 400.332 4573654.420 5304417.690
8873 403.459 4573664.270 5304384.880
8874 404.138 4573674.710 5304352.460
8875 404.884 4573684.390 5304319.630
8876 404.703 4573693.310 5304286.390
8877 404.618 4573574.850 5304172.760
8878 404.630 4573674.850 5304272.760
8879 404.624 4573624.850 5304222.760
8880 399.631 4573639.320 5304447.780
8881 395.689 4573629.440 5304480.590
8882 395.260 4573627.850 5304517.690
8883 395.369 4573626.070 5304554.720
8884 395.371 4573624.060 5304591.640
8885 404.587 4573474.850 5304122.760
8886 395.337 4573605.470 5304627.030
8887 397.195 4573581.170 5304748.670
8888 395.492 4573595.070 5304711.150
8889 395.289 4573600.130 5304669.110
8890 402.141 4573536.590 5304859.440
8891 399.683 4573549.610 5304821.700
8892 397.185 4573562.900 5304784.000
8893 403.223 4573507.070 5304933.180
8894 403.108 4574442.720 5305822.470
8895 403.130 4574374.850 5305772.760
8896 403.260 4574324.850 5305722.760
8897 403.129 4574274.850 5305722.760
8898 404.292 4573809.370 5305092.140
8899 404.200 4573774.850 5305072.760
8900 404.047 4573824.850 5305122.760
8901 403.402 4574124.850 5305422.760
8902 403.558 4574074.850 5305372.760
8903 403.674 4574024.850 5305322.760
8904 403.721 4573974.850 5305272.760
8905 403.511 4573924.850 5305222.760
8906 403.513 4573874.850 5305172.760
8907 403.316 4574174.850 5305522.760
8908 403.138 4574124.850 5305472.760
8909 403.459 4574224.850 5305622.760
8910 403.495 4574174.850 5305572.760
8911 404.230 4573624.850 5304922.760
8912 404.185 4573624.850 5304972.760
8913 404.091 4573574.850 5304922.760
8914 404.002 4573512.480 5304935.630
8915 404.081 4573524.850 5304922.760
8916 403.983 4573495.840 5304971.570
8917 404.141 4573624.850 5305022.760
8918 404.187 4573674.850 5305072.760
8919 404.062 4573724.850 5305122.760
8920 403.264 4574224.850 5305672.760
8921 401.815 4573519.170 5304895.100
8922 404.469 4573124.850 5303822.760
8923 404.487 4573174.850 5303872.760
8924 404.505 4573224.850 5303922.760
8925 404.465 4573097.200 5303833.560
8926 404.523 4573274.850 5303972.760
8927 404.541 4573324.850 5304022.760
8928 404.550 4573356.550 5304041.950
8929 404.603 4573374.850 5304072.760
8930 404.691 4573424.850 5304122.760
8931 404.564 4573224.850 5303972.760
8932 404.640 4573524.850 5304172.760
8933 403.257 4573649.080 5304414.920
8934 404.455 4573658.440 5304381.860
8935 404.825 4573668.460 5304349.220
8936 404.348 4573677.740 5304316.170
8937 404.788 4573574.850 5304222.760
8938 404.465 4573624.850 5304272.760
8939 403.057 4573633.880 5304444.960
8940 398.938 4573624.230 5304477.870
8941 395.790 4573614.750 5304510.890
8942 395.276 4573613.040 5304547.950
8943 395.342 4573611.150 5304584.920
8944 404.765 4573474.850 5304172.760
8945 395.328 4573592.370 5304620.300
8946 395.303 4573586.880 5304662.410
8947 395.294 4573576.820 5304746.520
8948 395.263 4573581.710 5304704.490
8949 399.313 4573532.120 5304857.350
8950 396.836 4573545.230 5304819.600
8951 395.270 4573558.570 5304781.890
8952 403.177 4573490.100 5304969.000
8953 401.425 4573501.800 5304930.770
8954 403.227 4574452.560 5305865.730
8955 403.269 4574424.850 5305872.760
8956 403.178 4574374.850 5305822.760
8957 403.051 4574324.850 5305772.760
8958 403.122 4574274.850 5305772.760
8959 402.999 4574224.850 5305722.760
8960 404.270 4573787.890 5305137.850
8961 403.297 4573824.850 5305172.760
8962 403.219 4574074.850 5305422.760
8963 403.376 4574024.850 5305372.760
8964 403.563 4573974.850 5305322.760
8965 403.701 4573924.850 5305272.760
8966 403.657 4573874.850 5305222.760
8967 403.425 4574124.850 5305522.760
8968 403.231 4574074.850 5305472.760
8969 403.378 4574174.850 5305622.760
8970 403.488 4574124.850 5305572.760
8971 403.967 4573574.850 5304972.760
8972 404.081 4573574.850 5305022.760
8973 403.924 4573524.850 5304972.760
8974 403.932 4573482.140 5305002.030
8975 404.096 4573624.850 5305072.760
8976 404.039 4573674.850 5305122.760
8977 404.072 4573724.850 5305172.760
8978 404.036 4573574.850 5305072.760
8979 403.127 4574174.850 5305672.760
8980 398.830 4573514.610 5304892.990
8981 404.476 4573124.850 5303872.760
8982 404.494 4573174.850 5303922.760
8983 404.471 4573102.180 5303876.510
8984 404.655 4573174.850 5303972.760
8985 404.636 4573274.850 5304022.760
8986 404.783 4573329.850 5304084.240
8987 404.747 4573374.850 5304122.760
8988 404.518 4573424.850 5304172.760
8989 404.759 4573224.850 5304022.760
8990 404.482 4573524.850 5304222.760
8991 404.215 4573643.090 5304411.820
8992 404.765 4573652.520 5304378.800
8993 404.437 4573662.180 5304345.960
8994 404.503 4573624.850 5304322.760
8995 404.475 4573574.850 5304272.760
8996 404.171 4573627.740 5304441.770
8997 402.856 4573618.690 5304475.000
8998 398.843 4573609.130 5304507.970
8999 395.581 4573600.060 5304541.200
9000 395.335 4573598.240 5304578.200
9001 404.445 4573474.850 5304222.760
9002 395.287 4573579.290 5304613.580
9003 395.261 4573573.590 5304655.680
9004 395.267 4573568.290 5304697.790
9005 395.236 4573563.290 5304739.860
9006 396.204 4573527.550 5304855.210
9007 395.322 4573540.710 5304817.440
9008 395.227 4573544.870 5304775.240
9009 403.865 4573468.360 5305032.460
9010 403.173 4573476.220 5304999.390
9011 401.366 4573484.670 5304966.560
9012 398.151 4573497.130 5304928.650
9013 403.272 4574442.000 5305911.520
9014 403.288 4574374.850 5305872.760
9015 403.247 4574324.850 5305822.760
9016 403.284 4574274.850 5305822.760
9017 403.223 4574224.850 5305772.760
9018 403.045 4574174.850 5305722.760
9019 404.230 4573764.470 5305182.550
9020 403.727 4573824.850 5305222.760
9021 403.163 4574024.850 5305422.760
9022 403.179 4573974.850 5305372.760
9023 403.351 4573924.850 5305322.760
9024 403.568 4573874.850 5305272.760
9025 403.307 4573824.850 5305272.760
9026 403.515 4574074.850 5305522.760
9027 403.352 4574024.850 5305472.760
9028 403.268 4574124.850 5305622.760
9029 403.350 4574055.330 5305574.400
9030 403.951 4573524.850 5305022.760
9031 403.686 4573477.300 5305036.000
9032 403.790 4573524.850 5305072.760
9033 404.123 4573728.880 5305209.900
9034 404.061 4573624.850 5305122.760
9035 403.934 4573674.850 5305172.760
9036 403.991 4573574.850 5305122.760
9037 403.016 4574124.850 5305672.760
9038 395.962 4573509.870 5304890.800
9039 404.613 4573113.360 5303921.720
9040 404.764 4573124.850 5303972.760
9041 404.717 4573174.850 5304022.760
9042 404.730 4573274.850 5304072.760
9043 404.481 4573305.920 5304128.170
9044 404.435 4573424.850 5304222.760
9045 404.414 4573374.850 5304172.760
9046 404.593 4573224.850 5304072.760
9047 404.468 4573524.850 5304272.760
9048 404.736 4573637.180 5304408.760
9049 404.653 4573646.610 5304375.740
9050 404.558 4573624.850 5304372.760
9051 404.497 4573574.850 5304322.760
9052 404.706 4573621.840 5304438.720
9053 404.126 4573612.390 5304471.730
9054 402.675 4573603.500 5304505.040
9055 398.564 4573594.040 5304538.060
9056 395.545 4573585.370 5304571.500
9057 404.456 4573474.850 5304272.760
9058 395.636 4573566.220 5304606.880
9059 395.281 4573560.330 5304648.970
9060 395.209 4573554.820 5304691.060
9061 395.231 4573549.700 5304733.180
9062 395.413 4573522.850 5304852.990
9063 395.195 4573531.110 5304768.560
9064 395.273 4573526.980 5304810.880
9065 403.830 4573454.530 5305062.860
9066 403.164 4573462.280 5305029.760
9067 401.184 4573470.620 5304996.890
9068 397.643 4573479.820 5304964.380
9069 395.652 4573492.200 5304926.410
9070 403.154 4574421.490 5305957.130
9071 403.180 4574374.850 5305922.760
9072 403.261 4574324.850 5305872.760
9073 403.205 4574274.850 5305872.760
9074 403.278 4574224.850 5305822.760
9075 403.263 4574174.850 5305772.760
9076 403.148 4574124.850 5305722.760
9077 403.808 4573773.770 5305227.040
9078 403.229 4573787.090 5305270.650
9079 404.094 4573724.850 5305222.760
9080 403.174 4573974.850 5305422.760
9081 403.190 4573924.850 5305372.760
9082 403.205 4573874.850 5305322.760
9083 403.217 4573824.850 5305322.760
9084 403.398 4574017.140 5305545.000
9085 403.510 4574024.850 5305522.760
9086 403.484 4573974.850 5305472.760
9087 403.138 4574075.030 5305619.260
9088 403.272 4574024.850 5305572.760
9089 403.783 4573474.850 5305072.760
9090 403.931 4573524.850 5305122.760
9091 403.966 4573685.050 5305232.150
9092 404.053 4573624.850 5305172.760
9093 403.935 4573574.850 5305172.760
9094 402.962 4574069.930 5305667.480
9095 403.774 4573440.710 5305093.270
9096 395.458 4573504.980 5304888.540
9097 404.749 4573104.340 5303967.540
9098 404.609 4573124.850 5304022.760
9099 404.458 4573174.850 5304072.760
9100 404.434 4573274.850 5304122.760
9101 404.398 4573304.400 5304171.800
9102 404.403 4573324.850 5304172.760
9103 404.443 4573424.850 5304272.760
9104 404.423 4573374.850 5304222.760
9105 404.370 4573224.850 5304122.760
9106 404.479 4573524.850 5304322.760
9107 404.438 4573631.070 5304405.590
9108 404.502 4573574.850 5304372.760
9109 404.351 4573615.550 5304435.450
9110 404.676 4573606.510 5304468.680
9111 404.081 4573597.040 5304501.690
9112 402.522 4573588.310 5304535.080
9113 398.115 4573578.940 5304568.160
9114 404.462 4573474.850 5304322.760
9115 398.725 4573559.960 5304603.660
9116 395.817 4573547.070 5304642.260
9117 395.269 4573541.380 5304684.350
9118 395.171 4573536.040 5304726.440
9119 395.318 4573509.100 5304846.520
9120 395.164 4573517.270 5304761.830
9121 395.214 4573513.230 5304804.300
9122 403.148 4573448.290 5305060.110
9123 401.008 4573456.520 5305027.200
9124 403.029 4573434.320 5305090.460
9125 397.465 4573465.530 5304994.620
9126 395.652 4573474.620 5304962.050
9127 395.469 4573487.120 5304924.090
9128 402.929 4574400.770 5306002.640
9129 403.007 4574374.850 5305972.760
9130 403.106 4574324.850 5305922.760
9131 403.012 4574274.850 5305922.760
9132 403.137 4574224.850 5305872.760
9133 403.224 4574174.850 5305822.760
9134 403.299 4574124.850 5305772.760
9135 403.250 4574074.850 5305722.760
9136 403.232 4573774.850 5305272.760
9137 403.223 4573801.370 5305313.990
9138 404.115 4573724.850 5305272.760
9139 403.263 4573924.850 5305422.760
9140 403.200 4573874.850 5305372.760
9141 403.214 4573818.260 5305360.270
9142 403.842 4573641.770 5305255.760
9143 403.954 4573674.850 5305272.760
9144 403.374 4573973.540 5305530.910
9145 403.522 4573924.850 5305472.760
9146 403.033 4574024.850 5305622.760
9147 403.108 4573974.850 5305572.760
9148 403.065 4574024.850 5305672.760
9149 403.800 4573474.850 5305122.760
9150 403.887 4573524.850 5305172.760
9151 403.822 4573624.850 5305222.760
9152 403.926 4573574.850 5305222.760
9153 403.246 4574045.130 5305709.730
9154 403.300 4574024.850 5305722.760
9155 403.751 4573426.900 5305123.680
9156 395.361 4573491.220 5304882.160
9157 404.589 4573095.490 5304012.980
9158 404.338 4573124.850 5304072.760
9159 404.358 4573174.850 5304122.760
9160 404.392 4573282.660 5304172.470
9161 404.403 4573299.400 5304222.200
9162 404.410 4573324.850 5304222.760
9163 404.446 4573424.850 5304322.760
9164 404.429 4573374.850 5304272.760
9165 404.377 4573224.850 5304172.760
9166 404.477 4573524.850 5304372.760
9167 404.461 4573574.850 5304422.760
9168 404.566 4573600.020 5304465.310
9169 404.646 4573591.170 5304498.640
9170 404.037 4573581.690 5304531.640
9171 402.368 4573573.120 5304565.130
9172 404.459 4573474.850 5304372.760
9173 402.401 4573554.120 5304600.660
9174 398.806 4573540.970 5304639.160
9175 395.952 4573527.930 5304677.650
9176 395.253 4573522.420 5304719.740
9177 395.223 4573495.350 5304840.050
9178 395.258 4573503.470 5304755.130
9179 395.235 4573499.400 5304797.680
9180 403.728 4573413.090 5305154.090
9181 402.781 4573420.350 5305120.820
9182 400.834 4573442.390 5305057.500
9183 397.395 4573451.210 5305024.850
9184 400.538 4573428.270 5305087.800
9185 395.913 4573460.110 5304992.200
9186 395.487 4573469.260 5304959.640
9187 395.404 4573473.330 5304917.800
9188 402.847 4574374.850 5306022.760
9189 402.874 4574324.850 5305972.760
9190 402.943 4574379.880 5306048.080
9191 402.810 4574274.850 5305972.760
9192 402.875 4574224.850 5305922.760
9193 403.018 4574174.850 5305872.760
9194 403.148 4574124.850 5305822.760
9195 403.252 4574074.850 5305772.760
9196 403.228 4573774.850 5305322.760
9197 403.221 4573788.570 5305351.570
9198 403.950 4573724.850 5305322.760
9199 403.396 4573874.850 5305422.760
9200 403.393 4573833.320 5305406.950
9201 403.270 4573774.850 5305372.760
9202 403.802 4573624.850 5305272.760
9203 403.969 4573674.850 5305322.760
9204 403.277 4573924.850 5305522.760
9205 403.447 4573874.850 5305472.760
9206 402.984 4573974.850 5305622.760
9207 403.082 4573931.970 5305556.960
9208 403.183 4573974.850 5305672.760
9209 403.613 4573474.850 5305172.760
9210 403.842 4573524.850 5305222.760
9211 403.794 4573593.990 5305263.070
9212 403.852 4573574.850 5305272.760
9213 403.236 4574024.070 5305754.220
9214 403.277 4573974.850 5305722.760
9215 403.643 4573424.850 5305172.760
9216 395.234 4573477.470 5304875.790
9217 404.321 4573069.560 5304055.700
9218 404.345 4573124.850 5304122.760
9219 404.364 4573174.850 5304172.760
9220 404.394 4573266.720 5304219.480
9221 404.485 4573299.900 5304271.000
9222 404.414 4573324.850 5304272.760
9223 404.621 4573424.850 5304372.760
9224 404.507 4573374.850 5304322.760
9225 404.470 4573224.850 5304222.760
9226 404.618 4573524.850 5304422.760
9227 404.261 4573574.850 5304472.760
9228 404.197 4573584.490 5304495.170
9229 404.615 4573575.830 5304528.590
9230 403.992 4573566.340 5304561.600
9231 404.307 4573474.850 5304422.760
9232 404.051 4573547.370 5304597.200
9233 402.445 4573535.110 5304636.200
9234 398.484 4573521.980 5304674.670
9235 395.930 4573508.780 5304713.030
9236 395.264 4573481.520 5304833.530
9237 395.879 4573489.630 5304748.410
9238 395.248 4573485.600 5304791.080
9239 403.655 4573399.420 5305184.530
9240 402.532 4573406.380 5305151.170
9241 400.321 4573414.150 5305118.100
9242 397.375 4573436.870 5305055.060
9243 395.958 4573445.590 5305022.350
9244 397.305 4573422.540 5305085.280
9245 395.466 4573454.500 5304989.700
9246 395.429 4573455.450 5304953.440
9247 395.246 4573459.580 5304911.530
9248 402.941 4574324.850 5306022.760
9249 402.972 4574374.850 5306072.760
9250 402.956 4574274.850 5306022.760
9251 402.874 4574224.850 5305972.760
9252 402.764 4574174.850 5305922.760
9253 402.875 4574124.850 5305872.760
9254 403.024 4574074.850 5305822.760
9255 403.027 4574033.320 5305801.870
9256 403.300 4573754.550 5305370.870
9257 403.455 4573724.850 5305372.760
9258 403.457 4573838.570 5305455.210
9259 403.485 4573774.850 5305422.760
9260 403.841 4573674.850 5305372.760
9261 403.805 4573624.850 5305322.760
9262 403.111 4573874.850 5305522.760
9263 402.993 4573924.850 5305622.760
9264 403.003 4573891.980 5305585.440
9265 403.284 4573924.850 5305672.760
9266 403.782 4573474.850 5305222.760
9267 403.800 4573524.850 5305272.760
9268 403.849 4573545.190 5305268.520
9269 403.668 4573574.850 5305322.760
9270 403.030 4573974.850 5305772.760
9271 403.178 4573924.850 5305722.760
9272 403.624 4573424.850 5305222.760
9273 395.253 4573463.650 5304869.380
9274 404.391 4573074.850 5304122.760
9275 404.381 4573042.540 5304097.610
9276 404.492 4573124.850 5304172.760
9277 404.591 4573174.850 5304222.760
9278 404.527 4573275.060 5304267.780
9279 404.606 4573301.180 5304301.260
9280 404.599 4573324.850 5304322.760
9281 404.303 4573424.850 5304422.760
9282 404.400 4573374.850 5304372.760
9283 404.586 4573224.850 5304272.760
9284 404.327 4573524.850 5304472.760
9285 404.286 4573568.960 5304525.030
9286 404.585 4573560.490 5304558.560
9287 404.329 4573474.850 5304472.760
9288 404.543 4573541.600 5304594.230
9289 404.188 4573528.390 5304632.790
9290 402.535 4573516.100 5304671.730
9291 398.483 4573503.000 5304710.170
9292 395.214 4573467.730 5304827.030
9293 399.400 4573484.010 5304745.670
9294 395.695 4573471.770 5304784.470
9295 403.627 4573386.010 5305215.070
9296 402.524 4573393.040 5305181.750
9297 400.143 4573400.030 5305148.400
9298 397.181 4573408.200 5305115.500
9299 396.073 4573431.050 5305052.490
9300 395.266 4573439.740 5305019.750
9301 396.068 4573416.520 5305082.630
9302 395.316 4573440.930 5304983.640
9303 395.266 4573441.700 5304947.280
9304 395.228 4573445.780 5304905.240
9305 402.953 4574324.850 5306072.760
9306 402.935 4574359.110 5306093.570
9307 402.899 4574274.850 5306072.760
9308 402.961 4574224.850 5306022.760
9309 402.967 4574174.850 5305972.760
9310 402.835 4574124.850 5305922.760
9311 402.784 4574074.850 5305872.760
9312 402.998 4574124.850 5305972.760
9313 402.791 4574041.330 5305850.350
9314 402.865 4574024.850 5305822.760
9315 402.804 4573974.850 5305822.760
9316 403.075 4573826.520 5305502.780
9317 403.421 4573728.940 5305409.570
9318 403.085 4573774.850 5305472.760
9319 403.053 4573697.430 5305445.600
9320 403.077 4573674.850 5305422.760
9321 403.878 4573624.850 5305372.760
9322 403.020 4573821.360 5305549.690
9323 403.085 4573874.850 5305622.760
9324 403.011 4573846.690 5305590.150
9325 403.017 4573824.850 5305572.760
9326 403.305 4573874.850 5305672.760
9327 403.737 4573474.850 5305272.760
9328 403.744 4573502.140 5305290.520
9329 403.792 4573524.850 5305322.760
9330 403.667 4573574.850 5305372.760
9331 403.475 4573424.850 5305272.760
9332 402.881 4573924.850 5305772.760
9333 403.036 4573874.850 5305722.760
9334 403.497 4573374.850 5305272.760
9335 403.595 4573372.750 5305245.690
9336 395.169 4573449.850 5304862.990
9337 404.589 4573074.850 5304172.760
9338 404.586 4573018.620 5304140.840
9339 404.480 4573074.850 5304222.760
9340 404.578 4573124.850 5304222.760
9341 404.447 4573174.850 5304272.760
9342 404.442 4573274.850 5304322.760
9343 404.331 4573305.770 5304351.080
9344 404.274 4573324.850 5304372.760
9345 404.317 4573424.850 5304472.760
9346 404.295 4573374.850 5304422.760
9347 404.274 4573224.850 5304322.760
9348 404.373 4573524.850 5304522.760
9349 404.495 4573553.440 5304554.890
9350 404.345 4573474.850 5304522.760
9351 404.264 4573534.600 5304590.640
9352 404.531 4573522.700 5304629.900
9353 404.196 4573509.410 5304668.390
9354 402.626 4573497.100 5304707.260
9355 396.000 4573453.910 5304820.530
9356 402.697 4573478.090 5304742.800
9357 399.915 4573466.160 5304781.780
9358 402.629 4573379.900 5305212.430
9359 400.380 4573387.000 5305179.130
9360 397.352 4573393.870 5305145.710
9361 395.813 4573401.990 5305112.770
9362 395.193 4573424.980 5305049.800
9363 395.236 4573426.410 5305013.830
9364 395.103 4573410.230 5305079.860
9365 395.214 4573427.420 5304977.600
9366 395.182 4573427.910 5304941.090
9367 395.124 4573431.980 5304898.940
9368 402.785 4574324.850 5306122.760
9369 402.750 4574346.320 5306141.170
9370 402.694 4574274.850 5306122.760
9371 402.810 4574224.850 5306072.760
9372 402.929 4574174.850 5306022.760
9373 402.831 4574124.850 5306022.760
9374 402.924 4574074.850 5305922.760
9375 402.874 4574036.440 5305899.320
9376 402.963 4574074.850 5305972.760
9377 402.792 4574024.850 5305872.760
9378 402.860 4573974.850 5305872.760
9379 402.813 4573924.850 5305822.760
9380 402.699 4574074.850 5306022.760
9381 403.031 4573774.850 5305522.760
9382 403.045 4573724.850 5305472.760
9383 403.056 4573674.850 5305472.760
9384 403.900 4573624.850 5305422.760
9385 403.026 4573774.850 5305572.760
9386 403.228 4573824.850 5305622.760
9387 403.199 4573824.850 5305672.760
9388 403.692 4573483.250 5305334.150
9389 403.677 4573574.850 5305422.760
9390 403.635 4573524.850 5305372.760
9391 403.632 4573424.850 5305322.760
9392 402.825 4573874.850 5305772.760
9393 402.874 4573824.850 5305722.760
9394 403.565 4573359.180 5305276.170
9395 403.447 4573374.850 5305322.760
9396 402.803 4573366.890 5305243.150
9397 395.914 4573436.050 5304856.590
9398 404.546 4573024.000 5304184.070
9399 404.365 4573024.850 5304222.760
9400 404.209 4573074.850 5304272.760
9401 404.347 4573124.850 5304272.760
9402 404.236 4573174.850 5304322.760
9403 404.265 4573274.850 5304372.760
9404 404.277 4573309.840 5304400.950
9405 404.284 4573324.850 5304422.760
9406 404.323 4573424.850 5304522.760
9407 404.303 4573374.850 5304472.760
9408 404.254 4573224.850 5304372.760
9409 404.359 4573524.850 5304572.760
9410 404.333 4573474.850 5304572.760
9411 404.170 4573515.750 5304626.380
9412 404.471 4573503.800 5304665.580
9413 404.264 4573490.430 5304703.980
9414 399.887 4573448.310 5304817.890
9415 404.507 4573471.460 5304739.580
9416 402.689 4573460.210 5304778.930
9417 400.704 4573374.130 5305209.920
9418 397.333 4573381.220 5305176.610
9419 395.547 4573387.460 5305142.920
9420 395.017 4573395.470 5305109.910
9421 395.204 4573411.900 5305044.020
9422 395.157 4573413.140 5305007.920
9423 395.175 4573397.380 5305074.210
9424 395.088 4573413.870 5304971.540
9425 395.066 4573414.110 5304934.900
9426 396.044 4573418.190 5304892.650
9427 402.564 4574324.850 5306172.760
9428 402.590 4574361.710 5306182.730
9429 402.431 4574274.850 5306172.760
9430 402.562 4574224.850 5306122.760
9431 402.695 4574174.850 5306072.760
9432 402.560 4574124.850 5306072.760
9433 402.397 4574074.850 5306072.760
9434 402.979 4574019.360 5305945.090
9435 402.863 4574024.850 5305972.760
9436 402.982 4573974.850 5305922.760
9437 402.961 4573924.850 5305872.760
9438 402.821 4573874.850 5305822.760
9439 402.557 4574024.850 5306022.760
9440 403.041 4573724.850 5305522.760
9441 403.055 4573675.310 5305488.470
9442 403.411 4573624.850 5305472.760
9443 403.107 4573724.850 5305572.760
9444 403.320 4573774.850 5305622.760
9445 403.043 4573774.850 5305672.760
9446 403.692 4573574.850 5305472.760
9447 403.698 4573489.120 5305382.250
9448 403.538 4573524.850 5305422.760
9449 403.588 4573424.850 5305372.760
9450 402.834 4573824.850 5305772.760
9451 402.846 4573774.850 5305722.760
9452 403.363 4573374.850 5305372.760
9453 403.519 4573345.700 5305306.690
9454 402.842 4573353.630 5305273.780
9455 403.476 4573332.380 5305337.280
9456 400.965 4573361.350 5305240.760
9457 399.748 4573430.460 5304854.000
9458 404.264 4572998.850 5304227.300
9459 404.198 4573024.850 5304272.760
9460 404.215 4573074.850 5304322.760
9461 404.226 4573124.850 5304322.760
9462 404.243 4573174.850 5304372.760
9463 404.314 4573424.850 5304572.760
9464 404.272 4573274.850 5304422.760
9465 404.284 4573312.300 5304450.920
9466 404.289 4573324.850 5304472.760
9467 404.305 4573374.850 5304522.760
9468 404.259 4573224.850 5304422.760
9469 404.395 4573474.850 5304622.760
9470 403.815 4573496.900 5304662.130
9471 404.401 4573484.900 5304701.250
9472 404.054 4573424.850 5304622.760
9473 402.670 4573442.350 5304815.070
9474 404.330 4573466.000 5304736.920
9475 404.129 4573453.570 5304775.760
9476 397.467 4573368.670 5305207.550
9477 395.845 4573375.110 5305173.950
9478 394.951 4573380.710 5305139.970
9479 395.108 4573382.860 5305104.400
9480 395.090 4573398.860 5305038.240
9481 394.996 4573399.830 5305002.000
9482 395.061 4573384.570 5305068.560
9483 394.990 4573400.320 5304965.490
9484 396.141 4573400.330 5304928.710
9485 399.732 4573412.630 5304890.110
9486 402.450 4574343.680 5306229.230
9487 402.547 4574405.850 5306317.020
9488 402.494 4574274.850 5306222.760
9489 402.398 4574224.850 5306172.760
9490 402.429 4574174.850 5306122.760
9491 402.318 4574124.850 5306122.760
9492 402.416 4574074.850 5306122.760
9493 402.307 4574024.850 5306072.760
9494 402.705 4573974.850 5305972.760
9495 402.905 4573924.850 5305922.760
9496 403.026 4573874.850 5305872.760
9497 402.885 4573824.850 5305822.760
9498 402.392 4573974.850 5306022.760
9499 403.053 4573655.190 5305532.310
9500 403.060 4573624.850 5305522.760
9501 403.284 4573674.850 5305572.760
9502 403.242 4573724.850 5305622.760
9503 402.858 4573724.850 5305672.760
9504 403.718 4573574.850 5305522.760
9505 403.538 4573524.850 5305472.760
9506 403.656 4573474.850 5305422.760
9507 403.494 4573498.940 5305430.450
9508 403.540 4573424.850 5305422.760
9509 402.843 4573774.850 5305772.760
9510 402.855 4573724.850 5305722.760
9511 402.490 4574024.850 5306122.760
9512 403.483 4573374.850 5305422.760
9513 403.345 4573324.850 5305372.760
9514 403.465 4573319.450 5305368.260
9515 402.853 4573340.440 5305304.430
9516 401.088 4573348.390 5305271.510
9517 402.820 4573327.370 5305335.130
9518 397.750 4573356.190 5305238.520
9519 402.677 4573424.460 5304851.210
9520 404.187 4572972.890 5304268.240
9521 404.252 4573024.850 5304322.760
9522 404.349 4573074.850 5304372.760
9523 404.231 4573124.850 5304372.760
9524 404.299 4573174.850 5304422.760
9525 404.465 4573374.850 5304572.760
9526 404.275 4573274.850 5304472.760
9527 404.286 4573311.380 5304500.920
9528 404.349 4573324.850 5304522.760
9529 404.400 4573224.850 5304472.760
9530 404.013 4573474.850 5304672.760
9531 403.989 4573478.060 5304697.870
9532 404.063 4573374.850 5304622.760
9533 404.106 4573424.850 5304672.760
9534 404.058 4573435.700 5304811.950
9535 404.277 4573459.210 5304733.620
9536 404.216 4573448.110 5304773.140
9537 396.194 4573362.820 5305205.010
9538 394.968 4573368.700 5305171.160
9539 395.041 4573368.350 5305134.590
9540 395.004 4573370.290 5305098.880
9541 394.910 4573385.790 5305032.460
9542 394.914 4573386.520 5304996.080
9543 394.839 4573371.750 5305062.910
9544 395.981 4573386.770 5304959.430
9545 399.946 4573394.890 5304926.270
9546 402.651 4573406.630 5304887.370
9547 402.547 4574359.460 5306298.380
9548 402.546 4574321.420 5306270.020
9549 402.550 4574374.850 5306322.760
9550 402.551 4574274.850 5306272.760
9551 402.530 4574224.850 5306222.760
9552 402.462 4574174.850 5306172.760
9553 402.525 4574124.850 5306172.760
9554 402.547 4574074.850 5306172.760
9555 402.551 4574024.850 5306172.760
9556 402.316 4573974.850 5306072.760
9557 402.555 4573924.850 5305972.760
9558 402.725 4573874.850 5305922.760
9559 402.959 4573824.850 5305872.760
9560 403.014 4573774.850 5305822.760
9561 402.329 4573924.850 5306022.760
9562 403.301 4573635.210 5305576.230
9563 403.298 4573624.850 5305572.760
9564 403.049 4573674.850 5305622.760
9565 402.868 4573674.850 5305672.760
9566 403.692 4573574.850 5305572.760
9567 403.548 4573524.850 5305522.760
9568 403.455 4573493.490 5305478.880
9569 403.531 4573424.850 5305472.760
9570 403.406 4573474.850 5305522.760
9571 402.851 4573724.850 5305772.760
9572 402.864 4573674.850 5305722.760
9573 402.534 4573974.850 5306122.760
9574 402.537 4573974.850 5306172.760
9575 403.438 4573374.850 5305472.760
9576 403.270 4573324.850 5305422.760
9577 403.422 4573306.270 5305399.140
9578 402.784 4573314.350 5305366.070
9579 401.221 4573335.470 5305302.280
9580 398.103 4573343.580 5305269.440
9581 401.311 4573322.660 5305333.100
9582 396.409 4573350.560 5305236.080
9583 404.353 4572933.990 5304294.940
9584 404.004 4573417.810 5304848.130
9585 404.360 4572974.850 5304322.760
9586 404.444 4573024.850 5304372.760
9587 404.419 4573074.850 5304422.760
9588 404.433 4573124.850 5304422.760
9589 404.430 4573174.850 5304472.760
9590 404.134 4573324.850 5304572.760
9591 404.449 4573274.850 5304522.760
9592 404.335 4573291.050 5304542.830
9593 404.199 4573224.850 5304522.760
9594 404.162 4573424.850 5304722.760
9595 404.052 4573324.850 5304622.760
9596 404.092 4573374.850 5304672.760
9597 404.223 4573430.240 5304809.370
9598 404.006 4573441.330 5304769.890
9599 404.051 4573424.850 5304772.760
9600 395.110 4573356.690 5305202.340
9601 394.990 4573356.020 5305165.650
9602 394.932 4573356.010 5305129.200
9603 394.764 4573357.710 5305093.370
9604 394.838 4573372.730 5305026.670
9605 395.820 4573373.210 5304990.160
9606 394.759 4573358.930 5305057.270
9607 399.805 4573381.140 5304956.930
9608 402.580 4573388.980 5304923.610
9609 403.918 4573400.000 5304884.340
9610 402.535 4574309.730 5306319.730
9611 402.525 4574274.850 5306322.760
9612 402.546 4574224.850 5306272.760
9613 402.548 4574174.850 5306222.760
9614 402.548 4574124.850 5306222.760
9615 402.532 4574074.850 5306222.760
9616 402.498 4574024.850 5306222.760
9617 402.437 4573924.850 5306072.760
9618 402.374 4573874.850 5305972.760
9619 402.552 4573824.850 5305922.760
9620 402.756 4573774.850 5305872.760
9621 403.012 4573724.850 5305822.760
9622 402.338 4573874.850 5306022.760
9623 402.882 4573613.730 5305619.410
9624 402.878 4573624.850 5305672.760
9625 402.890 4573574.850 5305622.760
9626 403.586 4573524.850 5305572.760
9627 403.385 4573467.070 5305520.570
9628 403.448 4573424.850 5305522.760
9629 403.410 4573474.850 5305572.760
9630 403.405 4573374.850 5305522.760
9631 402.920 4573674.850 5305772.760
9632 402.873 4573624.850 5305722.760
9633 402.549 4573924.850 5306122.760
9634 402.422 4573974.850 5306222.760
9635 402.504 4573924.850 5306172.760
9636 403.252 4573324.850 5305472.760
9637 403.385 4573292.880 5305429.920
9638 402.723 4573301.120 5305396.920
9639 401.325 4573309.540 5305364.000
9640 398.370 4573331.010 5305300.370
9641 396.315 4573338.240 5305267.120
9642 399.016 4573318.500 5305331.330
9643 395.263 4573344.680 5305233.530
9644 404.421 4572918.780 5304339.880
9645 403.724 4573412.350 5304845.590
9646 404.308 4572924.850 5304372.760
9647 404.411 4572974.850 5304372.760
9648 404.295 4573024.850 5304422.760
9649 404.053 4573074.850 5304472.760
9650 404.263 4573124.850 5304472.760
9651 403.974 4573174.850 5304522.760
9652 404.018 4573260.990 5304581.770
9653 404.004 4573224.850 5304572.760
9654 404.103 4573374.850 5304722.760
9655 404.035 4573274.850 5304622.760
9656 404.068 4573324.850 5304672.760
9657 403.861 4573423.470 5304806.180
9658 404.065 4573374.850 5304772.760
9659 394.939 4573343.690 5305196.710
9660 394.884 4573343.340 5305160.140
9661 394.674 4573343.680 5305123.830
9662 394.678 4573345.140 5305087.860
9663 395.656 4573359.660 5305020.880
9664 399.682 4573367.380 5304987.570
9665 395.493 4573346.100 5305051.610
9666 402.599 4573375.240 5304954.280
9667 403.812 4573382.470 5304920.700
9668 403.833 4573394.550 5304881.850
9669 403.230 4573283.600 5305477.000
9670 402.450 4574275.870 5306355.680
9671 402.457 4574224.850 5306322.760
9672 402.528 4574174.850 5306272.760
9673 402.492 4574124.850 5306272.760
9674 402.412 4574074.850 5306272.760
9675 402.274 4574024.850 5306272.760
9676 402.238 4573974.850 5306272.760
9677 402.508 4573874.850 5306072.760
9678 402.351 4573824.850 5305972.760
9679 402.388 4573774.850 5305922.760
9680 402.548 4573724.850 5305872.760
9681 402.806 4573674.850 5305822.760
9682 402.347 4573824.850 5306022.760
9683 402.886 4573586.510 5305658.820
9684 403.399 4573524.850 5305622.760
9685 403.334 4573447.520 5305565.160
9686 403.271 4573424.850 5305572.760
9687 403.475 4573474.850 5305622.760
9688 403.334 4573324.850 5305522.760
9689 403.397 4573374.850 5305572.760
9690 403.051 4573624.850 5305772.760
9691 402.888 4573554.410 5305694.820
9692 402.881 4573574.850 5305722.760
9693 402.546 4573874.850 5306122.760
9694 402.273 4573924.850 5306222.760
9695 402.433 4573874.850 5306172.760
9696 403.398 4573279.460 5305460.700
9697 402.649 4573287.730 5305427.700
9698 401.313 4573296.280 5305394.830
9699 399.094 4573305.280 5305362.170
9700 396.448 4573325.930 5305298.180
9701 395.520 4573332.670 5305264.720
9702 396.543 4573313.660 5305329.240
9703 394.910 4573331.360 5305227.770
9704 404.192 4572893.430 5304374.120
9705 403.828 4573405.580 5304842.450
9706 403.872 4572924.850 5304422.760
9707 404.109 4572974.850 5304422.760
9708 403.915 4573024.850 5304472.760
9709 403.943 4573074.850 5304522.760
9710 403.959 4573124.850 5304522.760
9711 403.988 4573174.850 5304572.760
9712 404.018 4573233.820 5304612.480
9713 404.069 4573324.850 5304722.760
9714 404.044 4573274.850 5304672.760
9715 403.922 4573374.850 5304822.760
9716 404.287 4573324.850 5304772.760
9717 394.841 4573330.680 5305191.070
9718 394.646 4573330.670 5305154.630
9719 394.597 4573331.340 5305118.450
9720 395.331 4573332.540 5305082.330
9721 399.572 4573353.610 5305018.210
9722 402.614 4573361.470 5304984.940
9723 399.412 4573339.880 5305048.880
9724 403.739 4573368.640 5304951.340
9725 404.203 4573377.130 5304918.300
9726 403.902 4573387.820 5304878.780
9727 403.430 4573266.050 5305491.470
9728 403.093 4573274.850 5305522.760
9729 402.319 4574270.270 5306404.340
9730 402.302 4574224.850 5306372.760
9731 402.401 4574174.850 5306322.760
9732 402.272 4574124.850 5306322.760
9733 402.261 4574074.850 5306322.760
9734 402.386 4574024.850 5306322.760
9735 402.449 4573974.850 5306322.760
9736 402.287 4573924.850 5306272.760
9737 402.471 4573924.850 5306322.760
9738 402.548 4573824.850 5306072.760
9739 402.360 4573774.850 5305972.760
9740 402.373 4573724.850 5305922.760
9741 402.385 4573674.850 5305872.760
9742 402.544 4573624.850 5305822.760
9743 402.472 4573774.850 5306022.760
9744 402.896 4573524.850 5305672.760
9745 403.327 4573444.060 5305614.330
9746 403.516 4573474.850 5305672.760
9747 403.286 4573324.850 5305572.760
9748 403.232 4573374.850 5305622.760
9749 402.890 4573574.850 5305772.760
9750 402.970 4573524.850 5305722.760
9751 403.061 4573528.020 5305734.820
9752 402.510 4573824.850 5306122.760
9753 402.232 4573874.850 5306222.760
9754 402.271 4573824.850 5306172.760
9755 402.574 4573274.330 5305458.480
9756 401.279 4573282.890 5305425.610
9757 399.087 4573291.960 5305392.970
9758 396.536 4573300.340 5305360.040
9759 395.850 4573320.660 5305295.900
9760 394.933 4573319.040 5305258.840
9761 396.076 4573308.650 5305327.090
9762 394.806 4573318.020 5305222.000
9763 403.851 4572866.350 5304415.680
9764 403.947 4573374.850 5304872.760
9765 403.882 4572924.850 5304472.760
9766 403.899 4572974.850 5304472.760
9767 403.926 4573024.850 5304522.760
9768 403.952 4573074.850 5304572.760
9769 403.970 4573124.850 5304572.760
9770 404.004 4573189.190 5304633.760
9771 404.021 4573224.850 5304672.760
9772 404.042 4573274.850 5304722.760
9773 403.959 4573274.850 5304772.760
9774 403.947 4573324.850 5304822.760
9775 394.617 4573317.670 5305185.430
9776 394.566 4573318.000 5305149.120
9777 395.200 4573318.980 5305113.060
9778 399.308 4573326.150 5305079.540
9779 402.615 4573347.690 5305015.590
9780 403.636 4573354.760 5304981.960
9781 402.605 4573333.990 5305046.280
9782 404.162 4573363.210 5304948.910
9783 404.083 4573370.530 5304915.340
9784 403.422 4573252.630 5305522.250
9785 402.497 4573260.920 5305489.250
9786 403.140 4573274.850 5305572.760
9787 402.454 4574252.170 5306450.920
9788 402.433 4574224.850 5306422.760
9789 402.337 4574174.850 5306372.760
9790 402.426 4574124.850 5306372.760
9791 402.442 4574074.850 5306372.760
9792 402.455 4574024.850 5306372.760
9793 402.453 4573974.850 5306372.760
9794 402.413 4573874.850 5306272.760
9795 402.407 4573924.850 5306372.760
9796 402.465 4573874.850 5306322.760
9797 402.548 4573774.850 5306072.760
9798 402.369 4573724.850 5305972.760
9799 402.382 4573674.850 5305922.760
9800 402.394 4573624.850 5305872.760
9801 402.406 4573574.850 5305822.760
9802 402.535 4573724.850 5306022.760
9803 403.359 4573478.250 5305694.690
9804 403.325 4573440.270 5305663.180
9805 403.271 4573324.850 5305622.760
9806 403.141 4573374.850 5305672.760
9807 402.447 4573516.910 5305777.650
9808 402.868 4573498.920 5305740.450
9809 402.969 4573474.850 5305722.760
9810 403.184 4573274.850 5305622.760
9811 402.444 4573774.850 5306122.760
9812 402.269 4573824.850 5306222.760
9813 402.259 4573774.850 5306172.760
9814 403.898 4572842.760 5304459.760
9815 401.242 4573269.490 5305456.390
9816 399.014 4573278.560 5305423.740
9817 396.521 4573286.970 5305390.810
9818 395.994 4573295.250 5305357.850
9819 394.955 4573306.710 5305289.900
9820 394.754 4573305.350 5305252.940
9821 394.980 4573294.380 5305320.960
9822 394.589 4573304.670 5305216.230
9823 403.864 4572874.850 5304472.760
9824 403.970 4573324.850 5304872.760
9825 404.064 4572924.850 5304522.760
9826 403.907 4572974.850 5304522.760
9827 403.932 4573024.850 5304572.760
9828 404.169 4573074.850 5304622.760
9829 403.976 4573124.850 5304622.760
9830 404.078 4573143.150 5304652.720
9831 404.090 4573174.850 5304672.760
9832 404.304 4573224.850 5304722.760
9833 403.930 4573224.850 5304772.760
9834 403.946 4573274.850 5304822.760
9835 394.532 4573304.670 5305179.790
9836 395.219 4573305.310 5305143.600
9837 399.210 4573312.430 5305110.210
9838 402.594 4573320.300 5305076.970
9839 403.544 4573340.870 5305012.570
9840 404.078 4573349.220 5304979.500
9841 403.459 4573327.090 5305043.240
9842 403.922 4573356.520 5304945.930
9843 403.975 4573324.850 5304922.760
9844 403.100 4573236.640 5305558.910
9845 402.421 4573247.510 5305520.030
9846 401.204 4573256.090 5305487.160
9847 402.794 4573220.820 5305595.640
9848 402.417 4574237.070 5306498.570
9849 402.450 4574224.850 5306472.760
9850 402.456 4574174.850 5306422.760
9851 402.432 4574269.650 5306505.880
9852 402.455 4574299.660 5306485.050
9853 402.457 4574124.850 5306422.760
9854 402.436 4574074.850 5306422.760
9855 402.391 4574024.850 5306422.760
9856 402.299 4573974.850 5306422.760
9857 402.191 4573924.850 5306422.760
9858 402.464 4573824.850 5306272.760
9859 402.328 4573874.850 5306372.760
9860 402.422 4573824.850 5306322.760
9861 402.052 4573874.850 5306422.760
9862 402.526 4573724.850 5306072.760
9863 402.377 4573674.850 5305972.760
9864 402.391 4573624.850 5305922.760
9865 402.404 4573574.850 5305872.760
9866 402.417 4573516.940 5305827.860
9867 402.552 4573674.850 5306022.760
9868 403.315 4573428.260 5305711.310
9869 403.256 4573324.850 5305672.760
9870 403.143 4573374.850 5305722.760
9871 402.427 4573474.850 5305772.760
9872 402.425 4573474.850 5305822.760
9873 402.917 4573224.850 5305622.760
9874 403.145 4573274.850 5305672.760
9875 402.275 4573724.850 5306122.760
9876 402.314 4573774.850 5306222.760
9877 402.270 4573724.850 5306172.760
9878 402.639 4573204.900 5305632.330
9879 404.257 4572826.030 5304505.900
9880 399.079 4573265.140 5305454.500
9881 396.511 4573273.550 5305421.570
9882 395.911 4573281.850 5305388.610
9883 394.941 4573280.980 5305351.700
9884 394.697 4573292.690 5305283.870
9885 394.564 4573291.670 5305247.030
9886 394.642 4573280.020 5305314.800
9887 394.498 4573291.330 5305210.460
9888 404.246 4572874.850 5304522.760
9889 403.956 4573274.850 5304872.760
9890 404.259 4572924.850 5304572.760
9891 404.224 4572974.850 5304572.760
9892 404.270 4573024.850 5304622.760
9893 404.086 4573074.850 5304672.760
9894 404.118 4573101.480 5304680.260
9895 404.281 4573124.850 5304672.760
9896 404.029 4573174.850 5304722.760
9897 403.924 4573174.850 5304772.760
9898 403.939 4573224.850 5304822.760
9899 395.277 4573291.640 5305174.140
9900 399.324 4573298.920 5305140.820
9901 402.582 4573306.620 5305107.670
9902 403.335 4573313.340 5305073.920
9903 403.994 4573335.230 5305010.080
9904 403.867 4573342.440 5304976.490
9905 403.900 4573321.380 5305040.730
9906 403.917 4573324.850 5304972.760
9907 403.954 4573274.850 5304922.760
9908 402.433 4573231.600 5305556.730
9909 401.121 4573242.690 5305517.930
9910 399.175 4573251.730 5305485.260
9911 402.467 4573215.840 5305593.490
9912 402.350 4574224.850 5306522.760
9913 402.417 4574174.850 5306472.760
9914 402.400 4574286.510 5306533.180
9915 402.361 4574124.850 5306472.760
9916 402.290 4574074.850 5306472.760
9917 402.182 4574024.850 5306472.760
9918 402.079 4573974.850 5306472.760
9919 401.944 4573924.850 5306472.760
9920 402.474 4573774.850 5306272.760
9921 402.201 4573824.850 5306372.760
9922 402.342 4573774.850 5306322.760
9923 402.042 4573874.850 5306472.760
9924 401.969 4573824.850 5306422.760
9925 402.456 4573674.850 5306072.760
9926 402.496 4573624.850 5305972.760
9927 402.399 4573574.850 5305922.760
9928 402.413 4573517.920 5305878.070
9929 402.532 4573624.850 5306022.760
9930 403.233 4573406.150 5305756.120
9931 403.015 4573324.850 5305722.760
9932 403.153 4573374.850 5305772.760
9933 403.414 4573424.850 5305822.760
9934 402.421 4573474.850 5305872.760
9935 403.029 4573224.850 5305672.760
9936 403.136 4573274.850 5305722.760
9937 402.286 4573674.850 5306122.760
9938 402.444 4573724.850 5306222.760
9939 402.281 4573674.850 5306172.760
9940 402.658 4573188.750 5305668.920
9941 402.487 4573199.980 5305630.220
9942 404.157 4572832.620 5304548.200
9943 396.500 4573260.130 5305452.320
9944 395.829 4573268.450 5305419.370
9945 394.909 4573267.570 5305382.450
9946 394.604 4573266.620 5305345.530
9947 394.536 4573278.670 5305277.830
9948 394.464 4573277.990 5305241.130
9949 394.494 4573265.670 5305308.630
9950 395.312 4573277.970 5305204.680
9951 404.133 4572874.850 5304572.760
9952 403.943 4573224.850 5304872.760
9953 403.985 4572924.850 5304622.760
9954 404.109 4572974.850 5304622.760
9955 403.955 4573024.850 5304672.760
9956 403.900 4573058.500 5304705.860
9957 403.910 4573124.850 5304722.760
9958 403.917 4573124.850 5304772.760
9959 403.930 4573174.850 5304822.760
9960 399.541 4573285.410 5305171.440
9961 402.555 4573292.950 5305138.220
9962 403.205 4573299.600 5305104.610
9963 403.804 4573307.560 5305071.390
9964 403.798 4573328.340 5305007.040
9965 403.231 4573314.420 5305037.670
9966 403.941 4573224.850 5304922.760
9967 403.932 4573274.850 5304972.760
9968 401.141 4573226.820 5305554.660
9969 399.267 4573238.310 5305516.020
9970 396.483 4573246.700 5305483.080
9971 401.234 4573211.060 5305591.440
9972 402.751 4573172.470 5305705.450
9973 402.278 4574221.980 5306546.200
9974 402.282 4574174.850 5306522.760
9975 402.166 4574224.850 5306572.760
9976 402.257 4574272.410 5306580.930
9977 402.174 4574124.850 5306522.760
9978 402.080 4574074.850 5306522.760
9979 402.012 4574024.850 5306522.760
9980 402.121 4573974.850 5306522.760
9981 402.184 4573924.850 5306522.760
9982 402.444 4573724.850 5306272.760
9983 402.045 4573774.850 5306372.760
9984 402.211 4573724.850 5306322.760
9985 402.198 4573874.850 5306522.760
9986 402.154 4573824.850 5306472.760
9987 401.979 4573774.850 5306422.760
9988 402.301 4573624.850 5306072.760
9989 402.548 4573574.850 5305972.760
9990 402.448 4573518.020 5305928.280
9991 402.465 4573574.850 5306022.760
9992 403.208 4573384.510 5305801.220
9993 403.010 4573324.850 5305772.760
9994 403.202 4573374.850 5305822.760
9995 402.428 4573424.850 5305872.760
9996 402.518 4573474.850 5305922.760
9997 403.035 4573224.850 5305722.760
9998 403.045 4573274.850 5305772.760
9999 402.740 4573174.850 5305722.760
10000 402.297 4573624.850 5306122.760
10001 402.483 4573674.850 5306222.760
10002 402.343 4573624.850 5306172.760
10003 402.481 4573183.950 5305666.870
10004 401.302 4573195.240 5305628.190
10005 403.914 4572808.500 5304591.960
10006 403.858 4572824.850 5304622.760
10007 395.746 4573255.050 5305450.120
10008 394.876 4573254.160 5305413.190
10009 394.567 4573253.220 5305376.260
10010 394.481 4573252.270 5305339.350
10011 394.430 4573264.650 5305271.800
10012 395.270 4573264.300 5305235.220
10013 394.396 4573251.310 5305302.470
10014 399.615 4573271.910 5305202.050
10015 403.904 4572874.850 5304622.760
10016 403.932 4573174.850 5304872.760
10017 403.877 4572924.850 5304672.760
10018 403.885 4572974.850 5304672.760
10019 403.897 4573016.440 5304732.940
10020 403.909 4573074.850 5304772.760
10021 403.921 4573124.850 5304822.760
10022 402.528 4573279.280 5305168.780
10023 403.232 4573286.140 5305135.250
10024 403.706 4573293.760 5305102.060
10025 403.989 4573174.850 5304922.760
10026 403.313 4573300.560 5305068.330
10027 403.331 4573274.850 5305022.760
10028 403.390 4573224.850 5304972.760
10029 399.394 4573222.460 5305552.770
10030 396.457 4573233.280 5305513.830
10031 395.596 4573241.650 5305480.880
10032 399.534 4573206.690 5305589.550
10033 404.093 4572609.550 5304456.450
10034 403.845 4572761.720 5304587.410
10035 402.726 4573156.740 5305742.380
10036 402.484 4573167.820 5305703.470
10037 402.077 4574174.850 5306572.760
10038 402.117 4574224.850 5306622.760
10039 402.099 4574265.140 5306629.770
10040 402.095 4574124.850 5306572.760
10041 402.158 4574074.850 5306572.760
10042 402.186 4574024.850 5306572.760
10043 402.197 4573974.850 5306572.760
10044 402.167 4573924.850 5306572.760
10045 402.358 4573674.850 5306272.760
10046 401.994 4573724.850 5306372.760
10047 402.040 4573674.850 5306322.760
10048 402.084 4573874.850 5306572.760
10049 402.194 4573824.850 5306522.760
10050 402.196 4573774.850 5306472.760
10051 402.069 4573724.850 5306422.760
10052 402.313 4573574.850 5306072.760
10053 402.519 4573513.970 5305978.320
10054 402.328 4573524.850 5306022.760
10055 403.015 4573324.850 5305822.760
10056 403.197 4573364.130 5305846.900
10057 402.957 4573374.850 5305872.760
10058 402.547 4573424.850 5305922.760
10059 402.470 4573474.850 5305972.760
10060 403.010 4573224.850 5305772.760
10061 402.875 4573274.850 5305822.760
10062 402.917 4573174.850 5305772.760
10063 402.308 4573574.850 5306122.760
10064 402.472 4573624.850 5306222.760
10065 402.474 4573574.850 5306172.760
10066 401.307 4573179.280 5305664.880
10067 399.570 4573190.870 5305626.300
10068 403.850 4572774.850 5304622.760
10069 403.862 4572824.850 5304672.760
10070 394.843 4573240.760 5305443.930
10071 394.529 4573239.820 5305406.990
10072 394.468 4573238.880 5305370.070
10073 394.372 4573237.920 5305333.180
10074 395.228 4573250.630 5305265.760
10075 399.662 4573258.440 5305232.690
10076 395.213 4573236.960 5305296.300
10077 402.501 4573265.620 5305199.340
10078 403.870 4572874.850 5304672.760
10079 403.922 4573124.850 5304872.760
10080 403.881 4572924.850 5304722.760
10081 403.889 4572974.850 5304722.760
10082 403.901 4573024.850 5304772.760
10083 403.912 4573074.850 5304822.760
10084 403.618 4573124.850 5304922.760
10085 403.260 4573272.670 5305165.900
10086 403.609 4573280.030 5305132.600
10087 403.486 4573286.700 5305098.990
10088 403.319 4573174.850 5304972.760
10089 403.389 4573274.850 5305072.760
10090 403.343 4573224.850 5305022.760
10091 396.338 4573217.810 5305550.750
10092 395.429 4573228.250 5305511.640
10093 394.811 4573227.350 5305474.670
10094 396.212 4573202.380 5305587.680
10095 403.946 4572579.730 5304484.990
10096 403.909 4572600.540 5304505.410
10097 403.809 4572554.530 5304526.320
10098 403.837 4572717.860 5304573.240
10099 403.843 4572724.850 5304622.760
10100 402.702 4573141.010 5305779.300
10101 402.428 4573151.780 5305740.260
10102 401.281 4573163.250 5305701.540
10103 402.155 4574174.850 5306622.760
10104 402.166 4574242.480 5306670.720
10105 402.175 4574124.850 5306622.760
10106 402.180 4574074.850 5306622.760
10107 402.131 4574024.850 5306622.760
10108 402.045 4573974.850 5306622.760
10109 401.940 4573924.850 5306622.760
10110 402.221 4573624.850 5306272.760
10111 402.005 4573674.850 5306372.760
10112 402.020 4573624.850 5306322.760
10113 401.839 4573874.850 5306622.760
10114 401.954 4573824.850 5306572.760
10115 402.116 4573774.850 5306522.760
10116 402.218 4573724.850 5306472.760
10117 402.185 4573674.850 5306422.760
10118 402.325 4573524.850 5306072.760
10119 402.336 4573492.830 5306023.090
10120 403.072 4573324.850 5305872.760
10121 403.190 4573344.150 5305892.760
10122 402.468 4573374.850 5305922.760
10123 402.355 4573424.850 5305972.760
10124 403.002 4573224.850 5305822.760
10125 402.876 4573274.850 5305872.760
10126 402.884 4573174.850 5305822.760
10127 402.319 4573524.850 5306122.760
10128 402.376 4573574.850 5306222.760
10129 402.485 4573524.850 5306172.760
10130 399.532 4573174.960 5305663.020
10131 396.118 4573186.930 5305624.610
10132 403.854 4572774.850 5304672.760
10133 403.901 4572824.850 5304722.760
10134 394.491 4573226.420 5305437.720
10135 394.456 4573225.480 5305400.790
10136 394.358 4573224.530 5305363.880
10137 395.214 4573223.580 5305327.000
10138 399.697 4573244.990 5305263.330
10139 402.509 4573252.020 5305229.920
10140 399.711 4573231.570 5305293.980
10141 403.287 4573259.220 5305196.560
10142 403.873 4572874.850 5304722.760
10143 404.006 4573074.850 5304872.760
10144 403.884 4572924.850 5304772.760
10145 403.892 4572976.540 5304763.130
10146 403.903 4573024.850 5304822.760
10147 403.348 4573074.850 5304922.760
10148 403.312 4573124.850 5304972.760
10149 403.551 4573266.290 5305163.140
10150 403.318 4573272.900 5305129.510
10151 403.394 4573267.700 5305111.200
10152 403.334 4573174.850 5305022.760
10153 403.364 4573224.850 5305072.760
10154 395.398 4573212.870 5305548.610
10155 394.778 4573213.940 5305505.420
10156 394.454 4573213.020 5305468.450
10157 395.310 4573197.500 5305585.570
10158 403.812 4572574.850 5304522.760
10159 403.819 4572604.870 5304550.490
10160 403.882 4572530.210 5304569.000
10161 403.953 4572497.240 5304605.370
10162 403.837 4572692.200 5304615.860
10163 403.884 4572724.850 5304672.760
10164 402.678 4573125.280 5305816.230
10165 402.372 4573135.740 5305777.050
10166 401.083 4573146.970 5305738.230
10167 399.459 4573159.010 5305699.720
10168 402.168 4574174.850 5306672.760
10169 402.111 4574227.570 5306714.690
10170 402.112 4574124.850 5306672.760
10171 402.031 4574228.070 5306737.760
10172 402.027 4574074.850 5306672.760
10173 401.928 4574024.850 5306672.760
10174 401.833 4573974.850 5306672.760
10175 401.646 4573924.850 5306672.760
10176 401.645 4573874.850 5306672.760
10177 402.035 4573574.850 5306272.760
10178 402.015 4573624.850 5306372.760
10179 402.031 4573574.850 5306322.760
10180 401.666 4573824.850 5306622.760
10181 401.845 4573774.850 5306572.760
10182 401.989 4573724.850 5306522.760
10183 402.150 4573674.850 5306472.760
10184 402.225 4573624.850 5306422.760
10185 401.758 4573824.850 5306672.760
10186 402.338 4573469.870 5306062.960
10187 402.352 4573424.850 5306022.760
10188 403.066 4573324.170 5305938.620
10189 402.367 4573374.850 5305972.760
10190 402.348 4573456.470 5306111.200
10191 402.828 4573224.850 5305872.760
10192 402.886 4573274.850 5305922.760
10193 402.537 4573125.100 5305829.400
10194 402.876 4573174.850 5305872.760
10195 402.410 4573474.850 5306172.760
10196 402.232 4573524.850 5306222.760
10197 402.423 4573452.540 5306160.960
10198 396.117 4573171.430 5305661.510
10199 395.165 4573182.120 5305622.540
10200 403.985 4572774.850 5304722.760
10201 403.921 4572824.850 5304772.760
10202 394.443 4573212.090 5305431.510
10203 394.353 4573211.150 5305394.590
10204 395.241 4573210.200 5305357.700
10205 399.394 4573218.210 5305324.680
10206 402.509 4573238.470 5305260.530
10207 403.311 4573245.860 5305227.250
10208 402.497 4573224.970 5305291.160
10209 403.526 4573252.580 5305193.680
10210 403.993 4572874.850 5304772.760
10211 403.816 4573024.850 5304872.760
10212 403.957 4572937.230 5304794.090
10213 404.008 4572974.850 5304822.760
10214 403.283 4573024.850 5304922.760
10215 403.302 4573074.850 5304972.760
10216 403.321 4573124.850 5305022.760
10217 403.244 4573259.100 5305160.020
10218 403.350 4573224.850 5305122.760
10219 403.341 4573174.850 5305072.760
10220 394.795 4573198.310 5305542.300
10221 394.418 4573199.620 5305499.180
10222 394.436 4573198.690 5305462.230
10223 394.811 4573182.680 5305579.190
10224 403.850 4572652.570 5304617.970
10225 403.860 4572570.270 5304584.710
10226 403.950 4572524.850 5304622.760
10227 403.710 4572492.180 5304649.580
10228 403.977 4572674.850 5304672.760
10229 403.940 4572724.850 5304722.760
10230 402.651 4573109.560 5305853.160
10231 402.304 4573119.700 5305813.850
10232 400.890 4573130.700 5305774.920
10233 398.690 4573142.430 5305736.280
10234 396.206 4573155.900 5305698.400
10235 402.015 4574188.400 5306727.470
10236 401.917 4574124.850 5306722.760
10237 401.871 4574212.280 5306781.030
10238 401.826 4574074.850 5306722.760
10239 401.680 4574024.850 5306722.760
10240 401.734 4573974.850 5306722.760
10241 401.840 4573924.850 5306722.760
10242 401.894 4573874.850 5306722.760
10243 402.046 4573524.850 5306272.760
10244 402.115 4573574.850 5306372.760
10245 402.041 4573524.850 5306322.760
10246 401.921 4573824.850 5306722.760
10247 401.620 4573774.850 5306622.760
10248 401.687 4573724.850 5306572.760
10249 401.851 4573674.850 5306522.760
10250 402.013 4573624.850 5306472.760
10251 402.195 4573574.850 5306422.760
10252 401.861 4573774.850 5306672.760
10253 402.346 4573424.850 5306072.760
10254 402.363 4573374.850 5306022.760
10255 402.623 4573315.790 5305980.620
10256 402.497 4573424.850 5306122.760
10257 402.744 4573224.850 5305922.760
10258 402.888 4573274.850 5305972.760
10259 402.781 4573124.850 5305872.760
10260 402.856 4573174.850 5305922.760
10261 402.065 4573459.610 5306210.660
10262 402.239 4573424.850 5306172.760
10263 395.021 4573166.750 5305659.500
10264 394.827 4573167.050 5305616.070
10265 403.682 4572774.850 5304772.760
10266 403.406 4572824.850 5304822.760
10267 394.349 4573197.760 5305425.300
10268 395.269 4573196.820 5305388.390
10269 399.256 4573204.800 5305355.360
10270 402.370 4573211.850 5305321.960
10271 403.320 4573232.580 5305257.980
10272 403.503 4573238.980 5305224.290
10273 403.323 4573219.380 5305288.750
10274 403.527 4573245.320 5305190.550
10275 403.581 4572874.850 5304822.760
10276 403.677 4572898.170 5304825.140
10277 403.476 4572974.850 5304872.760
10278 403.899 4572924.850 5304822.760
10279 403.274 4572974.850 5304922.760
10280 403.291 4573024.850 5304972.760
10281 403.308 4573074.850 5305022.760
10282 403.324 4573124.850 5305072.760
10283 403.287 4573224.850 5305172.760
10284 403.333 4573174.850 5305122.760
10285 394.487 4573183.740 5305535.990
10286 394.430 4573185.300 5305492.950
10287 394.344 4573184.370 5305456.010
10288 394.550 4573167.860 5305572.790
10289 403.965 4572605.570 5304632.910
10290 403.976 4572573.430 5304628.330
10291 403.525 4572513.340 5304687.090
10292 403.949 4572624.850 5304672.760
10293 403.755 4572674.850 5304722.760
10294 403.508 4572724.850 5304772.760
10295 402.632 4573093.830 5305890.080
10296 402.210 4573103.660 5305850.640
10297 400.859 4573114.420 5305811.610
10298 397.946 4573125.840 5305772.840
10299 395.797 4573138.830 5305734.750
10300 394.875 4573151.370 5305696.470
10301 401.731 4574124.850 5306772.760
10302 401.824 4574192.080 5306826.780
10303 401.816 4574074.850 5306772.760
10304 401.868 4574024.850 5306772.760
10305 401.902 4574171.900 5306872.540
10306 401.889 4573974.850 5306772.760
10307 401.915 4573924.850 5306772.760
10308 401.909 4573874.850 5306772.760
10309 402.061 4573460.470 5306260.760
10310 402.051 4573474.850 5306322.760
10311 402.233 4573524.850 5306372.760
10312 401.864 4573824.850 5306772.760
10313 401.927 4573774.850 5306722.760
10314 401.678 4573724.850 5306622.760
10315 401.649 4573674.850 5306572.760
10316 401.709 4573624.850 5306522.760
10317 401.856 4573574.850 5306472.760
10318 402.047 4573524.850 5306422.760
10319 401.910 4573724.850 5306672.760
10320 402.590 4573080.540 5305920.760
10321 402.356 4573374.850 5306072.760
10322 402.374 4573317.920 5306030.600
10323 402.446 4573374.850 5306122.760
10324 402.748 4573224.850 5305972.760
10325 402.842 4573274.850 5306022.760
10326 402.750 4573124.850 5305922.760
10327 402.611 4573174.850 5305972.760
10328 402.073 4573424.850 5306222.760
10329 402.087 4573374.850 5306172.760
10330 402.068 4573424.850 5306272.760
10331 394.808 4573151.410 5305652.960
10332 394.612 4573151.980 5305609.600
10333 403.272 4572774.850 5304822.760
10334 403.235 4572824.850 5304872.760
10335 395.292 4573183.450 5305419.090
10336 399.169 4573191.350 5305386.030
10337 402.269 4573198.610 5305352.700
10338 403.230 4573206.160 5305319.510
10339 403.483 4573225.500 5305254.940
10340 403.361 4573231.690 5305221.140
10341 403.466 4573212.120 5305285.630
10342 403.389 4573224.850 5305222.760
10343 403.241 4572860.520 5304857.550
10344 403.310 4572924.850 5304872.760
10345 403.263 4572924.850 5304922.760
10346 403.279 4572974.850 5304972.760
10347 403.295 4573024.850 5305022.760
10348 403.309 4573074.850 5305072.760
10349 403.389 4573124.850 5305122.760
10350 403.419 4573174.850 5305172.760
10351 394.477 4573169.170 5305529.670
10352 394.339 4573170.980 5305486.710
10353 395.318 4573170.070 5305449.790
10354 394.530 4573153.030 5305566.400
10355 403.811 4572574.850 5304672.760
10356 403.465 4572551.210 5304711.410
10357 403.578 4572624.850 5304722.760
10358 403.367 4572674.850 5304772.760
10359 403.208 4572724.850 5304822.760
10360 402.151 4573087.620 5305887.430
10361 400.496 4573098.150 5305848.300
10362 397.411 4573109.260 5305809.400
10363 395.501 4573121.760 5305771.110
10364 394.630 4573134.010 5305732.700
10365 394.750 4573135.780 5305689.840
10366 401.878 4574124.850 5306822.760
10367 401.906 4574074.850 5306822.760
10368 401.918 4574024.850 5306822.760
10369 401.858 4574151.750 5306918.310
10370 401.898 4573974.850 5306822.760
10371 401.853 4573924.850 5306822.760
10372 401.790 4573874.850 5306822.760
10373 401.665 4573824.850 5306822.760
10374 402.058 4573451.210 5306309.740
10375 402.232 4573474.850 5306372.760
10376 402.154 4573424.850 5306322.760
10377 401.800 4573774.850 5306772.760
10378 401.877 4573724.850 5306722.760
10379 401.805 4573674.850 5306622.760
10380 401.662 4573624.850 5306572.760
10381 401.679 4573574.850 5306522.760
10382 401.697 4573524.850 5306472.760
10383 401.859 4573474.850 5306422.760
10384 401.928 4573674.850 5306672.760
10385 402.543 4573067.250 5305951.440
10386 402.125 4573074.550 5305918.200
10387 402.501 4573317.810 5306079.080
10388 402.233 4573324.850 5306122.760
10389 402.758 4573224.850 5306022.760
10390 402.718 4573274.850 5306072.760
10391 402.741 4573124.850 5305972.760
10392 402.614 4573174.850 5306022.760
10393 402.084 4573374.850 5306222.760
10394 402.100 4573324.850 5306172.760
10395 402.078 4573374.850 5306272.760
10396 394.675 4573136.090 5305646.400
10397 394.588 4573136.900 5305603.130
10398 403.238 4572827.770 5304894.400
10399 403.224 4572774.850 5304872.760
10400 399.092 4573177.890 5305416.690
10401 402.188 4573185.280 5305383.410
10402 403.145 4573192.780 5305350.200
10403 403.376 4573199.070 5305316.500
10404 403.419 4573218.210 5305251.800
10405 403.585 4573204.870 5305282.520
10406 403.442 4573174.850 5305222.760
10407 403.240 4572824.850 5304922.760
10408 403.252 4572874.850 5304922.760
10409 403.268 4572924.850 5304972.760
10410 403.282 4572974.850 5305022.760
10411 403.419 4573024.850 5305072.760
10412 403.535 4573074.850 5305122.760
10413 403.424 4573124.850 5305172.760
10414 394.418 4573154.600 5305523.360
10415 395.345 4573156.690 5305480.490
10416 399.004 4573164.440 5305447.350
10417 394.440 4573138.210 5305560.010
10418 403.454 4572574.850 5304722.760
10419 403.163 4572546.810 5304759.850
10420 403.238 4572624.850 5304772.760
10421 403.197 4572674.850 5304822.760
10422 403.213 4572724.850 5304872.760
10423 400.056 4573081.870 5305884.990
10424 396.960 4573092.680 5305845.970
10425 394.860 4573104.680 5305807.460
10426 394.393 4573116.660 5305768.930
10427 394.733 4573118.710 5305726.190
10428 394.737 4573120.210 5305683.210
10429 401.888 4574074.850 5306872.760
10430 401.841 4574024.850 5306872.760
10431 401.711 4574131.710 5306964.130
10432 401.782 4573974.850 5306872.760
10433 401.656 4573924.850 5306872.760
10434 401.488 4573874.850 5306872.760
10435 401.641 4573824.850 5306872.760
10436 401.463 4573774.850 5306822.760
10437 402.232 4573429.190 5306354.750
10438 402.260 4573374.850 5306322.760
10439 401.673 4573724.850 5306772.760
10440 401.813 4573674.850 5306722.760
10441 401.896 4573624.850 5306622.760
10442 401.713 4573574.850 5306572.760
10443 401.773 4573394.880 5306390.520
10444 401.692 4573524.850 5306522.760
10445 401.727 4573424.850 5306422.760
10446 401.710 4573474.850 5306472.760
10447 401.902 4573624.850 5306672.760
10448 402.631 4573074.850 5305972.760
10449 402.497 4573053.970 5305982.120
10450 402.102 4573061.490 5305948.980
10451 400.289 4573068.980 5305915.840
10452 402.113 4573275.160 5306105.220
10453 402.818 4573224.850 5306072.760
10454 402.641 4573124.850 5306022.760
10455 402.619 4573174.850 5306072.760
10456 402.095 4573324.850 5306222.760
10457 402.112 4573274.850 5306172.760
10458 402.088 4573324.850 5306272.760
10459 394.646 4573120.770 5305639.860
10460 394.458 4573121.830 5305596.660
10461 403.301 4572799.990 5304936.010
10462 403.295 4572774.850 5304922.760
10463 402.107 4573171.950 5305414.120
10464 403.053 4573179.260 5305380.830
10465 403.315 4573185.780 5305347.270
10466 403.425 4573191.980 5305313.500
10467 403.468 4573174.850 5305272.760
10468 403.438 4573124.850 5305222.760
10469 403.413 4572824.850 5304972.760
10470 403.255 4572874.850 5304972.760
10471 403.419 4572924.850 5305022.760
10472 403.542 4572974.850 5305072.760
10473 403.404 4573024.850 5305122.760
10474 403.420 4573074.850 5305172.760
10475 395.485 4573140.060 5305517.060
10476 398.927 4573150.980 5305478.010
10477 402.037 4573158.620 5305444.820
10478 395.541 4573123.430 5305553.630
10479 403.203 4572524.850 5304772.760
10480 403.170 4572574.850 5304772.760
10481 403.186 4572624.850 5304822.760
10482 403.310 4572674.850 5304872.760
10483 403.420 4572724.850 5304922.760
10484 396.532 4573076.090 5305882.530
10485 394.374 4573087.610 5305843.810
10486 394.337 4573099.300 5305805.170
10487 394.573 4573101.640 5305762.550
10488 394.742 4573103.410 5305719.680
10489 394.704 4573104.640 5305676.590
10490 401.474 4573724.850 5306822.760
10491 401.716 4574092.540 5307056.160
10492 401.647 4574024.850 5306922.760
10493 401.724 4574111.770 5307009.990
10494 401.624 4573974.850 5306922.760
10495 401.705 4573924.850 5306922.760
10496 401.739 4573874.850 5306922.760
10497 401.760 4573824.850 5306922.760
10498 401.725 4573774.850 5306872.760
10499 401.851 4573374.850 5306372.760
10500 402.150 4573324.850 5306322.760
10501 401.489 4573674.850 5306772.760
10502 401.682 4573624.850 5306722.760
10503 401.939 4573574.850 5306622.760
10504 401.839 4573524.850 5306572.760
10505 401.740 4573374.850 5306422.760
10506 401.704 4573474.850 5306522.760
10507 401.723 4573424.850 5306472.760
10508 401.823 4573574.850 5306672.760
10509 402.615 4573074.850 5306022.760
10510 402.450 4573040.680 5306012.800
10511 402.071 4573048.430 5305979.760
10512 400.491 4573056.100 5305946.690
10513 397.006 4573063.410 5305913.470
10514 402.935 4573234.920 5306134.190
10515 402.478 4573124.850 5306072.760
10516 402.669 4573174.850 5306122.760
10517 402.106 4573274.850 5306222.760
10518 402.124 4573224.850 5306172.760
10519 402.205 4573274.850 5306272.760
10520 402.607 4573074.850 5306072.760
10521 394.497 4573105.440 5305633.310
10522 395.580 4573106.790 5305590.210
10523 403.526 4572787.480 5304984.170
10524 402.961 4573165.730 5305411.460
10525 403.226 4573172.300 5305377.960
10526 403.286 4573178.790 5305344.350
10527 403.421 4573174.850 5305322.760
10528 403.443 4573124.850 5305272.760
10529 403.427 4573074.850 5305222.760
10530 403.524 4572824.850 5305022.760
10531 403.526 4572874.850 5305022.760
10532 403.493 4572924.850 5305072.760
10533 403.397 4572974.850 5305122.760
10534 403.412 4573024.850 5305172.760
10535 399.218 4573134.500 5305514.690
10536 401.970 4573145.280 5305475.530
10537 402.868 4573152.200 5305442.090
10538 399.736 4573117.980 5305551.340
10539 403.286 4572515.810 5304793.550
10540 403.295 4572574.850 5304822.760
10541 403.418 4572624.850 5304872.760
10542 403.503 4572674.850 5304922.760
10543 403.535 4572724.850 5304972.760
10544 403.524 4572442.310 5304842.640
10545 394.260 4573070.540 5305880.160
10546 394.361 4573081.950 5305841.400
10547 394.513 4573084.570 5305798.900
10548 394.694 4573086.620 5305756.150
10549 394.675 4573088.120 5305713.180
10550 394.529 4573089.060 5305669.960
10551 401.760 4573724.850 5306872.760
10552 401.659 4573674.850 5306822.760
10553 401.697 4574048.540 5307050.980
10554 401.697 4574024.850 5306972.760
10555 401.735 4573974.850 5306972.760
10556 401.738 4573924.850 5306972.760
10557 401.714 4573874.850 5306972.760
10558 401.593 4574028.900 5307096.890
10559 401.674 4573824.850 5306972.760
10560 401.738 4573774.850 5306922.760
10561 401.851 4573274.850 5306322.760
10562 401.746 4573354.370 5306420.000
10563 401.757 4573324.850 5306372.760
10564 401.500 4573624.850 5306772.760
10565 401.516 4573574.850 5306722.760
10566 401.921 4573524.850 5306622.760
10567 401.937 4573474.850 5306572.760
10568 401.735 4573374.850 5306472.760
10569 401.748 4573424.850 5306522.760
10570 401.689 4573524.850 5306672.760
10571 402.403 4573027.390 5306043.470
10572 402.356 4573014.100 5306074.150
10573 402.035 4573035.370 5306010.540
10574 400.776 4573043.220 5305977.550
10575 397.391 4573050.740 5305944.420
10576 394.321 4573058.120 5305911.220
10577 402.330 4573202.320 5306172.130
10578 402.481 4573124.850 5306122.760
10579 402.749 4573174.850 5306172.760
10580 402.116 4573224.850 5306222.760
10581 402.240 4573224.850 5306272.760
10582 402.489 4573024.850 5306072.760
10583 402.424 4573074.850 5306122.760
10584 395.835 4573090.160 5305626.780
10585 399.597 4573102.100 5305588.230
10586 403.387 4572763.660 5305027.710
10587 403.136 4573158.810 5305408.640
10588 403.260 4573165.350 5305375.090
10589 403.428 4573124.850 5305322.760
10590 403.429 4573074.850 5305272.760
10591 403.417 4573024.850 5305222.760
10592 403.367 4572824.850 5305072.760
10593 403.375 4572874.850 5305072.760
10594 403.390 4572924.850 5305122.760
10595 403.404 4572974.850 5305172.760
10596 402.013 4573128.830 5305512.260
10597 402.777 4573138.660 5305472.720
10598 403.044 4573145.310 5305439.320
10599 402.030 4573112.240 5305548.920
10600 403.364 4572724.850 5305022.760
10601 403.491 4572480.920 5304826.720
10602 403.415 4572524.850 5304822.760
10603 403.496 4572574.850 5304872.760
10604 403.530 4572624.850 5304922.760
10605 403.499 4572674.850 5304972.760
10606 403.517 4572457.930 5304871.060
10607 394.405 4573064.590 5305877.630
10608 394.538 4573067.500 5305835.250
10609 394.658 4573069.820 5305792.620
10610 394.626 4573071.590 5305749.760
10611 394.494 4573072.810 5305706.660
10612 396.442 4573073.530 5305663.350
10613 401.695 4573724.850 5306922.760
10614 401.756 4573674.850 5306872.760
10615 401.739 4573624.850 5306822.760
10616 401.696 4573974.850 5307022.760
10617 401.657 4573924.850 5307022.760
10618 401.601 4573874.850 5307022.760
10619 401.379 4574009.640 5307143.040
10620 401.465 4573984.600 5307177.730
10621 401.530 4573824.850 5307022.760
10622 401.613 4573774.850 5306972.760
10623 401.771 4573274.850 5306372.760
10624 401.787 4573224.850 5306322.760
10625 401.756 4573308.380 5306439.480
10626 401.766 4573274.850 5306422.760
10627 401.511 4573574.850 5306772.760
10628 401.527 4573524.850 5306722.760
10629 401.836 4573474.850 5306622.760
10630 401.747 4573324.850 5306472.760
10631 401.948 4573424.850 5306572.760
10632 401.885 4573374.850 5306522.760
10633 401.543 4573474.850 5306672.760
10634 402.280 4573000.650 5306104.980
10635 401.999 4573022.300 5306041.310
10636 401.963 4573009.240 5306072.090
10637 400.896 4573030.330 5306008.400
10638 397.932 4573038.060 5305975.360
10639 394.504 4573045.710 5305942.280
10640 394.424 4573052.510 5305908.830
10641 402.666 4573163.270 5306202.880
10642 402.491 4573124.850 5306172.760
10643 401.833 4573174.850 5306272.760
10644 402.480 4573024.850 5306122.760
10645 402.348 4573074.850 5306172.760
10646 399.081 4573086.680 5305625.270
10647 401.826 4573096.970 5305586.080
10648 403.357 4572762.350 5305075.030
10649 403.242 4573151.890 5305405.820
10650 402.932 4573124.850 5305372.760
10651 403.448 4573074.850 5305322.760
10652 403.417 4573024.850 5305272.760
10653 403.407 4572974.850 5305222.760
10654 403.372 4572824.850 5305122.760
10655 403.381 4572874.850 5305122.760
10656 403.394 4572924.850 5305172.760
10657 403.008 4573122.210 5305509.480
10658 402.953 4573131.820 5305470.000
10659 403.223 4573138.430 5305436.560
10660 403.101 4573105.530 5305546.140
10661 403.350 4572724.850 5305072.760
10662 403.336 4572674.850 5305022.760
10663 403.526 4572524.850 5304872.760
10664 403.513 4572574.850 5304922.760
10665 403.425 4572624.850 5304972.760
10666 403.469 4572468.680 5304902.270
10667 394.583 4573050.420 5305871.600
10668 394.582 4573053.020 5305829.090
10669 394.587 4573055.070 5305786.350
10670 394.460 4573056.560 5305743.360
10671 396.353 4573057.540 5305700.160
10672 399.059 4573070.700 5305662.140
10673 401.538 4573724.850 5306972.760
10674 401.628 4573674.850 5306922.760
10675 401.715 4573624.850 5306872.760
10676 401.774 4573574.850 5306822.760
10677 401.524 4573924.850 5307072.760
10678 401.397 4573874.850 5307072.760
10679 401.496 4573947.310 5307186.180
10680 401.501 4573908.300 5307193.100
10681 401.223 4573824.850 5307072.760
10682 401.404 4573774.850 5307022.760
10683 401.785 4573224.850 5306372.760
10684 401.802 4573174.850 5306322.760
10685 401.784 4573275.510 5306475.020
10686 401.778 4573224.850 5306422.760
10687 401.679 4573524.850 5306772.760
10688 401.539 4573474.850 5306722.760
10689 401.696 4573424.850 5306622.760
10690 401.960 4573324.850 5306522.760
10691 401.863 4573374.850 5306572.760
10692 401.555 4573424.850 5306672.760
10693 402.247 4572987.200 5306135.820
10694 401.934 4572995.970 5306103.000
10695 400.950 4573017.440 5306039.250
10696 401.005 4573004.550 5306070.110
10697 398.752 4573025.380 5306006.300
10698 394.918 4573033.300 5305973.330
10699 394.415 4573040.430 5305940.030
10700 394.492 4573038.180 5305902.740
10701 402.510 4573122.040 5306231.200
10702 402.503 4573124.850 5306272.760
10703 402.454 4573024.850 5306172.760
10704 402.353 4573074.850 5306222.760
10705 402.228 4572973.750 5306166.650
10706 401.448 4573082.710 5305623.560
10707 402.774 4573090.950 5305583.590
10708 403.363 4572777.320 5305122.740
10709 402.948 4573124.850 5305422.760
10710 402.942 4573074.850 5305372.760
10711 403.006 4573024.850 5305322.760
10712 403.466 4572974.850 5305272.760
10713 403.396 4572924.850 5305222.760
10714 403.379 4572805.890 5305163.080
10715 403.385 4572874.850 5305172.760
10716 402.878 4573115.430 5305506.780
10717 403.204 4573124.970 5305467.290
10718 402.738 4573098.710 5305543.420
10719 403.369 4572724.850 5305122.760
10720 403.340 4572674.850 5305072.760
10721 403.327 4572624.850 5305022.760
10722 403.473 4572524.850 5304922.760
10723 403.341 4572574.850 5304972.760
10724 403.291 4572464.210 5304939.940
10725 394.488 4573036.220 5305865.560
10726 394.555 4573038.550 5305822.940
10727 394.433 4573040.310 5305780.070
10728 396.253 4573041.560 5305736.980
10729 398.795 4573054.800 5305698.990
10730 401.277 4573067.270 5305660.690
10731 401.232 4573724.850 5307022.760
10732 401.411 4573674.850 5306972.760
10733 401.548 4573624.850 5306922.760
10734 401.646 4573574.850 5306872.760
10735 401.749 4573524.850 5306822.760
10736 401.421 4573874.850 5307122.760
10737 401.473 4573884.800 5307230.810
10738 401.477 4573824.850 5307122.760
10739 401.287 4573774.850 5307072.760
10740 401.426 4573849.140 5307245.380
10741 401.894 4573277.240 5306522.530
10742 401.798 4573174.850 5306372.760
10743 401.970 4573124.850 5306322.760
10744 401.925 4573224.850 5306472.760
10745 401.789 4573174.850 5306422.760
10746 401.753 4573474.850 5306772.760
10747 401.550 4573424.850 5306722.760
10748 401.668 4573303.310 5306565.320
10749 401.571 4573374.850 5306622.760
10750 401.692 4573324.850 5306572.760
10751 401.566 4573374.850 5306672.760
10752 401.904 4572982.700 5306133.900
10753 400.944 4572991.500 5306101.100
10754 399.538 4573012.710 5306037.250
10755 399.968 4573000.030 5306068.190
10756 395.317 4573020.880 5306004.390
10757 394.415 4573028.340 5305971.230
10758 394.402 4573025.930 5305933.870
10759 394.496 4573023.810 5305896.630
10760 402.343 4572970.800 5306185.000
10761 402.414 4573092.200 5306271.200
10762 402.212 4573024.850 5306222.760
10763 402.229 4572960.230 5306197.450
10764 401.870 4572969.430 5306164.800
10765 402.444 4573078.030 5305621.560
10766 403.051 4573084.890 5305581.140
10767 403.443 4572774.850 5305172.760
10768 402.951 4573074.850 5305422.760
10769 403.456 4572874.850 5305222.760
10770 402.940 4573024.850 5305372.760
10771 402.930 4572974.850 5305322.760
10772 403.143 4572924.850 5305272.760
10773 403.445 4572825.580 5305208.240
10774 403.091 4572856.170 5305247.770
10775 403.067 4573108.810 5305504.170
10776 402.953 4573074.850 5305472.760
10777 402.934 4573092.290 5305540.880
10778 403.346 4572724.850 5305172.760
10779 403.435 4572674.850 5305122.760
10780 403.383 4572624.850 5305072.760
10781 403.318 4572574.850 5305022.760
10782 403.305 4572524.850 5304972.760
10783 403.385 4572442.670 5304985.080
10784 403.408 4572437.820 5305023.510
10785 394.485 4573022.030 5305859.520
10786 394.425 4573024.070 5305816.770
10787 396.161 4573025.570 5305773.790
10788 398.751 4573038.800 5305735.800
10789 401.022 4573051.570 5305697.620
10790 402.094 4573063.210 5305658.960
10791 401.441 4573724.850 5307072.760
10792 401.228 4573674.850 5307022.760
10793 401.199 4573624.850 5306972.760
10794 401.393 4573574.850 5306922.760
10795 401.558 4573524.850 5306872.760
10796 401.678 4573474.850 5306822.760
10797 401.500 4573824.850 5307172.760
10798 401.503 4573774.850 5307122.760
10799 401.506 4573724.850 5307122.760
10800 401.322 4573812.560 5307270.410
10801 401.598 4573274.850 5306572.760
10802 401.698 4573224.850 5306522.760
10803 401.810 4573124.850 5306372.760
10804 402.396 4573073.030 5306316.160
10805 401.932 4573174.850 5306472.760
10806 401.799 4573124.850 5306422.760
10807 401.781 4573424.850 5306772.760
10808 401.700 4573374.850 5306722.760
10809 401.587 4573309.410 5306613.460
10810 401.578 4573324.850 5306672.760
10811 400.864 4572978.440 5306132.080
10812 399.897 4572987.110 5306099.230
10813 395.657 4573008.470 5306035.450
10814 396.363 4572996.050 5306066.500
10815 394.467 4573016.260 5306002.430
10816 394.389 4573013.680 5305965.010
10817 394.504 4573011.400 5305927.700
10818 394.482 4573009.450 5305890.530
10819 402.224 4573024.850 5306322.760
10820 402.346 4572974.850 5306222.760
10821 402.217 4573024.850 5306272.760
10822 402.131 4572947.060 5306228.410
10823 401.829 4572956.110 5306195.680
10824 400.781 4572965.380 5306163.070
10825 402.919 4573073.360 5305619.590
10826 402.658 4573079.400 5305578.940
10827 403.043 4572774.850 5305222.760
10828 402.945 4573024.850 5305422.760
10829 402.944 4573014.520 5305444.650
10830 402.919 4572884.820 5305288.380
10831 402.936 4572974.850 5305372.760
10832 402.926 4572924.850 5305322.760
10833 402.912 4572824.850 5305272.760
10834 402.934 4573074.850 5305522.760
10835 402.945 4573024.850 5305472.760
10836 403.029 4573074.850 5305572.760
10837 402.944 4572724.850 5305222.760
10838 403.106 4572674.850 5305172.760
10839 403.373 4572624.850 5305122.760
10840 403.427 4572574.850 5305072.760
10841 403.364 4572524.850 5305022.760
10842 403.419 4572474.850 5305022.760
10843 403.261 4572448.500 5305057.740
10844 403.110 4572424.850 5305072.760
10845 394.417 4573007.820 5305853.470
10846 395.894 4573009.590 5305810.610
10847 398.613 4573022.760 5305772.600
10848 400.907 4573035.640 5305734.460
10849 401.948 4573047.760 5305696.000
10850 402.781 4573059.220 5305657.260
10851 401.484 4573674.850 5307072.760
10852 401.318 4573624.850 5307022.760
10853 401.212 4573574.850 5306972.760
10854 401.231 4573524.850 5306922.760
10855 401.407 4573474.850 5306872.760
10856 401.570 4573424.850 5306822.760
10857 401.485 4573774.850 5307172.760
10858 401.455 4573724.850 5307172.760
10859 401.493 4573674.850 5307122.760
10860 401.187 4573764.970 5307279.440
10861 401.595 4573274.850 5306622.760
10862 401.611 4573224.850 5306572.760
10863 401.626 4573174.850 5306522.760
10864 402.438 4573062.390 5306365.030
10865 401.708 4573124.850 5306472.760
10866 401.978 4573074.850 5306422.760
10867 401.714 4573374.850 5306772.760
10868 401.789 4573324.850 5306722.760
10869 401.587 4573288.920 5306659.290
10870 399.825 4572974.190 5306130.270
10871 396.687 4572983.260 5306097.590
10872 394.515 4573004.180 5306033.630
10873 394.618 4572992.100 5306064.830
10874 394.376 4573001.440 5305996.140
10875 394.511 4572998.980 5305958.770
10876 394.474 4572996.870 5305921.530
10877 394.446 4572995.080 5305884.410
10878 402.266 4573024.850 5306372.760
10879 402.082 4572974.850 5306322.760
10880 402.237 4572974.850 5306272.760
10881 401.900 4572934.370 5306259.560
10882 401.813 4572943.060 5306226.680
10883 400.695 4572952.280 5306194.040
10884 399.753 4572961.270 5306161.300
10885 403.079 4573069.340 5305617.910
10886 402.907 4572774.850 5305272.760
10887 402.939 4572974.850 5305422.760
10888 402.938 4572970.360 5305443.990
10889 402.925 4572900.480 5305334.540
10890 402.921 4572874.850 5305322.760
10891 402.930 4572924.850 5305372.760
10892 402.916 4572824.850 5305322.760
10893 402.935 4573024.850 5305522.760
10894 402.937 4572974.850 5305472.760
10895 402.941 4573024.850 5305572.760
10896 402.901 4572724.850 5305272.760
10897 402.891 4572674.850 5305222.760
10898 403.001 4572624.850 5305172.760
10899 403.178 4572574.850 5305122.760
10900 403.384 4572524.850 5305072.760
10901 403.240 4572474.850 5305072.760
10902 402.987 4572427.120 5305102.890
10903 395.674 4572993.600 5305847.420
10904 398.557 4573006.730 5305809.390
10905 400.886 4573019.630 5305771.260
10906 401.989 4573031.920 5305732.880
10907 402.701 4573043.960 5305694.380
10908 403.184 4573056.010 5305655.890
10909 401.504 4573624.850 5307072.760
10910 401.458 4573574.850 5307022.760
10911 401.225 4573524.850 5306972.760
10912 401.461 4573624.850 5307122.760
10913 401.245 4573474.850 5306922.760
10914 401.264 4573424.850 5306872.760
10915 401.415 4573374.850 5306822.760
10916 401.336 4573724.850 5307222.760
10917 401.416 4573674.850 5307172.760
10918 401.341 4573624.850 5307172.760
10919 401.316 4573719.010 5307294.780
10920 401.606 4573224.850 5306622.760
10921 401.624 4573174.850 5306572.760
10922 401.640 4573124.850 5306522.760
10923 402.024 4573049.580 5306413.380
10924 401.655 4573074.850 5306472.760
10925 402.366 4573024.850 5306422.760
10926 401.587 4573324.850 5306772.760
10927 401.758 4573274.850 5306722.760
10928 401.790 4573260.590 5306698.150
10929 401.722 4573224.850 5306672.760
10930 396.951 4572970.470 5306128.680
10931 394.733 4572979.390 5306095.950
10932 394.349 4572989.190 5306027.270
10933 394.333 4572976.940 5306058.410
10934 394.503 4572986.570 5305989.830
10935 394.460 4572984.290 5305952.530
10936 394.476 4572982.340 5305915.350
10937 395.459 4572980.710 5305878.300
10938 402.086 4572974.850 5306372.760
10939 402.211 4572924.850 5306322.760
10940 401.985 4572917.960 5306296.250
10941 401.832 4572930.390 5306257.840
10942 400.619 4572939.390 5306225.090
10943 399.838 4572948.320 5306192.330
10944 396.980 4572957.680 5306159.770
10945 401.942 4572901.870 5306333.090
10946 402.853 4572409.740 5305149.730
10947 402.960 4573024.850 5305622.760
10948 402.910 4572774.850 5305322.760
10949 402.932 4572926.520 5305439.790
10950 402.924 4572874.850 5305372.760
10951 402.928 4572898.850 5305384.490
10952 402.918 4572824.850 5305372.760
10953 402.952 4572974.850 5305522.760
10954 402.967 4572924.850 5305472.760
10955 402.944 4572974.850 5305572.760
10956 402.903 4572724.850 5305322.760
10957 402.895 4572674.850 5305272.760
10958 402.885 4572624.850 5305222.760
10959 402.930 4572574.850 5305172.760
10960 403.061 4572524.850 5305122.760
10961 402.981 4572474.850 5305122.760
10962 398.568 4572990.690 5305846.190
10963 400.858 4573003.630 5305808.070
10964 402.082 4573015.970 5305769.710
10965 402.664 4573028.160 5305731.270
10966 402.919 4573040.910 5305693.080
10967 402.877 4573024.850 5305672.760
10968 401.502 4573574.850 5307072.760
10969 401.511 4573524.850 5307022.760
10970 401.380 4573474.850 5306972.760
10971 401.421 4573574.850 5307122.760
10972 401.258 4573424.850 5306922.760
10973 401.278 4573374.850 5306872.760
10974 401.297 4573324.850 5306822.760
10975 401.205 4573674.850 5307222.760
10976 401.224 4573574.850 5307172.760
10977 401.213 4573624.850 5307222.760
10978 401.359 4573690.720 5307334.360
10979 401.617 4573174.850 5306622.760
10980 401.636 4573124.850 5306572.760
10981 401.654 4573074.850 5306522.760
10982 402.495 4573036.770 5306461.740
10983 402.096 4572974.850 5306422.760
10984 401.412 4573274.850 5306772.760
10985 401.563 4573221.720 5306729.730
10986 401.811 4573174.850 5306672.760
10987 394.847 4572966.680 5306127.060
10988 394.301 4572964.590 5306089.650
10989 394.490 4572974.160 5306020.900
10990 394.477 4572961.750 5306051.970
10991 394.467 4572971.710 5305983.530
10992 394.505 4572969.610 5305946.290
10993 395.424 4572967.830 5305909.180
10994 398.226 4572977.680 5305877.010
10995 402.021 4572924.850 5306372.760
10996 401.699 4572913.820 5306294.460
10997 400.630 4572926.770 5306256.260
10998 400.083 4572935.510 5306223.410
10999 397.059 4572944.880 5306190.850
11000 394.949 4572953.970 5306158.170
11001 401.802 4572886.390 5306370.190
11002 401.591 4572897.510 5306331.210
11003 402.856 4572424.850 5305172.760
11004 402.934 4572390.810 5305195.710
11005 402.916 4572206.110 5305346.360
11006 402.804 4572146.390 5305389.590
11007 402.610 4572126.990 5305433.570
11008 402.929 4572182.880 5305367.180
11009 402.951 4572974.850 5305622.760
11010 402.911 4572774.850 5305372.760
11011 402.926 4572883.150 5305430.870
11012 402.968 4572824.850 5305422.760
11013 402.934 4572924.850 5305522.760
11014 402.995 4572874.850 5305472.760
11015 402.940 4572924.850 5305572.760
11016 402.968 4572724.850 5305372.760
11017 402.897 4572674.850 5305322.760
11018 402.888 4572624.850 5305272.760
11019 402.879 4572574.850 5305222.760
11020 402.869 4572524.850 5305172.760
11021 402.863 4572474.850 5305172.760
11022 400.829 4572987.630 5305844.880
11023 402.109 4573000.040 5305806.550
11024 402.624 4573012.190 5305768.100
11025 402.867 4573025.140 5305729.990
11026 402.570 4573017.600 5305719.400
11027 402.947 4572974.850 5305672.760
11028 401.475 4573524.850 5307072.760
11029 401.514 4573474.850 5307022.760
11030 401.495 4573424.850 5306972.760
11031 401.346 4573524.850 5307122.760
11032 401.272 4573374.850 5306922.760
11033 401.292 4573324.850 5306872.760
11034 401.311 4573274.850 5306822.760
11035 401.232 4573524.850 5307172.760
11036 401.357 4573624.850 5307272.760
11037 401.254 4573574.850 5307222.760
11038 401.329 4573524.850 5307222.760
11039 401.336 4573642.130 5307333.980
11040 401.628 4573124.850 5306622.760
11041 401.647 4573074.850 5306572.760
11042 401.666 4573035.760 5306511.330
11043 401.951 4572924.850 5306422.760
11044 402.121 4572974.850 5306472.760
11045 401.330 4573224.850 5306772.760
11046 401.428 4573174.850 5306722.760
11047 401.666 4573124.850 5306672.760
11048 394.277 4572952.240 5306120.890
11049 394.371 4572949.760 5306083.340
11050 394.442 4572959.130 5306014.530
11051 394.408 4572946.550 5306045.530
11052 394.540 4572956.870 5305977.230
11053 395.334 4572954.940 5305940.060
11054 397.881 4572964.670 5305907.840
11055 400.569 4572974.610 5305875.710
11056 401.943 4572871.260 5306407.430
11057 394.274 4572939.880 5306152.130
11058 400.525 4572910.030 5306292.820
11059 400.070 4572922.870 5306254.570
11060 397.191 4572932.140 5306221.960
11061 394.942 4572941.270 5306189.290
11062 401.526 4572881.680 5306368.150
11063 400.504 4572893.490 5306329.460
11064 402.967 4572424.850 5305222.760
11065 402.999 4572404.340 5305237.490
11066 402.551 4572136.260 5305517.350
11067 402.454 4572113.650 5305479.350
11068 402.877 4572224.850 5305322.760
11069 402.937 4572224.850 5305372.760
11070 402.716 4572174.600 5305430.840
11071 402.875 4572206.960 5305396.120
11072 402.865 4572278.680 5305331.140
11073 402.987 4572390.530 5305282.850
11074 402.494 4572174.850 5305522.760
11075 402.589 4572173.260 5305547.700
11076 402.942 4572924.850 5305622.760
11077 402.986 4572774.850 5305422.760
11078 402.992 4572851.900 5305468.170
11079 402.941 4572824.850 5305472.760
11080 402.930 4572874.850 5305522.760
11081 402.934 4572874.850 5305572.760
11082 402.982 4572724.850 5305422.760
11083 402.995 4572674.850 5305372.760
11084 402.970 4572624.850 5305322.760
11085 402.895 4572574.850 5305272.760
11086 402.872 4572524.850 5305222.760
11087 402.883 4572474.850 5305222.760
11088 402.091 4572984.110 5305843.390
11089 402.579 4572996.260 5305804.940
11090 402.878 4573009.180 5305766.810
11091 402.926 4572974.850 5305722.760
11092 402.940 4572924.850 5305672.760
11093 401.428 4573474.850 5307072.760
11094 401.487 4573424.850 5307022.760
11095 401.516 4573374.850 5306972.760
11096 401.244 4573474.850 5307122.760
11097 401.410 4573324.850 5306922.760
11098 401.305 4573274.850 5306872.760
11099 401.325 4573224.850 5306822.760
11100 401.240 4573474.850 5307172.760
11101 401.384 4573474.850 5307222.760
11102 401.370 4573574.850 5307272.760
11103 401.354 4573524.850 5307272.760
11104 401.216 4573603.070 5307363.290
11105 401.746 4573074.850 5306622.760
11106 402.050 4572874.850 5306422.760
11107 401.658 4573037.450 5306561.310
11108 402.061 4572974.850 5306522.760
11109 401.957 4572924.850 5306472.760
11110 401.344 4573178.970 5306755.660
11111 401.362 4573124.850 5306722.760
11112 401.425 4573074.850 5306672.760
11113 394.268 4572937.770 5306114.710
11114 394.340 4572934.910 5306077.030
11115 394.584 4572944.130 5306008.170
11116 394.628 4572931.390 5306039.100
11117 395.223 4572942.050 5305970.950
11118 397.539 4572951.660 5305938.670
11119 400.316 4572961.580 5305906.530
11120 401.937 4572971.090 5305874.210
11121 401.979 4572855.770 5306444.520
11122 401.489 4572866.120 5306405.200
11123 394.210 4572925.780 5306146.090
11124 394.280 4572927.530 5306183.370
11125 399.463 4572906.180 5306291.150
11126 397.396 4572919.500 5306253.110
11127 395.451 4572928.560 5306220.400
11128 400.357 4572877.290 5306366.250
11129 398.401 4572889.610 5306327.780
11130 403.001 4572424.850 5305272.760
11131 402.470 4572182.380 5305478.720
11132 402.926 4572250.130 5305371.970
11133 402.798 4572224.850 5305422.760
11134 402.912 4572274.850 5305372.760
11135 402.867 4572312.250 5305312.620
11136 402.899 4572374.850 5305322.760
11137 402.896 4572352.380 5305313.930
11138 402.474 4572208.200 5305518.700
11139 402.610 4572200.290 5305569.630
11140 402.936 4572874.850 5305622.760
11141 402.918 4572774.850 5305472.760
11142 402.923 4572815.000 5305499.980
11143 402.926 4572824.850 5305522.760
11144 402.929 4572824.850 5305572.760
11145 402.914 4572724.850 5305472.760
11146 402.927 4572674.850 5305422.760
11147 402.995 4572624.850 5305372.760
11148 402.997 4572574.850 5305322.760
11149 402.969 4572524.850 5305272.760
11150 402.998 4572474.850 5305272.760
11151 402.534 4572980.330 5305841.780
11152 402.791 4572993.250 5305803.660
11153 402.693 4572974.850 5305772.760
11154 402.579 4572924.850 5305722.760
11155 402.951 4572874.850 5305672.760
11156 401.350 4573424.850 5307072.760
11157 401.434 4573374.850 5307022.760
11158 401.501 4573324.850 5306972.760
11159 401.252 4573424.850 5307122.760
11160 401.509 4573274.850 5306922.760
11161 401.318 4573224.850 5306872.760
11162 401.339 4573174.850 5306822.760
11163 401.350 4573147.920 5306794.050
11164 401.281 4573424.850 5307172.760
11165 401.305 4573474.850 5307272.760
11166 401.371 4573424.850 5307222.760
11167 401.223 4573524.850 5307322.760
11168 401.046 4573559.290 5307379.060
11169 401.913 4572842.890 5306475.400
11170 401.772 4573037.410 5306611.330
11171 401.816 4572874.850 5306472.760
11172 401.222 4572974.850 5306572.760
11173 401.967 4572924.850 5306522.760
11174 401.359 4573124.850 5306772.760
11175 401.377 4573074.850 5306722.760
11176 401.393 4573025.020 5306658.810
11177 394.324 4572923.280 5306108.530
11178 394.554 4572920.120 5306070.730
11179 395.111 4572929.170 5306001.830
11180 395.002 4572916.280 5306032.710
11181 397.246 4572938.640 5305969.490
11182 400.058 4572948.560 5305937.350
11183 401.784 4572958.060 5305905.040
11184 402.431 4572967.300 5305872.600
11185 401.427 4572850.280 5306442.150
11186 400.241 4572861.310 5306403.130
11187 394.302 4572911.650 5306140.030
11188 394.226 4572913.790 5306177.460
11189 394.282 4572915.170 5306214.620
11190 396.555 4572902.530 5306289.560
11191 395.582 4572915.850 5306251.520
11192 397.635 4572873.280 5306364.510
11193 396.385 4572885.610 5306326.050
11194 401.366 4572837.130 5306472.920
11195 402.929 4572424.850 5305322.760
11196 402.603 4572224.850 5305472.760
11197 402.888 4572274.850 5305422.760
11198 402.871 4572324.850 5305372.760
11199 402.875 4572374.850 5305372.760
11200 402.441 4572256.840 5305528.940
11201 402.546 4572238.600 5305563.730
11202 402.929 4572824.850 5305622.760
11203 402.921 4572774.770 5305527.390
11204 402.923 4572774.850 5305572.760
11205 402.916 4572724.850 5305522.760
11206 402.909 4572674.850 5305472.760
11207 402.901 4572624.850 5305422.760
11208 402.950 4572574.850 5305372.760
11209 403.000 4572524.850 5305322.760
11210 402.974 4572474.850 5305322.760
11211 402.704 4572977.330 5305840.500
11212 402.548 4572974.850 5305822.760
11213 402.600 4572924.850 5305772.760
11214 402.581 4572874.850 5305722.760
11215 402.719 4572824.850 5305672.760
11216 401.263 4573374.850 5307072.760
11217 401.354 4573324.850 5307022.760
11218 401.447 4573274.850 5306972.760
11219 401.260 4573374.850 5307122.760
11220 401.522 4573224.850 5306922.760
11221 401.457 4573174.850 5306872.760
11222 401.346 4573134.860 5306842.020
11223 401.508 4573137.850 5306891.920
11224 401.368 4573374.850 5307172.760
11225 401.127 4573474.850 5307322.760
11226 401.230 4573424.850 5307272.760
11227 401.327 4573374.850 5307222.760
11228 400.893 4573513.730 5307379.780
11229 401.835 4572830.010 5306506.290
11230 401.405 4572974.850 5306622.760
11231 401.821 4572874.850 5306522.760
11232 402.051 4572924.850 5306572.760
11233 401.372 4573074.850 5306772.760
11234 401.397 4573011.440 5306705.550
11235 401.410 4572974.850 5306672.760
11236 401.450 4573075.560 5306836.730
11237 401.375 4573049.010 5306794.520
11238 394.472 4572908.840 5306102.360
11239 394.651 4572905.390 5306064.480
11240 396.923 4572925.650 5306000.330
11241 396.585 4572912.680 5306031.170
11242 399.806 4572935.530 5305968.170
11243 401.630 4572945.040 5305935.860
11244 402.329 4572954.270 5305903.430
11245 402.650 4572964.150 5305871.260
11246 399.978 4572845.110 5306439.920
11247 397.144 4572857.090 5306401.310
11248 394.370 4572897.560 5306133.990
11249 394.305 4572900.020 5306171.530
11250 394.240 4572901.800 5306208.830
11251 394.285 4572902.820 5306245.860
11252 394.904 4572898.720 5306287.910
11253 396.298 4572868.820 5306362.590
11254 394.854 4572881.580 5306324.300
11255 401.305 4572823.990 5306503.700
11256 399.746 4572831.760 5306470.610
11257 401.245 4572810.850 5306534.470
11258 402.880 4572424.850 5305372.760
11259 402.690 4572274.850 5305472.760
11260 402.940 4572324.850 5305422.760
11261 402.922 4572374.850 5305422.760
11262 402.517 4572302.920 5305516.430
11263 402.539 4572282.930 5305584.310
11264 402.950 4572774.850 5305622.760
11265 402.918 4572733.320 5305553.000
11266 402.911 4572674.850 5305522.760
11267 402.904 4572624.850 5305472.760
11268 402.897 4572574.850 5305422.760
11269 402.913 4572524.850 5305372.760
11270 402.885 4572474.850 5305372.760
11271 402.616 4572924.850 5305822.760
11272 402.593 4572874.850 5305772.760
11273 402.576 4572824.850 5305722.760
11274 402.566 4572774.850 5305672.760
11275 401.299 4573198.090 5306965.740
11276 401.346 4573224.850 5306972.760
11277 401.272 4573324.850 5307072.760
11278 401.283 4573274.850 5307022.760
11279 401.268 4573324.850 5307122.760
11280 401.364 4573156.850 5306937.430
11281 401.303 4573174.850 5306972.760
11282 401.504 4573102.560 5306878.530
11283 401.414 4573136.100 5306915.640
11284 401.476 4573074.850 5306872.760
11285 401.383 4573324.850 5307172.760
11286 401.246 4573324.850 5307222.760
11287 400.834 4573474.850 5307372.760
11288 400.921 4573424.850 5307322.760
11289 401.129 4573374.850 5307272.760
11290 400.975 4573469.910 5307396.880
11291 399.619 4572721.590 5308659.630
11292 401.763 4572817.130 5306537.180
11293 401.749 4572832.500 5306531.400
11294 401.630 4572924.850 5306622.760
11295 401.829 4572874.850 5306572.760
11296 401.691 4572804.280 5306568.070
11297 401.389 4573019.120 5306754.980
11298 401.406 4572974.850 5306722.760
11299 401.426 4572924.850 5306672.760
11300 401.497 4573024.850 5306822.760
11301 401.185 4572797.720 5306565.260
11302 394.526 4572894.500 5306096.250
11303 395.358 4572901.230 5306062.690
11304 399.531 4572922.530 5305999.010
11305 399.220 4572909.590 5306029.870
11306 401.464 4572932.010 5305966.680
11307 402.226 4572941.250 5305934.250
11308 402.597 4572950.970 5305902.020
11309 402.557 4572924.850 5305872.760
11310 396.748 4572840.770 5306438.050
11311 396.208 4572852.100 5306399.150
11312 394.409 4572883.610 5306128.010
11313 394.291 4572886.280 5306165.620
11314 394.297 4572888.390 5306203.030
11315 394.217 4572889.810 5306240.200
11316 394.243 4572885.430 5306282.150
11317 394.667 4572864.450 5306360.700
11318 394.215 4572868.040 5306318.440
11319 399.519 4572818.420 5306501.300
11320 396.684 4572827.110 5306468.610
11321 399.285 4572805.080 5306532.000
11322 402.882 4572424.850 5305422.760
11323 402.729 4572336.910 5305485.170
11324 402.855 4572374.850 5305472.760
11325 402.523 4572324.850 5305522.760
11326 402.502 4572332.060 5305592.630
11327 402.572 4572357.780 5305631.740
11328 402.852 4572724.850 5305622.760
11329 402.953 4572696.640 5305585.080
11330 402.952 4572674.850 5305572.760
11331 402.905 4572624.850 5305522.760
11332 402.899 4572574.850 5305472.760
11333 402.892 4572524.850 5305422.760
11334 402.887 4572474.850 5305422.760
11335 402.598 4572874.850 5305822.760
11336 402.584 4572824.850 5305772.760
11337 402.568 4572774.850 5305722.760
11338 402.552 4572724.850 5305672.760
11339 401.294 4573217.150 5307009.270
11340 401.280 4573274.850 5307072.760
11341 401.304 4573274.850 5307122.760
11342 401.300 4573174.850 5307022.760
11343 401.312 4573124.850 5306972.760
11344 401.322 4573074.850 5306922.760
11345 401.337 4573024.850 5306872.760
11346 401.349 4573274.850 5307172.760
11347 401.130 4573274.850 5307222.760
11348 400.945 4573324.850 5307272.760
11349 400.912 4573424.850 5307372.760
11350 400.865 4573374.850 5307322.760
11351 401.121 4573426.860 5307419.980
11352 401.124 4573384.020 5307444.410
11353 399.353 4572674.850 5308672.760
11354 399.740 4572730.720 5308619.380
11355 401.685 4572824.850 5306572.760
11356 401.860 4572874.850 5306622.760
11357 401.620 4572791.310 5306598.920
11358 401.396 4572974.850 5306772.760
11359 401.419 4572924.850 5306722.760
11360 401.973 4572874.850 5306672.760
11361 401.512 4572974.850 5306822.760
11362 401.120 4572784.500 5306596.000
11363 399.046 4572791.750 5306562.700
11364 394.797 4572889.810 5306094.220
11365 398.157 4572897.480 5306061.100
11366 401.285 4572919.030 5305997.530
11367 401.085 4572906.140 5306028.410
11368 402.097 4572928.210 5305965.070
11369 402.544 4572937.800 5305932.780
11370 402.391 4572924.850 5305922.760
11371 402.587 4572874.850 5305872.760
11372 396.065 4572835.300 5306435.690
11373 394.501 4572847.310 5306397.090
11374 394.475 4572878.410 5306125.770
11375 394.318 4572872.720 5306159.780
11376 394.349 4572875.010 5306197.250
11377 394.245 4572876.750 5306234.530
11378 394.218 4572872.160 5306276.390
11379 394.202 4572850.660 5306354.730
11380 394.179 4572854.520 5306312.580
11381 396.618 4572813.460 5306499.170
11382 395.568 4572821.440 5306466.170
11383 396.310 4572799.820 5306529.740
11384 402.947 4572424.850 5305472.760
11385 402.759 4572385.370 5305495.150
11386 402.623 4572374.850 5305522.760
11387 402.471 4572374.850 5305572.760
11388 402.530 4572380.810 5305632.190
11389 402.657 4572667.180 5305623.570
11390 402.921 4572624.850 5305572.760
11391 402.942 4572574.850 5305522.760
11392 402.894 4572524.850 5305472.760
11393 402.932 4572474.850 5305472.760
11394 402.585 4572824.850 5305822.760
11395 402.573 4572774.850 5305772.760
11396 402.559 4572724.850 5305722.760
11397 402.543 4572674.850 5305672.760
11398 401.292 4573210.120 5307058.690
11399 401.393 4573224.850 5307122.760
11400 401.296 4573174.850 5307072.760
11401 401.308 4573124.850 5307022.760
11402 401.320 4573074.850 5306972.760
11403 401.331 4573024.850 5306922.760
11404 401.341 4572974.850 5306872.760
11405 401.255 4573224.850 5307172.760
11406 400.897 4573274.850 5307272.760
11407 400.915 4573224.850 5307222.760
11408 400.878 4573324.850 5307322.760
11409 401.053 4573374.850 5307372.760
11410 401.141 4573374.850 5307422.760
11411 400.992 4573341.010 5307469.370
11412 399.648 4572674.850 5308622.760
11413 399.614 4572711.460 5308582.440
11414 401.691 4572824.850 5306622.760
11415 401.589 4572778.190 5306629.700
11416 401.405 4572924.850 5306772.760
11417 401.928 4572874.850 5306722.760
11418 401.700 4572824.850 5306672.760
11419 401.349 4572924.850 5306822.760
11420 401.041 4572771.170 5306626.700
11421 398.760 4572778.360 5306593.370
11422 396.031 4572786.180 5306560.310
11423 396.990 4572885.420 5306092.350
11424 400.884 4572893.500 5306059.400
11425 401.921 4572915.250 5305995.920
11426 401.724 4572902.400 5306026.830
11427 402.489 4572924.590 5305963.530
11428 402.192 4572874.850 5305922.760
11429 402.618 4572824.850 5305872.760
11430 394.395 4572830.180 5306433.480
11431 394.154 4572833.270 5306391.020
11432 395.902 4572873.400 5306123.610
11433 394.292 4572867.020 5306157.310
11434 394.264 4572861.830 5306191.550
11435 394.240 4572863.730 5306228.870
11436 394.328 4572858.860 5306270.620
11437 394.147 4572836.870 5306348.760
11438 394.389 4572840.970 5306306.710
11439 395.092 4572807.590 5306496.650
11440 394.234 4572816.020 5306463.830
11441 394.479 4572793.730 5306527.130
11442 402.773 4572433.060 5305510.740
11443 402.478 4572401.380 5305586.630
11444 402.557 4572624.850 5305622.760
11445 402.741 4572574.850 5305572.760
11446 402.942 4572524.850 5305522.760
11447 402.748 4572473.230 5305532.020
11448 402.573 4572774.850 5305822.760
11449 402.562 4572724.850 5305772.760
11450 402.548 4572674.850 5305722.760
11451 402.536 4572640.530 5305664.450
11452 400.948 4573274.850 5307322.760
11453 401.067 4573296.000 5307345.580
11454 401.382 4573194.070 5307106.140
11455 401.342 4573124.850 5307072.760
11456 401.316 4573074.850 5307022.760
11457 401.328 4573024.850 5306972.760
11458 401.340 4572974.850 5306922.760
11459 401.350 4572924.850 5306872.760
11460 401.236 4573177.230 5307153.380
11461 400.909 4573224.850 5307272.760
11462 400.920 4573193.460 5307250.950
11463 400.929 4573178.950 5307202.960
11464 401.130 4573319.350 5307384.760
11465 401.122 4573324.850 5307422.760
11466 400.746 4573295.410 5307474.000
11467 399.416 4572624.850 5308622.760
11468 399.689 4572674.850 5308572.760
11469 399.620 4572711.400 5308544.500
11470 399.238 4572574.850 5308622.760
11471 401.635 4572762.300 5306666.750
11472 401.555 4572774.850 5306672.760
11473 401.536 4572874.850 5306772.760
11474 401.737 4572824.850 5306722.760
11475 401.358 4572874.850 5306822.760
11476 401.096 4572755.890 5306664.010
11477 398.405 4572764.880 5306624.000
11478 395.535 4572772.490 5306590.860
11479 394.240 4572779.880 5306557.610
11480 400.387 4572880.930 5306090.420
11481 401.613 4572889.310 5306057.610
11482 402.301 4572774.850 5305872.760
11483 402.431 4572911.500 5305994.330
11484 402.400 4572898.550 5306025.190
11485 402.533 4572874.850 5305972.760
11486 402.207 4572824.850 5305922.760
11487 394.105 4572815.880 5306427.310
11488 394.133 4572819.220 5306384.950
11489 399.821 4572868.440 5306121.480
11490 394.982 4572861.400 5306154.890
11491 394.230 4572855.570 5306188.830
11492 394.201 4572850.940 5306223.320
11493 394.280 4572845.580 5306264.860
11494 394.179 4572823.070 5306342.800
11495 394.114 4572827.430 5306300.840
11496 394.093 4572801.860 5306494.190
11497 394.052 4572801.770 5306457.690
11498 394.046 4572787.700 5306524.540
11499 402.485 4572434.760 5305587.960
11500 402.528 4572474.850 5305572.760
11501 402.518 4572574.850 5305622.760
11502 402.653 4572524.850 5305572.760
11503 402.587 4572499.200 5305574.580
11504 402.618 4572724.850 5305822.760
11505 402.551 4572674.850 5305772.760
11506 402.535 4572617.540 5305707.340
11507 402.523 4572574.850 5305672.760
11508 402.487 4572423.280 5305636.180
11509 401.067 4573249.050 5307327.780
11510 401.145 4573274.850 5307372.760
11511 401.271 4573124.850 5307122.760
11512 401.397 4573074.850 5307072.760
11513 401.323 4573024.850 5307022.760
11514 401.335 4572974.850 5306972.760
11515 401.348 4572924.850 5306922.760
11516 401.359 4572874.850 5306872.760
11517 400.946 4573124.850 5307172.760
11518 400.964 4573212.090 5307297.380
11519 401.085 4573224.850 5307322.760
11520 400.922 4573174.850 5307272.760
11521 400.941 4573124.850 5307222.760
11522 401.080 4573288.860 5307420.420
11523 400.745 4573265.510 5307542.660
11524 400.752 4573274.850 5307472.760
11525 400.762 4573248.640 5307450.490
11526 400.743 4573284.920 5307518.570
11527 399.731 4572624.850 5308572.760
11528 399.630 4572674.850 5308522.760
11529 399.629 4572693.120 5308502.350
11530 399.500 4572574.850 5308572.760
11531 401.604 4572746.410 5306703.810
11532 401.562 4572774.850 5306722.760
11533 401.619 4572824.850 5306772.760
11534 400.474 4572824.850 5306822.760
11535 401.151 4572740.610 5306701.320
11536 399.131 4572750.060 5306661.510
11537 394.712 4572758.740 5306621.380
11538 394.080 4572766.010 5306588.080
11539 394.012 4572773.540 5306554.890
11540 401.483 4572876.320 5306088.450
11541 402.138 4572885.020 5306055.780
11542 402.188 4572724.850 5305872.760
11543 402.204 4572774.850 5305922.760
11544 402.234 4572874.850 5306022.760
11545 402.226 4572824.850 5305972.760
11546 394.119 4572801.580 5306421.130
11547 394.094 4572805.180 5306378.890
11548 401.328 4572863.420 5306119.320
11549 399.250 4572855.970 5306152.540
11550 394.549 4572849.290 5306186.120
11551 394.141 4572844.030 5306220.310
11552 394.134 4572832.490 5306259.180
11553 394.011 4572809.270 5306336.830
11554 394.128 4572814.040 5306295.050
11555 394.031 4572787.670 5306488.080
11556 394.088 4572787.580 5306451.570
11557 394.018 4572773.570 5306518.460
11558 402.497 4572474.850 5305622.760
11559 402.504 4572506.860 5305623.530
11560 402.457 4572674.850 5305822.760
11561 402.618 4572624.850 5305772.760
11562 402.576 4572603.780 5305754.060
11563 402.526 4572574.850 5305722.760
11564 402.512 4572524.850 5305672.760
11565 402.600 4572424.850 5305672.760
11566 402.607 4572402.580 5305681.700
11567 401.133 4573224.850 5307372.760
11568 401.119 4573074.850 5307122.760
11569 401.298 4573024.850 5307072.760
11570 401.388 4572974.850 5307022.760
11571 401.342 4572924.850 5306972.760
11572 401.355 4572874.850 5306922.760
11573 401.368 4572824.850 5306872.760
11574 400.960 4573074.850 5307172.760
11575 401.138 4573174.850 5307322.760
11576 400.984 4573124.850 5307272.760
11577 400.954 4573074.850 5307222.760
11578 400.901 4573224.850 5307422.760
11579 400.908 4573217.480 5307546.730
11580 400.765 4573221.270 5307491.660
11581 399.640 4572624.850 5308522.760
11582 399.639 4572670.630 5308464.470
11583 399.729 4572700.860 5308445.830
11584 399.272 4572524.850 5308572.760
11585 399.758 4572574.850 5308522.760
11586 401.573 4572730.520 5306740.860
11587 401.572 4572774.850 5306772.760
11588 401.668 4572774.850 5306822.760
11589 401.541 4572714.630 5306777.920
11590 401.194 4572725.320 5306738.630
11591 399.813 4572735.240 5306699.020
11592 395.529 4572744.460 5306659.110
11593 393.919 4572752.100 5306618.540
11594 393.976 4572759.380 5306585.250
11595 394.038 4572759.460 5306548.850
11596 402.157 4572871.640 5306086.440
11597 402.350 4572868.500 5306073.500
11598 402.183 4572674.850 5305872.760
11599 402.197 4572724.850 5305922.760
11600 402.213 4572774.850 5305972.760
11601 402.230 4572824.850 5306022.760
11602 394.055 4572787.280 5306414.970
11603 393.976 4572791.120 5306372.810
11604 402.145 4572858.360 5306117.140
11605 401.157 4572850.560 5306150.210
11606 398.769 4572843.320 5306183.530
11607 394.327 4572837.000 5306217.260
11608 394.125 4572826.250 5306256.470
11609 394.100 4572795.600 5306330.910
11610 394.203 4572808.290 5306292.550
11611 394.091 4572773.580 5306482.010
11612 394.091 4572773.330 5306445.440
11613 394.132 4572759.590 5306512.450
11614 402.534 4572474.850 5305672.760
11615 402.506 4572497.270 5305672.750
11616 402.253 4572624.850 5305822.760
11617 402.332 4572596.580 5305802.060
11618 402.543 4572574.850 5305772.760
11619 402.611 4572524.850 5305722.760
11620 402.420 4572424.850 5305722.760
11621 402.282 4572382.910 5305727.680
11622 401.064 4573174.850 5307372.760
11623 400.977 4573024.850 5307122.760
11624 401.110 4572974.850 5307072.760
11625 401.349 4572924.850 5307022.760
11626 401.348 4572874.850 5306972.760
11627 401.361 4572824.850 5306922.760
11628 401.197 4572774.850 5306872.760
11629 400.973 4573024.850 5307172.760
11630 401.152 4573124.850 5307322.760
11631 401.126 4573074.850 5307272.760
11632 400.966 4573024.850 5307222.760
11633 400.787 4573174.850 5307422.760
11634 401.048 4573178.700 5307567.730
11635 400.830 4573181.950 5307522.730
11636 400.781 4573174.850 5307472.760
11637 399.647 4572624.850 5308472.760
11638 399.734 4572674.850 5308422.760
11639 399.768 4572699.300 5308415.620
11640 399.135 4572474.850 5308572.760
11641 399.640 4572524.850 5308522.760
11642 399.657 4572574.850 5308472.760
11643 401.422 4572723.500 5306786.700
11644 401.434 4572724.850 5306822.760
11645 401.511 4572698.740 5306814.970
11646 401.234 4572710.040 5306775.940
11647 400.184 4572720.420 5306736.530
11648 395.958 4572730.190 5306696.850
11649 393.989 4572738.470 5306656.550
11650 393.957 4572745.220 5306615.600
11651 394.104 4572745.360 5306579.230
11652 394.186 4572745.590 5306542.890
11653 402.195 4572824.850 5306072.760
11654 402.176 4572624.850 5305872.760
11655 402.188 4572674.850 5305922.760
11656 402.201 4572724.850 5305972.760
11657 402.212 4572774.850 5306022.760
11658 393.977 4572772.970 5306408.800
11659 394.229 4572777.150 5306366.780
11660 402.077 4572824.850 5306122.760
11661 402.210 4572845.130 5306147.860
11662 401.041 4572837.460 5306180.990
11663 398.227 4572830.430 5306214.400
11664 394.542 4572820.090 5306253.800
11665 394.450 4572790.340 5306328.630
11666 394.976 4572802.820 5306290.170
11667 394.127 4572759.390 5306475.910
11668 394.008 4572759.070 5306439.300
11669 394.164 4572745.440 5306506.380
11670 402.600 4572475.290 5305717.570
11671 402.169 4572595.900 5305850.850
11672 402.163 4572574.850 5305822.760
11673 402.341 4572524.850 5305772.760
11674 402.263 4572443.130 5305754.330
11675 402.126 4572363.510 5305773.770
11676 400.945 4573137.770 5307588.560
11677 400.896 4573124.850 5307372.760
11678 400.991 4572974.850 5307122.760
11679 401.007 4572924.850 5307072.760
11680 401.084 4572874.850 5307022.760
11681 401.412 4572824.850 5306972.760
11682 401.451 4572724.850 5306872.760
11683 401.364 4572774.850 5306922.760
11684 400.986 4572974.850 5307172.760
11685 401.085 4573074.850 5307322.760
11686 401.154 4573024.850 5307272.760
11687 401.033 4572974.850 5307222.760
11688 400.802 4573124.850 5307422.760
11689 401.046 4573137.420 5307545.610
11690 401.013 4573124.850 5307522.760
11691 400.795 4573124.850 5307472.760
11692 399.653 4572624.850 5308422.760
11693 399.749 4572676.050 5308385.770
11694 399.329 4572474.850 5308522.760
11695 399.685 4572524.850 5308472.760
11696 399.664 4572574.850 5308422.760
11697 401.475 4572685.350 5306845.480
11698 401.234 4572694.760 5306813.250
11699 400.714 4572705.600 5306774.030
11700 401.404 4572671.950 5306876.000
11701 396.900 4572715.910 5306734.580
11702 393.932 4572724.840 5306694.560
11703 394.001 4572732.270 5306653.900
11704 394.170 4572731.260 5306609.620
11705 394.054 4572731.600 5306573.330
11706 394.155 4572731.490 5306536.850
11707 402.173 4572594.230 5305899.580
11708 402.242 4572774.850 5306072.760
11709 402.180 4572624.850 5305922.760
11710 402.191 4572674.850 5305972.760
11711 402.199 4572724.850 5306022.760
11712 394.461 4572758.700 5306402.640
11713 394.613 4572772.460 5306364.740
11714 401.867 4572774.850 5306122.760
11715 402.180 4572824.850 5306172.760
11716 402.057 4572831.590 5306178.450
11717 400.996 4572824.040 5306211.630
11718 398.588 4572814.210 5306251.230
11719 395.525 4572785.580 5306326.570
11720 399.228 4572797.450 5306287.840
11721 394.039 4572745.180 5306469.800
11722 394.526 4572744.850 5306433.170
11723 394.075 4572731.280 5306500.300
11724 402.218 4572474.850 5305772.760
11725 402.168 4572574.850 5305872.760
11726 402.156 4572524.850 5305822.760
11727 402.139 4572432.200 5305797.610
11728 402.129 4572361.100 5305821.850
11729 400.855 4573088.940 5307583.430
11730 400.823 4573074.850 5307372.760
11731 401.004 4572924.850 5307122.760
11732 401.360 4572658.560 5306906.510
11733 401.307 4572678.000 5306883.400
11734 401.022 4572874.850 5307072.760
11735 401.036 4572824.850 5307022.760
11736 401.044 4572774.850 5306972.760
11737 401.576 4572724.850 5306922.760
11738 400.997 4572924.850 5307172.760
11739 400.893 4573024.850 5307322.760
11740 401.104 4572974.850 5307272.760
11741 401.146 4572924.850 5307222.760
11742 400.816 4573074.850 5307422.760
11743 401.007 4573088.620 5307548.610
11744 401.054 4573074.850 5307522.760
11745 400.808 4573074.850 5307472.760
11746 399.146 4572424.850 5308522.760
11747 399.779 4572624.850 5308372.760
11748 399.699 4572657.960 5308343.710
11749 399.683 4572674.850 5308322.760
11750 399.761 4572474.850 5308472.760
11751 399.674 4572524.850 5308422.760
11752 399.670 4572574.850 5308372.760
11753 401.217 4572681.330 5306843.750
11754 400.817 4572690.780 5306811.540
11755 398.311 4572701.630 5306772.320
11756 401.192 4572667.900 5306874.250
11757 394.549 4572711.210 5306732.570
11758 394.049 4572719.320 5306692.190
11759 393.965 4572717.680 5306647.640
11760 393.916 4572717.600 5306603.770
11761 401.167 4572654.480 5306904.750
11762 394.125 4572717.540 5306567.320
11763 394.113 4572717.380 5306530.790
11764 402.171 4572574.850 5305922.760
11765 402.176 4572598.650 5305948.200
11766 401.882 4572724.850 5306072.760
11767 402.181 4572624.850 5305972.760
11768 402.255 4572674.850 5306022.760
11769 401.867 4572724.850 5306122.760
11770 395.179 4572754.510 5306400.830
11771 396.154 4572768.460 5306363.020
11772 401.887 4572774.850 5306172.760
11773 402.044 4572817.660 5306208.860
11774 400.940 4572808.370 5306248.700
11775 399.739 4572780.740 5306324.470
11776 401.041 4572791.990 5306285.470
11777 394.416 4572731.000 5306463.690
11778 395.017 4572740.910 5306431.470
11779 394.340 4572717.140 5306494.220
11780 402.148 4572474.850 5305822.760
11781 402.160 4572524.850 5305872.760
11782 402.162 4572524.850 5305922.760
11783 402.140 4572424.850 5305822.760
11784 402.145 4572447.260 5305845.320
11785 402.154 4572376.990 5305854.130
11786 400.765 4573040.420 5307572.840
11787 400.838 4573024.850 5307372.760
11788 401.017 4572874.850 5307122.760
11789 401.323 4572645.170 5306937.020
11790 401.305 4572674.850 5306922.760
11791 401.036 4572824.850 5307072.760
11792 401.052 4572774.850 5307022.760
11793 401.669 4572724.850 5306972.760
11794 401.008 4572874.850 5307172.760
11795 400.858 4572974.850 5307322.760
11796 400.921 4572924.850 5307272.760
11797 401.134 4572874.850 5307222.760
11798 400.831 4573024.850 5307422.760
11799 400.956 4573039.690 5307537.700
11800 400.942 4573024.850 5307472.760
11801 399.420 4572424.850 5308472.760
11802 399.695 4572624.850 5308322.760
11803 399.632 4572664.700 5308299.340
11804 399.634 4572655.370 5308261.160
11805 399.683 4572474.850 5308422.760
11806 399.680 4572524.850 5308372.760
11807 399.765 4572574.850 5308322.760
11808 400.762 4572677.330 5306842.030
11809 399.372 4572687.350 5306810.050
11810 395.501 4572697.580 5306770.580
11811 400.699 4572663.890 5306872.520
11812 394.054 4572706.360 5306730.490
11813 394.056 4572704.100 5306685.660
11814 394.038 4572703.350 5306641.490
11815 394.094 4572703.590 5306597.790
11816 401.140 4572641.060 5306935.250
11817 400.646 4572650.440 5306903.010
11818 401.104 4572627.630 5306965.750
11819 394.153 4572703.480 5306561.290
11820 394.407 4572703.290 5306524.750
11821 402.254 4572574.850 5305972.760
11822 402.280 4572596.660 5305996.720
11823 402.197 4572524.850 5305972.760
11824 401.852 4572674.850 5306072.760
11825 402.069 4572624.850 5306022.760
11826 401.860 4572674.850 5306122.760
11827 401.875 4572724.850 5306172.760
11828 397.842 4572751.220 5306399.410
11829 400.255 4572764.210 5306361.180
11830 401.920 4572774.850 5306222.760
11831 401.929 4572802.530 5306246.160
11832 401.127 4572775.670 5306322.280
11833 401.877 4572786.500 5306283.090
11834 401.871 4572724.850 5306222.760
11835 395.215 4572727.310 5306462.110
11836 398.098 4572737.710 5306430.090
11837 395.293 4572713.710 5306492.740
11838 402.151 4572470.060 5305889.970
11839 402.263 4572487.620 5305935.910
11840 402.156 4572419.530 5305871.760
11841 400.736 4572995.480 5307587.360
11842 400.853 4572974.850 5307372.760
11843 401.285 4572631.780 5306967.540
11844 401.078 4572614.210 5306996.250
11845 401.029 4572824.850 5307122.760
11846 401.353 4572674.850 5306972.760
11847 401.049 4572774.850 5307072.760
11848 401.070 4572724.850 5307022.760
11849 401.062 4572824.850 5307172.760
11850 400.874 4572924.850 5307322.760
11851 400.894 4572874.850 5307272.760
11852 400.911 4572824.850 5307222.760
11853 400.844 4572974.850 5307422.760
11854 400.889 4572990.260 5307529.070
11855 400.741 4572974.850 5307572.760
11856 401.050 4572974.850 5307472.760
11857 399.178 4572374.850 5308472.760
11858 399.760 4572424.850 5308422.760
11859 399.635 4572624.850 5308272.760
11860 399.637 4572639.870 5308223.610
11861 399.691 4572474.850 5308372.760
11862 399.699 4572524.850 5308322.760
11863 399.667 4572574.850 5308272.760
11864 399.307 4572673.830 5306840.520
11865 396.564 4572683.950 5306808.590
11866 394.003 4572693.410 5306768.780
11867 399.226 4572660.320 5306870.980
11868 394.119 4572690.530 5306723.670
11869 394.082 4572689.100 5306679.210
11870 394.124 4572688.720 5306635.220
11871 394.193 4572689.580 5306591.790
11872 400.533 4572636.990 5306933.500
11873 399.139 4572646.800 5306901.440
11874 400.391 4572623.540 5306963.990
11875 400.438 4572610.090 5306994.480
11876 394.374 4572689.440 5306555.270
11877 395.369 4572700.110 5306523.380
11878 401.924 4572493.150 5305985.680
11879 401.865 4572574.850 5306022.760
11880 401.827 4572524.850 5306022.760
11881 401.847 4572624.850 5306072.760
11882 401.838 4572589.120 5306044.860
11883 401.852 4572624.850 5306122.760
11884 401.864 4572674.850 5306172.760
11885 400.635 4572747.500 5306397.810
11886 401.157 4572759.610 5306359.190
11887 402.031 4572774.850 5306272.760
11888 401.804 4572770.560 5306320.060
11889 401.861 4572674.850 5306222.760
11890 401.878 4572724.850 5306272.760
11891 398.254 4572724.200 5306460.770
11892 400.544 4572734.040 5306428.510
11893 398.417 4572710.680 5306491.440
11894 401.847 4572424.850 5305972.760
11895 402.238 4572424.850 5305922.760
11896 402.238 4572377.830 5305878.120
11897 400.751 4572924.850 5307572.760
11898 400.745 4572949.690 5307587.830
11899 400.867 4572924.850 5307372.760
11900 401.043 4572601.080 5307026.470
11901 401.248 4572618.380 5306998.050
11902 401.039 4572774.850 5307122.760
11903 401.177 4572674.850 5307022.760
11904 401.062 4572724.850 5307072.760
11905 401.167 4572774.850 5307172.760
11906 400.889 4572874.850 5307322.760
11907 400.910 4572824.850 5307272.760
11908 400.929 4572774.850 5307222.760
11909 400.857 4572924.850 5307422.760
11910 400.749 4572942.830 5307539.030
11911 401.010 4572924.850 5307472.760
11912 399.163 4572324.850 5308472.760
11913 399.604 4572374.850 5308422.760
11914 399.700 4572424.850 5308372.760
11915 399.639 4572611.370 5308208.660
11916 399.697 4572474.850 5308322.760
11917 399.727 4572524.850 5308272.760
11918 399.640 4572574.850 5308222.760
11919 400.439 4572597.100 5307024.770
11920 394.228 4572676.950 5306761.690
11921 396.498 4572670.460 5306839.070
11922 394.245 4572680.460 5306807.080
11923 396.453 4572656.970 5306869.540
11924 394.038 4572674.840 5306716.920
11925 394.153 4572673.840 5306672.660
11926 394.251 4572674.080 5306628.950
11927 394.266 4572675.590 5306585.800
11928 399.172 4572633.290 5306931.910
11929 396.451 4572643.480 5306900.010
11930 398.974 4572619.770 5306962.370
11931 398.780 4572606.260 5306992.840
11932 395.433 4572686.510 5306554.020
11933 398.567 4572697.180 5306522.120
11934 401.822 4572488.020 5306035.650
11935 401.832 4572524.850 5306072.760
11936 401.841 4572573.080 5306090.860
11937 401.844 4572574.850 5306122.760
11938 401.854 4572624.850 5306172.760
11939 401.914 4572624.850 5306222.760
11940 401.208 4572743.290 5306395.990
11941 401.721 4572754.920 5306357.160
11942 401.763 4572724.850 5306322.760
11943 401.688 4572674.850 5306272.760
11944 400.478 4572720.570 5306459.210
11945 401.191 4572729.920 5306426.730
11946 400.435 4572707.110 5306489.910
11947 401.811 4572424.850 5306022.760
11948 401.798 4572374.850 5305972.760
11949 402.067 4572374.850 5305922.760
11950 402.263 4572330.110 5305870.820
11951 400.756 4572898.620 5307562.470
11952 400.750 4572907.430 5307611.330
11953 400.861 4572874.850 5307472.760
11954 400.881 4572874.850 5307372.760
11955 401.189 4572605.130 5307028.200
11956 401.010 4572587.960 5307056.700
11957 401.177 4572624.850 5307022.760
11958 401.046 4572724.850 5307122.760
11959 401.069 4572674.850 5307072.760
11960 400.942 4572724.850 5307172.760
11961 400.904 4572824.850 5307322.760
11962 400.926 4572774.850 5307272.760
11963 400.946 4572724.850 5307222.760
11964 401.044 4572874.850 5307422.760
11965 400.764 4572874.850 5307522.760
11966 399.236 4572324.850 5308422.760
11967 399.709 4572374.850 5308372.760
11968 399.707 4572424.850 5308322.760
11969 399.642 4572580.510 5308178.960
11970 399.756 4572474.850 5308272.760
11971 399.653 4572524.850 5308222.760
11972 399.643 4572570.060 5308139.970
11973 400.440 4572584.100 5307055.070
11974 398.717 4572593.400 5307023.200
11975 394.040 4572660.590 5306754.640
11976 394.264 4572663.380 5306799.710
11977 394.338 4572666.920 5306837.530
11978 394.431 4572653.370 5306867.990
11979 394.205 4572658.960 5306710.090
11980 394.309 4572658.580 5306666.110
11981 394.298 4572659.470 5306622.680
11982 395.985 4572672.890 5306584.650
11983 396.548 4572629.980 5306930.490
11984 394.521 4572639.830 5306898.440
11985 396.252 4572616.490 5306960.960
11986 395.781 4572603.000 5306991.440
11987 398.695 4572683.650 5306552.790
11988 400.393 4572693.650 5306520.610
11989 401.825 4572478.970 5306085.040
11990 401.814 4572424.850 5306072.760
11991 401.835 4572524.850 5306122.760
11992 401.840 4572551.480 5306134.470
11993 401.844 4572574.850 5306172.760
11994 401.814 4572574.850 5306222.760
11995 401.689 4572624.850 5306272.760
11996 401.656 4572738.970 5306394.130
11997 401.883 4572724.850 5306372.760
11998 401.709 4572674.850 5306322.760
11999 401.175 4572716.540 5306457.470
12000 401.623 4572725.720 5306424.920
12001 401.160 4572703.160 5306488.210
12002 401.803 4572374.850 5306022.760
12003 401.790 4572324.850 5305972.760
12004 401.880 4572308.610 5305923.850
12005 400.305 4572793.840 5307840.370
12006 400.762 4572855.240 5307587.640
12007 400.753 4572869.190 5307641.530
12008 400.711 4572833.160 5307673.860
12009 400.776 4572824.850 5307472.760
12010 400.893 4572824.850 5307372.760
12011 401.170 4572591.870 5307058.360
12012 400.981 4572574.840 5307086.920
12013 401.284 4572624.850 5307072.760
12014 401.141 4572674.850 5307122.760
12015 400.961 4572674.850 5307172.760
12016 400.917 4572774.850 5307322.760
12017 400.941 4572724.850 5307272.760
12018 400.964 4572674.850 5307222.760
12019 401.036 4572824.850 5307422.760
12020 400.955 4572561.710 5307117.140
12021 400.441 4572571.110 5307085.360
12022 400.774 4572824.850 5307522.760
12023 400.769 4572824.850 5307572.760
12024 399.173 4572274.850 5308422.760
12025 399.802 4572324.850 5308372.760
12026 399.717 4572374.850 5308322.760
12027 399.713 4572424.850 5308272.760
12028 399.644 4572524.850 5308172.760
12029 399.674 4572474.850 5308222.760
12030 399.180 4572224.850 5308422.760
12031 399.646 4572539.550 5308110.450
12032 400.329 4572602.510 5307994.300
12033 400.270 4572636.450 5307970.030
12034 400.270 4572660.350 5307926.360
12035 400.262 4572697.340 5307894.170
12036 398.789 4572580.540 5307053.560
12037 395.781 4572590.170 5307021.820
12038 394.242 4572644.090 5306747.530
12039 393.927 4572646.340 5306792.360
12040 394.193 4572649.870 5306830.180
12041 394.122 4572636.360 5306860.660
12042 394.368 4572643.080 5306703.260
12043 394.334 4572643.350 5306659.560
12044 396.522 4572656.640 5306621.470
12045 398.833 4572670.100 5306583.450
12046 394.600 4572626.290 5306928.890
12047 394.046 4572622.850 5306891.130
12048 394.555 4572612.740 5306959.350
12049 394.452 4572599.200 5306989.800
12050 400.358 4572680.170 5306551.300
12051 401.142 4572689.800 5306518.950
12052 401.805 4572374.850 5306072.760
12053 401.860 4572460.070 5306131.590
12054 401.895 4572424.850 5306122.760
12055 401.911 4572522.070 5306173.370
12056 401.876 4572474.850 5306172.760
12057 401.669 4572524.850 5306222.760
12058 401.684 4572574.850 5306272.760
12059 401.701 4572624.850 5306322.760
12060 401.807 4572720.500 5306421.300
12061 401.726 4572674.850 5306372.760
12062 401.672 4572712.460 5306455.720
12063 401.730 4572699.190 5306486.510
12064 401.794 4572324.850 5306022.760
12065 401.782 4572274.850 5305972.760
12066 401.779 4572275.660 5305938.750
12067 400.396 4572767.120 5307839.220
12068 400.312 4572794.400 5307802.320
12069 400.317 4572811.610 5307718.970
12070 400.318 4572790.130 5307764.070
12071 400.764 4572818.300 5307621.420
12072 400.587 4572794.870 5307665.550
12073 400.787 4572774.850 5307472.760
12074 400.917 4572774.850 5307372.760
12075 401.224 4572578.620 5307088.510
12076 400.939 4572624.850 5307122.760
12077 401.250 4572565.350 5307118.660
12078 401.305 4572552.140 5307148.830
12079 400.982 4572624.850 5307172.760
12080 400.929 4572724.850 5307322.760
12081 400.954 4572674.850 5307272.760
12082 400.983 4572624.850 5307222.760
12083 400.845 4572774.850 5307422.760
12084 400.931 4572548.620 5307147.380
12085 400.316 4572558.110 5307115.640
12086 398.858 4572567.680 5307083.910
12087 400.783 4572774.850 5307522.760
12088 400.777 4572774.850 5307572.760
12089 399.289 4572274.850 5308372.760
12090 399.726 4572324.850 5308322.760
12091 399.724 4572374.850 5308272.760
12092 399.796 4572424.850 5308222.760
12093 399.646 4572474.850 5308172.760
12094 399.648 4572474.850 5308122.760
12095 399.182 4572224.850 5308372.760
12096 399.646 4572542.830 5308062.980
12097 399.649 4572474.850 5308072.760
12098 399.846 4572566.770 5308019.760
12099 400.284 4572574.850 5307972.760
12100 400.525 4572730.920 5307859.700
12101 400.431 4572724.850 5307822.760
12102 400.281 4572624.850 5307922.760
12103 400.271 4572674.850 5307872.760
12104 395.851 4572577.340 5307052.200
12105 394.498 4572586.630 5307020.300
12106 394.422 4572627.580 5306740.420
12107 394.224 4572629.210 5306784.960
12108 393.939 4572632.860 5306822.840
12109 393.951 4572619.380 5306853.330
12110 394.377 4572627.230 5306696.440
12111 396.418 4572640.390 5306658.290
12112 398.546 4572653.810 5306620.260
12113 400.340 4572666.640 5306581.980
12114 393.948 4572609.340 5306921.600
12115 393.963 4572605.900 5306883.820
12116 393.850 4572595.840 5306952.070
12117 393.751 4572582.330 5306982.550
12118 401.766 4572685.950 5306517.310
12119 401.129 4572676.390 5306549.680
12120 401.885 4572324.850 5306072.760
12121 401.908 4572374.850 5306122.760
12122 401.778 4572449.750 5306179.420
12123 401.762 4572424.850 5306172.760
12124 401.664 4572493.710 5306212.990
12125 401.676 4572524.850 5306272.760
12126 401.691 4572574.850 5306322.760
12127 401.706 4572624.850 5306372.760
12128 401.606 4572674.850 5306422.760
12129 401.734 4572674.850 5306472.760
12130 401.593 4572674.850 5306522.760
12131 401.802 4572274.850 5306022.760
12132 401.778 4572252.410 5305983.010
12133 400.330 4572720.310 5307794.810
12134 400.328 4572774.510 5307711.370
12135 400.332 4572743.140 5307750.090
12136 400.421 4572774.850 5307672.760
12137 400.899 4572774.850 5307622.760
12138 400.797 4572724.850 5307472.760
12139 401.070 4572724.850 5307372.760
12140 401.048 4572574.850 5307122.760
12141 401.334 4572538.990 5307179.030
12142 401.165 4572574.850 5307172.760
12143 400.938 4572674.850 5307322.760
12144 400.964 4572624.850 5307272.760
12145 401.391 4572574.850 5307222.760
12146 400.799 4572724.850 5307422.760
12147 400.911 4572535.590 5307177.640
12148 400.225 4572545.140 5307145.950
12149 398.923 4572554.820 5307114.270
12150 395.905 4572564.510 5307082.580
12151 400.792 4572724.850 5307522.760
12152 400.785 4572724.850 5307572.760
12153 399.733 4572274.850 5308322.760
12154 399.734 4572324.850 5308272.760
12155 399.728 4572374.850 5308222.760
12156 399.668 4572424.850 5308172.760
12157 399.650 4572424.850 5308122.760
12158 399.189 4572174.850 5308372.760
12159 399.485 4572224.850 5308322.760
12160 399.651 4572387.760 5308096.180
12161 399.651 4572426.190 5308064.000
12162 399.671 4572508.210 5308006.200
12163 399.650 4572468.230 5308036.590
12164 400.413 4572545.990 5307973.290
12165 400.326 4572524.850 5307972.760
12166 400.292 4572579.140 5307935.610
12167 400.290 4572609.400 5307895.570
12168 400.520 4572683.270 5307827.990
12169 400.281 4572645.510 5307861.050
12170 394.545 4572574.060 5307050.810
12171 393.768 4572569.610 5307013.050
12172 394.420 4572611.110 5306733.320
12173 394.449 4572612.080 5306777.570
12174 394.209 4572615.780 5306815.480
12175 394.195 4572602.340 5306845.990
12176 396.190 4572624.130 5306695.110
12177 398.615 4572637.530 5306657.060
12178 400.274 4572650.440 5306618.810
12179 401.138 4572662.940 5306580.390
12180 393.958 4572592.420 5306914.310
12181 394.181 4572588.910 5306876.510
12182 393.922 4572578.940 5306944.800
12183 393.887 4572565.460 5306975.290
12184 401.819 4572672.650 5306548.080
12185 401.920 4572274.850 5306072.760
12186 401.820 4572324.850 5306122.760
12187 401.670 4572374.850 5306172.760
12188 401.660 4572449.000 5306229.260
12189 401.655 4572424.850 5306222.760
12190 401.668 4572474.850 5306272.760
12191 401.681 4572524.850 5306322.760
12192 401.692 4572574.850 5306372.760
12193 401.695 4572624.850 5306422.760
12194 401.535 4572624.850 5306472.760
12195 401.450 4572624.850 5306522.760
12196 401.755 4572145.130 5305921.390
12197 401.761 4572163.960 5305958.020
12198 401.854 4572224.850 5306072.760
12199 401.889 4572229.920 5306027.650
12200 400.343 4572674.850 5307772.760
12201 400.340 4572724.850 5307722.760
12202 400.344 4572724.850 5307672.760
12203 400.646 4572724.850 5307622.760
12204 400.807 4572674.850 5307472.760
12205 400.808 4572674.850 5307372.760
12206 401.233 4572524.020 5307213.670
12207 401.006 4572526.600 5307228.700
12208 401.072 4572624.850 5307322.760
12209 400.958 4572574.850 5307272.760
12210 400.810 4572674.850 5307422.760
12211 400.916 4572520.140 5307212.780
12212 400.209 4572532.200 5307176.260
12213 399.001 4572541.980 5307144.640
12214 395.964 4572551.680 5307112.970
12215 394.590 4572561.490 5307081.310
12216 400.801 4572674.850 5307522.760
12217 400.881 4572674.850 5307572.760
12218 399.743 4572274.850 5308272.760
12219 399.740 4572324.850 5308222.760
12220 399.735 4572374.850 5308172.760
12221 399.651 4572374.850 5308122.760
12222 399.195 4572124.850 5308372.760
12223 399.190 4572174.850 5308322.760
12224 399.750 4572224.850 5308272.760
12225 399.652 4572374.850 5308072.760
12226 399.652 4572424.850 5308022.760
12227 399.713 4572474.850 5307972.760
12228 400.309 4572524.850 5307922.760
12229 400.304 4572574.850 5307872.760
12230 400.470 4572624.850 5307822.760
12231 393.785 4572556.890 5307043.550
12232 393.866 4572552.590 5307005.790
12233 395.873 4572607.880 5306731.930
12234 394.461 4572594.990 5306770.200
12235 394.404 4572598.690 5306808.110
12236 394.353 4572585.300 5306838.650
12237 398.580 4572621.250 5306693.860
12238 400.189 4572634.250 5306655.650
12239 401.098 4572646.800 5306617.250
12240 401.749 4572659.290 5306578.830
12241 394.145 4572575.470 5306907.020
12242 394.284 4572571.900 5306869.180
12243 394.108 4572562.040 5306937.540
12244 394.071 4572548.610 5306968.050
12245 401.585 4572624.850 5306572.760
12246 401.732 4572274.850 5306122.760
12247 401.635 4572324.850 5306172.760
12248 401.647 4572374.850 5306222.760
12249 401.661 4572433.230 5306270.580
12250 401.671 4572474.850 5306322.760
12251 401.681 4572524.850 5306372.760
12252 401.768 4572574.850 5306422.760
12253 401.540 4572574.850 5306472.760
12254 401.549 4572574.850 5306522.760
12255 401.749 4572107.840 5305927.420
12256 401.866 4572124.850 5305972.760
12257 401.870 4572168.020 5305992.550
12258 401.924 4572174.850 5306022.760
12259 401.665 4572224.850 5306122.760
12260 401.838 4572203.700 5306069.350
12261 400.381 4572624.850 5307772.760
12262 400.352 4572674.850 5307722.760
12263 400.357 4572674.850 5307672.760
12264 400.359 4572674.850 5307622.760
12265 400.817 4572624.850 5307472.760
12266 400.820 4572624.850 5307372.760
12267 401.155 4572507.580 5307250.460
12268 400.735 4572524.850 5307272.760
12269 400.819 4572574.850 5307322.760
12270 400.822 4572624.850 5307422.760
12271 400.902 4572503.560 5307249.580
12272 400.296 4572516.300 5307211.890
12273 399.084 4572529.150 5307175.010
12274 396.017 4572538.850 5307143.350
12275 394.601 4572548.920 5307111.810
12276 393.801 4572544.170 5307074.050
12277 400.808 4572624.850 5307522.760
12278 400.583 4572624.850 5307572.760
12279 399.750 4572274.850 5308222.760
12280 399.742 4572324.850 5308172.760
12281 399.652 4572339.460 5308104.500
12282 399.197 4572124.850 5308322.760
12283 399.825 4572174.850 5308272.760
12284 399.759 4572224.850 5308222.760
12285 399.203 4572074.850 5308322.760
12286 399.653 4572324.850 5308072.760
12287 399.653 4572374.850 5308022.760
12288 399.652 4572424.850 5307972.760
12289 400.320 4572474.850 5307922.760
12290 400.319 4572524.850 5307872.760
12291 400.308 4572574.850 5307822.760
12292 393.846 4572539.720 5307036.290
12293 394.034 4572535.590 5306998.550
12294 398.378 4572604.960 5306730.670
12295 395.768 4572591.640 5306768.750
12296 394.457 4572581.640 5306800.760
12297 394.452 4572568.290 5306831.320
12298 400.108 4572618.040 5306692.490
12299 401.057 4572630.670 5306654.110
12300 401.522 4572643.310 5306615.490
12301 401.447 4572624.850 5306622.760
12302 394.215 4572558.510 5306899.720
12303 394.448 4572554.930 5306861.880
12304 394.146 4572545.120 5306930.250
12305 394.077 4572531.730 5306960.790
12306 401.551 4572574.850 5306572.760
12307 401.627 4572274.850 5306172.760
12308 401.639 4572324.850 5306222.760
12309 401.651 4572374.850 5306272.760
12310 401.659 4572415.270 5306311.080
12311 401.763 4572474.850 5306372.760
12312 401.594 4572524.850 5306422.760
12313 401.537 4572524.850 5306472.760
12314 401.542 4572524.850 5306522.760
12315 401.909 4572092.630 5305971.650
12316 401.881 4572124.850 5306022.760
12317 401.862 4572151.200 5306039.610
12318 401.619 4572224.850 5306172.760
12319 401.607 4572174.850 5306122.760
12320 401.664 4572168.520 5306099.730
12321 400.524 4572574.850 5307772.760
12322 400.363 4572624.850 5307722.760
12323 400.370 4572624.850 5307672.760
12324 400.373 4572624.850 5307622.760
12325 400.825 4572574.850 5307472.760
12326 400.834 4572574.850 5307372.760
12327 401.087 4572489.490 5307289.500
12328 400.822 4572524.850 5307322.760
12329 400.834 4572574.850 5307422.760
12330 400.869 4572485.690 5307288.140
12331 400.295 4572499.580 5307248.720
12332 399.117 4572512.830 5307211.090
12333 396.103 4572526.040 5307173.740
12334 393.826 4572526.850 5307066.790
12335 394.578 4572536.350 5307142.320
12336 393.818 4572531.450 5307104.550
12337 400.812 4572574.850 5307522.760
12338 400.386 4572574.850 5307572.760
12339 399.755 4572274.850 5308172.760
12340 399.733 4572290.660 5308114.170
12341 399.766 4572224.850 5308172.760
12342 399.197 4572124.850 5308272.760
12343 399.766 4572174.850 5308222.760
12344 399.206 4572055.120 5308293.240
12345 399.654 4572274.850 5308072.760
12346 399.653 4572324.850 5308022.760
12347 399.653 4572374.850 5307972.760
12348 400.310 4572424.850 5307922.760
12349 400.333 4572474.850 5307872.760
12350 400.325 4572524.850 5307822.760
12351 393.998 4572522.570 5307029.040
12352 394.045 4572518.570 5306991.290
12353 400.093 4572601.840 5306729.320
12354 398.132 4572588.690 5306767.480
12355 395.878 4572578.350 5306799.340
12356 395.914 4572565.070 5306829.930
12357 401.017 4572614.530 5306690.980
12358 401.412 4572627.350 5306652.160
12359 401.293 4572574.850 5306622.760
12360 394.444 4572541.580 5306892.430
12361 395.949 4572551.790 5306860.520
12362 394.438 4572528.230 5306922.990
12363 394.432 4572514.880 5306953.550
12364 401.542 4572524.850 5306572.760
12365 401.631 4572274.850 5306222.760
12366 401.668 4572324.850 5306272.760
12367 401.769 4572383.010 5306340.450
12368 401.676 4572224.850 5306222.760
12369 401.670 4572424.850 5306372.760
12370 401.527 4572474.850 5306422.760
12371 401.532 4572474.850 5306472.760
12372 401.535 4572474.850 5306522.760
12373 401.818 4572074.850 5306022.760
12374 401.883 4572050.870 5305990.100
12375 401.659 4572134.210 5306086.620
12376 401.650 4572074.850 5306072.760
12377 401.611 4572174.850 5306172.760
12378 401.604 4572143.560 5306142.990
12379 400.325 4572524.850 5307772.760
12380 400.372 4572574.850 5307722.760
12381 400.381 4572574.850 5307672.760
12382 400.386 4572574.850 5307622.760
12383 400.828 4572524.850 5307472.760
12384 401.074 4572470.360 5307331.270
12385 400.853 4572524.850 5307372.760
12386 400.898 4572482.300 5307326.700
12387 400.846 4572524.850 5307422.760
12388 401.075 4572454.700 5307365.000
12389 400.842 4572467.010 5307328.820
12390 400.178 4572481.950 5307286.800
12391 399.057 4572495.990 5307247.930
12392 396.036 4572509.320 5307210.290
12393 394.555 4572523.780 5307172.820
12394 393.961 4572509.540 5307059.540
12395 393.806 4572513.980 5307097.290
12396 393.834 4572518.730 5307135.050
12397 400.482 4572524.850 5307522.760
12398 400.400 4572524.850 5307572.760
12399 399.202 4572083.540 5308251.880
12400 399.763 4572244.470 5308133.530
12401 399.773 4572200.700 5308158.140
12402 399.770 4572121.140 5308219.140
12403 399.776 4572160.090 5308187.440
12404 399.216 4571974.850 5308272.760
12405 399.210 4572024.850 5308272.760
12406 399.809 4572224.850 5308072.760
12407 399.653 4572274.850 5308022.760
12408 399.653 4572324.850 5307972.760
12409 399.653 4572374.850 5307922.760
12410 400.345 4572424.850 5307872.760
12411 400.342 4572474.850 5307822.760
12412 394.016 4572505.400 5307021.790
12413 394.398 4572501.560 5306984.040
12414 400.933 4572598.390 5306727.840
12415 400.065 4572585.670 5306766.170
12416 398.108 4572575.400 5306798.070
12417 398.078 4572562.120 5306828.660
12418 401.323 4572611.380 5306688.820
12419 401.436 4572574.850 5306672.760
12420 401.583 4572524.850 5306622.760
12421 395.981 4572538.520 5306891.110
12422 398.042 4572548.850 5306859.250
12423 396.086 4572525.240 5306921.710
12424 396.235 4572511.960 5306952.300
12425 401.534 4572474.850 5306572.760
12426 401.752 4572274.850 5306272.760
12427 401.571 4572374.850 5306372.760
12428 401.726 4572324.850 5306322.760
12429 401.559 4572347.070 5306366.350
12430 401.751 4572224.850 5306272.760
12431 401.744 4572174.850 5306222.760
12432 401.523 4572424.850 5306422.760
12433 401.526 4572424.850 5306472.760
12434 401.528 4572424.850 5306522.760
12435 401.749 4572024.850 5306022.760
12436 401.895 4572008.770 5305966.230
12437 401.880 4571961.790 5305953.670
12438 401.599 4572116.060 5306133.210
12439 401.580 4572024.850 5306072.760
12440 401.591 4572074.850 5306122.760
12441 401.756 4572124.850 5306222.760
12442 401.724 4572121.490 5306187.680
12443 400.345 4572474.850 5307772.760
12444 400.380 4572524.850 5307722.760
12445 400.391 4572524.850 5307672.760
12446 400.399 4572524.850 5307622.760
12447 400.816 4572474.850 5307472.760
12448 400.680 4572474.850 5307372.760
12449 400.843 4572474.850 5307422.760
12450 400.954 4572436.380 5307401.350
12451 400.812 4572451.030 5307363.240
12452 400.090 4572463.730 5307326.430
12453 398.859 4572478.560 5307285.580
12454 396.104 4572492.390 5307247.150
12455 394.622 4572506.630 5307209.660
12456 393.850 4572506.010 5307165.550
12457 393.992 4572492.240 5307052.280
12458 393.927 4572496.520 5307090.030
12459 393.792 4572501.110 5307127.790
12460 400.406 4572474.850 5307522.760
12461 400.414 4572474.850 5307572.760
12462 399.276 4571934.200 5308238.240
12463 399.234 4572074.850 5308222.760
12464 399.781 4572174.850 5308122.760
12465 399.783 4572124.850 5308172.760
12466 399.212 4571974.850 5308222.760
12467 399.244 4571953.690 5308211.010
12468 399.207 4572024.850 5308222.760
12469 399.776 4572174.850 5308072.760
12470 399.654 4572224.850 5308022.760
12471 399.650 4572274.850 5307972.760
12472 399.653 4572324.850 5307922.760
12473 400.353 4572374.850 5307872.760
12474 400.359 4572424.850 5307822.760
12475 394.386 4572488.240 5307014.530
12476 395.931 4572498.930 5306983.000
12477 401.600 4572595.400 5306725.480
12478 400.819 4572582.290 5306764.720
12479 400.034 4572572.400 5306796.770
12480 400.000 4572559.140 5306827.370
12481 401.301 4572574.850 5306722.760
12482 401.269 4572524.850 5306672.760
12483 401.273 4572474.850 5306622.760
12484 398.006 4572535.580 5306889.840
12485 399.932 4572545.890 5306857.970
12486 397.974 4572522.300 5306920.440
12487 397.989 4572509.020 5306951.030
12488 401.578 4572424.850 5306572.760
12489 401.623 4572274.850 5306322.760
12490 401.515 4572355.770 5306417.220
12491 401.508 4572324.850 5306372.760
12492 401.551 4572224.850 5306322.760
12493 401.662 4572174.850 5306272.760
12494 401.520 4572374.180 5306466.200
12495 401.522 4572380.800 5306517.820
12496 401.686 4571974.850 5306022.760
12497 401.821 4571912.300 5305955.230
12498 401.694 4572079.100 5306161.610
12499 401.609 4571974.850 5306072.760
12500 401.684 4572024.850 5306122.760
12501 401.595 4572124.850 5306272.760
12502 401.714 4572088.880 5306223.040
12503 400.365 4572424.850 5307772.760
12504 400.537 4572474.850 5307722.760
12505 400.398 4572474.850 5307672.760
12506 400.410 4572474.850 5307622.760
12507 400.643 4572424.850 5307472.760
12508 400.869 4572417.900 5307437.620
12509 400.746 4572432.700 5307399.560
12510 399.980 4572447.450 5307361.530
12511 398.752 4572460.740 5307324.240
12512 396.302 4572475.190 5307284.370
12513 393.780 4572488.240 5307158.290
12514 394.464 4572489.480 5307246.500
12515 393.792 4572488.980 5307202.200
12516 394.396 4572474.920 5307045.030
12517 393.968 4572479.070 5307082.780
12518 393.899 4572483.500 5307120.530
12519 400.417 4572424.850 5307522.760
12520 400.428 4572424.850 5307572.760
12521 400.471 4572379.000 5307531.200
12522 399.388 4571931.100 5308236.070
12523 399.780 4572074.850 5308172.760
12524 399.795 4572124.850 5308122.760
12525 399.394 4571973.140 5308183.760
12526 399.426 4571950.560 5308208.820
12527 399.740 4572024.850 5308172.760
12528 399.541 4571992.560 5308156.470
12529 399.821 4572074.850 5308072.760
12530 399.792 4572124.850 5308072.760
12531 399.660 4572174.850 5308022.760
12532 399.647 4572224.850 5307972.760
12533 399.650 4572274.850 5307922.760
12534 400.109 4572324.850 5307872.760
12535 400.373 4572374.850 5307822.760
12536 396.272 4572484.700 5307013.060
12537 397.480 4572496.200 5306981.910
12538 401.475 4572579.480 5306762.160
12539 400.707 4572569.060 5306795.330
12540 400.595 4572555.840 5306825.950
12541 401.337 4572561.340 5306766.620
12542 401.136 4572524.850 5306722.760
12543 401.267 4572474.850 5306672.760
12544 401.248 4572424.850 5306622.760
12545 399.856 4572532.650 5306888.580
12546 400.482 4572542.630 5306856.570
12547 399.781 4572519.400 5306919.190
12548 399.710 4572506.140 5306949.790
12549 401.560 4572391.220 5306568.780
12550 401.503 4572274.850 5306372.760
12551 401.512 4572324.850 5306422.760
12552 401.508 4572304.750 5306393.690
12553 401.498 4572224.850 5306372.760
12554 401.489 4572174.850 5306322.760
12555 401.514 4572324.850 5306472.760
12556 401.572 4572324.850 5306522.760
12557 401.629 4571924.850 5306022.760
12558 401.747 4571863.800 5305960.940
12559 401.676 4571924.850 5306072.760
12560 401.727 4572061.920 5306206.850
12561 401.756 4572024.850 5306172.760
12562 401.729 4571974.850 5306122.760
12563 401.483 4572124.850 5306322.760
12564 401.539 4572074.850 5306272.760
12565 401.572 4572051.160 5306251.340
12566 400.387 4572374.850 5307772.760
12567 400.358 4572424.850 5307722.760
12568 400.400 4572424.850 5307672.760
12569 400.417 4572424.850 5307622.760
12570 400.793 4572399.380 5307473.880
12571 400.676 4572414.240 5307435.810
12572 400.002 4572429.100 5307397.800
12573 398.776 4572444.180 5307359.970
12574 396.570 4572457.800 5307322.090
12575 394.321 4572472.340 5307283.350
12576 393.872 4572470.480 5307151.020
12577 393.759 4572471.320 5307194.740
12578 393.731 4572471.950 5307238.850
12579 397.611 4572469.850 5307042.670
12580 394.382 4572461.590 5307075.520
12581 393.944 4572465.910 5307113.280
12582 400.719 4572380.860 5307510.130
12583 400.439 4572374.850 5307572.760
12584 400.639 4572362.350 5307546.390
12585 399.110 4571928.020 5308233.910
12586 399.804 4572074.850 5308122.760
12587 399.710 4572024.850 5308122.760
12588 399.534 4571969.980 5308181.540
12589 399.130 4571947.420 5308206.630
12590 399.676 4572011.920 5308129.150
12591 399.601 4571989.370 5308154.240
12592 399.922 4572051.540 5308075.160
12593 399.902 4572070.050 5308045.690
12594 399.746 4572124.850 5308022.760
12595 399.659 4572174.850 5307972.760
12596 399.676 4572125.700 5307979.300
12597 399.615 4572174.850 5307922.760
12598 399.637 4572224.850 5307922.760
12599 399.657 4572274.850 5307872.760
12600 400.379 4572324.850 5307822.760
12601 398.927 4572480.930 5307011.490
12602 399.266 4572493.660 5306980.900
12603 401.338 4572566.160 5306792.960
12604 401.223 4572552.870 5306823.770
12605 401.287 4572524.850 5306772.760
12606 401.277 4572474.850 5306722.760
12607 401.258 4572424.850 5306672.760
12608 401.243 4572392.510 5306621.000
12609 400.368 4572529.430 5306887.200
12610 401.119 4572539.590 5306854.590
12611 400.270 4572516.220 5306917.830
12612 400.181 4572503.010 5306948.450
12613 401.239 4572324.850 5306572.760
12614 401.504 4572261.840 5306420.110
12615 401.500 4572224.850 5306422.760
12616 401.492 4572174.850 5306372.760
12617 401.508 4572274.850 5306472.760
12618 401.508 4572274.850 5306522.760
12619 401.486 4572124.850 5306372.760
12620 401.621 4571874.850 5306022.760
12621 401.645 4571816.790 5305976.810
12622 401.721 4571874.850 5306072.760
12623 401.754 4571924.850 5306122.760
12624 401.630 4572024.850 5306222.760
12625 401.718 4571974.850 5306172.760
12626 401.477 4572074.850 5306322.760
12627 401.484 4572024.850 5306272.760
12628 400.410 4572324.850 5307772.760
12629 400.380 4572374.850 5307722.760
12630 400.457 4572374.850 5307672.760
12631 400.410 4572374.850 5307622.760
12632 400.604 4572395.760 5307472.040
12633 400.008 4572410.650 5307434.020
12634 398.786 4572425.850 5307396.220
12635 393.670 4572454.920 5307275.500
12636 396.295 4572441.000 5307358.440
12637 394.192 4572455.190 5307320.190
12638 393.920 4572452.740 5307143.780
12639 393.827 4572453.670 5307187.280
12640 393.738 4572454.400 5307231.200
12641 400.025 4572464.340 5307040.120
12642 397.634 4572456.470 5307073.230
12643 394.451 4572448.270 5307106.010
12644 400.532 4572377.280 5307508.280
12645 400.470 4572343.420 5307582.220
12646 400.460 4572358.800 5307544.520
12647 398.020 4571925.210 5308231.940
12648 399.785 4572031.550 5308102.020
12649 399.145 4571966.800 5308179.320
12650 397.966 4571944.520 5308204.590
12651 399.158 4571986.160 5308152.000
12652 399.666 4572008.720 5308126.910
12653 399.824 4572048.120 5308072.770
12654 399.933 4572089.240 5308016.650
12655 399.871 4572066.780 5308043.440
12656 399.998 4572108.950 5307987.970
12657 400.003 4572128.730 5307959.340
12658 399.966 4572148.400 5307930.630
12659 399.896 4572167.900 5307901.800
12660 399.664 4572224.850 5307872.760
12661 400.354 4572274.850 5307822.760
12662 399.668 4572224.850 5307822.760
12663 400.397 4572274.850 5307772.760
12664 399.987 4572477.540 5307010.080
12665 399.933 4572490.690 5306979.720
12666 401.175 4572524.850 5306822.760
12667 401.273 4572474.850 5306772.760
12668 401.263 4572424.850 5306722.760
12669 401.258 4572404.660 5306723.920
12670 401.251 4572392.870 5306673.140
12671 401.230 4572324.850 5306622.760
12672 401.023 4572526.320 5306885.410
12673 401.216 4572524.850 5306872.760
12674 400.889 4572513.040 5306916.230
12675 400.734 4572499.750 5306947.040
12676 401.213 4572274.850 5306572.760
12677 401.500 4572218.180 5306445.070
12678 401.494 4572174.850 5306422.760
12679 401.565 4572224.850 5306472.760
12680 401.339 4572224.850 5306522.760
12681 401.558 4572124.850 5306422.760
12682 401.506 4572074.850 5306372.760
12683 401.663 4571824.850 5306022.760
12684 401.657 4571770.330 5305995.200
12685 401.741 4571824.850 5306072.760
12686 401.730 4571874.850 5306122.760
12687 401.662 4571924.850 5306172.760
12688 401.570 4571974.850 5306222.760
12689 401.471 4572024.850 5306322.760
12690 401.463 4571974.850 5306272.760
12691 400.412 4572324.850 5307722.760
12692 400.781 4572325.600 5307632.200
12693 400.494 4572280.900 5307722.400
12694 400.311 4572324.850 5307672.760
12695 400.300 4572324.480 5307618.060
12696 400.366 4572305.550 5307653.890
12697 400.012 4572392.180 5307470.230
12698 398.718 4572407.460 5307432.430
12699 396.099 4572422.740 5307394.700
12700 393.714 4572437.480 5307267.650
12701 393.604 4572437.890 5307312.150
12702 393.951 4572438.040 5307357.030
12703 394.209 4572434.950 5307136.500
12704 393.888 4572436.040 5307179.840
12705 393.782 4572436.870 5307223.550
12706 400.818 4572459.530 5307037.890
12707 400.059 4572450.800 5307070.700
12708 397.507 4572443.240 5307103.850
12709 400.017 4572373.720 5307506.440
12710 400.365 4572339.870 5307580.320
12711 400.022 4572355.260 5307542.650
12712 395.319 4571922.570 5308230.100
12713 399.701 4572028.280 5308099.740
12714 397.902 4571963.820 5308177.230
12715 395.129 4571941.930 5308202.780
12716 397.832 4571983.110 5308149.870
12717 399.155 4572005.490 5308124.660
12718 399.229 4572044.650 5308070.330
12719 399.927 4572085.970 5308014.460
12720 399.239 4572063.480 5308041.170
12721 399.992 4572105.570 5307985.750
12722 400.062 4572125.220 5307957.070
12723 400.136 4572187.860 5307866.550
12724 400.136 4572144.790 5307928.340
12725 400.205 4572164.220 5307899.520
12726 400.288 4572207.810 5307831.300
12727 400.423 4572227.770 5307796.060
12728 400.587 4572247.730 5307760.810
12729 400.685 4572267.680 5307725.560
12730 400.701 4572473.400 5307008.370
12731 400.488 4572487.640 5306978.510
12732 401.049 4572474.850 5306822.760
12733 401.259 4572423.800 5306772.330
12734 401.250 4572374.850 5306722.760
12735 401.236 4572324.850 5306672.760
12736 401.220 4572274.850 5306622.760
12737 401.062 4572461.550 5306869.190
12738 401.052 4572474.850 5306922.760
12739 400.945 4572474.850 5306972.760
12740 401.203 4572224.850 5306572.760
12741 401.542 4572178.800 5306476.140
12742 401.208 4572174.850 5306522.760
12743 401.416 4572124.850 5306472.760
12744 401.566 4572074.850 5306422.760
12745 401.551 4572024.850 5306372.760
12746 401.714 4571774.850 5306022.760
12747 401.707 4571726.590 5305994.640
12748 401.738 4571774.850 5306072.760
12749 401.687 4571824.850 5306122.760
12750 401.604 4571874.850 5306172.760
12751 401.527 4571924.850 5306222.760
12752 401.494 4571974.850 5306322.760
12753 401.457 4571924.850 5306272.760
12754 400.581 4572286.610 5307689.730
12755 400.269 4572320.940 5307616.120
12756 400.292 4572302.010 5307651.920
12757 398.632 4572389.050 5307468.650
12758 395.818 4572404.450 5307430.940
12759 393.891 4572419.750 5307393.240
12760 393.721 4572420.060 5307259.810
12761 393.684 4572420.570 5307304.110
12762 393.529 4572420.860 5307348.810
12763 397.339 4572429.920 5307134.440
12764 394.060 4572418.370 5307172.370
12765 393.816 4572419.340 5307215.910
12766 400.935 4572453.460 5307035.080
12767 400.803 4572445.990 5307068.550
12768 400.065 4572437.580 5307101.440
12769 398.548 4572370.650 5307504.860
12770 399.936 4572336.330 5307578.420
12771 398.336 4572352.250 5307541.070
12772 393.322 4571920.340 5308228.540
12773 399.168 4572024.970 5308097.420
12774 394.972 4571961.280 5308175.450
12775 393.304 4571939.670 5308201.200
12776 394.831 4571980.620 5308148.120
12777 397.829 4572002.390 5308122.490
12778 398.111 4572041.230 5308067.940
12779 399.318 4572082.680 5308012.240
12780 398.025 4572060.240 5308038.940
12781 399.441 4572102.180 5307983.510
12782 399.595 4572121.700 5307954.810
12783 400.282 4572184.210 5307864.320
12784 399.716 4572141.170 5307926.060
12785 399.809 4572160.550 5307897.250
12786 400.300 4572204.190 5307829.120
12787 400.285 4572224.180 5307793.920
12788 400.279 4572244.170 5307758.730
12789 400.288 4572264.150 5307723.520
12790 401.029 4572469.190 5307006.610
12791 400.884 4572442.050 5306821.360
12792 401.299 4572374.850 5306772.760
12793 401.237 4572324.850 5306722.760
12794 401.224 4572274.850 5306672.760
12795 401.209 4572224.850 5306622.760
12796 400.860 4572424.850 5306872.760
12797 401.026 4572424.850 5306922.760
12798 400.990 4572424.850 5306972.760
12799 401.193 4572174.850 5306572.760
12800 401.237 4572138.530 5306506.130
12801 401.290 4572074.850 5306472.760
12802 401.468 4572024.850 5306422.760
12803 401.571 4571974.850 5306372.760
12804 401.737 4571724.850 5306022.760
12805 401.684 4571684.720 5305970.760
12806 401.702 4571724.850 5306072.760
12807 401.632 4571774.850 5306122.760
12808 401.559 4571824.850 5306172.760
12809 401.479 4571874.850 5306222.760
12810 401.544 4571924.850 5306322.760
12811 401.505 4571874.850 5306272.760
12812 400.314 4572283.080 5307687.720
12813 399.853 4572317.410 5307614.190
12814 399.764 4572298.490 5307649.960
12815 395.680 4572386.160 5307467.180
12816 393.909 4572401.460 5307429.460
12817 393.487 4572402.570 5307384.850
12818 393.745 4572402.640 5307251.970
12819 393.659 4572403.250 5307296.070
12820 393.655 4572403.650 5307340.570
12821 400.105 4572424.190 5307132.100
12822 397.057 4572413.490 5307170.310
12823 394.161 4572401.790 5307208.250
12824 400.782 4572447.300 5307032.230
12825 400.864 4572439.690 5307065.750
12826 400.745 4572432.900 5307099.430
12827 395.529 4572367.860 5307503.430
12828 398.470 4572333.260 5307576.770
12829 395.387 4572349.570 5307539.670
12830 393.003 4571904.240 5308217.560
12831 398.002 4572021.750 5308095.170
12832 392.956 4571923.410 5308189.830
12833 393.278 4571958.990 5308173.850
12834 393.255 4571978.310 5308146.510
12835 394.752 4571999.960 5308120.790
12836 395.068 4572038.780 5308066.220
12837 398.037 4572079.470 5308010.080
12838 395.162 4572057.880 5308037.320
12839 398.126 4572098.870 5307981.340
12840 398.573 4572118.300 5307952.610
12841 399.798 4572180.570 5307862.100
12842 398.726 4572137.690 5307923.860
12843 398.856 4572157.020 5307895.070
12844 399.814 4572200.590 5307826.950
12845 399.749 4572220.610 5307791.800
12846 399.601 4572240.630 5307756.650
12847 399.538 4572260.640 5307721.500
12848 400.930 4572424.850 5307022.760
12849 400.837 4572374.850 5306822.760
12850 400.984 4572324.850 5306772.760
12851 401.287 4572274.850 5306722.760
12852 401.211 4572224.850 5306672.760
12853 401.197 4572174.850 5306622.760
12854 400.850 4572374.850 5306872.760
12855 400.855 4572374.850 5306922.760
12856 400.845 4572374.850 5306972.760
12857 401.181 4572124.850 5306572.760
12858 401.174 4572104.210 5306542.800
12859 401.165 4572074.850 5306522.760
12860 401.177 4572024.850 5306472.760
12861 401.352 4571974.850 5306422.760
12862 401.500 4571924.850 5306372.760
12863 401.742 4571674.850 5306022.760
12864 401.743 4571649.280 5306001.640
12865 401.663 4571674.850 5306072.760
12866 401.589 4571724.850 5306122.760
12867 401.516 4571774.850 5306172.760
12868 401.442 4571824.850 5306222.760
12869 401.571 4571874.850 5306322.760
12870 401.538 4571824.850 5306272.760
12871 399.648 4572279.570 5307685.730
12872 398.438 4572314.260 5307612.470
12873 398.427 4572295.260 5307648.160
12874 393.446 4572384.280 5307420.900
12875 393.926 4572383.180 5307465.670
12876 393.629 4572385.360 5307376.450
12877 394.148 4572385.220 5307244.120
12878 393.681 4572385.940 5307288.030
12879 393.598 4572386.450 5307332.330
12880 400.690 4572419.530 5307130.190
12881 399.970 4572408.010 5307168.000
12882 397.377 4572396.940 5307206.130
12883 400.736 4572433.330 5307062.920
12884 400.892 4572426.570 5307096.730
12885 400.689 4572424.850 5307072.760
12886 393.944 4572364.890 5307501.890
12887 395.903 4572330.570 5307575.340
12888 393.963 4572346.600 5307538.100
12889 392.977 4571887.370 5308205.730
12890 394.636 4572019.340 5308093.480
12891 392.988 4571907.080 5308178.410
12892 392.948 4571942.790 5308162.520
12893 392.927 4571962.170 5308135.210
12894 393.179 4571997.640 5308119.170
12895 392.768 4572036.290 5308064.480
12896 392.856 4572055.460 5308035.660
12897 395.310 4572077.090 5308008.480
12898 395.558 4572096.390 5307979.700
12899 395.996 4572115.700 5307950.940
12900 398.774 4572177.070 5307859.970
12901 396.006 4572135.000 5307922.160
12902 396.023 4572154.270 5307893.360
12903 398.484 4572197.120 5307824.860
12904 398.281 4572217.170 5307789.760
12905 398.459 4572237.220 5307754.660
12906 398.606 4572257.270 5307719.550
12907 400.885 4572374.850 5307022.760
12908 400.830 4572324.850 5306822.760
12909 400.811 4572274.850 5306772.760
12910 401.132 4572224.850 5306722.760
12911 401.275 4572174.850 5306672.760
12912 401.185 4572124.850 5306622.760
12913 400.838 4572324.850 5306872.760
12914 400.839 4572324.850 5306922.760
12915 400.928 4572324.850 5306972.760
12916 401.168 4572066.240 5306575.920
12917 401.154 4572024.850 5306522.760
12918 401.137 4571974.850 5306472.760
12919 401.246 4571924.850 5306422.760
12920 401.415 4571874.850 5306372.760
12921 401.685 4571617.960 5306040.430
12922 401.604 4571624.850 5306072.760
12923 401.547 4571674.850 5306122.760
12924 401.467 4571724.850 5306172.760
12925 401.506 4571774.850 5306222.760
12926 401.528 4571824.850 5306322.760
12927 401.571 4571774.850 5306272.760
12928 398.390 4572276.260 5307683.860
12929 396.233 4572311.580 5307611.010
12930 395.819 4572292.580 5307646.680
12931 393.636 4572367.070 5307412.330
12932 393.404 4572365.990 5307456.950
12933 393.626 4572368.150 5307368.050
12934 397.730 4572380.260 5307241.890
12935 394.135 4572368.640 5307280.000
12936 393.646 4572369.250 5307324.100
12937 400.866 4572413.090 5307127.560
12938 400.587 4572403.530 5307166.120
12939 399.876 4572391.560 5307203.790
12940 400.696 4572420.220 5307094.020
12941 400.841 4572374.850 5307072.760
12942 393.363 4572347.700 5307493.000
12943 393.803 4572327.660 5307573.770
12944 393.325 4572329.410 5307529.050
12945 393.192 4571870.710 5308193.640
12946 392.973 4572016.960 5308091.820
12947 393.179 4571890.780 5308167.010
12948 393.009 4571926.520 5308151.140
12949 393.030 4571945.950 5308123.860
12950 392.907 4571981.550 5308107.910
12951 392.867 4572020.310 5308053.290
12952 392.947 4572039.360 5308024.610
12953 392.944 4572074.640 5308006.840
12954 393.032 4572093.810 5307978.010
12955 393.166 4572112.990 5307949.190
12956 396.376 4572174.330 5307858.290
12957 393.343 4572132.170 5307920.370
12958 393.518 4572151.340 5307891.550
12959 395.884 4572194.400 5307823.220
12960 395.974 4572214.460 5307788.150
12961 396.276 4572234.530 5307753.090
12962 396.071 4572254.590 5307718.020
12963 400.711 4572324.850 5307022.760
12964 400.820 4572274.850 5306822.760
12965 400.803 4572224.850 5306772.760
12966 400.903 4572174.850 5306722.760
12967 401.219 4572124.850 5306672.760
12968 401.262 4572074.850 5306622.760
12969 400.825 4572274.850 5306872.760
12970 400.825 4572274.850 5306922.760
12971 400.751 4572274.850 5306972.760
12972 401.180 4572024.850 5306572.760
12973 401.142 4571974.850 5306522.760
12974 401.126 4571924.850 5306472.760
12975 401.146 4571874.850 5306422.760
12976 401.319 4571824.850 5306372.760
12977 401.583 4571581.590 5306070.870
12978 401.505 4571624.850 5306122.760
12979 401.500 4571674.850 5306172.760
12980 401.531 4571724.850 5306222.760
12981 401.445 4571774.850 5306322.760
12982 401.542 4571724.850 5306272.760
12983 395.803 4572273.590 5307682.350
12984 393.813 4572308.720 5307609.450
12985 393.749 4572289.770 5307645.120
12986 393.650 4572349.850 5307403.760
12987 393.665 4572348.770 5307448.220
12988 393.674 4572350.950 5307359.650
12989 399.825 4572374.830 5307239.440
12990 397.913 4572363.600 5307277.650
12991 394.149 4572352.060 5307315.870
12992 400.653 4572406.650 5307124.930
12993 400.863 4572397.370 5307163.570
12994 400.499 4572387.150 5307201.870
12995 400.723 4572324.850 5307072.760
12996 400.807 4572374.850 5307122.760
12997 393.694 4572330.480 5307484.100
12998 393.354 4572310.600 5307564.630
12999 393.723 4572312.190 5307519.980
13000 393.433 4571854.910 5308182.790
13001 392.887 4572000.930 5308080.600
13002 393.442 4571874.450 5308155.580
13003 393.187 4571910.260 5308139.760
13004 393.193 4571929.750 5308112.520
13005 393.019 4571965.390 5308096.590
13006 392.950 4572004.260 5308042.050
13007 393.028 4572023.180 5308013.500
13008 393.026 4572058.410 5307995.920
13009 393.105 4572077.450 5307967.240
13010 393.184 4572096.500 5307938.550
13011 393.736 4572171.450 5307856.530
13012 393.262 4572115.550 5307909.870
13013 393.329 4572134.600 5307881.180
13014 393.976 4572191.560 5307821.520
13015 394.321 4572211.670 5307786.500
13016 394.316 4572231.780 5307751.490
13017 394.039 4572251.890 5307716.470
13018 400.707 4572274.850 5307022.760
13019 400.809 4572224.850 5306822.760
13020 400.793 4572174.850 5306772.760
13021 401.283 4572041.420 5306619.060
13022 400.776 4572124.850 5306722.760
13023 401.011 4572074.850 5306672.760
13024 400.813 4572224.850 5306872.760
13025 400.909 4572224.850 5306922.760
13026 400.693 4572224.850 5306972.760
13027 401.250 4571974.850 5306572.760
13028 401.178 4571924.850 5306522.760
13029 401.114 4571874.850 5306472.760
13030 401.089 4571974.850 5306622.760
13031 401.098 4571824.850 5306422.760
13032 401.218 4571774.850 5306372.760
13033 401.535 4571532.530 5306075.750
13034 401.492 4571574.850 5306122.760
13035 401.525 4571624.850 5306172.760
13036 401.559 4571674.850 5306222.760
13037 401.369 4571724.850 5306322.760
13038 401.479 4571674.850 5306272.760
13039 393.822 4572270.830 5307680.800
13040 393.387 4572291.800 5307600.210
13041 393.398 4572272.990 5307635.790
13042 393.702 4572332.650 5307395.200
13043 393.675 4572331.560 5307439.480
13044 394.151 4572333.750 5307351.250
13045 400.431 4572370.360 5307237.440
13046 399.781 4572358.150 5307275.120
13047 398.045 4572346.950 5307313.430
13048 400.713 4572274.850 5307072.760
13049 400.606 4572391.210 5307161.020
13050 400.777 4572381.100 5307199.340
13051 400.790 4572324.850 5307122.760
13052 400.501 4572374.850 5307172.760
13053 393.699 4572313.260 5307475.190
13054 393.633 4572293.510 5307555.470
13055 393.723 4572294.960 5307510.910
13056 393.735 4571838.510 5308171.330
13057 392.984 4571984.830 5308069.320
13058 393.936 4571858.110 5308144.160
13059 393.444 4571893.990 5308128.380
13060 393.445 4571913.530 5308101.170
13061 393.189 4571949.230 5308085.280
13062 393.193 4571988.200 5308030.790
13063 393.242 4572006.990 5308002.390
13064 393.106 4572042.090 5307984.950
13065 393.184 4572061.010 5307956.400
13066 393.263 4572079.920 5307927.850
13067 393.334 4572154.760 5307846.340
13068 393.340 4572098.840 5307899.310
13069 393.469 4572117.750 5307870.760
13070 393.339 4572174.910 5307811.490
13071 393.346 4572195.070 5307776.650
13072 393.353 4572215.230 5307741.800
13073 393.346 4572235.390 5307706.960
13074 400.700 4572224.850 5307022.760
13075 400.798 4572174.850 5306822.760
13076 400.783 4572124.850 5306772.760
13077 400.890 4572021.320 5306665.270
13078 400.766 4572074.850 5306722.760
13079 400.800 4572174.850 5306872.760
13080 400.848 4572174.850 5306922.760
13081 400.686 4572174.850 5306972.760
13082 401.265 4571924.850 5306572.760
13083 401.239 4571874.850 5306522.760
13084 401.177 4571824.850 5306472.760
13085 400.740 4571974.850 5306672.760
13086 400.947 4571924.850 5306622.760
13087 401.087 4571774.850 5306422.760
13088 401.115 4571724.850 5306372.760
13089 401.532 4571485.080 5306067.510
13090 401.519 4571524.850 5306122.760
13091 401.557 4571574.850 5306172.760
13092 401.550 4571624.850 5306222.760
13093 401.275 4571674.850 5306322.760
13094 401.415 4571624.850 5306272.760
13095 393.372 4572254.190 5307671.370
13096 393.542 4572274.840 5307590.950
13097 393.452 4572256.160 5307626.440
13098 394.153 4572315.440 5307386.630
13099 393.729 4572314.350 5307430.750
13100 398.084 4572328.920 5307348.900
13101 400.721 4572364.270 5307234.840
13102 400.837 4572353.640 5307273.040
13103 399.746 4572341.500 5307310.820
13104 400.703 4572224.850 5307072.760
13105 400.713 4572274.850 5307122.760
13106 400.548 4572375.060 5307196.800
13107 400.692 4572324.850 5307172.760
13108 393.741 4572296.050 5307466.290
13109 393.670 4572276.410 5307546.300
13110 393.730 4572277.750 5307501.840
13111 397.490 4571834.100 5308168.080
13112 393.184 4571968.720 5308058.040
13113 397.271 4571854.040 5308141.520
13114 394.251 4571877.710 5308116.990
13115 394.257 4571897.300 5308089.810
13116 393.449 4571933.070 5308073.960
13117 393.451 4571972.150 5308019.550
13118 393.492 4571990.810 5307991.280
13119 393.322 4572025.780 5307973.980
13120 393.401 4572044.570 5307945.570
13121 393.481 4572063.360 5307917.160
13122 393.424 4572137.960 5307836.090
13123 393.560 4572082.150 5307888.750
13124 393.639 4572100.940 5307860.340
13125 393.397 4572158.170 5307801.420
13126 393.369 4572178.380 5307766.750
13127 393.340 4572198.590 5307732.080
13128 393.330 4572218.800 5307697.410
13129 400.692 4572174.850 5307022.760
13130 400.750 4572001.100 5306711.430
13131 400.746 4571974.850 5306722.760
13132 400.787 4572124.850 5306822.760
13133 400.772 4572074.850 5306772.760
13134 400.756 4572024.850 5306722.760
13135 400.896 4572124.850 5306872.760
13136 400.723 4572124.850 5306922.760
13137 400.680 4572124.850 5306972.760
13138 401.146 4571874.850 5306572.760
13139 401.264 4571824.850 5306522.760
13140 401.228 4571774.850 5306472.760
13141 400.730 4571924.850 5306672.760
13142 400.807 4571874.850 5306622.760
13143 400.735 4571924.850 5306722.760
13144 401.158 4571724.850 5306422.760
13145 401.060 4571674.850 5306372.760
13146 401.522 4571436.940 5306054.820
13147 401.554 4571474.850 5306122.760
13148 401.554 4571524.850 5306172.760
13149 401.496 4571574.850 5306222.760
13150 401.161 4571624.850 5306322.760
13151 401.326 4571574.850 5306272.760
13152 393.387 4572237.480 5307661.920
13153 393.612 4572257.860 5307581.680
13154 393.548 4572239.310 5307617.070
13155 398.149 4572310.870 5307384.370
13156 394.150 4572297.140 5307422.010
13157 400.694 4572174.850 5307072.760
13158 399.829 4572323.540 5307346.280
13159 400.479 4572358.180 5307232.250
13160 400.739 4572347.540 5307270.390
13161 400.381 4572336.980 5307308.670
13162 400.702 4572224.850 5307122.760
13163 400.664 4572274.850 5307172.760
13164 400.685 4572324.850 5307222.760
13165 394.206 4572278.830 5307457.390
13166 393.657 4572259.320 5307537.130
13167 394.166 4572260.520 5307492.770
13168 399.341 4571829.920 5308165.020
13169 393.452 4571952.610 5308046.760
13170 399.368 4571849.950 5308138.850
13171 397.700 4571873.070 5308113.900
13172 397.727 4571893.670 5308086.410
13173 394.259 4571916.900 5308062.640
13174 394.031 4571956.100 5308008.300
13175 394.036 4571974.630 5307980.170
13176 393.549 4572009.470 5307963.010
13177 393.610 4572028.130 5307934.740
13178 393.672 4572046.780 5307906.460
13179 393.606 4572121.190 5307825.840
13180 393.733 4572065.440 5307878.190
13181 393.794 4572084.100 5307849.920
13182 393.572 4572141.450 5307791.340
13183 393.539 4572161.700 5307756.840
13184 393.505 4572181.950 5307722.350
13185 393.421 4572202.210 5307687.850
13186 400.683 4572124.850 5307022.760
13187 400.750 4571981.220 5306757.730
13188 400.819 4572074.850 5306822.760
13189 400.761 4572024.850 5306772.760
13190 400.902 4572074.850 5306872.760
13191 400.667 4572074.850 5306922.760
13192 400.672 4572074.850 5306972.760
13193 400.876 4571924.850 5306772.760
13194 401.016 4571824.850 5306572.760
13195 401.184 4571774.850 5306522.760
13196 401.259 4571724.850 5306472.760
13197 400.720 4571874.850 5306672.760
13198 400.736 4571824.850 5306622.760
13199 400.797 4571874.850 5306722.760
13200 401.217 4571674.850 5306422.760
13201 401.140 4571624.850 5306372.760
13202 401.535 4571393.480 5306067.450
13203 401.557 4571424.850 5306122.760
13204 401.520 4571474.850 5306172.760
13205 401.436 4571524.850 5306222.760
13206 401.556 4571359.040 5306091.450
13207 401.120 4571574.850 5306322.760
13208 401.248 4571524.850 5306272.760
13209 393.485 4572220.760 5307652.460
13210 393.608 4572240.890 5307572.420
13211 393.554 4572222.460 5307607.700
13212 400.719 4572124.850 5307072.760
13213 399.919 4572305.540 5307381.720
13214 398.223 4572292.810 5307419.830
13215 400.716 4572174.850 5307122.760
13216 400.377 4572319.120 5307344.130
13217 400.411 4572341.430 5307267.750
13218 400.753 4572330.880 5307305.980
13219 400.496 4572224.850 5307172.760
13220 400.507 4572274.850 5307222.760
13221 400.314 4572324.850 5307272.760
13222 398.354 4572274.740 5307455.290
13223 394.727 4572242.220 5307527.960
13224 398.494 4572256.680 5307490.750
13225 399.176 4571825.740 5308162.230
13226 394.145 4571936.500 5308035.470
13227 399.159 4571844.940 5308135.590
13228 399.464 4571868.390 5308110.770
13229 399.520 4571889.820 5308082.960
13230 397.045 4571913.430 5308060.220
13231 397.486 4571953.010 5308006.050
13232 396.802 4571972.030 5307978.480
13233 394.048 4571993.150 5307952.030
13234 394.059 4572011.670 5307923.890
13235 394.065 4572030.200 5307895.760
13236 393.733 4572104.400 5307815.590
13237 394.074 4572048.720 5307867.630
13238 394.082 4572067.250 5307839.490
13239 393.672 4572124.700 5307781.260
13240 393.609 4572145.000 5307746.930
13241 393.523 4572165.300 5307712.610
13242 393.436 4572185.600 5307678.280
13243 400.675 4572074.850 5307022.760
13244 400.911 4571960.340 5306803.590
13245 400.886 4572024.850 5306822.760
13246 400.774 4572024.850 5306872.760
13247 400.741 4571944.330 5306851.000
13248 400.660 4572024.850 5306922.760
13249 400.664 4572024.850 5306972.760
13250 400.838 4571924.850 5306822.760
13251 400.919 4571874.850 5306772.760
13252 400.894 4571774.850 5306572.760
13253 401.072 4571724.850 5306522.760
13254 401.204 4571674.850 5306472.760
13255 400.709 4571824.850 5306672.760
13256 400.694 4571774.850 5306622.760
13257 400.865 4571824.850 5306722.760
13258 401.255 4571624.850 5306422.760
13259 401.207 4571574.850 5306372.760
13260 401.529 4571374.850 5306122.760
13261 401.468 4571424.850 5306172.760
13262 401.370 4571474.850 5306222.760
13263 401.468 4571338.540 5306136.990
13264 401.122 4571524.850 5306322.760
13265 401.170 4571474.850 5306272.760
13266 393.495 4572204.030 5307642.990
13267 395.222 4572223.910 5307563.150
13268 394.513 4572205.610 5307598.340
13269 400.729 4572074.850 5307072.760
13270 400.546 4572124.850 5307122.760
13271 400.379 4572301.210 5307379.570
13272 399.960 4572287.520 5307417.150
13273 400.492 4572174.850 5307172.760
13274 400.586 4572313.150 5307341.410
13275 400.343 4572324.780 5307303.300
13276 400.504 4572224.850 5307222.760
13277 400.543 4572274.850 5307272.760
13278 399.976 4572269.490 5307452.580
13279 397.996 4572238.390 5307525.910
13280 399.992 4572251.460 5307488.000
13281 399.099 4571819.880 5308157.490
13282 397.622 4571933.060 5308032.760
13283 398.944 4571839.550 5308132.070
13284 399.079 4571862.560 5308106.860
13285 399.194 4571884.940 5308078.550
13286 399.030 4571909.650 5308057.590
13287 399.229 4571949.060 5308003.340
13288 398.966 4571968.670 5307976.270
13289 397.857 4571989.670 5307949.700
13290 397.893 4572008.170 5307921.590
13291 397.963 4572026.630 5307893.460
13292 394.022 4572087.600 5307805.340
13293 398.033 4572045.090 5307865.330
13294 398.101 4572063.550 5307837.200
13295 393.963 4572107.950 5307771.180
13296 393.903 4572128.300 5307737.030
13297 393.845 4572148.650 5307702.870
13298 393.787 4572169.000 5307668.720
13299 400.731 4572024.850 5307022.760
13300 400.686 4571974.850 5306872.760
13301 400.641 4571924.850 5306872.760
13302 400.653 4571974.850 5306922.760
13303 400.656 4571974.850 5306972.760
13304 400.750 4571874.850 5306822.760
13305 400.874 4571824.850 5306772.760
13306 400.782 4571724.850 5306572.760
13307 400.957 4571674.850 5306522.760
13308 401.108 4571624.850 5306472.760
13309 400.801 4571774.850 5306672.760
13310 400.719 4571724.850 5306622.760
13311 400.913 4571774.850 5306722.760
13312 401.218 4571574.850 5306422.760
13313 401.249 4571524.850 5306372.760
13314 401.415 4571374.850 5306172.760
13315 401.269 4571424.850 5306222.760
13316 401.301 4571318.030 5306182.600
13317 401.197 4571474.850 5306322.760
13318 401.159 4571424.850 5306272.760
13319 394.364 4572187.300 5307633.530
13320 397.789 4572220.080 5307561.050
13321 397.998 4572201.730 5307596.180
13322 400.590 4572024.850 5307072.760
13323 400.477 4572074.850 5307122.760
13324 400.487 4572124.850 5307172.760
13325 400.420 4572295.350 5307376.810
13326 400.385 4572283.260 5307415.000
13327 400.498 4572174.850 5307222.760
13328 400.271 4572307.180 5307338.690
13329 400.551 4572274.850 5307322.760
13330 400.509 4572224.850 5307272.760
13331 400.347 4572265.300 5307450.410
13332 399.978 4572233.290 5307523.170
13333 400.297 4572247.340 5307485.830
13334 399.066 4571812.760 5308152.180
13335 398.984 4571832.430 5308126.960
13336 399.127 4571929.660 5308030.300
13337 399.308 4571856.330 5308102.690
13338 399.163 4571879.770 5308073.900
13339 399.326 4571904.770 5308054.180
13340 399.635 4571945.120 5308000.620
13341 399.795 4571964.560 5307973.550
13342 399.311 4571985.700 5307947.040
13343 399.331 4572004.110 5307918.930
13344 399.359 4572022.460 5307890.790
13345 398.085 4572083.860 5307803.050
13346 399.387 4572040.810 5307862.630
13347 399.414 4572059.160 5307834.480
13348 398.068 4572104.160 5307768.910
13349 398.058 4572124.460 5307734.760
13350 398.051 4572144.760 5307700.600
13351 398.055 4572165.040 5307666.440
13352 400.732 4571974.850 5307022.760
13353 400.645 4571937.610 5306900.410
13354 400.634 4571874.850 5306872.760
13355 400.666 4571910.730 5306942.380
13356 400.734 4571924.850 5306972.760
13357 400.665 4571824.850 5306822.760
13358 400.786 4571774.850 5306772.760
13359 400.716 4571674.850 5306572.760
13360 400.843 4571624.850 5306522.760
13361 401.032 4571574.850 5306472.760
13362 400.855 4571724.850 5306672.760
13363 400.803 4571674.850 5306622.760
13364 400.893 4571724.850 5306722.760
13365 401.145 4571524.850 5306422.760
13366 401.228 4571474.850 5306372.760
13367 401.225 4571374.850 5306222.760
13368 401.197 4571297.350 5306228.140
13369 401.243 4571424.850 5306322.760
13370 401.188 4571374.850 5306272.760
13371 397.841 4572183.390 5307631.310
13372 399.905 4572215.050 5307558.310
13373 399.790 4572196.740 5307593.410
13374 400.515 4571974.850 5307072.760
13375 400.472 4572024.850 5307122.760
13376 400.482 4572074.850 5307172.760
13377 400.491 4572124.850 5307222.760
13378 400.201 4572289.490 5307374.040
13379 400.254 4572277.500 5307412.170
13380 400.500 4572174.850 5307272.760
13381 400.126 4572274.850 5307372.760
13382 400.504 4572224.850 5307322.760
13383 400.088 4572259.630 5307447.530
13384 400.223 4572229.230 5307520.990
13385 399.919 4572241.760 5307482.900
13386 398.999 4571823.980 5308120.140
13387 399.045 4571804.100 5308145.730
13388 398.933 4571842.900 5308092.600
13389 398.903 4571850.390 5308098.770
13390 399.561 4571925.800 5308027.490
13391 399.366 4571873.630 5308070.070
13392 398.931 4571899.650 5308050.610
13393 399.230 4571941.170 5307997.790
13394 399.402 4571960.220 5307970.690
13395 399.674 4571981.580 5307944.270
13396 399.706 4571999.950 5307916.190
13397 399.747 4572018.220 5307888.050
13398 399.511 4572079.370 5307800.320
13399 399.812 4572036.490 5307859.900
13400 399.876 4572054.750 5307831.750
13401 399.592 4572099.580 5307766.150
13402 399.648 4572119.780 5307731.980
13403 399.704 4572139.980 5307697.810
13404 399.760 4572160.140 5307663.610
13405 400.625 4571924.850 5307022.760
13406 400.672 4571874.850 5306922.760
13407 400.626 4571824.850 5306872.760
13408 400.715 4571881.820 5306983.290
13409 400.615 4571774.850 5306822.760
13410 400.719 4571724.850 5306772.760
13411 400.719 4571624.850 5306572.760
13412 400.759 4571574.850 5306522.760
13413 400.927 4571524.850 5306472.760
13414 400.895 4571674.850 5306672.760
13415 400.846 4571624.850 5306622.760
13416 400.833 4571674.850 5306722.760
13417 401.231 4571276.840 5306273.760
13418 401.064 4571474.850 5306422.760
13419 401.166 4571424.850 5306372.760
13420 401.238 4571324.850 5306272.760
13421 401.231 4571374.850 5306322.760
13422 399.685 4572178.440 5307628.510
13423 400.235 4572211.010 5307556.100
13424 399.959 4572192.700 5307591.160
13425 400.456 4571924.850 5307072.760
13426 400.466 4571974.850 5307122.760
13427 400.475 4572024.850 5307172.760
13428 400.484 4572074.850 5307222.760
13429 400.492 4572124.850 5307272.760
13430 400.178 4572271.730 5307409.350
13431 400.513 4572174.850 5307322.760
13432 400.394 4572224.850 5307372.760
13433 400.154 4572253.950 5307444.650
13434 399.909 4572223.750 5307518.060
13435 400.130 4572236.180 5307479.960
13436 398.951 4571833.220 5308083.710
13437 399.001 4571813.590 5308111.410
13438 399.052 4571860.030 5308060.430
13439 399.068 4571866.620 5308065.670
13440 399.138 4571921.230 5308024.560
13441 399.048 4571884.370 5308040.000
13442 399.247 4571893.650 5308046.760
13443 398.805 4571936.440 5307994.530
13444 398.924 4571954.410 5307966.310
13445 399.274 4571977.070 5307941.240
13446 399.340 4571995.390 5307913.190
13447 399.404 4572013.580 5307885.060
13448 399.917 4572075.040 5307797.670
13449 399.468 4572031.760 5307856.910
13450 399.531 4572049.930 5307828.770
13451 399.957 4572095.330 5307763.590
13452 399.997 4572115.610 5307729.500
13453 400.030 4572135.870 5307695.410
13454 400.048 4572156.080 5307661.280
13455 400.507 4571856.260 5307026.600
13456 400.736 4571824.850 5306922.760
13457 400.682 4571774.850 5306872.760
13458 400.647 4571824.850 5306972.760
13459 400.607 4571724.850 5306822.760
13460 400.644 4571674.850 5306772.760
13461 400.802 4571574.850 5306572.760
13462 400.698 4571524.850 5306522.760
13463 400.821 4571474.850 5306472.760
13464 400.903 4571624.850 5306672.760
13465 400.888 4571574.850 5306622.760
13466 400.744 4571624.850 5306722.760
13467 401.100 4571255.690 5306319.080
13468 400.986 4571424.850 5306422.760
13469 401.091 4571374.850 5306372.760
13470 401.180 4571324.850 5306322.760
13471 399.999 4572174.390 5307626.220
13472 399.904 4572205.590 5307553.140
13473 400.086 4572187.300 5307588.160
13474 400.450 4571874.850 5307072.760
13475 400.460 4571924.850 5307122.760
13476 400.469 4571974.850 5307172.760
13477 400.477 4572024.850 5307222.760
13478 400.524 4572074.850 5307272.760
13479 400.201 4572124.850 5307322.760
13480 400.355 4572224.850 5307422.760
13481 400.146 4572174.850 5307372.760
13482 399.928 4572224.850 5307472.760
13483 400.102 4572218.270 5307515.120
13484 398.954 4571824.850 5308072.760
13485 399.007 4571774.700 5308123.500
13486 399.014 4571873.700 5308020.940
13487 399.033 4571889.700 5308028.300
13488 399.503 4571924.850 5307972.760
13489 399.052 4571972.560 5307938.220
13490 399.190 4571990.840 5307910.190
13491 398.895 4571974.850 5307922.760
13492 399.320 4572008.940 5307882.060
13493 399.567 4572070.120 5307794.670
13494 399.449 4572027.020 5307853.920
13495 399.579 4572045.110 5307825.780
13496 399.602 4572090.310 5307760.570
13497 399.637 4572110.490 5307726.470
13498 399.672 4572130.650 5307692.360
13499 399.710 4572150.720 5307658.200
13500 400.489 4571824.850 5307022.760
13501 400.446 4571841.730 5307074.750
13502 400.726 4571774.850 5306922.760
13503 400.730 4571724.850 5306872.760
13504 400.570 4571774.850 5306972.760
13505 400.677 4571674.850 5306822.760
13506 400.617 4571624.850 5306772.760
13507 400.837 4571524.850 5306572.760
13508 400.790 4571474.850 5306522.760
13509 400.775 4571424.850 5306472.760
13510 400.861 4571574.850 5306672.760
13511 400.906 4571524.850 5306622.760
13512 400.681 4571574.850 5306722.760
13513 400.916 4571235.240 5306364.710
13514 400.877 4571374.850 5306422.760
13515 401.035 4571324.850 5306372.760
13516 400.892 4571194.320 5306455.990
13517 399.907 4572169.010 5307623.180
13518 400.071 4572200.180 5307550.190
13519 400.058 4572181.900 5307585.160
13520 400.453 4571874.850 5307122.760
13521 400.506 4571924.850 5307172.760
13522 400.498 4571974.850 5307222.760
13523 400.249 4572024.850 5307272.760
13524 400.139 4572074.850 5307322.760
13525 400.144 4572124.850 5307372.760
13526 400.148 4572174.850 5307422.760
13527 400.246 4572174.850 5307472.760
13528 400.160 4572174.850 5307522.760
13529 399.016 4571824.850 5308022.760
13530 398.976 4571774.850 5308072.760
13531 398.980 4571884.750 5307972.350
13532 399.003 4571924.850 5307922.760
13533 399.650 4571974.850 5307872.760
13534 399.672 4572065.210 5307791.670
13535 399.141 4572024.850 5307822.760
13536 399.764 4572085.290 5307757.560
13537 399.494 4572071.600 5307769.300
13538 399.856 4572105.370 5307723.440
13539 399.919 4572125.420 5307689.300
13540 399.972 4572145.370 5307655.110
13541 399.647 4572124.850 5307672.760
13542 398.965 4571724.850 5308072.760
13543 400.507 4571834.060 5307124.470
13544 400.435 4571774.850 5307022.760
13545 400.481 4571774.850 5307072.760
13546 400.671 4571724.850 5306922.760
13547 400.723 4571674.850 5306872.760
13548 400.522 4571724.850 5306972.760
13549 400.721 4571624.850 5306822.760
13550 400.686 4571574.850 5306772.760
13551 400.880 4571474.850 5306572.760
13552 400.828 4571424.850 5306522.760
13553 400.778 4571374.850 5306472.760
13554 400.781 4571524.850 5306672.760
13555 400.875 4571474.850 5306622.760
13556 400.656 4571524.850 5306722.760
13557 400.810 4571214.810 5306410.360
13558 400.794 4571324.850 5306422.760
13559 400.899 4571215.550 5306482.670
13560 400.034 4572163.630 5307620.130
13561 399.723 4572174.850 5307572.760
13562 400.285 4571822.110 5307173.290
13563 400.470 4571874.850 5307172.760
13564 400.276 4571924.850 5307222.760
13565 400.151 4571974.850 5307272.760
13566 400.137 4572024.850 5307322.760
13567 400.142 4572074.850 5307372.760
13568 400.146 4572124.850 5307422.760
13569 400.147 4572124.850 5307472.760
13570 400.149 4572124.850 5307522.760
13571 398.942 4571774.850 5308022.760
13572 399.003 4571824.850 5307972.760
13573 398.996 4571879.160 5307922.280
13574 398.994 4571924.850 5307872.760
13575 399.678 4571974.850 5307822.760
13576 399.799 4572024.850 5307772.760
13577 399.504 4572074.850 5307722.760
13578 399.948 4572074.850 5307672.760
13579 399.867 4572124.850 5307622.760
13580 398.942 4571724.850 5308022.760
13581 398.945 4571674.850 5308072.760
13582 400.452 4571774.850 5307122.760
13583 400.428 4571724.850 5307022.760
13584 400.494 4571724.850 5307072.760
13585 400.596 4571674.850 5306922.760
13586 400.683 4571624.850 5306872.760
13587 400.462 4571674.850 5306972.760
13588 400.719 4571574.850 5306822.760
13589 400.713 4571524.850 5306772.760
13590 400.900 4571424.850 5306572.760
13591 400.873 4571374.850 5306522.760
13592 400.819 4571324.850 5306472.760
13593 400.726 4571474.850 5306672.760
13594 400.829 4571424.850 5306622.760
13595 400.690 4571474.850 5306722.760
13596 400.896 4571263.350 5306496.470
13597 400.197 4571774.850 5307172.760
13598 400.097 4572124.850 5307572.760
13599 400.147 4571826.940 5307214.300
13600 400.172 4571874.850 5307222.760
13601 400.127 4571924.850 5307272.760
13602 400.133 4571974.850 5307322.760
13603 400.139 4572024.850 5307372.760
13604 400.144 4572074.850 5307422.760
13605 400.143 4572074.850 5307472.760
13606 399.890 4572074.850 5307522.760
13607 399.013 4571774.850 5307972.760
13608 399.004 4571824.850 5307922.760
13609 399.009 4571873.150 5307872.270
13610 399.676 4571924.850 5307822.760
13611 399.677 4571974.850 5307772.760
13612 399.676 4572024.850 5307722.760
13613 399.888 4572024.850 5307672.760
13614 399.889 4572074.850 5307622.760
13615 398.971 4571724.850 5307972.760
13616 398.930 4571674.850 5308022.760
13617 400.307 4571724.850 5307122.760
13618 400.477 4571674.850 5307022.760
13619 400.438 4571674.850 5307072.760
13620 400.545 4571624.850 5306922.760
13621 400.619 4571574.850 5306872.760
13622 400.440 4571624.850 5306972.760
13623 400.695 4571524.850 5306822.760
13624 400.716 4571474.850 5306772.760
13625 400.886 4571374.850 5306572.760
13626 400.897 4571324.850 5306522.760
13627 400.694 4571424.850 5306672.760
13628 400.759 4571374.850 5306622.760
13629 400.706 4571424.850 5306722.760
13630 400.857 4571249.960 5306539.280
13631 400.145 4571724.850 5307172.760
13632 400.112 4571774.850 5307222.760
13633 399.889 4572074.850 5307572.760
13634 400.119 4571826.600 5307259.840
13635 400.123 4571874.850 5307272.760
13636 400.130 4571924.850 5307322.760
13637 400.135 4571974.850 5307372.760
13638 400.140 4572024.850 5307422.760
13639 400.111 4572024.850 5307472.760
13640 399.886 4572024.850 5307522.760
13641 399.011 4571774.850 5307922.760
13642 399.010 4571824.850 5307872.760
13643 399.389 4571865.900 5307822.400
13644 399.676 4571924.850 5307772.760
13645 399.676 4571974.850 5307722.760
13646 399.714 4571974.850 5307672.760
13647 399.888 4572024.850 5307622.760
13648 399.018 4571724.850 5307922.760
13649 398.908 4571674.850 5307972.760
13650 398.911 4571624.850 5308022.760
13651 400.223 4571674.850 5307122.760
13652 400.487 4571624.850 5307022.760
13653 400.318 4571624.850 5307072.760
13654 400.484 4571574.850 5306922.760
13655 400.558 4571524.850 5306872.760
13656 400.490 4571574.850 5306972.760
13657 400.630 4571474.850 5306822.760
13658 400.701 4571424.850 5306772.760
13659 400.854 4571324.850 5306572.760
13660 400.682 4571374.850 5306672.760
13661 400.700 4571324.850 5306622.760
13662 400.714 4571374.850 5306722.760
13663 400.723 4571229.260 5306584.810
13664 400.101 4571674.850 5307172.760
13665 400.115 4571774.850 5307272.760
13666 400.108 4571724.850 5307222.760
13667 399.888 4572024.850 5307572.760
13668 400.119 4571814.260 5307308.250
13669 400.125 4571874.850 5307322.760
13670 400.131 4571924.850 5307372.760
13671 400.136 4571974.850 5307422.760
13672 399.905 4571974.850 5307472.760
13673 399.885 4571974.850 5307522.760
13674 399.014 4571774.850 5307872.760
13675 399.017 4571824.850 5307822.760
13676 399.673 4571877.970 5307776.010
13677 399.674 4571924.850 5307722.760
13678 399.672 4571924.850 5307672.760
13679 399.887 4571974.850 5307622.760
13680 399.019 4571724.850 5307872.760
13681 398.988 4571674.850 5307922.760
13682 398.895 4571624.850 5307972.760
13683 400.164 4571624.850 5307122.760
13684 400.424 4571574.850 5307022.760
13685 400.238 4571574.850 5307072.760
13686 400.464 4571524.850 5306922.760
13687 400.512 4571474.850 5306872.760
13688 400.475 4571524.850 5306972.760
13689 400.581 4571424.850 5306822.760
13690 400.640 4571374.850 5306772.760
13691 400.706 4571274.850 5306622.760
13692 400.699 4571324.850 5306672.760
13693 400.705 4571324.850 5306722.760
13694 400.705 4571207.980 5306630.070
13695 400.096 4571624.850 5307172.760
13696 400.103 4571674.850 5307222.760
13697 400.128 4571774.850 5307322.760
13698 400.137 4571724.850 5307272.760
13699 399.886 4571974.850 5307572.760
13700 400.064 4571807.200 5307358.100
13701 400.147 4571874.850 5307372.760
13702 400.058 4571924.850 5307422.760
13703 399.881 4571924.850 5307472.760
13704 399.883 4571924.850 5307522.760
13705 399.924 4571774.850 5307372.760
13706 399.019 4571774.850 5307822.760
13707 399.672 4571824.850 5307772.760
13708 399.672 4571867.340 5307726.860
13709 399.670 4571874.850 5307672.760
13710 399.886 4571924.850 5307622.760
13711 399.022 4571724.850 5307822.760
13712 399.024 4571674.850 5307872.760
13713 399.025 4571624.850 5307922.760
13714 398.878 4571574.850 5307972.760
13715 400.111 4571574.850 5307122.760
13716 400.327 4571524.850 5307022.760
13717 400.187 4571524.850 5307072.760
13718 400.485 4571474.850 5306922.760
13719 400.481 4571424.850 5306872.760
13720 400.419 4571474.850 5306972.760
13721 400.540 4571374.850 5306822.760
13722 400.594 4571324.850 5306772.760
13723 400.711 4571274.850 5306672.760
13724 400.647 4571274.850 5306722.760
13725 400.676 4571187.650 5306675.760
13726 400.127 4571574.850 5307172.760
13727 400.140 4571624.850 5307222.760
13728 400.109 4571674.850 5307272.760
13729 400.011 4571724.850 5307322.760
13730 399.895 4571724.850 5307372.760
13731 399.884 4571924.850 5307572.760
13732 399.895 4571805.170 5307407.250
13733 399.914 4571874.850 5307422.760
13734 399.879 4571874.850 5307472.760
13735 399.881 4571874.850 5307522.760
13736 399.873 4571774.850 5307422.760
13737 399.875 4571799.900 5307457.290
13738 399.100 4571774.850 5307772.760
13739 399.669 4571824.850 5307722.760
13740 399.669 4571850.760 5307679.340
13741 399.701 4571874.850 5307622.760
13742 399.026 4571724.850 5307772.760
13743 399.025 4571674.850 5307822.760
13744 399.028 4571624.850 5307872.760
13745 398.861 4571574.850 5307922.760
13746 398.858 4571524.850 5307972.760
13747 400.084 4571524.850 5307122.760
13748 400.255 4571474.850 5307022.760
13749 400.135 4571474.850 5307072.760
13750 400.457 4571424.850 5306922.760
13751 400.467 4571374.850 5306872.760
13752 400.336 4571424.850 5306972.760
13753 400.505 4571324.850 5306822.760
13754 400.561 4571274.850 5306772.760
13755 400.601 4571224.850 5306722.760
13756 400.570 4571166.310 5306720.980
13757 400.126 4571524.850 5307172.760
13758 400.092 4571574.850 5307222.760
13759 400.002 4571624.850 5307272.760
13760 399.932 4571674.850 5307322.760
13761 399.865 4571674.850 5307372.760
13762 399.870 4571724.850 5307422.760
13763 399.882 4571874.850 5307572.760
13764 399.877 4571824.850 5307472.760
13765 399.878 4571824.850 5307522.760
13766 399.874 4571774.850 5307472.760
13767 399.666 4571774.850 5307722.760
13768 399.668 4571824.850 5307672.760
13769 399.666 4571822.480 5307637.790
13770 399.407 4571724.850 5307722.760
13771 399.028 4571674.850 5307772.760
13772 399.029 4571624.850 5307822.760
13773 398.984 4571574.850 5307872.760
13774 398.844 4571524.850 5307922.760
13775 400.129 4571474.850 5307122.760
13776 400.201 4571424.850 5307022.760
13777 400.095 4571424.850 5307072.760
13778 400.413 4571374.850 5306922.760
13779 400.452 4571324.850 5306872.760
13780 400.273 4571374.850 5306972.760
13781 400.467 4571274.850 5306822.760
13782 400.512 4571224.850 5306772.760
13783 400.565 4571201.540 5306740.350
13784 400.078 4571474.850 5307172.760
13785 399.993 4571524.850 5307222.760
13786 399.940 4571574.850 5307272.760
13787 399.904 4571624.850 5307322.760
13788 399.862 4571624.850 5307372.760
13789 399.867 4571674.850 5307422.760
13790 399.888 4571724.850 5307472.760
13791 399.810 4571824.850 5307572.760
13792 399.876 4571786.830 5307505.760
13793 399.665 4571774.850 5307672.760
13794 399.662 4571787.550 5307605.060
13795 399.661 4571724.850 5307672.760
13796 399.011 4571674.850 5307722.760
13797 399.031 4571624.850 5307772.760
13798 399.033 4571574.850 5307822.760
13799 398.953 4571524.850 5307872.760
13800 398.826 4571474.850 5307922.760
13801 400.117 4571424.850 5307122.760
13802 400.158 4571374.850 5307022.760
13803 400.132 4571374.850 5307072.760
13804 400.347 4571324.850 5306922.760
13805 400.407 4571274.850 5306872.760
13806 400.214 4571324.850 5306972.760
13807 400.444 4571224.850 5306822.760
13808 400.451 4571181.900 5306785.940
13809 399.993 4571424.850 5307172.760
13810 399.946 4571474.850 5307222.760
13811 399.915 4571524.850 5307272.760
13812 399.858 4571574.850 5307322.760
13813 399.883 4571574.850 5307372.760
13814 399.879 4571624.850 5307422.760
13815 399.839 4571674.850 5307472.760
13816 399.746 4571724.850 5307522.760
13817 399.747 4571782.860 5307555.840
13818 399.659 4571724.850 5307622.760
13819 399.599 4571674.850 5307672.760
13820 399.034 4571624.850 5307722.760
13821 399.035 4571574.850 5307772.760
13822 398.976 4571524.850 5307822.760
13823 398.811 4571474.850 5307872.760
13824 398.806 4571424.850 5307922.760
13825 400.066 4571374.850 5307122.760
13826 400.132 4571324.850 5307022.760
13827 400.104 4571324.850 5307072.760
13828 400.282 4571274.850 5306922.760
13829 400.352 4571224.850 5306872.760
13830 400.167 4571274.850 5306972.760
13831 400.374 4571160.450 5306831.120
13832 399.957 4571374.850 5307172.760
13833 399.918 4571424.850 5307222.760
13834 399.885 4571474.850 5307272.760
13835 399.871 4571524.850 5307322.760
13836 399.851 4571524.850 5307372.760
13837 399.797 4571574.850 5307422.760
13838 399.734 4571624.850 5307472.760
13839 399.698 4571674.850 5307522.760
13840 399.657 4571724.850 5307572.760
13841 399.656 4571674.850 5307622.760
13842 399.162 4571624.850 5307672.760
13843 399.037 4571574.850 5307722.760
13844 399.038 4571524.850 5307772.760
13845 399.003 4571474.850 5307822.760
13846 398.794 4571424.850 5307872.760
13847 399.994 4571324.850 5307122.760
13848 400.121 4571274.850 5307022.760
13849 400.057 4571274.850 5307072.760
13850 400.237 4571224.850 5306922.760
13851 400.289 4571174.850 5306872.760
13852 400.137 4571224.850 5306972.760
13853 400.250 4571137.280 5306874.900
13854 399.923 4571324.850 5307172.760
13855 399.899 4571374.850 5307222.760
13856 399.875 4571424.850 5307272.760
13857 399.877 4571474.850 5307322.760
13858 399.768 4571474.850 5307372.760
13859 399.729 4571524.850 5307422.760
13860 399.698 4571574.850 5307472.760
13861 399.656 4571624.850 5307522.760
13862 399.654 4571674.850 5307572.760
13863 399.653 4571624.850 5307622.760
13864 399.023 4571574.850 5307672.760
13865 399.039 4571524.850 5307722.760
13866 399.008 4571474.850 5307772.760
13867 398.826 4571424.850 5307822.760
13868 398.775 4571374.850 5307872.760
13869 399.961 4571274.850 5307122.760
13870 400.097 4571224.850 5307022.760
13871 399.996 4571224.850 5307072.760
13872 400.185 4571174.850 5306922.760
13873 400.117 4571174.850 5306972.760
13874 400.189 4571102.080 5306890.640
13875 399.897 4571274.850 5307172.760
13876 399.875 4571324.850 5307222.760
13877 399.857 4571374.850 5307272.760
13878 399.825 4571424.850 5307322.760
13879 399.722 4571424.850 5307372.760
13880 399.698 4571474.850 5307422.760
13881 399.654 4571524.850 5307472.760
13882 399.644 4571574.850 5307522.760
13883 399.650 4571624.850 5307572.760
13884 399.344 4571574.850 5307622.760
13885 399.041 4571524.850 5307672.760
13886 399.042 4571474.850 5307722.760
13887 398.989 4571424.850 5307772.760
13888 398.762 4571374.850 5307822.760
13889 399.930 4571224.850 5307122.760
13890 400.050 4571174.850 5307022.760
13891 399.965 4571174.850 5307072.760
13892 400.088 4571124.850 5306972.760
13893 400.109 4571072.140 5306921.220
13894 399.861 4571224.850 5307172.760
13895 399.837 4571274.850 5307222.760
13896 399.799 4571324.850 5307272.760
13897 399.760 4571374.850 5307322.760
13898 399.697 4571374.850 5307372.760
13899 399.647 4571424.850 5307422.760
13900 399.634 4571474.850 5307472.760
13901 399.650 4571524.850 5307522.760
13902 399.658 4571574.850 5307572.760
13903 399.065 4571524.850 5307622.760
13904 399.044 4571474.850 5307672.760
13905 399.046 4571424.850 5307722.760
13906 398.953 4571374.850 5307772.760
13907 398.744 4571324.850 5307822.760
13908 399.888 4571174.850 5307122.760
13909 399.998 4571124.850 5307022.760
13910 399.924 4571124.850 5307072.760
13911 400.040 4571050.730 5306966.420
13912 399.820 4571174.850 5307172.760
13913 399.784 4571224.850 5307222.760
13914 399.750 4571274.850 5307272.760
13915 399.719 4571324.850 5307322.760
13916 399.653 4571324.850 5307372.760
13917 399.641 4571374.850 5307422.760
13918 399.632 4571424.850 5307472.760
13919 399.587 4571474.850 5307522.760
13920 399.496 4571524.850 5307572.760
13921 399.039 4571474.850 5307622.760
13922 399.046 4571424.850 5307672.760
13923 398.996 4571374.850 5307722.760
13924 398.731 4571324.850 5307772.760
13925 398.725 4571274.850 5307822.760
13926 399.844 4571124.850 5307122.760
13927 399.875 4571074.850 5307072.760
13928 399.946 4571028.470 5307011.200
13929 399.776 4571124.850 5307172.760
13930 399.752 4571174.850 5307222.760
13931 399.709 4571224.850 5307272.760
13932 399.697 4571274.850 5307322.760
13933 399.576 4571274.850 5307372.760
13934 399.518 4571324.850 5307422.760
13935 399.437 4571374.850 5307472.760
13936 399.324 4571424.850 5307522.760
13937 399.197 4571474.850 5307572.760
13938 399.048 4571424.850 5307622.760
13939 399.049 4571374.850 5307672.760
13940 398.987 4571324.850 5307722.760
13941 398.714 4571274.850 5307772.760
13942 399.805 4571074.850 5307122.760
13943 399.844 4571005.590 5307055.670
13944 399.779 4570982.970 5307100.280
13945 399.741 4571074.850 5307172.760
13946 399.699 4571124.850 5307222.760
13947 399.661 4571174.850 5307272.760
13948 399.614 4571224.850 5307322.760
13949 399.402 4571224.850 5307372.760
13950 399.319 4571274.850 5307422.760
13951 399.220 4571324.850 5307472.760
13952 399.123 4571374.850 5307522.760
13953 399.044 4571424.850 5307572.760
13954 399.050 4571374.850 5307622.760
13955 399.000 4571324.850 5307672.760
13956 398.897 4571274.850 5307722.760
13957 398.696 4571224.850 5307772.760
13958 399.760 4571014.700 5307122.460
13959 399.644 4571024.850 5307172.760
13960 399.588 4571074.850 5307222.760
13961 399.525 4571124.850 5307272.760
13962 399.473 4571174.850 5307322.760
13963 399.239 4571174.850 5307372.760
13964 399.163 4571224.850 5307422.760
13965 399.084 4571274.850 5307472.760
13966 399.058 4571324.850 5307522.760
13967 399.057 4571374.850 5307572.760
13968 399.053 4571324.850 5307622.760
13969 398.993 4571274.850 5307672.760
13970 398.684 4571224.850 5307722.760
13971 398.678 4571174.850 5307772.760
13972 399.581 4570993.940 5307167.250
13973 399.444 4571024.850 5307222.760
13974 399.383 4571074.850 5307272.760
13975 399.319 4571124.850 5307322.760
13976 399.125 4571124.850 5307372.760
13977 399.075 4571174.850 5307422.760
13978 399.061 4571224.850 5307472.760
13979 399.063 4571274.850 5307522.760
13980 399.054 4571324.850 5307572.760
13981 399.028 4571274.850 5307622.760
13982 398.957 4571224.850 5307672.760
13983 398.668 4571174.850 5307722.760
13984 399.348 4570970.880 5307211.620
13985 399.255 4571024.850 5307272.760
13986 399.191 4571074.850 5307322.760
13987 399.163 4570946.790 5307255.450
13988 399.079 4571074.850 5307372.760
13989 399.064 4571124.850 5307422.760
13990 399.063 4571174.850 5307472.760
13991 399.060 4571224.850 5307522.760
13992 399.056 4571274.850 5307572.760
13993 399.015 4571224.850 5307622.760
13994 398.792 4571174.850 5307672.760
13995 398.650 4571124.850 5307722.760
13996 399.161 4570974.850 5307272.760
13997 399.106 4571024.850 5307322.760
13998 399.088 4570922.590 5307299.220
13999 399.083 4571024.850 5307372.760
14000 399.068 4571074.850 5307422.760
14001 399.065 4571124.850 5307472.760
14002 399.066 4571174.850 5307522.760
14003 399.058 4571224.850 5307572.760
14004 399.002 4571174.850 5307622.760
14005 398.640 4571124.850 5307672.760
14006 399.089 4570974.850 5307322.760
14007 399.056 4570897.610 5307342.550
14008 399.079 4570974.850 5307372.760
14009 399.068 4571024.850 5307422.760
14010 399.046 4571074.850 5307472.760
14011 399.019 4571124.850 5307522.760
14012 399.017 4571174.850 5307572.760
14013 398.903 4571124.850 5307622.760
14014 398.623 4571074.850 5307672.760
14015 399.057 4570928.650 5307363.900
14016 399.034 4570974.850 5307422.760
14017 399.028 4571024.850 5307472.760
14018 399.014 4571074.850 5307522.760
14019 398.995 4571124.850 5307572.760
14020 398.684 4571074.850 5307622.760
14021 398.607 4571024.850 5307672.760
14022 399.021 4570904.260 5307406.800
14023 399.019 4570924.850 5307422.760
14024 398.996 4570974.850 5307472.760
14025 399.000 4571024.850 5307522.760
14026 398.972 4571074.850 5307572.760
14027 398.597 4571024.850 5307622.760
14028 398.961 4570877.110 5307448.550
14029 398.967 4570924.850 5307472.760
14030 398.930 4570974.850 5307522.760
14031 398.884 4571024.850 5307572.760
14032 398.582 4570974.850 5307622.760
14033 398.786 4570841.110 5307468.850
14034 398.860 4570874.850 5307472.760
14035 398.508 4570805.010 5307491.620
14036 398.805 4570924.850 5307522.760
14037 398.649 4570974.850 5307572.760
14038 398.598 4570874.850 5307522.760
14039 398.557 4570924.850 5307572.760
14040 398.542 4570874.850 5307572.760
